"batch_number","material_number","product_name","mbc_batch_number","date_of_manufacture","S19A Diln_Fill [S0X] Ratio (Saccharide:Protein) [unrounded] Weighted Value","S19A Diln_Fill [S0X] Protein Concentration [unrounded] {µg/mL} Weighted Value","S19A Diln_Fill Q01 Protein Concentration [unrounded] {µg/mL} Weighted Value","S19A Diln_Fill Q01 Ratio (Saccharide:Protein) [unrounded] Weighted Value","S19A Diln_Fill [Q01] Saccharide yield {%} Weighted Value","S19A Diln_Fill Q01 Saccharide Concentration {µg/mL} Weighted Value","S19A Diln_Fill Weight Filled into Product Bags {g} Weighted Value","S19A Diln_Fill Q01_P02_Sacc_Yield_Diff Weighted Value","S19A Final_Conj_UFDF [P02] Saccharide Concentration [unrounded] {µg/mL} Weighted Value","S19A Diln_Fill Q01 Co-Lyo Protein Yield {%} Weighted Value","S19A Diln_Fill Q01_Sacc_Conc_Offset_Act_Wgt Weighted Value","S19A Final_Conj_UFDF [P02] Co-Lyo Protein Yield {%} Weighted Value","S19A Diln_Fill S0X_P02_Sacc_Yield_Diff Weighted Value","S19A Diln_Fill [S0X] Co-Lyo Protein Yield {%} Weighted Value","S19A Diln_Fill Number of Product Manifolds Filled Weighted Value","S19A Diln_Fill Q01_L02_Sacc_Yield_Diff Weighted Value","S19A Diln_Fill Saccharide Concentration for Filling (P02/Q01) {g/l} Weighted Value","S19A Recon Starting Conjugation Saccharide Input {GAI} Weighted Value","S19A Diln_Fill [S0X] Saccharide Ratio [unrounded] Weighted Value","S19A Diln_Fill Sacc_Prot_Offset_Act_Wgt Weighted Value","S19A Diln_Fill [S0X] Saccharide Concentration [unrounded] {µg/mL} Weighted Value","S19A Diln_Fill [S0X] MBC Saccharide yield {%} Weighted Value","S19A Diln_Fill [S0X] Saccharide yield {%} Weighted Value","S19A Total Antigenicity"
"DW4265","H000010932","Prevenar","CW3272",2020-06-06,0.682205,724.258203,690.6617,0.660273,43.506391,456,1467,-4.155928,1321.433641,59.995465,-9.588419,60.768044,-0.524139,62.913881,8,NA,0.456,119.178,0.922954,-8.300691,494.092701,41.361369,47.13818,NA
"ED8304","H000006081","Prevenar","DL7877",2020-11-07,0.617264,760.307018,751.685164,0.635689,46.449942,478,1401,-2.350118,1317.855281,82.315575,-5.047893,79.656947,-3.179119,83.259737,8,NA,0.478,118.971,1.018171,-8.277692,469.309899,39.854517,45.620941,3.9165106981
"AW6504","H000008135","Prevenar","X39572",2019-04-08,0.680418,844.310014,811.000966,0.687793,44.938189,558,1203,4.58716,1097.855762,59.080344,10.21954,57.82155,5.93114,61.506864,8,NA,0.558,118.913,0.970961,8.088892,574.48346,40.169348,46.282169,4.1873639872
"CK6530","H000008135","Prevenar","AK9662",2019-07-07,0.617436,778.977682,760.71388,0.667652,42.947638,508,1319,0.349177,1255.525243,57.122449,0.850494,54.924398,-1.92749,58.493889,8,NA,0.508,119.855,1.055978,-2.99747,480.968841,35.48788,40.670971,3.9936912927
"CR3646","H000013782","Prevenar","CA6647",2019-11-05,0.572268,828.225335,836.350135,0.583856,45.027011,488,1372,-1.166028,1288.255628,69.263275,-2.61,65.991799,-2.488451,68.590411,8,NA,0.488,119.618,1.030258,-7.333247,473.966944,37.574059,43.704588,3.888542906
"FY2979","H000006081","Prevenar","EY5980",2022-03-27,0.730185,660.837533,690.652526,0.713979,49.323954,493,1359,-0.725435,1375.821426,61.779027,-1.457535,58.330272,-1.783517,59.112069,9,NA,0.493,119.319,1.021922,-7.039939,482.533356,42.331212,48.265872,4.1472572129
"GR3697","H000019489","Prevenar","GP0925",2023-02-14,0.615212,774.815778,752.940085,0.642925,47.387211,484,1384,-1.606147,1322.246461,66.685148,-3.408652,65.025958,-2.331364,68.622598,9,NA,0.484,119.266,1.015542,-5.896748,476.67576,40.945451,46.661995,NA
"GR3690","H000019489","Prevenar","GL6237",2023-01-23,0.547509,891.757866,894.213145,0.543895,37.160515,486,1378,-0.660854,1059.674548,61.057037,-1.747089,56.189896,-0.51665,60.889391,7,NA,0.486,119.533,0.996134,-9.718557,488.245377,32.082957,37.304719,NA
"GX2931","H000011374","Prevenar","GY0029",2023-05-05,0.652248,671.031988,679.140512,0.679878,48.146444,462,1449,-3.079935,1385.328785,64.320387,-6.422309,60.324722,-5.588065,63.55244,9,NA,0.462,118.151,1.054957,-12.634437,437.679582,38.673285,45.638314,4.0289016706
"J56523","H000002634","Prevenar","H01018",2014-09-04,0.618954,757.002188,754.678204,0.650691,49.410315,491,1364,NA,1285.102578,66.838137,-1.292084,68.617256,NA,67.043961,9,NA,0.491,119.013,1.048048,1.369747,468.549172,39.542412,47.145071,4.2226045349
"HN7770","H000019489","Prevenar","HM2102",2024-02-01,0.638913,764.211005,758.71646,0.64148,46.515277,487,1375,-1.343422,1316.275752,65.950625,-2.90978,64.495517,-1.194019,66.428233,9,NA,0.487,119.752,0.996798,-5.11614,488.264641,40.412551,46.664681,NA
"LE1015","H000031244","Prevenar","HM2103",2024-04-03,0.617105,757.342544,761.397164,0.627368,46.424396,478,1401,-2.207036,1347.822466,66.881713,-4.740274,65.982231,-3.209622,66.525552,9,NA,0.478,118.636,1.022073,-6.085158,467.360089,39.745068,45.42181,NA
"LM4796","H000010932","Prevenar","LD1216",2024-07-25,0.573578,814.176245,818.478593,0.575024,41.539234,471,1421,-2.590297,1164.671312,64.439675,-6.205792,62.484768,-2.912526,64.100946,8,-17.681286,0.471,119.986,1.007818,-9.239493,466.993736,35.950259,41.217006,NA
"LX1727","H000013782","Prevenar","LE2392",2024-11-06,0.613187,829.989196,798.89911,0.652684,33.820732,521,1287,1.454571,918.354344,46.443502,4.263852,43.818389,0.644424,48.250905,6,-3.824573,0.521,119.408,1.024542,-1.38842,508.938404,28.526772,33.010585,3.9952922882
"LK2061","H000017723","Prevenar","LE2393",2024-11-27,0.591414,788.247214,718.440752,0.681138,43.078105,489,1370,-1.006925,1146.3856,56.661606,-2.371901,56.151162,-3.047192,62.167066,8,-7.958475,0.489,119.448,1.049717,-3.272765,466.180474,35.82371,41.037838,4.0876811822
"NA0070","H000010932","Prevenar","LY2893",2025-09-24,0.679176,706.782035,684.747583,0.687216,48.120425,471,1421,-3.148504,1464.533304,62.36144,-6.508997,60.970201,-2.181101,64.368165,9,-14.843238,0.471,119.157,0.980292,-8.739926,480.029405,43.132832,49.087828,3.8407335244
"N29004","H000006081","Prevenar","M35326",2016-07-08,0.729945,631.525572,703.373366,0.696375,52.361505,490,1367,-1.238196,1457.304656,66.983834,-2.386089,63.978664,-4.320461,60.141607,10,NA,0.49,119.877,1.062547,-6.8725,460.979123,43.188457,49.27924,3.8941963015
"N29002","H000006081","Prevenar","M35326",2016-07-05,0.729945,631.525572,703.373366,0.696375,52.361505,490,1367,-1.238196,1457.304656,66.983834,-2.386089,63.978664,-4.320461,60.141607,10,NA,0.49,119.877,1.062547,-6.8725,460.979123,43.188457,49.27924,3.9499490196
"T59967","H000008135","Prevenar","S63648",2017-08-24,0.768591,822.644901,841.634137,0.692573,47.730334,583,1152,6.701095,1121.053331,62.419911,14.035438,63.923112,10.744972,61.011572,9,NA,0.583,118.031,0.921894,16.443646,632.27749,43.840142,51.774211,4.1689851134
"AH5704","H000008135","Prevenar","W87272",2018-12-03,0.694502,765.828462,812.511076,0.650565,44.34298,529,1268,2.25438,1235.584871,61.406723,5.115853,60.026267,2.529333,57.878615,8,NA,0.529,118.788,0.993838,2.8678,531.869046,39.27005,44.617933,3.9912823857
"AH5718","H000006081","Prevenar","W87272",2018-12-09,0.694502,765.828462,812.511076,0.650565,44.34298,529,1268,2.25438,1235.584871,61.406723,5.115853,60.026267,2.529333,57.878615,8,NA,0.529,118.788,0.993838,2.8678,531.869046,39.27005,44.617933,4.1834783842
"CL6645","H000006081","Prevenar","AR4781",2019-07-24,0.593452,796.308069,768.939803,0.626399,49.349587,482,1389,-1.833725,1416.216994,71.391958,-3.731641,68.232601,-2.765361,73.932956,9,NA,0.482,119.514,1.019242,-8.157009,472.570269,42.351175,48.417951,4.2558784639
"DC8074","H000010932","Prevenar","CM4667",2020-01-09,0.760638,627.487168,711.594307,0.689582,49.557602,491,1364,-1.018219,1397.54402,65.448945,-2.021295,61.8621,-2.372786,57.713184,9,NA,0.491,118.721,1.028101,-7.501666,477.290455,42.817482,48.203035,3.7944963359
"DN3798","H000008135","Prevenar","CM4666",2020-03-19,0.624236,794.116655,735.114592,0.68038,50.967148,500,1340,-0.077522,1422.035175,67.347521,-0.154611,68.018759,-0.530137,72.752995,9,NA,0.5,119.232,1.00896,0.842067,495.715948,44.668151,50.514533,3.7836772078
"EW0916","H000006081","Prevenar","EM9421",2021-04-25,0.68814,666.975846,634.492727,0.724485,50.23904,460,1455,-4.991108,1515.065006,61.793421,-8.768786,61.07405,-5.068478,64.956961,9,NA,0.46,119.36,1.001542,-9.93294,458.972551,44.227635,50.16167,4.3617576852
"T63429","H000013782","Prevenar","T02232",2017-10-12,0.678035,710.706285,686.830713,0.719681,48.074885,494,1356,-0.652494,1346.554591,60.028396,-1.323721,60.857076,-1.859957,62.1151,9,NA,0.494,119.835,1.025763,0.056758,481.883951,40.378767,46.867421,4.0243701727
"X98629","H000013782","Prevenar","W87272",2018-11-10,0.694502,765.828462,812.511076,0.650565,44.34298,529,1268,2.25438,1235.584871,61.406723,5.115853,60.026267,2.529333,57.878615,8,NA,0.529,118.788,0.993838,2.8678,531.869046,39.27005,44.617933,4.066890625
"ER3832","H000014198","Prevenar","DT9983",2021-03-21,0.683409,669.824551,735.178399,0.661348,48.184902,486,1378,-1.524269,1337.261492,65.85186,-3.183444,63.125631,-4.343246,59.997944,9,NA,0.486,118.21,1.062139,-7.323387,457.764061,39.51889,45.365925,3.9353542536
"FM6064","H000011044","Prevenar","ER8679",2021-12-29,0.740808,650.360144,706.352887,0.708112,52.495492,500,1340,-0.105979,1455.738877,66.44474,-0.183984,59.837376,-2.035498,61.177651,10,NA,0.5,119.3,1.038158,-10.128134,481.792232,43.847939,50.565973,4.0428727524
"GH5832","H000006081","Prevenar","FN7284",2022-09-05,0.726056,666.385373,665.515599,0.722839,48.935935,481,1392,-2.063066,1418.915047,61.117081,-4.20954,61.745059,-1.781008,61.196956,9,NA,0.481,118.948,0.994269,-3.182041,483.833207,43.057609,49.217993,4.3263862467
"GR2984","H000008135","Prevenar","FX8007",2023-03-22,0.722264,677.829355,740.670716,0.668867,48.188316,495,1353,-0.480904,1272.975835,63.813828,-0.996002,58.581714,-1.048813,58.399617,9,NA,0.495,119.246,1.011926,-9.195031,489.571779,41.106113,47.620407,3.9535997691
"HN5217","H000011044","Prevenar","HK6561",2023-11-28,0.684493,691.768826,745.867334,0.653473,49.369605,487,1375,-1.351587,1374.069327,67.611658,-2.742949,67.001637,-2.758821,62.707717,9,NA,0.487,118.678,1.02934,-3.645192,473.511208,41.754114,47.962371,3.9419267233
"HN7737","H000013782","Prevenar","HM2103",2024-03-26,0.617105,757.342544,761.397164,0.627368,46.424396,478,1401,-2.207036,1347.822466,66.881713,-4.740274,65.982231,-3.209622,66.525552,9,NA,0.478,118.636,1.022073,-6.085158,467.360089,39.745068,45.42181,4.168122356
"FT0529","H000013782","Prevenar","EY5980",2022-04-04,0.730185,660.837533,690.652526,0.713979,49.323954,493,1359,-0.725435,1375.821426,61.779027,-1.457535,58.330272,-1.783517,59.112069,9,NA,0.493,119.319,1.021922,-7.039939,482.533356,42.331212,48.265872,3.8010650076
"M71352","H000008135","Prevenar","L59965",2015-11-10,0.656474,718.149541,749.576852,0.666612,49.497051,500,1340,-0.13181,1343.962633,67.532044,-0.263568,66.528046,-2.92826,64.700646,9,NA,0.5,119.021,0.95115,-1.750267,471.446329,40.947594,46.700601,3.9521571332
"LX2592","H000010932","Prevenar","LK2946",2025-01-23,0.670585,724.301373,726.664445,0.679157,47.524365,494,1356,-0.684276,1424.054051,62.736052,-1.443698,61.039727,-1.436677,62.532038,9,-12.238699,0.494,119.63,1.016087,-4.147606,485.705737,40.860102,46.771964,NA
"NM6491","H000032244","Prevenar","MT7831",2026-05-03,0.65294,745.052532,782.888017,0.638127,47.418977,500,1340,-0.089743,1244.929033,NA,-0.183573,NA,-1.333811,NA,9,-14.701419,0.5,119.367,1.026943,-5.343455,486.474883,39.948429,46.17491,NA
"S69938","H000010932","Prevenar","N70121",2017-04-22,0.707575,809.358606,796.936713,0.709098,47.705783,565,1188,5.343963,1109.603349,59.390372,11.233655,59.027434,5.98352,60.316093,9,NA,0.565,119.878,0.986771,10.622549,572.682084,41.287971,48.34534,NA
"CG7294","H000008135","Prevenar","AK9662",2019-05-29,0.617436,778.977682,760.71388,0.667652,42.947638,508,1319,0.349177,1255.525243,57.122449,0.850494,54.924398,-1.92749,58.493889,8,NA,0.508,119.855,1.055978,-2.99747,480.968841,35.48788,40.670971,3.9524384058
"J56530","H000002634","Prevenar","H01019",2014-09-27,0.609813,769.062226,744.296526,0.651425,46.617843,485,1381,-1.469845,1115.036257,64.26836,-3.156363,65.847966,-2.995632,66.406823,5,NA,0.485,70.256,1.033837,-0.698535,468.984092,35.627064,45.092057,4.6242062138
"HG4909","H000011044","Prevenar","HA8581",2023-08-18,0.740223,667.29478,639.790799,0.797157,49.116926,510,1314,0.913237,1303.596405,55.541097,1.889709,53.25089,-0.63408,57.928754,9,NA,0.51,118.893,1.032527,-2.233737,493.947043,41.555897,47.56961,3.9936568702
"HP2982","H000029483","Prevenar","HD8750",NA,0.681456,701.376721,680.320366,0.721698,48.593239,491,1364,-0.81279,1376.623731,60.284261,-1.644902,57.547606,-2.102219,62.150097,9,NA,0.491,119.985,1.027258,-6.184487,477.957692,40.751784,47.30381,NA
"CR3618","H000011373","Prevenar","CA6647",2019-11-03,0.572268,828.225335,836.350135,0.583856,45.027011,488,1372,-1.166028,1288.255628,69.263275,-2.61,65.991799,-2.488451,68.590411,8,NA,0.488,119.618,1.030258,-7.333247,473.966944,37.574059,43.704588,3.8702560718
"M96867A","H000006081","Prevenar","L59965",2015-12-21,0.656474,718.149541,749.576852,0.666612,49.497051,500,1340,-0.13181,1343.962633,67.532044,-0.263568,66.528046,-2.92826,64.700646,9,NA,0.5,119.021,0.95115,-1.750267,471.446329,40.947594,46.700601,NA
"FH7105","H000019489","Prevenar","EM9421",2021-10-17,0.68814,666.975846,634.492727,0.724485,50.23904,460,1455,-4.991108,1515.065006,61.793421,-8.768786,61.07405,-5.068478,64.956961,9,NA,0.46,119.36,1.001542,-9.93294,458.972551,44.227635,50.16167,NA
"GW4597","H000019489","Prevenar","GR5870",2023-04-13,0.641379,857.659363,896.822772,0.600641,45.794064,539,1244,3.260113,1183.03573,68.98282,7.116295,68.476197,4.230678,65.970405,8,NA,0.539,119.04,0.979246,6.381876,550.085123,40.239762,46.764629,NA
"HD8388","H000006081","Prevenar","HA8581",2023-07-13,0.740223,667.29478,639.790799,0.797157,49.116926,510,1314,0.913237,1303.596405,55.541097,1.889709,53.25089,-0.63408,57.928754,9,NA,0.51,118.893,1.032527,-2.233737,493.947043,41.555897,47.56961,3.9788523609
"LE1010","H000028394","Prevenar","HT4875",2024-06-05,0.652272,736.859688,753.123309,0.618545,40.499233,466,1436,-3.029625,1202.152668,58.796232,-7.49438,53.496611,-1.743623,57.526533,7,NA,0.466,119.568,0.969224,-16.507918,480.632711,35.788582,41.785235,NA
"LJ1079","H000013782","Prevenar","LE2393",2024-11-23,0.591414,788.247214,718.440752,0.681138,43.078105,489,1370,-1.006925,1146.3856,56.661606,-2.371901,56.151162,-3.047192,62.167066,8,-7.958475,0.489,119.448,1.049717,-3.272765,466.180474,35.82371,41.037838,4.0940900901
"MG4228","H000032244","Prevenar","ME6146",2025-07-20,0.709539,726.839938,747.604672,0.688465,50.327697,515,1302,1.382987,1353.717645,NA,2.768283,NA,1.482883,NA,9,-14.362059,0.515,119.093,0.998019,1.122823,515.72119,43.977884,50.427592,NA
"EM2271","H000006081","Prevenar","DN7274",2021-02-07,0.693645,758.552214,726.17441,0.71386,49.61474,518,1294,1.80908,1324.551958,63.41077,3.678812,62.655285,2.553598,66.238054,9,NA,0.518,119.319,0.985216,2.487398,526.166054,42.849908,50.359258,3.9022723577
"CG3545","H000006081","Prevenar","AH4754",2019-05-23,0.586904,808.091191,798.712884,0.636294,47.555135,508,1319,0.728715,1323.741633,65.228071,1.551601,65.319917,-2.44749,65.993964,9,NA,0.508,119.319,1.07157,1.69241,474.272241,38.333618,44.37893,4.0252669605
"CM3196","H000013782","Prevenar","AM9038",2019-09-25,0.650859,788.784067,840.806625,0.60843,45.875935,512,1309,0.960774,1223.89034,68.611174,2.103055,61.965141,1.123593,64.366049,8,NA,0.512,118.816,0.996463,-7.583463,513.387202,40.191336,46.038754,3.9637700782
"M97244","H000008135","Prevenar","L59965",2016-01-29,0.656474,718.149541,749.576852,0.666612,49.497051,500,1340,-0.13181,1343.962633,67.532044,-0.263568,66.528046,-2.92826,64.700646,9,NA,0.5,119.021,0.95115,-1.750267,471.446329,40.947594,46.700601,4.0102234585
"LJ1145","H000019489","Prevenar","LD1217",2024-09-21,0.634818,743.968358,804.968751,0.586873,48.991886,472,1418,-2.903313,1429.060589,73.192243,-5.93063,69.171398,-2.916736,67.645748,9,-11.277486,0.472,119.232,1.000274,-11.424169,472.284681,42.780994,48.978463,NA
"AM6026","H000010932","Prevenar","W87272",2019-02-01,0.694502,765.828462,812.511076,0.650565,44.34298,529,1268,2.25438,1235.584871,61.406723,5.115853,60.026267,2.529333,57.878615,8,NA,0.529,118.788,0.993838,2.8678,531.869046,39.27005,44.617933,NA
"AM6027","H000010932","Prevenar","W87272",2019-02-19,0.694502,765.828462,812.511076,0.650565,44.34298,529,1268,2.25438,1235.584871,61.406723,5.115853,60.026267,2.529333,57.878615,8,NA,0.529,118.788,0.993838,2.8678,531.869046,39.27005,44.617933,NA
"FK1150","H000017723","Prevenar","ER8678",2021-10-19,0.582551,748.271092,710.494724,0.683609,50.110376,486,1378,-1.430384,1420.44792,65.931119,-2.886979,62.260154,-6.567758,69.436617,9,NA,0.486,118.056,1.114232,-8.454859,435.905805,39.735383,44.973002,4.148139533
"GX2795","H000010932","Prevenar","GR5871",2023-06-02,0.589457,773.59288,818.55686,0.596859,47.11516,489,1370,-1.168669,1349.70413,71.420942,-2.458006,72.16957,-4.288622,67.497732,9,NA,0.489,117.85,1.070916,-1.409815,456.210748,38.178085,43.995207,NA
"LC5389","H000019489","Prevenar","HT4875",2024-05-17,0.652272,736.859688,753.123309,0.618545,40.499233,466,1436,-3.029625,1202.152668,58.796232,-7.49438,53.496611,-1.743623,57.526533,7,NA,0.466,119.568,0.969224,-16.507918,480.632711,35.788582,41.785235,NA
"M02678","H000006081","Prevenar","L57276",2015-07-13,0.581332,815.772979,861.560236,0.563769,41.926399,486,1378,-1.207722,1140.680215,69.187388,-2.85162,68.062631,-2.199204,65.510453,7,NA,0.486,118.11,1.024221,-4.477287,474.234731,34.952276,40.934917,4.1088370225
"DJ2699","H000006081","Prevenar","CW3271",2020-02-27,0.715911,656.061609,624.148304,0.713093,47.397871,445,1503,-5.85959,1468.486119,60.738867,-12.399707,61.161247,-3.239203,63.844504,9,NA,0.445,118.664,0.947611,-11.704305,469.68162,44.119532,50.018259,4.0583138571
"FD1885","H000019489","Prevenar","EM9421",2021-07-08,0.68814,666.975846,634.492727,0.724485,50.23904,460,1455,-4.991108,1515.065006,61.793421,-8.768786,61.07405,-5.068478,64.956961,9,NA,0.46,119.36,1.001542,-9.93294,458.972551,44.227635,50.16167,NA
"FL8877","H000006081","Prevenar","ER8678",2021-11-15,0.582551,748.271092,710.494724,0.683609,50.110376,486,1378,-1.430384,1420.44792,65.931119,-2.886979,62.260154,-6.567758,69.436617,9,NA,0.486,118.056,1.114232,-8.454859,435.905805,39.735383,44.973002,4.2749245228
"GM8236","H000010932","Prevenar","FX8007",2022-11-24,0.722264,677.829355,740.670716,0.668867,48.188316,495,1353,-0.480904,1272.975835,63.813828,-0.996002,58.581714,-1.048813,58.399617,9,NA,0.495,119.246,1.011926,-9.195031,489.571779,41.106113,47.620407,NA
"HM1398","H000010932","Prevenar","GR5870",2023-10-03,0.641379,857.659363,896.822772,0.600641,45.794064,539,1244,3.260113,1183.03573,68.98282,7.116295,68.476197,4.230678,65.970405,8,NA,0.539,119.04,0.979246,6.381876,550.085123,40.239762,46.764629,NA
"GT1711","H000019489","Prevenar","GR5871",2023-03-27,0.589457,773.59288,818.55686,0.596859,47.11516,489,1370,-1.168669,1349.70413,71.420942,-2.458006,72.16957,-4.288622,67.497732,9,NA,0.489,117.85,1.070916,-1.409815,456.210748,38.178085,43.995207,NA
"GR3658","H000028394","Prevenar","GR5871",2023-03-23,0.589457,773.59288,818.55686,0.596859,47.11516,489,1370,-1.168669,1349.70413,71.420942,-2.458006,72.16957,-4.288622,67.497732,9,NA,0.489,117.85,1.070916,-1.409815,456.210748,38.178085,43.995207,NA
"HF3770","H000011374","Prevenar","HD8750",2023-09-08,0.681456,701.376721,680.320366,0.721698,48.593239,491,1364,-0.81279,1376.623731,60.284261,-1.644902,57.547606,-2.102219,62.150097,9,NA,0.491,119.985,1.027258,-6.184487,477.957692,40.751784,47.30381,3.6498927837
"M21975","H000006081","Prevenar","L33554",2015-08-30,0.619604,751.126126,814.076997,0.576156,42.624976,469,1427,-2.825723,1230.21135,67.048989,-6.64754,64.810006,-3.155985,61.864231,8,NA,0.469,119.886,1.007809,-9.986864,465.40102,36.126945,42.294714,4.2545908887
"M21962","H000006081","Prevenar","L59965",2015-11-18,0.656474,718.149541,749.576852,0.666612,49.497051,500,1340,-0.13181,1343.962633,67.532044,-0.263568,66.528046,-2.92826,64.700646,9,NA,0.5,119.021,0.95115,-1.750267,471.446329,40.947594,46.700601,3.9274145497
"LJ1141","H000019489","Prevenar","LD1217",2024-09-01,0.634818,743.968358,804.968751,0.586873,48.991886,472,1418,-2.903313,1429.060589,73.192243,-5.93063,69.171398,-2.916736,67.645748,9,-11.277486,0.472,119.232,1.000274,-11.424169,472.284681,42.780994,48.978463,NA
"N90867","H000008135","Prevenar","M35326",2016-07-28,0.729945,631.525572,703.373366,0.696375,52.361505,490,1367,-1.238196,1457.304656,66.983834,-2.386089,63.978664,-4.320461,60.141607,10,NA,0.49,119.877,1.062547,-6.8725,460.979123,43.188457,49.27924,3.8890583807
"N29001","H000006081","Prevenar","M35326",2016-07-02,0.729945,631.525572,703.373366,0.696375,52.361505,490,1367,-1.238196,1457.304656,66.983834,-2.386089,63.978664,-4.320461,60.141607,10,NA,0.49,119.877,1.062547,-6.8725,460.979123,43.188457,49.27924,3.8777610741
"S93631","H000008135","Prevenar","S18374",2017-06-15,0.783598,660.821215,744.885842,0.650461,46.178208,485,1381,-1.352932,1313.659918,65.467468,-2.903143,62.695159,1.820693,58.07909,9,NA,0.485,118.459,0.935694,-7.13778,517.818306,42.792716,49.351832,4.2193533819
"DA1908","H000013782","Prevenar","CM4667",2019-12-28,0.760638,627.487168,711.594307,0.689582,49.557602,491,1364,-1.018219,1397.54402,65.448945,-2.021295,61.8621,-2.372786,57.713184,9,NA,0.491,118.721,1.028101,-7.501666,477.290455,42.817482,48.203035,3.9486771986
"EK9782","H000008135","Prevenar","DL7878",2020-11-05,0.629635,763.216245,781.773712,0.639104,50.862573,500,1340,-0.320117,1385.340575,70.593497,-0.654031,64.957901,-2.263119,68.917774,9,NA,0.5,118.252,1.039718,-8.637198,480.548021,42.477288,48.919571,3.7252234025
"FD1841","H000019489","Prevenar","EM9421",2021-06-07,0.68814,666.975846,634.492727,0.724485,50.23904,460,1455,-4.991108,1515.065006,61.793421,-8.768786,61.07405,-5.068478,64.956961,9,NA,0.46,119.36,1.001542,-9.93294,458.972551,44.227635,50.16167,NA
"FL8875","H000006081","Prevenar","ER8678",2021-11-05,0.582551,748.271092,710.494724,0.683609,50.110376,486,1378,-1.430384,1420.44792,65.931119,-2.886979,62.260154,-6.567758,69.436617,9,NA,0.486,118.056,1.114232,-8.454859,435.905805,39.735383,44.973002,4.2375980776
"GH5810","H000011044","Prevenar","FT9276",2022-08-16,0.672456,726.164875,711.187886,0.722622,48.789344,514,1304,1.287803,1326.338372,60.919506,2.614706,64.132215,-1.143176,62.202417,9,NA,0.514,118.08,1.052439,7.888401,488.313631,40.443435,46.358366,4.2888373984
"GR3698","H000019489","Prevenar","GA0019",2023-03-15,0.652088,760.126765,775.594281,0.651423,49.113252,505,1327,0.460702,1290.979342,65.927469,0.939594,64.75865,-0.469622,64.612691,9,NA,0.505,119.116,1.019308,-0.833291,495.669539,42.040114,48.182928,NA
"N39533","H000006081","Prevenar","M35326",2016-08-11,0.729945,631.525572,703.373366,0.696375,52.361505,490,1367,-1.238196,1457.304656,66.983834,-2.386089,63.978664,-4.320461,60.141607,10,NA,0.49,119.877,1.062547,-6.8725,460.979123,43.188457,49.27924,3.8218341611
"MW1321","H000013782","Prevenar","ME6147",2025-09-05,0.655748,754.678103,775.925203,0.65641,53.632172,509,1317,0.556252,1413.423226,NA,1.007445,NA,-0.964952,NA,10,-8.120948,0.509,119.8,1.029192,-2.5104,494.878634,45.224802,52.110968,3.9413048744
"AW6823","H000013782","Prevenar","X39572",2019-04-18,0.680418,844.310014,811.000966,0.687793,44.938189,558,1203,4.58716,1097.855762,59.080344,10.21954,57.82155,5.93114,61.506864,8,NA,0.558,118.913,0.970961,8.088892,574.48346,40.169348,46.282169,4.0816669587
"GH5617","H000019489","Prevenar","FN7284",2022-09-30,0.726056,666.385373,665.515599,0.722839,48.935935,481,1392,-2.063066,1418.915047,61.117081,-4.20954,61.745059,-1.781008,61.196956,9,NA,0.481,118.948,0.994269,-3.182041,483.833207,43.057609,49.217993,NA
"GX2938","H000013782","Prevenar","GY0029",2023-05-16,0.652248,671.031988,679.140512,0.679878,48.146444,462,1449,-3.079935,1385.328785,64.320387,-6.422309,60.324722,-5.588065,63.55244,9,NA,0.462,118.151,1.054957,-12.634437,437.679582,38.673285,45.638314,4.3116349605
"GX2946","H000019489","Prevenar","GY0029",2023-06-05,0.652248,671.031988,679.140512,0.679878,48.146444,462,1449,-3.079935,1385.328785,64.320387,-6.422309,60.324722,-5.588065,63.55244,9,NA,0.462,118.151,1.054957,-12.634437,437.679582,38.673285,45.638314,NA
"X37663","H000010932","Prevenar","T96879",2018-08-08,0.69262,711.582921,780.310649,0.60534,47.70131,472,1418,-2.883781,1439.054902,71.996976,-6.049655,66.042235,-0.813256,65.65567,9,NA,0.472,119.62,0.9584,-14.320476,492.856526,43.844536,49.771834,NA
"CR3639","H000013782","Prevenar","CA6647",2019-10-31,0.572268,828.225335,836.350135,0.583856,45.027011,488,1372,-1.166028,1288.255628,69.263275,-2.61,65.991799,-2.488451,68.590411,8,NA,0.488,119.618,1.030258,-7.333247,473.966944,37.574059,43.704588,3.7292848777
"CW6581","H000013782","Prevenar","CA6647",2019-11-17,0.572268,828.225335,836.350135,0.583856,45.027011,488,1372,-1.166028,1288.255628,69.263275,-2.61,65.991799,-2.488451,68.590411,8,NA,0.488,119.618,1.030258,-7.333247,473.966944,37.574059,43.704588,NA
"HF3759","H000010932","Prevenar","HD8749",2023-12-13,0.659558,758.068131,757.399038,0.660344,45.715187,500,1340,-0.450375,1333.670214,61.81624,-0.960206,51.728491,-0.464458,61.870849,8,NA,0.5,119.196,1.000308,-17.279135,499.989794,39.922505,45.701104,NA
"M96866","H000006081","Prevenar","L59965",2015-12-17,0.656474,718.149541,749.576852,0.666612,49.497051,500,1340,-0.13181,1343.962633,67.532044,-0.263568,66.528046,-2.92826,64.700646,9,NA,0.5,119.021,0.95115,-1.750267,471.446329,40.947594,46.700601,3.7389767184
"LT9674","H000033648","Prevenar","LD1219",2024-10-21,0.615711,815.850816,918.222269,0.507999,37.591474,466,1436,-2.680536,1140.113179,67.77405,-7.14131,59.409859,0.21037,60.218006,7,-13.404205,0.466,118.75,0.928589,-19.482599,502.328389,35.841924,40.48238,NA
"W44031","H000013782","Prevenar","T02232",2018-03-14,0.678035,710.706285,686.830713,0.719681,48.074885,494,1356,-0.652494,1346.554591,60.028396,-1.323721,60.857076,-1.859957,62.1151,9,NA,0.494,119.835,1.025763,0.056758,481.883951,40.378767,46.867421,4.3766152946
"EM4900","H000011044","Prevenar","DN7274",2021-01-08,0.693645,758.552214,726.17441,0.71386,49.61474,518,1294,1.80908,1324.551958,63.41077,3.678812,62.655285,2.553598,66.238054,9,NA,0.518,119.319,0.985216,2.487398,526.166054,42.849908,50.359258,3.7835126749
"FD0722","H000019489","Prevenar","EM9421",2021-05-22,0.68814,666.975846,634.492727,0.724485,50.23904,460,1455,-4.991108,1515.065006,61.793421,-8.768786,61.07405,-5.068478,64.956961,9,NA,0.46,119.36,1.001542,-9.93294,458.972551,44.227635,50.16167,NA
"GH5619","H000019489","Prevenar","FN7284",2022-11-09,0.726056,666.385373,665.515599,0.722839,48.935935,481,1392,-2.063066,1418.915047,61.117081,-4.20954,61.745059,-1.781008,61.196956,9,NA,0.481,118.948,0.994269,-3.182041,483.833207,43.057609,49.217993,NA
"LL4176","H000013782","Prevenar","LE2393",2024-11-19,0.591414,788.247214,718.440752,0.681138,43.078105,489,1370,-1.006925,1146.3856,56.661606,-2.371901,56.151162,-3.047192,62.167066,8,-7.958475,0.489,119.448,1.049717,-3.272765,466.180474,35.82371,41.037838,3.9296371192
"LX2596","H000010932","Prevenar","LK2948",2025-01-30,0.600654,850.891525,847.504668,0.618739,47.998322,524,1280,2.044121,1266.989458,69.145576,4.25955,66.993028,0.827433,69.4219,9,-7.533593,0.524,119.52,1.026008,1.146484,511.091488,40.598676,46.781634,NA
"N34087","H000008135","Prevenar","L59969",2016-06-04,0.63455,744.30956,795.14796,0.609801,47.011865,485,1381,-1.771254,1271.436241,70.284326,-3.803148,69.036068,-2.990939,65.790644,9,NA,0.485,119.849,1.026635,-5.579161,472.301809,39.737918,45.79218,3.7637318331
"MC1716","H000035016","Prevenar","LK2948",2025-01-13,0.600654,850.891525,847.504668,0.618739,47.998322,524,1280,2.044121,1266.989458,69.145576,4.25955,66.993028,0.827433,69.4219,9,-7.533593,0.524,119.52,1.026008,1.146484,511.091488,40.598676,46.781634,NA
"W07368","H000010932","Prevenar","T02232",2017-12-08,0.678035,710.706285,686.830713,0.719681,48.074885,494,1356,-0.652494,1346.554591,60.028396,-1.323721,60.857076,-1.859957,62.1151,9,NA,0.494,119.835,1.025763,0.056758,481.883951,40.378767,46.867421,NA
"S51055","H000008135","Prevenar","S18374",2017-06-07,0.783598,660.821215,744.885842,0.650461,46.178208,485,1381,-1.352932,1313.659918,65.467468,-2.903143,62.695159,1.820693,58.07909,9,NA,0.485,118.459,0.935694,-7.13778,517.818306,42.792716,49.351832,4.3926928734
"DK2068","H000013782","Prevenar","CW3271",2020-03-03,0.715911,656.061609,624.148304,0.713093,47.397871,445,1503,-5.85959,1468.486119,60.738867,-12.399707,61.161247,-3.239203,63.844504,9,NA,0.445,118.664,0.947611,-11.704305,469.68162,44.119532,50.018259,4.3187351429
"EH7861","H000010932","Prevenar","DL7876",2020-09-26,0.634228,735.741049,747.070774,0.671617,48.366612,502,1335,0.276051,1343.964273,64.505521,0.573293,64.031927,-3.109187,63.527261,9,NA,0.502,119.195,1.075259,-0.160898,466.627921,39.211309,44.981373,NA
"R59719","H000008135","Prevenar","M93372",2016-11-03,0.73065,643.075412,605.571639,0.812397,53.986655,492,1361,-0.808927,1455.257197,59.067452,-1.516294,60.413897,-3.234274,62.72557,9,NA,0.492,118.693,1.047038,0.763209,469.863053,43.676485,51.561307,3.7463398806
"GT9408","H000019489","Prevenar","FH2530",2023-01-07,0.611385,784.970107,805.359856,0.605822,45.577759,488,1372,-1.08033,1346.701596,66.698737,-2.347718,65.679226,-1.826276,65.010087,8,NA,0.488,119.52,1.016639,-3.87625,479.919234,39.665614,44.831813,NA
"EW0928","H000010932","Prevenar","EM9421",2021-05-04,0.68814,666.975846,634.492727,0.724485,50.23904,460,1455,-4.991108,1515.065006,61.793421,-8.768786,61.07405,-5.068478,64.956961,9,NA,0.46,119.36,1.001542,-9.93294,458.972551,44.227635,50.16167,NA
"HA9961","H000019489","Prevenar","GR5871",2023-03-31,0.589457,773.59288,818.55686,0.596859,47.11516,489,1370,-1.168669,1349.70413,71.420942,-2.458006,72.16957,-4.288622,67.497732,9,NA,0.489,117.85,1.070916,-1.409815,456.210748,38.178085,43.995207,NA
"HN7732","H000013782","Prevenar","HM2103",2024-01-07,0.617105,757.342544,761.397164,0.627368,46.424396,478,1401,-2.207036,1347.822466,66.881713,-4.740274,65.982231,-3.209622,66.525552,9,NA,0.478,118.636,1.022073,-6.085158,467.360089,39.745068,45.42181,4.0078234024
"ED8311","H000011373","Prevenar","DL7876",NA,0.634228,735.741049,747.070774,0.671617,48.366612,502,1335,0.276051,1343.964273,64.505521,0.573293,64.031927,-3.109187,63.527261,9,NA,0.502,119.195,1.075259,-0.160898,466.627921,39.211309,44.981373,NA
"ER3844","H000019488","Prevenar","EM9421",2021-03-28,0.68814,666.975846,634.492727,0.724485,50.23904,460,1455,-4.991108,1515.065006,61.793421,-8.768786,61.07405,-5.068478,64.956961,9,NA,0.46,119.36,1.001542,-9.93294,458.972551,44.227635,50.16167,NA
"FA5694","H000008135","Prevenar","EM9421",2021-06-16,0.68814,666.975846,634.492727,0.724485,50.23904,460,1455,-4.991108,1515.065006,61.793421,-8.768786,61.07405,-5.068478,64.956961,9,NA,0.46,119.36,1.001542,-9.93294,458.972551,44.227635,50.16167,4.0227804878
"GX2947","H000019489","Prevenar","HA8580",2023-06-09,0.698352,699.192861,712.637471,0.696196,47.785122,496,1351,-0.477817,1279.710365,62.494317,-0.977084,61.023319,-1.234118,61.3153,9,NA,0.496,119.691,1.016082,-3.330896,488.283017,40.7851,47.028821,NA
"M21959","H000008135","Prevenar","L33554",2015-09-03,0.619604,751.126126,814.076997,0.576156,42.624976,469,1427,-2.825723,1230.21135,67.048989,-6.64754,64.810006,-3.155985,61.864231,8,NA,0.469,119.886,1.007809,-9.986864,465.40102,36.126945,42.294714,4.3
"NM6371","H000010932","Prevenar","LY2891",2026-01-15,0.660873,746.434938,780.105151,0.664027,43.98539,518,1294,1.562062,1148.522313,59.488604,3.591446,55.696081,-0.536276,56.921009,8,-6.215558,0.518,119.712,1.050095,-2.783763,493.298851,36.25857,41.887052,3.929824995
"N29005","H000006081","Prevenar","M35326",2016-08-08,0.729945,631.525572,703.373366,0.696375,52.361505,490,1367,-1.238196,1457.304656,66.983834,-2.386089,63.978664,-4.320461,60.141607,10,NA,0.49,119.877,1.062547,-6.8725,460.979123,43.188457,49.27924,3.9321839991
"R59711","H000008135","Prevenar","M35326",2016-09-25,0.729945,631.525572,703.373366,0.696375,52.361505,490,1367,-1.238196,1457.304656,66.983834,-2.386089,63.978664,-4.320461,60.141607,10,NA,0.49,119.877,1.062547,-6.8725,460.979123,43.188457,49.27924,3.9769682284
"N39531","H000006081","Prevenar","M35326",2016-07-23,0.729945,631.525572,703.373366,0.696375,52.361505,490,1367,-1.238196,1457.304656,66.983834,-2.386089,63.978664,-4.320461,60.141607,10,NA,0.49,119.877,1.062547,-6.8725,460.979123,43.188457,49.27924,3.9280918995
"CW6585","H000013782","Prevenar","CH7313",2019-11-28,0.546394,878.145443,873.397957,0.573864,44.349801,501,1337,0.03,1234.30757,69.18594,0.042758,68.421663,-1.863477,69.562011,8,NA,0.501,118.89,1.044598,-1.061912,479.812968,37.281254,42.456325,3.9075888233
"DN3806","H000011373","Prevenar","CW3271",2020-04-19,0.715911,656.061609,624.148304,0.713093,47.397871,445,1503,-5.85959,1468.486119,60.738867,-12.399707,61.161247,-3.239203,63.844504,9,NA,0.445,118.664,0.947611,-11.704305,469.68162,44.119532,50.018259,4.2948822772
"L22463","H000006081","Prevenar","H01019",2014-12-18,0.609813,769.062226,744.296526,0.651425,46.617843,485,1381,-1.469845,1115.036257,64.26836,-3.156363,65.847966,-2.995632,66.406823,5,NA,0.485,70.256,1.033837,-0.698535,468.984092,35.627064,45.092057,4.2831650937
"HG8832","H000028394","Prevenar","HK6558",2023-11-16,0.641152,721.282184,720.112225,0.6516,46.25825,469,1427,-3.170251,1414.819355,63.24535,-6.839735,61.069123,-3.838026,63.348104,9,NA,0.469,119.948,1.014647,-10.280663,462.451274,39.674316,45.590475,NA
"M56317","H000008135","Prevenar","L33554",2015-10-20,0.619604,751.126126,814.076997,0.576156,42.624976,469,1427,-2.825723,1230.21135,67.048989,-6.64754,64.810006,-3.155985,61.864231,8,NA,0.469,119.886,1.007809,-9.986864,465.40102,36.126945,42.294714,4.0485833697
"GH5818","H000011044","Prevenar","FX8007",2022-11-05,0.722264,677.829355,740.670716,0.668867,48.188316,495,1353,-0.480904,1272.975835,63.813828,-0.996002,58.581714,-1.048813,58.399617,9,NA,0.495,119.246,1.011926,-9.195031,489.571779,41.106113,47.620407,3.9157960689
"HG8788","H000019489","Prevenar","HD8750",2023-09-19,0.681456,701.376721,680.320366,0.721698,48.593239,491,1364,-0.81279,1376.623731,60.284261,-1.644902,57.547606,-2.102219,62.150097,9,NA,0.491,119.985,1.027258,-6.184487,477.957692,40.751784,47.30381,NA
"HN7776","H000019489","Prevenar","HM2103",2024-01-29,0.617105,757.342544,761.397164,0.627368,46.424396,478,1401,-2.207036,1347.822466,66.881713,-4.740274,65.982231,-3.209622,66.525552,9,NA,0.478,118.636,1.022073,-6.085158,467.360089,39.745068,45.42181,NA
"T82199","H000011373","Prevenar","T02232",2017-10-23,0.678035,710.706285,686.830713,0.719681,48.074885,494,1356,-0.652494,1346.554591,60.028396,-1.323721,60.857076,-1.859957,62.1151,9,NA,0.494,119.835,1.025763,0.056758,481.883951,40.378767,46.867421,3.8396919693
"T37493","H000008135","Prevenar","T02232",2017-10-17,0.678035,710.706285,686.830713,0.719681,48.074885,494,1356,-0.652494,1346.554591,60.028396,-1.323721,60.857076,-1.859957,62.1151,9,NA,0.494,119.835,1.025763,0.056758,481.883951,40.378767,46.867421,3.9994604499
"W45482","H000010932","Prevenar","T49747",2018-04-04,0.668926,739.255319,758.804475,0.648189,48.370614,492,1361,-1.236316,1372.437337,67.607169,-2.588676,64.507912,-0.974887,65.865399,9,NA,0.492,118.512,0.994624,-7.172891,494.507139,42.494099,48.632043,NA
"CW6582","H000013782","Prevenar","CH7313",2019-11-24,0.546394,878.145443,873.397957,0.573864,44.349801,501,1337,0.03,1234.30757,69.18594,0.042758,68.421663,-1.863477,69.562011,8,NA,0.501,118.89,1.044598,-1.061912,479.812968,37.281254,42.456325,3.7763234893
"EN3349","H000014198","Prevenar","DN7274",2021-01-23,0.693645,758.552214,726.17441,0.71386,49.61474,518,1294,1.80908,1324.551958,63.41077,3.678812,62.655285,2.553598,66.238054,9,NA,0.518,119.319,0.985216,2.487398,526.166054,42.849908,50.359258,3.7192314678
"LW7674","H000019489","Prevenar","LE2392",2024-11-29,0.613187,829.989196,798.89911,0.652684,33.820732,521,1287,1.454571,918.354344,46.443502,4.263852,43.818389,0.644424,48.250905,6,-3.824573,0.521,119.408,1.024542,-1.38842,508.938404,28.526772,33.010585,NA
"LX3436","H000032244","Prevenar","LE2393",2024-12-17,0.591414,788.247214,718.440752,0.681138,43.078105,489,1370,-1.006925,1146.3856,56.661606,-2.371901,56.151162,-3.047192,62.167066,8,-7.958475,0.489,119.448,1.049717,-3.272765,466.180474,35.82371,41.037838,NA
"FP0772","H000011374","Prevenar","ER8678",2022-01-05,0.582551,748.271092,710.494724,0.683609,50.110376,486,1378,-1.430384,1420.44792,65.931119,-2.886979,62.260154,-6.567758,69.436617,9,NA,0.486,118.056,1.114232,-8.454859,435.905805,39.735383,44.973002,3.9636782138
"FP0917","H000011044","Prevenar","ER8678",2022-01-07,0.582551,748.271092,710.494724,0.683609,50.110376,486,1378,-1.430384,1420.44792,65.931119,-2.886979,62.260154,-6.567758,69.436617,9,NA,0.486,118.056,1.114232,-8.454859,435.905805,39.735383,44.973002,4.1545740471
"AT6725","H000013782","Prevenar","X39572",2019-04-14,0.680418,844.310014,811.000966,0.687793,44.938189,558,1203,4.58716,1097.855762,59.080344,10.21954,57.82155,5.93114,61.506864,8,NA,0.558,118.913,0.970961,8.088892,574.48346,40.169348,46.282169,4.1677388821
"DJ2750","H000013782","Prevenar","CM4667",2020-02-15,0.760638,627.487168,711.594307,0.689582,49.557602,491,1364,-1.018219,1397.54402,65.448945,-2.021295,61.8621,-2.372786,57.713184,9,NA,0.491,118.721,1.028101,-7.501666,477.290455,42.817482,48.203035,3.8527715479
"CL3157","H000019488","Prevenar","AH4754",2019-08-09,0.586904,808.091191,798.712884,0.636294,47.555135,508,1319,0.728715,1323.741633,65.228071,1.551601,65.319917,-2.44749,65.993964,9,NA,0.508,119.319,1.07157,1.69241,474.272241,38.333618,44.37893,NA
"CM3333","H000008090","Prevenar","CA6647",2019-11-10,0.572268,828.225335,836.350135,0.583856,45.027011,488,1372,-1.166028,1288.255628,69.263275,-2.61,65.991799,-2.488451,68.590411,8,NA,0.488,119.618,1.030258,-7.333247,473.966944,37.574059,43.704588,3.9770861524
"ED8323","H000011044","Prevenar","DL7878",2020-10-14,0.629635,763.216245,781.773712,0.639104,50.862573,500,1340,-0.320117,1385.340575,70.593497,-0.654031,64.957901,-2.263119,68.917774,9,NA,0.5,118.252,1.039718,-8.637198,480.548021,42.477288,48.919571,4.0118864059
"ED8341","H000010932","Prevenar","DL7878",2020-10-23,0.629635,763.216245,781.773712,0.639104,50.862573,500,1340,-0.320117,1385.340575,70.593497,-0.654031,64.957901,-2.263119,68.917774,9,NA,0.5,118.252,1.039718,-8.637198,480.548021,42.477288,48.919571,NA
"ED8343","H000010932","Prevenar","DL7878",2020-10-03,0.629635,763.216245,781.773712,0.639104,50.862573,500,1340,-0.320117,1385.340575,70.593497,-0.654031,64.957901,-2.263119,68.917774,9,NA,0.5,118.252,1.039718,-8.637198,480.548021,42.477288,48.919571,NA
"MG0844","H000035016","Prevenar","ME2373",2025-05-07,0.640824,718.404614,716.528586,0.672115,44.407748,482,1389,-1.550942,1289.830943,NA,-3.478863,NA,-3.50753,NA,8,-14.994656,0.482,119.292,1.04609,-6.156181,460.371265,36.450882,42.451161,NA
"HA2701","H000006081","Prevenar","HG6462",2023-11-04,0.723125,681.114872,693.946271,0.691329,47.757649,480,1395,-1.91901,1348.746712,61.294914,-3.998713,59.132577,-0.646218,60.161542,9,NA,0.48,119.892,0.974041,-7.526472,492.531007,42.984517,49.03044,3.8065210694
"HN7782","H000032244","Prevenar","HM2103",2024-01-26,0.617105,757.342544,761.397164,0.627368,46.424396,478,1401,-2.207036,1347.822466,66.881713,-4.740274,65.982231,-3.209622,66.525552,9,NA,0.478,118.636,1.022073,-6.085158,467.360089,39.745068,45.42181,NA
"LJ1158","H000028394","Prevenar","LE2393",2024-11-15,0.591414,788.247214,718.440752,0.681138,43.078105,489,1370,-1.006925,1146.3856,56.661606,-2.371901,56.151162,-3.047192,62.167066,8,-7.958475,0.489,119.448,1.049717,-3.272765,466.180474,35.82371,41.037838,NA
"EC6015","H000013782","Prevenar","CM4666",2020-09-21,0.624236,794.116655,735.114592,0.68038,50.967148,500,1340,-0.077522,1422.035175,67.347521,-0.154611,68.018759,-0.530137,72.752995,9,NA,0.5,119.232,1.00896,0.842067,495.715948,44.668151,50.514533,3.7782335362
"DN4736","H000008135","Prevenar","CW3271",2020-04-12,0.715911,656.061609,624.148304,0.713093,47.397871,445,1503,-5.85959,1468.486119,60.738867,-12.399707,61.161247,-3.239203,63.844504,9,NA,0.445,118.664,0.947611,-11.704305,469.68162,44.119532,50.018259,4.2366515721
"ED8340","H000010932","Prevenar","DL7878",2020-10-21,0.629635,763.216245,781.773712,0.639104,50.862573,500,1340,-0.320117,1385.340575,70.593497,-0.654031,64.957901,-2.263119,68.917774,9,NA,0.5,118.252,1.039718,-8.637198,480.548021,42.477288,48.919571,NA
"LJ1047","H000011374","Prevenar","LD1219",2024-10-08,0.615711,815.850816,918.222269,0.507999,37.591474,466,1436,-2.680536,1140.113179,67.77405,-7.14131,59.409859,0.21037,60.218006,7,-13.404205,0.466,118.75,0.928589,-19.482599,502.328389,35.841924,40.48238,4.1557292391
"X59080","H000013782","Prevenar","W12899",2018-11-02,0.614193,768.21237,772.460575,0.619212,44.043018,478,1401,-2.108472,1288.254104,64.798525,-4.807984,62.006894,-2.705714,64.442161,8,NA,0.478,119.028,1.013747,-9.116154,471.83063,32.24065,43.445775,4.1467293065
"GW4143","H000010932","Prevenar","GR5870",2023-04-13,0.641379,857.659363,896.822772,0.600641,45.794064,539,1244,3.260113,1183.03573,68.98282,7.116295,68.476197,4.230678,65.970405,8,NA,0.539,119.04,0.979246,6.381876,550.085123,40.239762,46.764629,NA
"HJ3850","H000019489","Prevenar","HK6558",2023-11-19,0.641152,721.282184,720.112225,0.6516,46.25825,469,1427,-3.170251,1414.819355,63.24535,-6.839735,61.069123,-3.838026,63.348104,9,NA,0.469,119.948,1.014647,-10.280663,462.451274,39.674316,45.590475,NA
"T37753","H000013782","Prevenar","S63648",2017-09-16,0.768591,822.644901,841.634137,0.692573,47.730334,583,1152,6.701095,1121.053331,62.419911,14.035438,63.923112,10.744972,61.011572,9,NA,0.583,118.031,0.921894,16.443646,632.27749,43.840142,51.774211,4.3109720483
"GH5615","H000019489","Prevenar","FN7284",2022-09-23,0.726056,666.385373,665.515599,0.722839,48.935935,481,1392,-2.063066,1418.915047,61.117081,-4.20954,61.745059,-1.781008,61.196956,9,NA,0.481,118.948,0.994269,-3.182041,483.833207,43.057609,49.217993,NA
"J56528","H000002634","Prevenar","H01018",2014-09-13,0.618954,757.002188,754.678204,0.650691,49.410315,491,1364,NA,1285.102578,66.838137,-1.292084,68.617256,NA,67.043961,9,NA,0.491,119.013,1.048048,1.369747,468.549172,39.542412,47.145071,4.4437838618
"HN7333","H000010932","Prevenar","HM2103",2024-01-20,0.617105,757.342544,761.397164,0.627368,46.424396,478,1401,-2.207036,1347.822466,66.881713,-4.740274,65.982231,-3.209622,66.525552,9,NA,0.478,118.636,1.022073,-6.085158,467.360089,39.745068,45.42181,3.9348661506
"HX9162","H000013782","Prevenar","HT4744",2024-04-24,0.536736,881.479761,942.208935,0.5501,40.781963,518,1294,1.513165,1079.905123,65.632016,3.71884,63.013342,-2.042265,61.401767,8,NA,0.518,119.912,1.095508,-0.271094,473.122224,31.757962,37.226534,4.0322444799
"LX2591","H000010932","Prevenar","LD1217",2025-01-18,0.634818,743.968358,804.968751,0.586873,48.991886,472,1418,-2.903313,1429.060589,73.192243,-5.93063,69.171398,-2.916736,67.645748,9,-11.277486,0.472,119.232,1.000274,-11.424169,472.284681,42.780994,48.978463,NA
"HN7337","H000010932","Prevenar","HM2103",2024-02-10,0.617105,757.342544,761.397164,0.627368,46.424396,478,1401,-2.207036,1347.822466,66.881713,-4.740274,65.982231,-3.209622,66.525552,9,NA,0.478,118.636,1.022073,-6.085158,467.360089,39.745068,45.42181,NA
"LC5395","H000019489","Prevenar","HT4875",2024-06-02,0.652272,736.859688,753.123309,0.618545,40.499233,466,1436,-3.029625,1202.152668,58.796232,-7.49438,53.496611,-1.743623,57.526533,7,NA,0.466,119.568,0.969224,-16.507918,480.632711,35.788582,41.785235,NA
"L30208","H000006081","Prevenar","L57276",2015-06-19,0.581332,815.772979,861.560236,0.563769,41.926399,486,1378,-1.207722,1140.680215,69.187388,-2.85162,68.062631,-2.199204,65.510453,7,NA,0.486,118.11,1.024221,-4.477287,474.234731,34.952276,40.934917,4.0432759367
"AH5707","H000008135","Prevenar","W87272",2018-12-29,0.694502,765.828462,812.511076,0.650565,44.34298,529,1268,2.25438,1235.584871,61.406723,5.115853,60.026267,2.529333,57.878615,8,NA,0.529,118.788,0.993838,2.8678,531.869046,39.27005,44.617933,4.121959216
"ED8342","H000010932","Prevenar","DL7878",2020-10-31,0.629635,763.216245,781.773712,0.639104,50.862573,500,1340,-0.320117,1385.340575,70.593497,-0.654031,64.957901,-2.263119,68.917774,9,NA,0.5,118.252,1.039718,-8.637198,480.548021,42.477288,48.919571,NA
"FC0557","H000010932","Prevenar","EM9421",2021-04-17,0.68814,666.975846,634.492727,0.724485,50.23904,460,1455,-4.991108,1515.065006,61.793421,-8.768786,61.07405,-5.068478,64.956961,9,NA,0.46,119.36,1.001542,-9.93294,458.972551,44.227635,50.16167,NA
"M71358","H000008135","Prevenar","L59965",2015-11-27,0.656474,718.149541,749.576852,0.666612,49.497051,500,1340,-0.13181,1343.962633,67.532044,-0.263568,66.528046,-2.92826,64.700646,9,NA,0.5,119.021,0.95115,-1.750267,471.446329,40.947594,46.700601,3.9268190565
"LT9673","H000033648","Prevenar","LD1219",2024-10-20,0.615711,815.850816,918.222269,0.507999,37.591474,466,1436,-2.680536,1140.113179,67.77405,-7.14131,59.409859,0.21037,60.218006,7,-13.404205,0.466,118.75,0.928589,-19.482599,502.328389,35.841924,40.48238,NA
"T30392","H000010932","Prevenar","S18374",2017-06-16,0.783598,660.821215,744.885842,0.650461,46.178208,485,1381,-1.352932,1313.659918,65.467468,-2.903143,62.695159,1.820693,58.07909,9,NA,0.485,118.459,0.935694,-7.13778,517.818306,42.792716,49.351832,NA
"CL3196","H000013782","Prevenar","AK9662",2019-07-15,0.617436,778.977682,760.71388,0.667652,42.947638,508,1319,0.349177,1255.525243,57.122449,0.850494,54.924398,-1.92749,58.493889,8,NA,0.508,119.855,1.055978,-2.99747,480.968841,35.48788,40.670971,3.8776223071
"FR3857","H000008135","Prevenar","FH2530",2022-05-01,0.611385,784.970107,805.359856,0.605822,45.577759,488,1372,-1.08033,1346.701596,66.698737,-2.347718,65.679226,-1.826276,65.010087,8,NA,0.488,119.52,1.016639,-3.87625,479.919234,39.665614,44.831813,3.9606974207
"CM3197","H000013782","Prevenar","CA6647",2019-09-26,0.572268,828.225335,836.350135,0.583856,45.027011,488,1372,-1.166028,1288.255628,69.263275,-2.61,65.991799,-2.488451,68.590411,8,NA,0.488,119.618,1.030258,-7.333247,473.966944,37.574059,43.704588,3.7354203857
"HG8823","H000028394","Prevenar","HG6462",2023-10-23,0.723125,681.114872,693.946271,0.691329,47.757649,480,1395,-1.91901,1348.746712,61.294914,-3.998713,59.132577,-0.646218,60.161542,9,NA,0.48,119.892,0.974041,-7.526472,492.531007,42.984517,49.03044,NA
"L30182","H000008135","Prevenar","L57276",2015-06-05,0.581332,815.772979,861.560236,0.563769,41.926399,486,1378,-1.207722,1140.680215,69.187388,-2.85162,68.062631,-2.199204,65.510453,7,NA,0.486,118.11,1.024221,-4.477287,474.234731,34.952276,40.934917,3.7592050613
"HA2700","H000006081","Prevenar","HA8582",2023-09-12,0.697828,627.476738,718.908205,0.653,46.327932,469,1427,-3.096038,1431.001658,63.779046,-6.682983,54.783908,-6.212169,55.667563,9,NA,0.469,119.723,1.072113,-20.786577,437.871046,37.59957,43.211801,3.8564026053
"HF3769","H000011374","Prevenar","HD8750",2023-09-15,0.681456,701.376721,680.320366,0.721698,48.593239,491,1364,-0.81279,1376.623731,60.284261,-1.644902,57.547606,-2.102219,62.150097,9,NA,0.491,119.985,1.027258,-6.184487,477.957692,40.751784,47.30381,3.6795107134
"CG9069","H000013782","Prevenar","AM9038",2019-06-05,0.650859,788.784067,840.806625,0.60843,45.875935,512,1309,0.960774,1223.89034,68.611174,2.103055,61.965141,1.123593,64.366049,8,NA,0.512,118.816,0.996463,-7.583463,513.387202,40.191336,46.038754,3.9984701959
"DA1891","H000006081","Prevenar","CM4667",2019-12-20,0.760638,627.487168,711.594307,0.689582,49.557602,491,1364,-1.018219,1397.54402,65.448945,-2.021295,61.8621,-2.372786,57.713184,9,NA,0.491,118.721,1.028101,-7.501666,477.290455,42.817482,48.203035,4.0293883381
"LC5374","H000013782","Prevenar","HT4875",2024-06-03,0.652272,736.859688,753.123309,0.618545,40.499233,466,1436,-3.029625,1202.152668,58.796232,-7.49438,53.496611,-1.743623,57.526533,7,NA,0.466,119.568,0.969224,-16.507918,480.632711,35.788582,41.785235,4.0664535978
"M81798","H000008135","Prevenar","L59965",2015-12-02,0.656474,718.149541,749.576852,0.666612,49.497051,500,1340,-0.13181,1343.962633,67.532044,-0.263568,66.528046,-2.92826,64.700646,9,NA,0.5,119.021,0.95115,-1.750267,471.446329,40.947594,46.700601,3.93561018
"LJ1083","H000013782","Prevenar","LE2393",2024-11-21,0.591414,788.247214,718.440752,0.681138,43.078105,489,1370,-1.006925,1146.3856,56.661606,-2.371901,56.151162,-3.047192,62.167066,8,-7.958475,0.489,119.448,1.049717,-3.272765,466.180474,35.82371,41.037838,3.9378738739
"FL6015","H000014198","Prevenar","ER8678",2021-10-12,0.582551,748.271092,710.494724,0.683609,50.110376,486,1378,-1.430384,1420.44792,65.931119,-2.886979,62.260154,-6.567758,69.436617,9,NA,0.486,118.056,1.114232,-8.454859,435.905805,39.735383,44.973002,4.2325945297
"GE6477","H000017723","Prevenar","FH2530",2022-07-03,0.611385,784.970107,805.359856,0.605822,45.577759,488,1372,-1.08033,1346.701596,66.698737,-2.347718,65.679226,-1.826276,65.010087,8,NA,0.488,119.52,1.016639,-3.87625,479.919234,39.665614,44.831813,3.8647419121
"GH5596","H000013782","Prevenar","FN7284",2022-10-19,0.726056,666.385373,665.515599,0.722839,48.935935,481,1392,-2.063066,1418.915047,61.117081,-4.20954,61.745059,-1.781008,61.196956,9,NA,0.481,118.948,0.994269,-3.182041,483.833207,43.057609,49.217993,4.1260321089
"R59717","H000008135","Prevenar","M93372",2016-10-26,0.73065,643.075412,605.571639,0.812397,53.986655,492,1361,-0.808927,1455.257197,59.067452,-1.516294,60.413897,-3.234274,62.72557,9,NA,0.492,118.693,1.047038,0.763209,469.863053,43.676485,51.561307,3.700522434
"EC6050","H000008135","Prevenar","DH4062",2020-09-15,0.678171,679.09769,723.331815,0.675095,48.617501,488,1372,-1.178298,1349.497533,64.62536,-2.461449,58.860024,-3.943459,60.673306,9,NA,0.488,119.876,1.060306,-11.382615,460.544206,40.433811,45.85234,3.7268059025
"FL8878","H000006081","Prevenar","ER8678",2021-11-17,0.582551,748.271092,710.494724,0.683609,50.110376,486,1378,-1.430384,1420.44792,65.931119,-2.886979,62.260154,-6.567758,69.436617,9,NA,0.486,118.056,1.114232,-8.454859,435.905805,39.735383,44.973002,4.2395970149
"HC4718","H000011374","Prevenar","GP0925",2023-04-18,0.615212,774.815778,752.940085,0.642925,47.387211,484,1384,-1.606147,1322.246461,66.685148,-3.408652,65.025958,-2.331364,68.622598,9,NA,0.484,119.266,1.015542,-5.896748,476.67576,40.945451,46.661995,3.9673352647
"HT5057","H000010932","Prevenar","HD8749",2024-05-02,0.659558,758.068131,757.399038,0.660344,45.715187,500,1340,-0.450375,1333.670214,61.81624,-0.960206,51.728491,-0.464458,61.870849,8,NA,0.5,119.196,1.000308,-17.279135,499.989794,39.922505,45.701104,3.9592172663
"MW1320","H000013782","Prevenar","ME6147",2025-11-20,0.655748,754.678103,775.925203,0.65641,53.632172,509,1317,0.556252,1413.423226,NA,1.007445,NA,-0.964952,NA,10,-8.120948,0.509,119.8,1.029192,-2.5104,494.878634,45.224802,52.110968,3.9218758625
"M56321","H000008135","Prevenar","L33554",2015-11-01,0.619604,751.126126,814.076997,0.576156,42.624976,469,1427,-2.825723,1230.21135,67.048989,-6.64754,64.810006,-3.155985,61.864231,8,NA,0.469,119.886,1.007809,-9.986864,465.40102,36.126945,42.294714,4.0110230045
"MG0832","H000035016","Prevenar","LK2946",2025-03-23,0.670585,724.301373,726.664445,0.679157,47.524365,494,1356,-0.684276,1424.054051,62.736052,-1.443698,61.039727,-1.436677,62.532038,9,-12.238699,0.494,119.63,1.016087,-4.147606,485.705737,40.860102,46.771964,NA
"MC2232","H000033648","Prevenar","ME2373",2025-04-18,0.640824,718.404614,716.528586,0.672115,44.407748,482,1389,-1.550942,1289.830943,NA,-3.478863,NA,-3.50753,NA,8,-14.994656,0.482,119.292,1.04609,-6.156181,460.371265,36.450882,42.451161,NA
"NJ4982","H000013782","Prevenar","ME6149",2025-11-23,0.607794,740.082109,720.625017,0.677938,50.429008,489,1370,-1.340493,1436.299688,NA,-2.679547,NA,-5.337476,NA,9,-9.465318,0.489,119.691,1.086082,-3.998406,449.817525,41.295001,46.432025,3.7942545025
"CK6578","H000011373","Prevenar","AR4781",2019-08-02,0.593452,796.308069,768.939803,0.626399,49.349587,482,1389,-1.833725,1416.216994,71.391958,-3.731641,68.232601,-2.765361,73.932956,9,NA,0.482,119.514,1.019242,-8.157009,472.570269,42.351175,48.417951,4.0837465962
"ND7560","H000033648","Prevenar","ME6147",2025-09-14,0.655748,754.678103,775.925203,0.65641,53.632172,509,1317,0.556252,1413.423226,NA,1.007445,NA,-0.964952,NA,10,-8.120948,0.509,119.8,1.029192,-2.5104,494.878634,45.224802,52.110968,NA
"HF3806","H000019489","Prevenar","HA8581",2023-07-18,0.740223,667.29478,639.790799,0.797157,49.116926,510,1314,0.913237,1303.596405,55.541097,1.889709,53.25089,-0.63408,57.928754,9,NA,0.51,118.893,1.032527,-2.233737,493.947043,41.555897,47.56961,NA
"AP9219","H000008135","Prevenar","X39572",2019-03-14,0.680418,844.310014,811.000966,0.687793,44.938189,558,1203,4.58716,1097.855762,59.080344,10.21954,57.82155,5.93114,61.506864,8,NA,0.558,118.913,0.970961,8.088892,574.48346,40.169348,46.282169,3.9283595207
"LX2646","H000011374","Prevenar","LY2891",2025-08-13,0.660873,746.434938,780.105151,0.664027,43.98539,518,1294,1.562062,1148.522313,59.488604,3.591446,55.696081,-0.536276,56.921009,8,-6.215558,0.518,119.712,1.050095,-2.783763,493.298851,36.25857,41.887052,3.9015312041
"AW6839","H000010932","Prevenar","AM9038",2019-05-27,0.650859,788.784067,840.806625,0.60843,45.875935,512,1309,0.960774,1223.89034,68.611174,2.103055,61.965141,1.123593,64.366049,8,NA,0.512,118.816,0.996463,-7.583463,513.387202,40.191336,46.038754,NA
"DC5812","H000006081","Prevenar","CA6647",2019-11-16,0.572268,828.225335,836.350135,0.583856,45.027011,488,1372,-1.166028,1288.255628,69.263275,-2.61,65.991799,-2.488451,68.590411,8,NA,0.488,119.618,1.030258,-7.333247,473.966944,37.574059,43.704588,3.7499551737
"DK2060","H000006081","Prevenar","CM4666",2020-04-29,0.624236,794.116655,735.114592,0.68038,50.967148,500,1340,-0.077522,1422.035175,67.347521,-0.154611,68.018759,-0.530137,72.752995,9,NA,0.5,119.232,1.00896,0.842067,495.715948,44.668151,50.514533,3.6201598837
"X06752","H000013782","Prevenar","T49747",2018-07-04,0.668926,739.255319,758.804475,0.648189,48.370614,492,1361,-1.236316,1372.437337,67.607169,-2.588676,64.507912,-0.974887,65.865399,9,NA,0.492,118.512,0.994624,-7.172891,494.507139,42.494099,48.632043,3.9504727053
"X06702","H000010932","Prevenar","T49747",2018-05-12,0.668926,739.255319,758.804475,0.648189,48.370614,492,1361,-1.236316,1372.437337,67.607169,-2.588676,64.507912,-0.974887,65.865399,9,NA,0.492,118.512,0.994624,-7.172891,494.507139,42.494099,48.632043,NA
"GR2540","H000008135","Prevenar","FD7878",2022-12-27,0.700687,674.490651,726.100519,0.689816,51.838422,501,1337,-0.051387,1448.925165,67.925369,-0.09386,62.058738,-2.977101,63.097361,9,NA,0.501,118.121,1.059815,-8.730738,472.606789,42.932754,48.912708,3.9898962167
"EL8972","H000017723","Prevenar","DN7274",2021-01-14,0.693645,758.552214,726.17441,0.71386,49.61474,518,1294,1.80908,1324.551958,63.41077,3.678812,62.655285,2.553598,66.238054,9,NA,0.518,119.319,0.985216,2.487398,526.166054,42.849908,50.359258,3.9178684098
"EL8837","H000006081","Prevenar","DN7274",2021-01-16,0.693645,758.552214,726.17441,0.71386,49.61474,518,1294,1.80908,1324.551958,63.41077,3.678812,62.655285,2.553598,66.238054,9,NA,0.518,119.319,0.985216,2.487398,526.166054,42.849908,50.359258,3.7996228844
"FF4716","H000017723","Prevenar","EM9421",2021-06-12,0.68814,666.975846,634.492727,0.724485,50.23904,460,1455,-4.991108,1515.065006,61.793421,-8.768786,61.07405,-5.068478,64.956961,9,NA,0.46,119.36,1.001542,-9.93294,458.972551,44.227635,50.16167,3.9075132686
"FT6721","H000019252","Prevenar","FD7879",2022-04-26,0.664635,706.035923,745.057441,0.657146,48.571836,490,1367,-1.091735,1366.49796,66.720097,-2.284905,61.738107,-3.111109,63.225709,9,NA,0.49,119.097,1.043378,-9.751905,469.255901,40.431098,46.552461,NA
"FY2985","H000011373","Prevenar","FH2530",2022-04-30,0.611385,784.970107,805.359856,0.605822,45.577759,488,1372,-1.08033,1346.701596,66.698737,-2.347718,65.679226,-1.826276,65.010087,8,NA,0.488,119.52,1.016639,-3.87625,479.919234,39.665614,44.831813,3.8639489667
"GF0241","H000008135","Prevenar","FN7283",2022-06-08,0.680501,673.906006,638.312797,0.753218,52.869924,481,1392,-2.034217,1516.812924,63.392798,-3.834816,62.739227,-4.474922,66.927669,10,NA,0.481,118.947,1.048399,-4.865802,458.593597,44.00759,50.429218,4.1113673974
"GX2798","H000010932","Prevenar","GP0925",2023-06-24,0.615212,774.815778,752.940085,0.642925,47.387211,484,1384,-1.606147,1322.246461,66.685148,-3.408652,65.025958,-2.331364,68.622598,9,NA,0.484,119.266,1.015542,-5.896748,476.67576,40.945451,46.661995,NA
"HH7688","H000031244","Prevenar","HK6558",2023-11-08,0.641152,721.282184,720.112225,0.6516,46.25825,469,1427,-3.170251,1414.819355,63.24535,-6.839735,61.069123,-3.838026,63.348104,9,NA,0.469,119.948,1.014647,-10.280663,462.451274,39.674316,45.590475,NA
"CM3126","H000006081","Prevenar","AR4781",2019-08-15,0.593452,796.308069,768.939803,0.626399,49.349587,482,1389,-1.833725,1416.216994,71.391958,-3.731641,68.232601,-2.765361,73.932956,9,NA,0.482,119.514,1.019242,-8.157009,472.570269,42.351175,48.417951,4.3064205454
"CL6647","H000006081","Prevenar","AR4781",2019-08-03,0.593452,796.308069,768.939803,0.626399,49.349587,482,1389,-1.833725,1416.216994,71.391958,-3.731641,68.232601,-2.765361,73.932956,9,NA,0.482,119.514,1.019242,-8.157009,472.570269,42.351175,48.417951,4.0573929187
"GR3685","H000019489","Prevenar","GL6237",2023-01-18,0.547509,891.757866,894.213145,0.543895,37.160515,486,1378,-0.660854,1059.674548,61.057037,-1.747089,56.189896,-0.51665,60.889391,7,NA,0.486,119.533,0.996134,-9.718557,488.245377,32.082957,37.304719,NA
"HY4182","H000019489","Prevenar","HM2102",2024-03-14,0.638913,764.211005,758.71646,0.64148,46.515277,487,1375,-1.343422,1316.275752,65.950625,-2.90978,64.495517,-1.194019,66.428233,9,NA,0.487,119.752,0.996798,-5.11614,488.264641,40.412551,46.664681,NA
"HY4202","H000028394","Prevenar","HT4875",2024-05-23,0.652272,736.859688,753.123309,0.618545,40.499233,466,1436,-3.029625,1202.152668,58.796232,-7.49438,53.496611,-1.743623,57.526533,7,NA,0.466,119.568,0.969224,-16.507918,480.632711,35.788582,41.785235,NA
"M97259","H000008135","Prevenar","L94892",2016-04-05,0.66818,782.485687,776.543655,0.647682,48.968477,503,1332,0.084478,1261.544366,68.770224,0.208548,70.150863,2.020806,69.296447,9,NA,0.503,119.4,0.961962,2.21616,522.84161,42.607212,50.904805,4.2697534789
"LX3432","H000031244","Prevenar","LK2948",2025-01-21,0.600654,850.891525,847.504668,0.618739,47.998322,524,1280,2.044121,1266.989458,69.145576,4.25955,66.993028,0.827433,69.4219,9,-7.533593,0.524,119.52,1.026008,1.146484,511.091488,40.598676,46.781634,NA
"MD2721","H000035016","Prevenar","LY2890",2025-03-19,0.675645,730.667468,727.381622,0.669529,46.790783,487,1375,-1.346146,1368.957158,62.485386,-2.873688,62.053008,-0.705391,62.767655,9,-14.008496,0.487,119.589,0.986491,-3.565655,493.671898,40.867904,47.431537,NA
"T63423","H000010932","Prevenar","S63648",2017-09-12,0.768591,822.644901,841.634137,0.692573,47.730334,583,1152,6.701095,1121.053331,62.419911,14.035438,63.923112,10.744972,61.011572,9,NA,0.583,118.031,0.921894,16.443646,632.27749,43.840142,51.774211,NA
"HE3365","H000011044","Prevenar","HA8580",2023-06-20,0.698352,699.192861,712.637471,0.696196,47.785122,496,1351,-0.477817,1279.710365,62.494317,-0.977084,61.023319,-1.234118,61.3153,9,NA,0.496,119.691,1.016082,-3.330896,488.283017,40.7851,47.028821,4.0160637715
"S10670","H000008135","Prevenar","N70120",2016-12-25,0.702193,708.521021,820.990266,0.626091,47.782915,514,1304,1.206193,1271.610622,69.729364,2.554212,63.97699,-0.327285,60.176986,9,NA,0.514,119.89,1.033157,-5.69536,497.518614,40.108989,46.249437,4.0867273019
"AP9875","H000013782","Prevenar","X39572",2019-03-04,0.680418,844.310014,811.000966,0.687793,44.938189,558,1203,4.58716,1097.855762,59.080344,10.21954,57.82155,5.93114,61.506864,8,NA,0.558,118.913,0.970961,8.088892,574.48346,40.169348,46.282169,4.0807907344
"CM3340","H000010932","Prevenar","AM9038",2019-09-07,0.650859,788.784067,840.806625,0.60843,45.875935,512,1309,0.960774,1223.89034,68.611174,2.103055,61.965141,1.123593,64.366049,8,NA,0.512,118.816,0.996463,-7.583463,513.387202,40.191336,46.038754,NA
"EA9687","H000010932","Prevenar","CW3271",2020-08-08,0.715911,656.061609,624.148304,0.713093,47.397871,445,1503,-5.85959,1468.486119,60.738867,-12.399707,61.161247,-3.239203,63.844504,9,NA,0.445,118.664,0.947611,-11.704305,469.68162,44.119532,50.018259,NA
"FY2982","H000006081","Prevenar","FD7879",2022-04-18,0.664635,706.035923,745.057441,0.657146,48.571836,490,1367,-1.091735,1366.49796,66.720097,-2.284905,61.738107,-3.111109,63.225709,9,NA,0.49,119.097,1.043378,-9.751905,469.255901,40.431098,46.552461,4.1299804909
"HF3767","H000011374","Prevenar","HA8581",2023-08-19,0.740223,667.29478,639.790799,0.797157,49.116926,510,1314,0.913237,1303.596405,55.541097,1.889709,53.25089,-0.63408,57.928754,9,NA,0.51,118.893,1.032527,-2.233737,493.947043,41.555897,47.56961,4.1773341776
"HR1612","H000032244","Prevenar","HK6561",2023-11-28,0.684493,691.768826,745.867334,0.653473,49.369605,487,1375,-1.351587,1374.069327,67.611658,-2.742949,67.001637,-2.758821,62.707717,9,NA,0.487,118.678,1.02934,-3.645192,473.511208,41.754114,47.962371,NA
"HN7729","H000011374","Prevenar","HM2103",2024-03-16,0.617105,757.342544,761.397164,0.627368,46.424396,478,1401,-2.207036,1347.822466,66.881713,-4.740274,65.982231,-3.209622,66.525552,9,NA,0.478,118.636,1.022073,-6.085158,467.360089,39.745068,45.42181,4.0377692725
"L30209","H000006081","Prevenar","L57276",2015-06-23,0.581332,815.772979,861.560236,0.563769,41.926399,486,1378,-1.207722,1140.680215,69.187388,-2.85162,68.062631,-2.199204,65.510453,7,NA,0.486,118.11,1.024221,-4.477287,474.234731,34.952276,40.934917,4.1946691727
"AM5976","H000008135","Prevenar","W87272",2019-02-16,0.694502,765.828462,812.511076,0.650565,44.34298,529,1268,2.25438,1235.584871,61.406723,5.115853,60.026267,2.529333,57.878615,8,NA,0.529,118.788,0.993838,2.8678,531.869046,39.27005,44.617933,4.0227910259
"ER3826","H000011373","Prevenar","EM9421",2021-04-21,0.68814,666.975846,634.492727,0.724485,50.23904,460,1455,-4.991108,1515.065006,61.793421,-8.768786,61.07405,-5.068478,64.956961,9,NA,0.46,119.36,1.001542,-9.93294,458.972551,44.227635,50.16167,4.2659628525
"FF8700","H000017723","Prevenar","ER8678",2021-10-29,0.582551,748.271092,710.494724,0.683609,50.110376,486,1378,-1.430384,1420.44792,65.931119,-2.886979,62.260154,-6.567758,69.436617,9,NA,0.486,118.056,1.114232,-8.454859,435.905805,39.735383,44.973002,4.128415255
"GC1484","H000006081","Prevenar","FT9276",2022-08-06,0.672456,726.164875,711.187886,0.722622,48.789344,514,1304,1.287803,1326.338372,60.919506,2.614706,64.132215,-1.143176,62.202417,9,NA,0.514,118.08,1.052439,7.888401,488.313631,40.443435,46.358366,4.1311157739
"EL8879","H000010932","Prevenar","DN7274",2021-01-26,0.693645,758.552214,726.17441,0.71386,49.61474,518,1294,1.80908,1324.551958,63.41077,3.678812,62.655285,2.553598,66.238054,9,NA,0.518,119.319,0.985216,2.487398,526.166054,42.849908,50.359258,NA
"FD1838","H000019489","Prevenar","EM9421",2021-05-29,0.68814,666.975846,634.492727,0.724485,50.23904,460,1455,-4.991108,1515.065006,61.793421,-8.768786,61.07405,-5.068478,64.956961,9,NA,0.46,119.36,1.001542,-9.93294,458.972551,44.227635,50.16167,NA
"GX2933","H000011374","Prevenar","GY0029",2023-05-16,0.652248,671.031988,679.140512,0.679878,48.146444,462,1449,-3.079935,1385.328785,64.320387,-6.422309,60.324722,-5.588065,63.55244,9,NA,0.462,118.151,1.054957,-12.634437,437.679582,38.673285,45.638314,4.066674259
"LJ1014","H000010932","Prevenar","LD1217",2024-08-12,0.634818,743.968358,804.968751,0.586873,48.991886,472,1418,-2.903313,1429.060589,73.192243,-5.93063,69.171398,-2.916736,67.645748,9,-11.277486,0.472,119.232,1.000274,-11.424169,472.284681,42.780994,48.978463,NA
"GA8128","H000008135","Prevenar","FN7283",2022-05-19,0.680501,673.906006,638.312797,0.753218,52.869924,481,1392,-2.034217,1516.812924,63.392798,-3.834816,62.739227,-4.474922,66.927669,10,NA,0.481,118.947,1.048399,-4.865802,458.593597,44.00759,50.429218,3.9324388767
"LJ1156","H000028394","Prevenar","LD1219",2024-10-09,0.615711,815.850816,918.222269,0.507999,37.591474,466,1436,-2.680536,1140.113179,67.77405,-7.14131,59.409859,0.21037,60.218006,7,-13.404205,0.466,118.75,0.928589,-19.482599,502.328389,35.841924,40.48238,NA
"L95554","H000006081","Prevenar","H85445",2015-05-07,0.602955,805.21666,862.046944,0.564135,44.042705,486,1378,-1.413944,1228.430955,70.298215,-3.246525,68.11204,-1.486503,65.663819,8,NA,0.486,118.865,1.00165,-6.356384,485.509659,36.654723,43.970147,4.1698995538
"CH8223","H000017723","Prevenar","AM9038",2019-06-07,0.650859,788.784067,840.806625,0.60843,45.875935,512,1309,0.960774,1223.89034,68.611174,2.103055,61.965141,1.123593,64.366049,8,NA,0.512,118.816,0.996463,-7.583463,513.387202,40.191336,46.038754,3.9821790403
"CW6537","H000011044","Prevenar","CH7313",2019-11-21,0.546394,878.145443,873.397957,0.573864,44.349801,501,1337,0.03,1234.30757,69.18594,0.042758,68.421663,-1.863477,69.562011,8,NA,0.501,118.89,1.044598,-1.061912,479.812968,37.281254,42.456325,3.8275231642
"ER7173","H000011373","Prevenar","DT9983",2021-03-11,0.683409,669.824551,735.178399,0.661348,48.184902,486,1378,-1.524269,1337.261492,65.85186,-3.183444,63.125631,-4.343246,59.997944,9,NA,0.486,118.21,1.062139,-7.323387,457.764061,39.51889,45.365925,4.1255244618
"CL5152","H000011374","Prevenar","AM9038",2019-07-09,0.650859,788.784067,840.806625,0.60843,45.875935,512,1309,0.960774,1223.89034,68.611174,2.103055,61.965141,1.123593,64.366049,8,NA,0.512,118.816,0.996463,-7.583463,513.387202,40.191336,46.038754,3.9701924955
"FJ5975","H000011044","Prevenar","ER8678",2021-09-08,0.582551,748.271092,710.494724,0.683609,50.110376,486,1378,-1.430384,1420.44792,65.931119,-2.886979,62.260154,-6.567758,69.436617,9,NA,0.486,118.056,1.114232,-8.454859,435.905805,39.735383,44.973002,4.1563958333
"GJ5745","H000013782","Prevenar","FN7284",2022-08-25,0.726056,666.385373,665.515599,0.722839,48.935935,481,1392,-2.063066,1418.915047,61.117081,-4.20954,61.745059,-1.781008,61.196956,9,NA,0.481,118.948,0.994269,-3.182041,483.833207,43.057609,49.217993,4.5725016229
"GG4391","H000011374","Prevenar","FX8007",2022-09-23,0.722264,677.829355,740.670716,0.668867,48.188316,495,1353,-0.480904,1272.975835,63.813828,-0.996002,58.581714,-1.048813,58.399617,9,NA,0.495,119.246,1.011926,-9.195031,489.571779,41.106113,47.620407,4.0109430126
"GJ2986","H000019252","Prevenar","FT9276",2022-07-30,0.672456,726.164875,711.187886,0.722622,48.789344,514,1304,1.287803,1326.338372,60.919506,2.614706,64.132215,-1.143176,62.202417,9,NA,0.514,118.08,1.052439,7.888401,488.313631,40.443435,46.358366,4.0575210748
"M97234","H000008135","Prevenar","L59965",2015-12-10,0.656474,718.149541,749.576852,0.666612,49.497051,500,1340,-0.13181,1343.962633,67.532044,-0.263568,66.528046,-2.92826,64.700646,9,NA,0.5,119.021,0.95115,-1.750267,471.446329,40.947594,46.700601,4.1589047176
"M97256","H000008135","Prevenar","L59969",2016-03-23,0.63455,744.30956,795.14796,0.609801,47.011865,485,1381,-1.771254,1271.436241,70.284326,-3.803148,69.036068,-2.990939,65.790644,9,NA,0.485,119.849,1.026635,-5.579161,472.301809,39.737918,45.79218,3.9562706538
"GX2971","H000028394","Prevenar","HA8580",2023-06-23,0.698352,699.192861,712.637471,0.696196,47.785122,496,1351,-0.477817,1279.710365,62.494317,-0.977084,61.023319,-1.234118,61.3153,9,NA,0.496,119.691,1.016082,-3.330896,488.283017,40.7851,47.028821,NA
"LC5375","H000013782","Prevenar","HT4746",2024-06-11,0.570256,826.330532,827.918793,0.584369,40.584033,484,1384,-1.455518,1130.010435,62.506235,-3.587374,62.639659,-2.51163,62.386325,8,NA,0.484,119.963,1.026718,-3.373918,471.220104,34.24902,39.52792,4.4890932054
"L30191","H000008135","Prevenar","L57276",2015-06-09,0.581332,815.772979,861.560236,0.563769,41.926399,486,1378,-1.207722,1140.680215,69.187388,-2.85162,68.062631,-2.199204,65.510453,7,NA,0.486,118.11,1.024221,-4.477287,474.234731,34.952276,40.934917,3.8876192018
"N90925","H000008135","Prevenar","M35326",2016-08-03,0.729945,631.525572,703.373366,0.696375,52.361505,490,1367,-1.238196,1457.304656,66.983834,-2.386089,63.978664,-4.320461,60.141607,10,NA,0.49,119.877,1.062547,-6.8725,460.979123,43.188457,49.27924,3.878705657
"N90897","H000006081","Prevenar","M35326",2016-08-18,0.729945,631.525572,703.373366,0.696375,52.361505,490,1367,-1.238196,1457.304656,66.983834,-2.386089,63.978664,-4.320461,60.141607,10,NA,0.49,119.877,1.062547,-6.8725,460.979123,43.188457,49.27924,3.7531220109
"EA9686","H000010932","Prevenar","CW3271",2020-08-01,0.715911,656.061609,624.148304,0.713093,47.397871,445,1503,-5.85959,1468.486119,60.738867,-12.399707,61.161247,-3.239203,63.844504,9,NA,0.445,118.664,0.947611,-11.704305,469.68162,44.119532,50.018259,NA
"M97253","H000008135","Prevenar","L59969",2016-03-10,0.63455,744.30956,795.14796,0.609801,47.011865,485,1381,-1.771254,1271.436241,70.284326,-3.803148,69.036068,-2.990939,65.790644,9,NA,0.485,119.849,1.026635,-5.579161,472.301809,39.737918,45.79218,3.8952854808
"NT6405","H000013782","Prevenar","MT7833",2026-07-10,0.695181,774.53208,811.204622,0.654772,49.824395,531,1263,2.839727,1244.516748,NA,5.736086,NA,3.523178,NA,9,-7.997372,0.531,119.771,0.986468,-1.17755,538.440174,43.745145,50.507847,3.7840501569
"S93498","H000008135","Prevenar","S18374",2017-05-28,0.783598,660.821215,744.885842,0.650461,46.178208,485,1381,-1.352932,1313.659918,65.467468,-2.903143,62.695159,1.820693,58.07909,9,NA,0.485,118.459,0.935694,-7.13778,517.818306,42.792716,49.351832,4.2530992292
"LX3438","H000032244","Prevenar","LE2393",2024-12-29,0.591414,788.247214,718.440752,0.681138,43.078105,489,1370,-1.006925,1146.3856,56.661606,-2.371901,56.151162,-3.047192,62.167066,8,-7.958475,0.489,119.448,1.049717,-3.272765,466.180474,35.82371,41.037838,NA
"FP0882","H000013782","Prevenar","FH2530",2021-12-09,0.611385,784.970107,805.359856,0.605822,45.577759,488,1372,-1.08033,1346.701596,66.698737,-2.347718,65.679226,-1.826276,65.010087,8,NA,0.488,119.52,1.016639,-3.87625,479.919234,39.665614,44.831813,4.0954235311
"GR2968","H000006081","Prevenar","GL6237",2023-01-20,0.547509,891.757866,894.213145,0.543895,37.160515,486,1378,-0.660854,1059.674548,61.057037,-1.747089,56.189896,-0.51665,60.889391,7,NA,0.486,119.533,0.996134,-9.718557,488.245377,32.082957,37.304719,4.2191725332
"N34094","H000008135","Prevenar","L59969",2016-06-07,0.63455,744.30956,795.14796,0.609801,47.011865,485,1381,-1.771254,1271.436241,70.284326,-3.803148,69.036068,-2.990939,65.790644,9,NA,0.485,119.849,1.026635,-5.579161,472.301809,39.737918,45.79218,3.9095026673
"MG3450","H000010932","Prevenar","LY2891",2025-07-31,0.660873,746.434938,780.105151,0.664027,43.98539,518,1294,1.562062,1148.522313,59.488604,3.591446,55.696081,-0.536276,56.921009,8,-6.215558,0.518,119.712,1.050095,-2.783763,493.298851,36.25857,41.887052,3.9649081623
"FA5691","H000008135","Prevenar","EM9421",2021-05-23,0.68814,666.975846,634.492727,0.724485,50.23904,460,1455,-4.991108,1515.065006,61.793421,-8.768786,61.07405,-5.068478,64.956961,9,NA,0.46,119.36,1.001542,-9.93294,458.972551,44.227635,50.16167,4.4105551174
"CR3649","H000014198","Prevenar","CH7313",2019-11-21,0.546394,878.145443,873.397957,0.573864,44.349801,501,1337,0.03,1234.30757,69.18594,0.042758,68.421663,-1.863477,69.562011,8,NA,0.501,118.89,1.044598,-1.061912,479.812968,37.281254,42.456325,3.9007042484
"EL8867","H000010932","Prevenar","DN7274",2021-01-08,0.693645,758.552214,726.17441,0.71386,49.61474,518,1294,1.80908,1324.551958,63.41077,3.678812,62.655285,2.553598,66.238054,9,NA,0.518,119.319,0.985216,2.487398,526.166054,42.849908,50.359258,NA
"LX3431","H000031244","Prevenar","LK2948",2025-01-18,0.600654,850.891525,847.504668,0.618739,47.998322,524,1280,2.044121,1266.989458,69.145576,4.25955,66.993028,0.827433,69.4219,9,-7.533593,0.524,119.52,1.026008,1.146484,511.091488,40.598676,46.781634,NA
"HN7638","H000011044","Prevenar","HK6561",2024-01-05,0.684493,691.768826,745.867334,0.653473,49.369605,487,1375,-1.351587,1374.069327,67.611658,-2.742949,67.001637,-2.758821,62.707717,9,NA,0.487,118.678,1.02934,-3.645192,473.511208,41.754114,47.962371,4.1685517594
"N58142","H000010932","Prevenar","L59969",2016-03-25,0.63455,744.30956,795.14796,0.609801,47.011865,485,1381,-1.771254,1271.436241,70.284326,-3.803148,69.036068,-2.990939,65.790644,9,NA,0.485,119.849,1.026635,-5.579161,472.301809,39.737918,45.79218,NA
"FK1149","H000017723","Prevenar","ER8678",2021-11-21,0.582551,748.271092,710.494724,0.683609,50.110376,486,1378,-1.430384,1420.44792,65.931119,-2.886979,62.260154,-6.567758,69.436617,9,NA,0.486,118.056,1.114232,-8.454859,435.905805,39.735383,44.973002,4.269318501
"FP7059","H000019489","Prevenar","FD7878",2022-02-08,0.700687,674.490651,726.100519,0.689816,51.838422,501,1337,-0.051387,1448.925165,67.925369,-0.09386,62.058738,-2.977101,63.097361,9,NA,0.501,118.121,1.059815,-8.730738,472.606789,42.932754,48.912708,NA
"L30209A","H000006081","Prevenar","L57276",2015-06-23,0.581332,815.772979,861.560236,0.563769,41.926399,486,1378,-1.207722,1140.680215,69.187388,-2.85162,68.062631,-2.199204,65.510453,7,NA,0.486,118.11,1.024221,-4.477287,474.234731,34.952276,40.934917,NA
"LE1001","H000019489","Prevenar","LD1218",2024-09-24,0.59941,829.957327,882.778582,0.586139,44.04843,517,1297,1.348159,1200.65644,68.122949,3.088381,62.394206,-0.349845,64.046797,8,-10.15586,0.517,119.818,1.040094,-5.321036,497.484653,36.618587,42.350427,NA
"LL4094","H000010932","Prevenar","LD1219",2024-10-11,0.615711,815.850816,918.222269,0.507999,37.591474,466,1436,-2.680536,1140.113179,67.77405,-7.14131,59.409859,0.21037,60.218006,7,-13.404205,0.466,118.75,0.928589,-19.482599,502.328389,35.841924,40.48238,NA
"MG4223","H000031244","Prevenar","ME6146",2025-07-07,0.709539,726.839938,747.604672,0.688465,50.327697,515,1302,1.382987,1353.717645,NA,2.768283,NA,1.482883,NA,9,-14.362059,0.515,119.093,0.998019,1.122823,515.72119,43.977884,50.427592,NA
"M97250","H000008135","Prevenar","L59966",2016-02-26,0.619941,811.179696,821.39033,0.644788,51.155479,530,1265,2.747809,1294.220551,72.154161,5.355446,68.669834,0.165111,71.257219,9,NA,0.53,119.89,1.053172,0.526443,502.883472,42.478532,48.57278,3.8905125152
"LJ1147","H000019489","Prevenar","LD1219",2024-10-18,0.615711,815.850816,918.222269,0.507999,37.591474,466,1436,-2.680536,1140.113179,67.77405,-7.14131,59.409859,0.21037,60.218006,7,-13.404205,0.466,118.75,0.928589,-19.482599,502.328389,35.841924,40.48238,NA
"GW4595","H000013782","Prevenar","GP0925",2023-04-20,0.615212,774.815778,752.940085,0.642925,47.387211,484,1384,-1.606147,1322.246461,66.685148,-3.408652,65.025958,-2.331364,68.622598,9,NA,0.484,119.266,1.015542,-5.896748,476.67576,40.945451,46.661995,3.9009373501
"CM3341","H000010932","Prevenar","CA6646",2019-10-08,0.633354,782.864016,807.58715,0.614058,46.028181,496,1351,-0.67042,1282.385194,67.674608,-1.487067,66.431211,-0.677396,65.602846,9,NA,0.496,119.968,1.000152,-3.324385,495.830433,40.227947,46.021205,NA
"HF3781","H000013782","Prevenar","HD8749",2023-10-09,0.659558,758.068131,757.399038,0.660344,45.715187,500,1340,-0.450375,1333.670214,61.81624,-0.960206,51.728491,-0.464458,61.870849,8,NA,0.5,119.196,1.000308,-17.279135,499.989794,39.922505,45.701104,4.103201192
"LJ1163","H000031244","Prevenar","HT4747",2024-06-24,0.603616,794.70532,805.341275,0.556877,39.674709,448,1493,-4.65353,1223.315188,71.657997,-11.757976,74.578145,-1.891536,70.711627,7,NA,0.448,119.877,0.934915,-7.682859,479.696811,37.640415,42.436703,NA
"LH8150","H000011374","Prevenar","HT4875",2024-05-24,0.652272,736.859688,753.123309,0.618545,40.499233,466,1436,-3.029625,1202.152668,58.796232,-7.49438,53.496611,-1.743623,57.526533,7,NA,0.466,119.568,0.969224,-16.507918,480.632711,35.788582,41.785235,4.0369953116
"AW6846","H000008135","Prevenar","X89034",2019-05-03,0.654209,819.45956,793.965555,0.638855,45.337745,507,1322,0.246024,1231.38444,63.453715,0.511575,62.747524,2.82645,65.491196,8,NA,0.507,119.519,0.946149,-0.60135,536.097711,42.108154,47.918171,4.0389477404
"CM3163","H000011374","Prevenar","AM9038",2019-08-13,0.650859,788.784067,840.806625,0.60843,45.875935,512,1309,0.960774,1223.89034,68.611174,2.103055,61.965141,1.123593,64.366049,8,NA,0.512,118.816,0.996463,-7.583463,513.387202,40.191336,46.038754,3.9220306564
"FJ5977","H000011044","Prevenar","ER8678",2021-09-27,0.582551,748.271092,710.494724,0.683609,50.110376,486,1378,-1.430384,1420.44792,65.931119,-2.886979,62.260154,-6.567758,69.436617,9,NA,0.486,118.056,1.114232,-8.454859,435.905805,39.735383,44.973002,4.2569158232
"LX3398","H000013782","Prevenar","LK2947",2025-01-02,0.628983,776.020637,759.099495,0.641511,47.739008,487,1375,-1.43445,1379.906294,66.602226,-2.9978,64.985164,-1.323331,68.086861,9,-12.912932,0.487,118.991,0.997678,-5.425739,488.104114,41.749185,47.850127,4.0845376137
"LX3434","H000031244","Prevenar","LK2948",2025-01-16,0.600654,850.891525,847.504668,0.618739,47.998322,524,1280,2.044121,1266.989458,69.145576,4.25955,66.993028,0.827433,69.4219,9,-7.533593,0.524,119.52,1.026008,1.146484,511.091488,40.598676,46.781634,NA
"CM3199","H000013782","Prevenar","X89034",2019-10-16,0.654209,819.45956,793.965555,0.638855,45.337745,507,1322,0.246024,1231.38444,63.453715,0.511575,62.747524,2.82645,65.491196,8,NA,0.507,119.519,0.946149,-0.60135,536.097711,42.108154,47.918171,3.9880697211
"ED8301","H000006081","Prevenar","DL7876",2020-10-10,0.634228,735.741049,747.070774,0.671617,48.366612,502,1335,0.276051,1343.964273,64.505521,0.573293,64.031927,-3.109187,63.527261,9,NA,0.502,119.195,1.075259,-0.160898,466.627921,39.211309,44.981373,3.9634599917
"LJ1136","H000019489","Prevenar","LD1216",2024-07-31,0.573578,814.176245,818.478593,0.575024,41.539234,471,1421,-2.590297,1164.671312,64.439675,-6.205792,62.484768,-2.912526,64.100946,8,-17.681286,0.471,119.986,1.007818,-9.239493,466.993736,35.950259,41.217006,NA
"W08571","H000010932","Prevenar","T02232",2018-01-06,0.678035,710.706285,686.830713,0.719681,48.074885,494,1356,-0.652494,1346.554591,60.028396,-1.323721,60.857076,-1.859957,62.1151,9,NA,0.494,119.835,1.025763,0.056758,481.883951,40.378767,46.867421,NA
"CM3135","H000008135","Prevenar","CA6646",2019-09-21,0.633354,782.864016,807.58715,0.614058,46.028181,496,1351,-0.67042,1282.385194,67.674608,-1.487067,66.431211,-0.677396,65.602846,9,NA,0.496,119.968,1.000152,-3.324385,495.830433,40.227947,46.021205,3.8833287092
"ED8338","H000010932","Prevenar","DL7878",2020-10-17,0.629635,763.216245,781.773712,0.639104,50.862573,500,1340,-0.320117,1385.340575,70.593497,-0.654031,64.957901,-2.263119,68.917774,9,NA,0.5,118.252,1.039718,-8.637198,480.548021,42.477288,48.919571,NA
"FD8489","H000008135","Prevenar","EM9422",2021-08-15,0.727342,657.18114,713.640679,0.657635,46.023206,469,1427,-3.022135,1357.529135,63.044064,-6.529623,56.421543,-2.170909,58.056345,8,NA,0.469,119.615,0.98184,-17.034214,477.995334,40.522208,46.874433,4.0174307986
"GH5806","H000017723","Prevenar","FT9276",2022-08-20,0.672456,726.164875,711.187886,0.722622,48.789344,514,1304,1.287803,1326.338372,60.919506,2.614706,64.132215,-1.143176,62.202417,9,NA,0.514,118.08,1.052439,7.888401,488.313631,40.443435,46.358366,4.1151860465
"GT1707","H000019489","Prevenar","GA0019",2023-03-12,0.652088,760.126765,775.594281,0.651423,49.113252,505,1327,0.460702,1290.979342,65.927469,0.939594,64.75865,-0.469622,64.612691,9,NA,0.505,119.116,1.019308,-0.833291,495.669539,42.040114,48.182928,NA
"HY4199","H000028394","Prevenar","HM2103",2024-03-23,0.617105,757.342544,761.397164,0.627368,46.424396,478,1401,-2.207036,1347.822466,66.881713,-4.740274,65.982231,-3.209622,66.525552,9,NA,0.478,118.636,1.022073,-6.085158,467.360089,39.745068,45.42181,NA
"LC5390","H000019489","Prevenar","HT4875",2024-06-08,0.652272,736.859688,753.123309,0.618545,40.499233,466,1436,-3.029625,1202.152668,58.796232,-7.49438,53.496611,-1.743623,57.526533,7,NA,0.466,119.568,0.969224,-16.507918,480.632711,35.788582,41.785235,NA
"GX2941","H000013782","Prevenar","GY0029",2023-05-19,0.652248,671.031988,679.140512,0.679878,48.146444,462,1449,-3.079935,1385.328785,64.320387,-6.422309,60.324722,-5.588065,63.55244,9,NA,0.462,118.151,1.054957,-12.634437,437.679582,38.673285,45.638314,4.1377128624
"L30213","H000006081","Prevenar","L57276",2015-06-26,0.581332,815.772979,861.560236,0.563769,41.926399,486,1378,-1.207722,1140.680215,69.187388,-2.85162,68.062631,-2.199204,65.510453,7,NA,0.486,118.11,1.024221,-4.477287,474.234731,34.952276,40.934917,4.012862497
"M97236","H000008135","Prevenar","L59965",2016-01-02,0.656474,718.149541,749.576852,0.666612,49.497051,500,1340,-0.13181,1343.962633,67.532044,-0.263568,66.528046,-2.92826,64.700646,9,NA,0.5,119.021,0.95115,-1.750267,471.446329,40.947594,46.700601,3.8818540192
"EY6711","H000011044","Prevenar","DT9983",2021-03-27,0.683409,669.824551,735.178399,0.661348,48.184902,486,1378,-1.524269,1337.261492,65.85186,-3.183444,63.125631,-4.343246,59.997944,9,NA,0.486,118.21,1.062139,-7.323387,457.764061,39.51889,45.365925,3.8594893222
"EL8876","H000010932","Prevenar","DN7274",2021-01-12,0.693645,758.552214,726.17441,0.71386,49.61474,518,1294,1.80908,1324.551958,63.41077,3.678812,62.655285,2.553598,66.238054,9,NA,0.518,119.319,0.985216,2.487398,526.166054,42.849908,50.359258,NA
"GW4136","H000006081","Prevenar","GY0029",2023-05-07,0.652248,671.031988,679.140512,0.679878,48.146444,462,1449,-3.079935,1385.328785,64.320387,-6.422309,60.324722,-5.588065,63.55244,9,NA,0.462,118.151,1.054957,-12.634437,437.679582,38.673285,45.638314,4.1411360281
"L30174","H000008135","Prevenar","L57276",2015-06-02,0.581332,815.772979,861.560236,0.563769,41.926399,486,1378,-1.207722,1140.680215,69.187388,-2.85162,68.062631,-2.199204,65.510453,7,NA,0.486,118.11,1.024221,-4.477287,474.234731,34.952276,40.934917,4.018678263
"CL3156","H000019488","Prevenar","X89034",2019-07-14,0.654209,819.45956,793.965555,0.638855,45.337745,507,1322,0.246024,1231.38444,63.453715,0.511575,62.747524,2.82645,65.491196,8,NA,0.507,119.519,0.946149,-0.60135,536.097711,42.108154,47.918171,NA
"CL6644","H000006081","Prevenar","AH4754",2019-07-05,0.586904,808.091191,798.712884,0.636294,47.555135,508,1319,0.728715,1323.741633,65.228071,1.551601,65.319917,-2.44749,65.993964,9,NA,0.508,119.319,1.07157,1.69241,474.272241,38.333618,44.37893,3.85285128
"DC5811","H000006081","Prevenar","CA6647",2019-11-12,0.572268,828.225335,836.350135,0.583856,45.027011,488,1372,-1.166028,1288.255628,69.263275,-2.61,65.991799,-2.488451,68.590411,8,NA,0.488,119.618,1.030258,-7.333247,473.966944,37.574059,43.704588,3.6689852911
"EL8970","H000017723","Prevenar","DN7274",2020-12-19,0.693645,758.552214,726.17441,0.71386,49.61474,518,1294,1.80908,1324.551958,63.41077,3.678812,62.655285,2.553598,66.238054,9,NA,0.518,119.319,0.985216,2.487398,526.166054,42.849908,50.359258,3.9391536016
"EP6205","H000008135","Prevenar","DT9983",2021-05-04,0.683409,669.824551,735.178399,0.661348,48.184902,486,1378,-1.524269,1337.261492,65.85186,-3.183444,63.125631,-4.343246,59.997944,9,NA,0.486,118.21,1.062139,-7.323387,457.764061,39.51889,45.365925,4.0542666398
"HN7765","H000019489","Prevenar","HK6558",2023-12-08,0.641152,721.282184,720.112225,0.6516,46.25825,469,1427,-3.170251,1414.819355,63.24535,-6.839735,61.069123,-3.838026,63.348104,9,NA,0.469,119.948,1.014647,-10.280663,462.451274,39.674316,45.590475,NA
"HN2919","H000019489","Prevenar","HK6558",2023-11-26,0.641152,721.282184,720.112225,0.6516,46.25825,469,1427,-3.170251,1414.819355,63.24535,-6.839735,61.069123,-3.838026,63.348104,9,NA,0.469,119.948,1.014647,-10.280663,462.451274,39.674316,45.590475,NA
"R59716","H000008135","Prevenar","M93372",2016-10-22,0.73065,643.075412,605.571639,0.812397,53.986655,492,1361,-0.808927,1455.257197,59.067452,-1.516294,60.413897,-3.234274,62.72557,9,NA,0.492,118.693,1.047038,0.763209,469.863053,43.676485,51.561307,3.672067422
"T19610","H000006081","Prevenar","S63648",2017-07-21,0.768591,822.644901,841.634137,0.692573,47.730334,583,1152,6.701095,1121.053331,62.419911,14.035438,63.923112,10.744972,61.011572,9,NA,0.583,118.031,0.921894,16.443646,632.27749,43.840142,51.774211,4.0923213117
"CH8182","H000008135","Prevenar","AK9662",2019-06-21,0.617436,778.977682,760.71388,0.667652,42.947638,508,1319,0.349177,1255.525243,57.122449,0.850494,54.924398,-1.92749,58.493889,8,NA,0.508,119.855,1.055978,-2.99747,480.968841,35.48788,40.670971,4.0432725826
"CR3606","H000008135","Prevenar","CA6646",2019-10-03,0.633354,782.864016,807.58715,0.614058,46.028181,496,1351,-0.67042,1282.385194,67.674608,-1.487067,66.431211,-0.677396,65.602846,9,NA,0.496,119.968,1.000152,-3.324385,495.830433,40.227947,46.021205,3.9555989014
"EA9679","H000006081","Prevenar","CM4666",2020-09-11,0.624236,794.116655,735.114592,0.68038,50.967148,500,1340,-0.077522,1422.035175,67.347521,-0.154611,68.018759,-0.530137,72.752995,9,NA,0.5,119.232,1.00896,0.842067,495.715948,44.668151,50.514533,3.7394022376
"DN3797","H000008135","Prevenar","CW3272",2020-03-14,0.682205,724.258203,690.6617,0.660273,43.506391,456,1467,-4.155928,1321.433641,59.995465,-9.588419,60.768044,-0.524139,62.913881,8,NA,0.456,119.178,0.922954,-8.300691,494.092701,41.361369,47.13818,4.1287706511
"EL8971","H000017723","Prevenar","DN7274",2021-01-05,0.693645,758.552214,726.17441,0.71386,49.61474,518,1294,1.80908,1324.551958,63.41077,3.678812,62.655285,2.553598,66.238054,9,NA,0.518,119.319,0.985216,2.487398,526.166054,42.849908,50.359258,3.7790584451
"HN7335","H000010932","Prevenar","HM2103",2024-02-05,0.617105,757.342544,761.397164,0.627368,46.424396,478,1401,-2.207036,1347.822466,66.881713,-4.740274,65.982231,-3.209622,66.525552,9,NA,0.478,118.636,1.022073,-6.085158,467.360089,39.745068,45.42181,NA
"HG8828","H000028394","Prevenar","HG6462",2023-11-11,0.723125,681.114872,693.946271,0.691329,47.757649,480,1395,-1.91901,1348.746712,61.294914,-3.998713,59.132577,-0.646218,60.161542,9,NA,0.48,119.892,0.974041,-7.526472,492.531007,42.984517,49.03044,NA
"AL4551","H000008135","Prevenar","W87272",2019-02-06,0.694502,765.828462,812.511076,0.650565,44.34298,529,1268,2.25438,1235.584871,61.406723,5.115853,60.026267,2.529333,57.878615,8,NA,0.529,118.788,0.993838,2.8678,531.869046,39.27005,44.617933,4.1575153011
"ER3798","H000010932","Prevenar","DT9983",2021-03-28,0.683409,669.824551,735.178399,0.661348,48.184902,486,1378,-1.524269,1337.261492,65.85186,-3.183444,63.125631,-4.343246,59.997944,9,NA,0.486,118.21,1.062139,-7.323387,457.764061,39.51889,45.365925,NA
"CL6646","H000006081","Prevenar","AR4781",2019-07-26,0.593452,796.308069,768.939803,0.626399,49.349587,482,1389,-1.833725,1416.216994,71.391958,-3.731641,68.232601,-2.765361,73.932956,9,NA,0.482,119.514,1.019242,-8.157009,472.570269,42.351175,48.417951,4.1916775917
"GE6423","H000011044","Prevenar","FH2530",2022-07-19,0.611385,784.970107,805.359856,0.605822,45.577759,488,1372,-1.08033,1346.701596,66.698737,-2.347718,65.679226,-1.826276,65.010087,8,NA,0.488,119.52,1.016639,-3.87625,479.919234,39.665614,44.831813,4.0531202886
"GF1157","H000008135","Prevenar","FX8007",2022-09-27,0.722264,677.829355,740.670716,0.668867,48.188316,495,1353,-0.480904,1272.975835,63.813828,-0.996002,58.581714,-1.048813,58.399617,9,NA,0.495,119.246,1.011926,-9.195031,489.571779,41.106113,47.620407,4.1072460004
"FA1609","H000010932","Prevenar","DT9983",2021-05-08,0.683409,669.824551,735.178399,0.661348,48.184902,486,1378,-1.524269,1337.261492,65.85186,-3.183444,63.125631,-4.343246,59.997944,9,NA,0.486,118.21,1.062139,-7.323387,457.764061,39.51889,45.365925,NA
"ER3823","H000011044","Prevenar","DT9983",2021-03-19,0.683409,669.824551,735.178399,0.661348,48.184902,486,1378,-1.524269,1337.261492,65.85186,-3.183444,63.125631,-4.343246,59.997944,9,NA,0.486,118.21,1.062139,-7.323387,457.764061,39.51889,45.365925,4.0166204264
"DC8087","H000011373","Prevenar","CM4667",2020-01-05,0.760638,627.487168,711.594307,0.689582,49.557602,491,1364,-1.018219,1397.54402,65.448945,-2.021295,61.8621,-2.372786,57.713184,9,NA,0.491,118.721,1.028101,-7.501666,477.290455,42.817482,48.203035,3.955260034
"GT1664","H000017723","Prevenar","GL6237",2023-02-11,0.547509,891.757866,894.213145,0.543895,37.160515,486,1378,-0.660854,1059.674548,61.057037,-1.747089,56.189896,-0.51665,60.889391,7,NA,0.486,119.533,0.996134,-9.718557,488.245377,32.082957,37.304719,4.1401722776
"HE3375","H000017723","Prevenar","GP0925",2023-06-27,0.615212,774.815778,752.940085,0.642925,47.387211,484,1384,-1.606147,1322.246461,66.685148,-3.408652,65.025958,-2.331364,68.622598,9,NA,0.484,119.266,1.015542,-5.896748,476.67576,40.945451,46.661995,3.9506099599
"HY4200","H000028394","Prevenar","HM2103",2024-04-03,0.617105,757.342544,761.397164,0.627368,46.424396,478,1401,-2.207036,1347.822466,66.881713,-4.740274,65.982231,-3.209622,66.525552,9,NA,0.478,118.636,1.022073,-6.085158,467.360089,39.745068,45.42181,NA
"LE1004","H000019489","Prevenar","HT4747",2024-07-13,0.603616,794.70532,805.341275,0.556877,39.674709,448,1493,-4.65353,1223.315188,71.657997,-11.757976,74.578145,-1.891536,70.711627,7,NA,0.448,119.877,0.934915,-7.682859,479.696811,37.640415,42.436703,NA
"M02669","H000008135","Prevenar","L57276",2015-06-26,0.581332,815.772979,861.560236,0.563769,41.926399,486,1378,-1.207722,1140.680215,69.187388,-2.85162,68.062631,-2.199204,65.510453,7,NA,0.486,118.11,1.024221,-4.477287,474.234731,34.952276,40.934917,4.0776112271
"N73146","H000010932","Prevenar","N43494",2016-11-02,0.648348,659.34066,682.572438,0.656936,51.245658,448,1493,-5.891122,1374.652922,68.297999,-11.46772,68.731221,-8.282413,65.973434,9,NA,0.448,119.483,1.048947,-10.83341,427.481966,40.617638,48.854366,NA
"X56196","H000010932","Prevenar","T96900",2018-08-10,0.634677,718.933265,760.974012,0.59318,42.590155,451,1483,-4.471846,1348.121087,65.982278,-10.509717,56.509044,-4.009906,62.337024,8,NA,0.451,118.439,0.98927,-24.866958,456.290557,37.732127,43.052094,NA
"FP0839","H000006081","Prevenar","ER8679",2022-03-12,0.740808,650.360144,706.352887,0.708112,52.495492,500,1340,-0.105979,1455.738877,66.44474,-0.183984,59.837376,-2.035498,61.177651,10,NA,0.5,119.3,1.038158,-10.128134,481.792232,43.847939,50.565973,4.0369839181
"GC1643","H000011374","Prevenar","FT9276",2022-07-05,0.672456,726.164875,711.187886,0.722622,48.789344,514,1304,1.287803,1326.338372,60.919506,2.614706,64.132215,-1.143176,62.202417,9,NA,0.514,118.08,1.052439,7.888401,488.313631,40.443435,46.358366,3.9333846648
"CR3642","H000013782","Prevenar","X89034",2019-10-20,0.654209,819.45956,793.965555,0.638855,45.337745,507,1322,0.246024,1231.38444,63.453715,0.511575,62.747524,2.82645,65.491196,8,NA,0.507,119.519,0.946149,-0.60135,536.097711,42.108154,47.918171,4.166637339
"W88032","H000010932","Prevenar","T49747",2018-05-09,0.668926,739.255319,758.804475,0.648189,48.370614,492,1361,-1.236316,1372.437337,67.607169,-2.588676,64.507912,-0.974887,65.865399,9,NA,0.492,118.512,0.994624,-7.172891,494.507139,42.494099,48.632043,NA
"FP7060","H000019489","Prevenar","EM9421",2022-03-15,0.68814,666.975846,634.492727,0.724485,50.23904,460,1455,-4.991108,1515.065006,61.793421,-8.768786,61.07405,-5.068478,64.956961,9,NA,0.46,119.36,1.001542,-9.93294,458.972551,44.227635,50.16167,NA
"GH5620","H000019489","Prevenar","FN7284",2022-11-15,0.726056,666.385373,665.515599,0.722839,48.935935,481,1392,-2.063066,1418.915047,61.117081,-4.20954,61.745059,-1.781008,61.196956,9,NA,0.481,118.948,0.994269,-3.182041,483.833207,43.057609,49.217993,NA
"HX9138","H000011044","Prevenar","HT4744",2024-04-18,0.536736,881.479761,942.208935,0.5501,40.781963,518,1294,1.513165,1079.905123,65.632016,3.71884,63.013342,-2.042265,61.401767,8,NA,0.518,119.912,1.095508,-0.271094,473.122224,31.757962,37.226534,4.181566644
"LL4097","H000010932","Prevenar","LE2392",2024-11-09,0.613187,829.989196,798.89911,0.652684,33.820732,521,1287,1.454571,918.354344,46.443502,4.263852,43.818389,0.644424,48.250905,6,-3.824573,0.521,119.408,1.024542,-1.38842,508.938404,28.526772,33.010585,NA
"HG8826","H000028394","Prevenar","HK6558",2023-10-27,0.641152,721.282184,720.112225,0.6516,46.25825,469,1427,-3.170251,1414.819355,63.24535,-6.839735,61.069123,-3.838026,63.348104,9,NA,0.469,119.948,1.014647,-10.280663,462.451274,39.674316,45.590475,NA
"AP9216","H000008135","Prevenar","X39572",2019-03-01,0.680418,844.310014,811.000966,0.687793,44.938189,558,1203,4.58716,1097.855762,59.080344,10.21954,57.82155,5.93114,61.506864,8,NA,0.558,118.913,0.970961,8.088892,574.48346,40.169348,46.282169,4.1756402352
"AM5978","H000006081","Prevenar","X39572",2019-02-17,0.680418,844.310014,811.000966,0.687793,44.938189,558,1203,4.58716,1097.855762,59.080344,10.21954,57.82155,5.93114,61.506864,8,NA,0.558,118.913,0.970961,8.088892,574.48346,40.169348,46.282169,4.1336768824
"CG3540","H000008135","Prevenar","AH4754",2019-05-21,0.586904,808.091191,798.712884,0.636294,47.555135,508,1319,0.728715,1323.741633,65.228071,1.551601,65.319917,-2.44749,65.993964,9,NA,0.508,119.319,1.07157,1.69241,474.272241,38.333618,44.37893,3.8663927618
"HG4910","H000011044","Prevenar","HA8582",2023-09-16,0.697828,627.476738,718.908205,0.653,46.327932,469,1427,-3.096038,1431.001658,63.779046,-6.682983,54.783908,-6.212169,55.667563,9,NA,0.469,119.723,1.072113,-20.786577,437.871046,37.59957,43.211801,3.9066016557
"LX2595","H000010932","Prevenar","LK2948",2025-02-05,0.600654,850.891525,847.504668,0.618739,47.998322,524,1280,2.044121,1266.989458,69.145576,4.25955,66.993028,0.827433,69.4219,9,-7.533593,0.524,119.52,1.026008,1.146484,511.091488,40.598676,46.781634,NA
"FD1930","H000019489","Prevenar","EM9421",2021-07-13,0.68814,666.975846,634.492727,0.724485,50.23904,460,1455,-4.991108,1515.065006,61.793421,-8.768786,61.07405,-5.068478,64.956961,9,NA,0.46,119.36,1.001542,-9.93294,458.972551,44.227635,50.16167,NA
"GN5898","H000013782","Prevenar","FX8007",2022-11-22,0.722264,677.829355,740.670716,0.668867,48.188316,495,1353,-0.480904,1272.975835,63.813828,-0.996002,58.581714,-1.048813,58.399617,9,NA,0.495,119.246,1.011926,-9.195031,489.571779,41.106113,47.620407,4.0109282565
"N01865","H000008135","Prevenar","L94892",2016-04-04,0.66818,782.485687,776.543655,0.647682,48.968477,503,1332,0.084478,1261.544366,68.770224,0.208548,70.150863,2.020806,69.296447,9,NA,0.503,119.4,0.961962,2.21616,522.84161,42.607212,50.904805,4.0807761628
"EL8871","H000010932","Prevenar","DN7274",2021-01-02,0.693645,758.552214,726.17441,0.71386,49.61474,518,1294,1.80908,1324.551958,63.41077,3.678812,62.655285,2.553598,66.238054,9,NA,0.518,119.319,0.985216,2.487398,526.166054,42.849908,50.359258,NA
"RJ3538","H000033648","Prevenar","MT7833",2026-06-04,0.695181,774.53208,811.204622,0.654772,49.824395,531,1263,2.839727,1244.516748,NA,5.736086,NA,3.523178,NA,9,-7.997372,0.531,119.771,0.986468,-1.17755,538.440174,43.745145,50.507847,NA
"CW6531","H000011044","Prevenar","CA6646",2019-09-14,0.633354,782.864016,807.58715,0.614058,46.028181,496,1351,-0.67042,1282.385194,67.674608,-1.487067,66.431211,-0.677396,65.602846,9,NA,0.496,119.968,1.000152,-3.324385,495.830433,40.227947,46.021205,3.8282914018
"FP0939","H000006081","Prevenar","FD7878",2022-05-07,0.700687,674.490651,726.100519,0.689816,51.838422,501,1337,-0.051387,1448.925165,67.925369,-0.09386,62.058738,-2.977101,63.097361,9,NA,0.501,118.121,1.059815,-8.730738,472.606789,42.932754,48.912708,3.7232489782
"GE6422","H000011044","Prevenar","FH2530",2022-07-16,0.611385,784.970107,805.359856,0.605822,45.577759,488,1372,-1.08033,1346.701596,66.698737,-2.347718,65.679226,-1.826276,65.010087,8,NA,0.488,119.52,1.016639,-3.87625,479.919234,39.665614,44.831813,3.9380014389
"HY4186","H000019489","Prevenar","HT4744",2024-04-29,0.536736,881.479761,942.208935,0.5501,40.781963,518,1294,1.513165,1079.905123,65.632016,3.71884,63.013342,-2.042265,61.401767,8,NA,0.518,119.912,1.095508,-0.271094,473.122224,31.757962,37.226534,NA
"LJ1154","H000028394","Prevenar","LD1217",2024-09-24,0.634818,743.968358,804.968751,0.586873,48.991886,472,1418,-2.903313,1429.060589,73.192243,-5.93063,69.171398,-2.916736,67.645748,9,-11.277486,0.472,119.232,1.000274,-11.424169,472.284681,42.780994,48.978463,NA
"LX2602","H000010932","Prevenar","LY2893",2025-05-11,0.679176,706.782035,684.747583,0.687216,48.120425,471,1421,-3.148504,1464.533304,62.36144,-6.508997,60.970201,-2.181101,64.368165,9,-14.843238,0.471,119.157,0.980292,-8.739926,480.029405,43.132832,49.087828,3.8326353373
"T19577","H000008135","Prevenar","S18374",2017-06-22,0.783598,660.821215,744.885842,0.650461,46.178208,485,1381,-1.352932,1313.659918,65.467468,-2.903143,62.695159,1.820693,58.07909,9,NA,0.485,118.459,0.935694,-7.13778,517.818306,42.792716,49.351832,4.1410740209
"S69942","H000011373","Prevenar","S63648",NA,0.768591,822.644901,841.634137,0.692573,47.730334,583,1152,6.701095,1121.053331,62.419911,14.035438,63.923112,10.744972,61.011572,9,NA,0.583,118.031,0.921894,16.443646,632.27749,43.840142,51.774211,NA
"FA7505","H000011374","Prevenar","EM9421",2021-04-19,0.68814,666.975846,634.492727,0.724485,50.23904,460,1455,-4.991108,1515.065006,61.793421,-8.768786,61.07405,-5.068478,64.956961,9,NA,0.46,119.36,1.001542,-9.93294,458.972551,44.227635,50.16167,4.2572717461
"GC1481","H000006081","Prevenar","FN7283",2022-05-15,0.680501,673.906006,638.312797,0.753218,52.869924,481,1392,-2.034217,1516.812924,63.392798,-3.834816,62.739227,-4.474922,66.927669,10,NA,0.481,118.947,1.048399,-4.865802,458.593597,44.00759,50.429218,3.7901256812
"GT1602","H000011044","Prevenar","GR5870",2023-04-02,0.641379,857.659363,896.822772,0.600641,45.794064,539,1244,3.260113,1183.03573,68.98282,7.116295,68.476197,4.230678,65.970405,8,NA,0.539,119.04,0.979246,6.381876,550.085123,40.239762,46.764629,4.0533223721
"M97245","H000008135","Prevenar","L59965",2016-01-30,0.656474,718.149541,749.576852,0.666612,49.497051,500,1340,-0.13181,1343.962633,67.532044,-0.263568,66.528046,-2.92826,64.700646,9,NA,0.5,119.021,0.95115,-1.750267,471.446329,40.947594,46.700601,3.9345837837
"EC6029","H000017723","Prevenar","DL7878",2020-10-31,0.629635,763.216245,781.773712,0.639104,50.862573,500,1340,-0.320117,1385.340575,70.593497,-0.654031,64.957901,-2.263119,68.917774,9,NA,0.5,118.252,1.039718,-8.637198,480.548021,42.477288,48.919571,3.9677889293
"EN3348","H000014198","Prevenar","DN7274",2020-12-28,0.693645,758.552214,726.17441,0.71386,49.61474,518,1294,1.80908,1324.551958,63.41077,3.678812,62.655285,2.553598,66.238054,9,NA,0.518,119.319,0.985216,2.487398,526.166054,42.849908,50.359258,3.8748979454
"FT6520","H000011373","Prevenar","ER8679",2022-02-04,0.740808,650.360144,706.352887,0.708112,52.495492,500,1340,-0.105979,1455.738877,66.44474,-0.183984,59.837376,-2.035498,61.177651,10,NA,0.5,119.3,1.038158,-10.128134,481.792232,43.847939,50.565973,3.9405113492
"GD0307","H000011373","Prevenar","FH2530",2022-07-12,0.611385,784.970107,805.359856,0.605822,45.577759,488,1372,-1.08033,1346.701596,66.698737,-2.347718,65.679226,-1.826276,65.010087,8,NA,0.488,119.52,1.016639,-3.87625,479.919234,39.665614,44.831813,3.9784542006
"FT9264","H000019489","Prevenar","FD7878",2022-05-13,0.700687,674.490651,726.100519,0.689816,51.838422,501,1337,-0.051387,1448.925165,67.925369,-0.09386,62.058738,-2.977101,63.097361,9,NA,0.501,118.121,1.059815,-8.730738,472.606789,42.932754,48.912708,NA
"M97095","H000006081","Prevenar","L59965",2015-12-28,0.656474,718.149541,749.576852,0.666612,49.497051,500,1340,-0.13181,1343.962633,67.532044,-0.263568,66.528046,-2.92826,64.700646,9,NA,0.5,119.021,0.95115,-1.750267,471.446329,40.947594,46.700601,3.8743765109
"N31255","H000008135","Prevenar","L59969",2016-04-16,0.63455,744.30956,795.14796,0.609801,47.011865,485,1381,-1.771254,1271.436241,70.284326,-3.803148,69.036068,-2.990939,65.790644,9,NA,0.485,119.849,1.026635,-5.579161,472.301809,39.737918,45.79218,3.7477920956
"LJ1155","H000028394","Prevenar","LD1218",2024-09-26,0.59941,829.957327,882.778582,0.586139,44.04843,517,1297,1.348159,1200.65644,68.122949,3.088381,62.394206,-0.349845,64.046797,8,-10.15586,0.517,119.818,1.040094,-5.321036,497.484653,36.618587,42.350427,NA
"MG4218","H000031244","Prevenar","ME2373",2025-06-06,0.640824,718.404614,716.528586,0.672115,44.407748,482,1389,-1.550942,1289.830943,NA,-3.478863,NA,-3.50753,NA,8,-14.994656,0.482,119.292,1.04609,-6.156181,460.371265,36.450882,42.451161,NA
"DK2112","H000017723","Prevenar","CM4666",2020-03-26,0.624236,794.116655,735.114592,0.68038,50.967148,500,1340,-0.077522,1422.035175,67.347521,-0.154611,68.018759,-0.530137,72.752995,9,NA,0.5,119.232,1.00896,0.842067,495.715948,44.668151,50.514533,3.7403791561
"DA1909","H000013782","Prevenar","CM4667",2019-12-30,0.760638,627.487168,711.594307,0.689582,49.557602,491,1364,-1.018219,1397.54402,65.448945,-2.021295,61.8621,-2.372786,57.713184,9,NA,0.491,118.721,1.028101,-7.501666,477.290455,42.817482,48.203035,3.8345747197
"EH7868","H000017723","Prevenar","DH4062",2020-10-02,0.678171,679.09769,723.331815,0.675095,48.617501,488,1372,-1.178298,1349.497533,64.62536,-2.461449,58.860024,-3.943459,60.673306,9,NA,0.488,119.876,1.060306,-11.382615,460.544206,40.433811,45.85234,3.6892896786
"HN7751","H000017723","Prevenar","HK6561",2024-01-03,0.684493,691.768826,745.867334,0.653473,49.369605,487,1375,-1.351587,1374.069327,67.611658,-2.742949,67.001637,-2.758821,62.707717,9,NA,0.487,118.678,1.02934,-3.645192,473.511208,41.754114,47.962371,4.1391911934
"LJ1149","H000028394","Prevenar","LD1216",2024-08-21,0.573578,814.176245,818.478593,0.575024,41.539234,471,1421,-2.590297,1164.671312,64.439675,-6.205792,62.484768,-2.912526,64.100946,8,-17.681286,0.471,119.986,1.007818,-9.239493,466.993736,35.950259,41.217006,NA
"CY8507","H000019252","Prevenar","X37485",2019-10-13,0.628265,711.549163,766.374146,0.672521,51.315357,515,1302,1.327496,1389.260995,67.553449,2.568681,66.282375,-5.478769,62.720801,9,NA,0.515,119.622,1.152919,0.687097,447.041705,38.947138,44.509093,4.0063487349
"T19290","H000013782","Prevenar","S18374",2017-06-21,0.783598,660.821215,744.885842,0.650461,46.178208,485,1381,-1.352932,1313.659918,65.467468,-2.903143,62.695159,1.820693,58.07909,9,NA,0.485,118.459,0.935694,-7.13778,517.818306,42.792716,49.351832,4.2809637806
"EL8855","H000010932","Prevenar","DL7877",2020-12-07,0.617264,760.307018,751.685164,0.635689,46.449942,478,1401,-2.350118,1317.855281,82.315575,-5.047893,79.656947,-3.179119,83.259737,8,NA,0.478,118.971,1.018171,-8.277692,469.309899,39.854517,45.620941,NA
"FY2987","H000011374","Prevenar","FD7879",2022-04-26,0.664635,706.035923,745.057441,0.657146,48.571836,490,1367,-1.091735,1366.49796,66.720097,-2.284905,61.738107,-3.111109,63.225709,9,NA,0.49,119.097,1.043378,-9.751905,469.255901,40.431098,46.552461,3.9252647626
"GT1714","H000028394","Prevenar","GR5870",2023-04-04,0.641379,857.659363,896.822772,0.600641,45.794064,539,1244,3.260113,1183.03573,68.98282,7.116295,68.476197,4.230678,65.970405,8,NA,0.539,119.04,0.979246,6.381876,550.085123,40.239762,46.764629,NA
"AP9876","H000013782","Prevenar","X39572",2019-03-06,0.680418,844.310014,811.000966,0.687793,44.938189,558,1203,4.58716,1097.855762,59.080344,10.21954,57.82155,5.93114,61.506864,8,NA,0.558,118.913,0.970961,8.088892,574.48346,40.169348,46.282169,4.0231453672
"W08570","H000010932","Prevenar","T02232",2018-01-01,0.678035,710.706285,686.830713,0.719681,48.074885,494,1356,-0.652494,1346.554591,60.028396,-1.323721,60.857076,-1.859957,62.1151,9,NA,0.494,119.835,1.025763,0.056758,481.883951,40.378767,46.867421,NA
"ED8302","H000006081","Prevenar","DL7878",2020-10-18,0.629635,763.216245,781.773712,0.639104,50.862573,500,1340,-0.320117,1385.340575,70.593497,-0.654031,64.957901,-2.263119,68.917774,9,NA,0.5,118.252,1.039718,-8.637198,480.548021,42.477288,48.919571,3.9833726687
"GR2555","H000019489","Prevenar","FH2530",2022-12-30,0.611385,784.970107,805.359856,0.605822,45.577759,488,1372,-1.08033,1346.701596,66.698737,-2.347718,65.679226,-1.826276,65.010087,8,NA,0.488,119.52,1.016639,-3.87625,479.919234,39.665614,44.831813,NA
"FF8239","H000019489","Prevenar","EM9421",2021-08-11,0.68814,666.975846,634.492727,0.724485,50.23904,460,1455,-4.991108,1515.065006,61.793421,-8.768786,61.07405,-5.068478,64.956961,9,NA,0.46,119.36,1.001542,-9.93294,458.972551,44.227635,50.16167,NA
"FF8653","H000008135","Prevenar","EM9422",2021-08-29,0.727342,657.18114,713.640679,0.657635,46.023206,469,1427,-3.022135,1357.529135,63.044064,-6.529623,56.421543,-2.170909,58.056345,8,NA,0.469,119.615,0.98184,-17.034214,477.995334,40.522208,46.874433,4.1305173287
"HG8784","H000019489","Prevenar","HD8750",2023-09-30,0.681456,701.376721,680.320366,0.721698,48.593239,491,1364,-0.81279,1376.623731,60.284261,-1.644902,57.547606,-2.102219,62.150097,9,NA,0.491,119.985,1.027258,-6.184487,477.957692,40.751784,47.30381,NA
"LH9169","H000017723","Prevenar","LE2392",2024-10-30,0.613187,829.989196,798.89911,0.652684,33.820732,521,1287,1.454571,918.354344,46.443502,4.263852,43.818389,0.644424,48.250905,6,-3.824573,0.521,119.408,1.024542,-1.38842,508.938404,28.526772,33.010585,3.9165150071
"AH5719","H000006081","Prevenar","W87272",2018-12-24,0.694502,765.828462,812.511076,0.650565,44.34298,529,1268,2.25438,1235.584871,61.406723,5.115853,60.026267,2.529333,57.878615,8,NA,0.529,118.788,0.993838,2.8678,531.869046,39.27005,44.617933,NA
"RE8407","H000035016","Prevenar","NF7724",2026-04-25,0.637834,799.883335,811.479466,0.642017,54.231073,521,1287,1.947984,1505.47881,NA,3.561322,NA,0.824745,NA,10,-10.136817,0.521,119.892,1.02115,-1.626629,510.192664,46.005087,53.107834,NA
"T37472","H000008135","Prevenar","T02232",2017-10-06,0.678035,710.706285,686.830713,0.719681,48.074885,494,1356,-0.652494,1346.554591,60.028396,-1.323721,60.857076,-1.859957,62.1151,9,NA,0.494,119.835,1.025763,0.056758,481.883951,40.378767,46.867421,3.9757857514
"CW1801","H000006081","Prevenar","AM9038",2019-10-05,0.650859,788.784067,840.806625,0.60843,45.875935,512,1309,0.960774,1223.89034,68.611174,2.103055,61.965141,1.123593,64.366049,8,NA,0.512,118.816,0.996463,-7.583463,513.387202,40.191336,46.038754,4.0590103757
"RC8053","H000033648","Prevenar","ME6150",2026-04-09,0.601872,855.680416,897.741401,0.598535,46.736713,537,1249,3.356834,1182.06691,NA,7.177167,NA,1.415503,NA,8,-4.990606,0.537,118.936,1.040047,2.263779,515.010498,38.940156,44.795382,NA
"CR3641","H000013782","Prevenar","AH4754",2019-10-28,0.586904,808.091191,798.712884,0.636294,47.555135,508,1319,0.728715,1323.741633,65.228071,1.551601,65.319917,-2.44749,65.993964,9,NA,0.508,119.319,1.07157,1.69241,474.272241,38.333618,44.37893,4.0402818311
"CR3638","H000013782","Prevenar","AH4754",2019-10-22,0.586904,808.091191,798.712884,0.636294,47.555135,508,1319,0.728715,1323.741633,65.228071,1.551601,65.319917,-2.44749,65.993964,9,NA,0.508,119.319,1.07157,1.69241,474.272241,38.333618,44.37893,4.0454391988
"EM5562","H000008135","Prevenar","DL7877",2020-11-29,0.617264,760.307018,751.685164,0.635689,46.449942,478,1401,-2.350118,1317.855281,82.315575,-5.047893,79.656947,-3.179119,83.259737,8,NA,0.478,118.971,1.018171,-8.277692,469.309899,39.854517,45.620941,4.0281004857
"EL8830","H000008135","Prevenar","DN7274",2021-04-03,0.693645,758.552214,726.17441,0.71386,49.61474,518,1294,1.80908,1324.551958,63.41077,3.678812,62.655285,2.553598,66.238054,9,NA,0.518,119.319,0.985216,2.487398,526.166054,42.849908,50.359258,3.9625220641
"GH5624","H000028394","Prevenar","FN7284",2022-09-17,0.726056,666.385373,665.515599,0.722839,48.935935,481,1392,-2.063066,1418.915047,61.117081,-4.20954,61.745059,-1.781008,61.196956,9,NA,0.481,118.948,0.994269,-3.182041,483.833207,43.057609,49.217993,NA
"GH5805","H000017723","Prevenar","FN7284",2022-09-15,0.726056,666.385373,665.515599,0.722839,48.935935,481,1392,-2.063066,1418.915047,61.117081,-4.20954,61.745059,-1.781008,61.196956,9,NA,0.481,118.948,0.994269,-3.182041,483.833207,43.057609,49.217993,4.145841385
"DN5224","H000010932","Prevenar","CM4667",2020-04-01,0.760638,627.487168,711.594307,0.689582,49.557602,491,1364,-1.018219,1397.54402,65.448945,-2.021295,61.8621,-2.372786,57.713184,9,NA,0.491,118.721,1.028101,-7.501666,477.290455,42.817482,48.203035,NA
"AJ6040","H000010932","Prevenar","W87272",2018-12-28,0.694502,765.828462,812.511076,0.650565,44.34298,529,1268,2.25438,1235.584871,61.406723,5.115853,60.026267,2.529333,57.878615,8,NA,0.529,118.788,0.993838,2.8678,531.869046,39.27005,44.617933,NA
"AM5983","H000006081","Prevenar","X39572",2019-02-25,0.680418,844.310014,811.000966,0.687793,44.938189,558,1203,4.58716,1097.855762,59.080344,10.21954,57.82155,5.93114,61.506864,8,NA,0.558,118.913,0.970961,8.088892,574.48346,40.169348,46.282169,4.0905206139
"EH4295","H000013782","Prevenar","CM4666",2020-09-27,0.624236,794.116655,735.114592,0.68038,50.967148,500,1340,-0.077522,1422.035175,67.347521,-0.154611,68.018759,-0.530137,72.752995,9,NA,0.5,119.232,1.00896,0.842067,495.715948,44.668151,50.514533,3.8949937249
"EA9688","H000010932","Prevenar","CM4666",2020-08-10,0.624236,794.116655,735.114592,0.68038,50.967148,500,1340,-0.077522,1422.035175,67.347521,-0.154611,68.018759,-0.530137,72.752995,9,NA,0.5,119.232,1.00896,0.842067,495.715948,44.668151,50.514533,NA
"DN3837","H000010932","Prevenar","CW3272",2020-05-13,0.682205,724.258203,690.6617,0.660273,43.506391,456,1467,-4.155928,1321.433641,59.995465,-9.588419,60.768044,-0.524139,62.913881,8,NA,0.456,119.178,0.922954,-8.300691,494.092701,41.361369,47.13818,NA
"FA5695","H000008135","Prevenar","DT9983",2021-07-19,0.683409,669.824551,735.178399,0.661348,48.184902,486,1378,-1.524269,1337.261492,65.85186,-3.183444,63.125631,-4.343246,59.997944,9,NA,0.486,118.21,1.062139,-7.323387,457.764061,39.51889,45.365925,4.0053719728
"EC6031","H000017723","Prevenar","DH4062",2020-10-13,0.678171,679.09769,723.331815,0.675095,48.617501,488,1372,-1.178298,1349.497533,64.62536,-2.461449,58.860024,-3.943459,60.673306,9,NA,0.488,119.876,1.060306,-11.382615,460.544206,40.433811,45.85234,3.7300761026
"EH7872","H000008135","Prevenar","DL7876",2020-10-01,0.634228,735.741049,747.070774,0.671617,48.366612,502,1335,0.276051,1343.964273,64.505521,0.573293,64.031927,-3.109187,63.527261,9,NA,0.502,119.195,1.075259,-0.160898,466.627921,39.211309,44.981373,3.8533918475
"FH7108","H000019489","Prevenar","FD7878",2021-11-08,0.700687,674.490651,726.100519,0.689816,51.838422,501,1337,-0.051387,1448.925165,67.925369,-0.09386,62.058738,-2.977101,63.097361,9,NA,0.501,118.121,1.059815,-8.730738,472.606789,42.932754,48.912708,NA
"GH5626","H000028394","Prevenar","FN7284",2022-10-07,0.726056,666.385373,665.515599,0.722839,48.935935,481,1392,-2.063066,1418.915047,61.117081,-4.20954,61.745059,-1.781008,61.196956,9,NA,0.481,118.948,0.994269,-3.182041,483.833207,43.057609,49.217993,NA
"NM6489","H000032244","Prevenar","MJ2120",2025-12-12,0.683021,757.808627,750.554153,0.647598,47.531773,486,1378,-1.491817,1395.781166,NA,-3.122438,NA,1.592715,NA,9,-13.244288,0.486,119.03,0.939061,-2.866545,517.599548,43.803107,50.616305,NA
"NM6516","H000033648","Prevenar","MT7831",2025-12-27,0.65294,745.052532,782.888017,0.638127,47.418977,500,1340,-0.089743,1244.929033,NA,-0.183573,NA,-1.333811,NA,9,-14.701419,0.5,119.367,1.026943,-5.343455,486.474883,39.948429,46.17491,NA
"S93497","H000008135","Prevenar","S18374",2017-05-25,0.783598,660.821215,744.885842,0.650461,46.178208,485,1381,-1.352932,1313.659918,65.467468,-2.903143,62.695159,1.820693,58.07909,9,NA,0.485,118.459,0.935694,-7.13778,517.818306,42.792716,49.351832,4.2266256599
"HF3753","H000010932","Prevenar","HD8750",2023-09-10,0.681456,701.376721,680.320366,0.721698,48.593239,491,1364,-0.81279,1376.623731,60.284261,-1.644902,57.547606,-2.102219,62.150097,9,NA,0.491,119.985,1.027258,-6.184487,477.957692,40.751784,47.30381,NA
"NE0332","H000032244","Prevenar","ME6147",2025-11-13,0.655748,754.678103,775.925203,0.65641,53.632172,509,1317,0.556252,1413.423226,NA,1.007445,NA,-0.964952,NA,10,-8.120948,0.509,119.8,1.029192,-2.5104,494.878634,45.224802,52.110968,NA
"NX0588","H000008090","Prevenar","ME6150",2026-06-10,0.601872,855.680416,897.741401,0.598535,46.736713,537,1249,3.356834,1182.06691,NA,7.177167,NA,1.415503,NA,8,-4.990606,0.537,118.936,1.040047,2.263779,515.010498,38.940156,44.795382,4.1685787802
"EW0926","H000010932","Prevenar","EM9421",2021-04-27,0.68814,666.975846,634.492727,0.724485,50.23904,460,1455,-4.991108,1515.065006,61.793421,-8.768786,61.07405,-5.068478,64.956961,9,NA,0.46,119.36,1.001542,-9.93294,458.972551,44.227635,50.16167,NA
"FL8876","H000006081","Prevenar","ER8678",2021-11-11,0.582551,748.271092,710.494724,0.683609,50.110376,486,1378,-1.430384,1420.44792,65.931119,-2.886979,62.260154,-6.567758,69.436617,9,NA,0.486,118.056,1.114232,-8.454859,435.905805,39.735383,44.973002,4.1445289104
"HN5212","H000011044","Prevenar","HK6561",2023-11-18,0.684493,691.768826,745.867334,0.653473,49.369605,487,1375,-1.351587,1374.069327,67.611658,-2.742949,67.001637,-2.758821,62.707717,9,NA,0.487,118.678,1.02934,-3.645192,473.511208,41.754114,47.962371,3.8693011864
"HY4184","H000019489","Prevenar","HM2103",2024-03-17,0.617105,757.342544,761.397164,0.627368,46.424396,478,1401,-2.207036,1347.822466,66.881713,-4.740274,65.982231,-3.209622,66.525552,9,NA,0.478,118.636,1.022073,-6.085158,467.360089,39.745068,45.42181,NA
"M32479","H000008135","Prevenar","L33554",NA,0.619604,751.126126,814.076997,0.576156,42.624976,469,1427,-2.825723,1230.21135,67.048989,-6.64754,64.810006,-3.155985,61.864231,8,NA,0.469,119.886,1.007809,-9.986864,465.40102,36.126945,42.294714,NA
"LE0962","H000010932","Prevenar","LD1216",2024-07-11,0.573578,814.176245,818.478593,0.575024,41.539234,471,1421,-2.590297,1164.671312,64.439675,-6.205792,62.484768,-2.912526,64.100946,8,-17.681286,0.471,119.986,1.007818,-9.239493,466.993736,35.950259,41.217006,NA
"J23072","H000002634","Prevenar","H01019",2014-11-20,0.609813,769.062226,744.296526,0.651425,46.617843,485,1381,-1.469845,1115.036257,64.26836,-3.156363,65.847966,-2.995632,66.406823,5,NA,0.485,70.256,1.033837,-0.698535,468.984092,35.627064,45.092057,4.4137211908
"HP2980","H000029483","Prevenar","HG6462",NA,0.723125,681.114872,693.946271,0.691329,47.757649,480,1395,-1.91901,1348.746712,61.294914,-3.998713,59.132577,-0.646218,60.161542,9,NA,0.48,119.892,0.974041,-7.526472,492.531007,42.984517,49.03044,NA
"AF5834","H000013782","Prevenar","T96900",2018-10-28,0.634677,718.933265,760.974012,0.59318,42.590155,451,1483,-4.471846,1348.121087,65.982278,-10.509717,56.509044,-4.009906,62.337024,8,NA,0.451,118.439,0.98927,-24.866958,456.290557,37.732127,43.052094,4.1175002666
"CL9016","H000013782","Prevenar","AR4781",2019-08-05,0.593452,796.308069,768.939803,0.626399,49.349587,482,1389,-1.833725,1416.216994,71.391958,-3.731641,68.232601,-2.765361,73.932956,9,NA,0.482,119.514,1.019242,-8.157009,472.570269,42.351175,48.417951,4.117253257
"FP0883","H000013782","Prevenar","ER8679",2022-01-28,0.740808,650.360144,706.352887,0.708112,52.495492,500,1340,-0.105979,1455.738877,66.44474,-0.183984,59.837376,-2.035498,61.177651,10,NA,0.5,119.3,1.038158,-10.128134,481.792232,43.847939,50.565973,4.0676281093
"AR7675","H000006081","Prevenar","X39572",2019-03-19,0.680418,844.310014,811.000966,0.687793,44.938189,558,1203,4.58716,1097.855762,59.080344,10.21954,57.82155,5.93114,61.506864,8,NA,0.558,118.913,0.970961,8.088892,574.48346,40.169348,46.282169,4.1849585226
"FD0335","H000019489","Prevenar","EM9421",2021-05-07,0.68814,666.975846,634.492727,0.724485,50.23904,460,1455,-4.991108,1515.065006,61.793421,-8.768786,61.07405,-5.068478,64.956961,9,NA,0.46,119.36,1.001542,-9.93294,458.972551,44.227635,50.16167,NA
"FD9084","H000017723","Prevenar","EM9422",2021-08-06,0.727342,657.18114,713.640679,0.657635,46.023206,469,1427,-3.022135,1357.529135,63.044064,-6.529623,56.421543,-2.170909,58.056345,8,NA,0.469,119.615,0.98184,-17.034214,477.995334,40.522208,46.874433,4.1191864746
"FM6067","H000011373","Prevenar","ER8678",2021-12-12,0.582551,748.271092,710.494724,0.683609,50.110376,486,1378,-1.430384,1420.44792,65.931119,-2.886979,62.260154,-6.567758,69.436617,9,NA,0.486,118.056,1.114232,-8.454859,435.905805,39.735383,44.973002,4.0793738364
"LC5394","H000019489","Prevenar","HT4875",2024-05-30,0.652272,736.859688,753.123309,0.618545,40.499233,466,1436,-3.029625,1202.152668,58.796232,-7.49438,53.496611,-1.743623,57.526533,7,NA,0.466,119.568,0.969224,-16.507918,480.632711,35.788582,41.785235,NA
"MA5246","H000031244","Prevenar","LE2393",2024-12-26,0.591414,788.247214,718.440752,0.681138,43.078105,489,1370,-1.006925,1146.3856,56.661606,-2.371901,56.151162,-3.047192,62.167066,8,-7.958475,0.489,119.448,1.049717,-3.272765,466.180474,35.82371,41.037838,NA
"R59718","H000008135","Prevenar","M93372",2016-10-31,0.73065,643.075412,605.571639,0.812397,53.986655,492,1361,-0.808927,1455.257197,59.067452,-1.516294,60.413897,-3.234274,62.72557,9,NA,0.492,118.693,1.047038,0.763209,469.863053,43.676485,51.561307,3.776884845
"AW6821","H000013782","Prevenar","X39572",2019-04-15,0.680418,844.310014,811.000966,0.687793,44.938189,558,1203,4.58716,1097.855762,59.080344,10.21954,57.82155,5.93114,61.506864,8,NA,0.558,118.913,0.970961,8.088892,574.48346,40.169348,46.282169,4.1081703387
"R59715","H000008135","Prevenar","M93372",2016-10-20,0.73065,643.075412,605.571639,0.812397,53.986655,492,1361,-0.808927,1455.257197,59.067452,-1.516294,60.413897,-3.234274,62.72557,9,NA,0.492,118.693,1.047038,0.763209,469.863053,43.676485,51.561307,3.8135141278
"MG4225","H000031244","Prevenar","ME6147",2025-10-21,0.655748,754.678103,775.925203,0.65641,53.632172,509,1317,0.556252,1413.423226,NA,1.007445,NA,-0.964952,NA,10,-8.120948,0.509,119.8,1.029192,-2.5104,494.878634,45.224802,52.110968,NA
"M02671","H000008135","Prevenar","L57276",2015-07-05,0.581332,815.772979,861.560236,0.563769,41.926399,486,1378,-1.207722,1140.680215,69.187388,-2.85162,68.062631,-2.199204,65.510453,7,NA,0.486,118.11,1.024221,-4.477287,474.234731,34.952276,40.934917,4.1562668373
"LL9786","H000031244","Prevenar","LD1217",2024-08-23,0.634818,743.968358,804.968751,0.586873,48.991886,472,1418,-2.903313,1429.060589,73.192243,-5.93063,69.171398,-2.916736,67.645748,9,-11.277486,0.472,119.232,1.000274,-11.424169,472.284681,42.780994,48.978463,NA
"S93496","H000008135","Prevenar","S18374",2017-05-13,0.783598,660.821215,744.885842,0.650461,46.178208,485,1381,-1.352932,1313.659918,65.467468,-2.903143,62.695159,1.820693,58.07909,9,NA,0.485,118.459,0.935694,-7.13778,517.818306,42.792716,49.351832,4.1275859119
"M97106","H000006081","Prevenar","M35326",2016-07-15,0.729945,631.525572,703.373366,0.696375,52.361505,490,1367,-1.238196,1457.304656,66.983834,-2.386089,63.978664,-4.320461,60.141607,10,NA,0.49,119.877,1.062547,-6.8725,460.979123,43.188457,49.27924,4.0300195701
"AW6822","H000013782","Prevenar","X39572",2019-04-04,0.680418,844.310014,811.000966,0.687793,44.938189,558,1203,4.58716,1097.855762,59.080344,10.21954,57.82155,5.93114,61.506864,8,NA,0.558,118.913,0.970961,8.088892,574.48346,40.169348,46.282169,4.1822636656
"FT0524","H000011044","Prevenar","ER8679",2022-03-25,0.740808,650.360144,706.352887,0.708112,52.495492,500,1340,-0.105979,1455.738877,66.44474,-0.183984,59.837376,-2.035498,61.177651,10,NA,0.5,119.3,1.038158,-10.128134,481.792232,43.847939,50.565973,4.1233977191
"L30198","H000008135","Prevenar","L57276",2015-06-15,0.581332,815.772979,861.560236,0.563769,41.926399,486,1378,-1.207722,1140.680215,69.187388,-2.85162,68.062631,-2.199204,65.510453,7,NA,0.486,118.11,1.024221,-4.477287,474.234731,34.952276,40.934917,3.9317471016
"LJ1139","H000019489","Prevenar","LD1217",2024-08-29,0.634818,743.968358,804.968751,0.586873,48.991886,472,1418,-2.903313,1429.060589,73.192243,-5.93063,69.171398,-2.916736,67.645748,9,-11.277486,0.472,119.232,1.000274,-11.424169,472.284681,42.780994,48.978463,NA
"LJ1100","H000013782","Prevenar","LE2392",2024-11-03,0.613187,829.989196,798.89911,0.652684,33.820732,521,1287,1.454571,918.354344,46.443502,4.263852,43.818389,0.644424,48.250905,6,-3.824573,0.521,119.408,1.024542,-1.38842,508.938404,28.526772,33.010585,4.0010080131
"R59709","H000008135","Prevenar","M35326",2016-09-22,0.729945,631.525572,703.373366,0.696375,52.361505,490,1367,-1.238196,1457.304656,66.983834,-2.386089,63.978664,-4.320461,60.141607,10,NA,0.49,119.877,1.062547,-6.8725,460.979123,43.188457,49.27924,3.912959512
"GF1171","H000017723","Prevenar","FN7283",2022-07-05,0.680501,673.906006,638.312797,0.753218,52.869924,481,1392,-2.034217,1516.812924,63.392798,-3.834816,62.739227,-4.474922,66.927669,10,NA,0.481,118.947,1.048399,-4.865802,458.593597,44.00759,50.429218,3.8912885079
"AP9220","H000008135","Prevenar","X39572",2019-03-16,0.680418,844.310014,811.000966,0.687793,44.938189,558,1203,4.58716,1097.855762,59.080344,10.21954,57.82155,5.93114,61.506864,8,NA,0.558,118.913,0.970961,8.088892,574.48346,40.169348,46.282169,3.9813122832
"CL3924","H000014198","Prevenar","AK9662",2019-06-30,0.617436,778.977682,760.71388,0.667652,42.947638,508,1319,0.349177,1255.525243,57.122449,0.850494,54.924398,-1.92749,58.493889,8,NA,0.508,119.855,1.055978,-2.99747,480.968841,35.48788,40.670971,3.9597163526
"DN3839","H000010932","Prevenar","CW3272",2020-06-04,0.682205,724.258203,690.6617,0.660273,43.506391,456,1467,-4.155928,1321.433641,59.995465,-9.588419,60.768044,-0.524139,62.913881,8,NA,0.456,119.178,0.922954,-8.300691,494.092701,41.361369,47.13818,NA
"EP6167","H000010932","Prevenar","DN7274",2021-01-15,0.693645,758.552214,726.17441,0.71386,49.61474,518,1294,1.80908,1324.551958,63.41077,3.678812,62.655285,2.553598,66.238054,9,NA,0.518,119.319,0.985216,2.487398,526.166054,42.849908,50.359258,NA
"M15327","H000008135","Prevenar","L70023",2015-07-25,0.624824,820.696627,827.348962,0.652992,47.068014,540,1242,3.303724,1146.746071,66.34138,7.039689,66.551095,0.911174,65.807959,8,NA,0.54,118.856,1.053554,7.355803,512.790625,38.155996,44.675464,4.0538218195
"LH9174","H000028394","Prevenar","LD1216",2024-07-15,0.573578,814.176245,818.478593,0.575024,41.539234,471,1421,-2.590297,1164.671312,64.439675,-6.205792,62.484768,-2.912526,64.100946,8,-17.681286,0.471,119.986,1.007818,-9.239493,466.993736,35.950259,41.217006,NA
"CK7509","H000014198","Prevenar","AK9662",2019-07-04,0.617436,778.977682,760.71388,0.667652,42.947638,508,1319,0.349177,1255.525243,57.122449,0.850494,54.924398,-1.92749,58.493889,8,NA,0.508,119.855,1.055978,-2.99747,480.968841,35.48788,40.670971,3.9827286277
"HG4911","H000011044","Prevenar","HD8750",2023-10-01,0.681456,701.376721,680.320366,0.721698,48.593239,491,1364,-0.81279,1376.623731,60.284261,-1.644902,57.547606,-2.102219,62.150097,9,NA,0.491,119.985,1.027258,-6.184487,477.957692,40.751784,47.30381,3.905017593
"CM3190","H000011374","Prevenar","CA6647",2019-10-01,0.572268,828.225335,836.350135,0.583856,45.027011,488,1372,-1.166028,1288.255628,69.263275,-2.61,65.991799,-2.488451,68.590411,8,NA,0.488,119.618,1.030258,-7.333247,473.966944,37.574059,43.704588,3.8422743952
"EL8956","H000013782","Prevenar","EM9421",2021-04-29,0.68814,666.975846,634.492727,0.724485,50.23904,460,1455,-4.991108,1515.065006,61.793421,-8.768786,61.07405,-5.068478,64.956961,9,NA,0.46,119.36,1.001542,-9.93294,458.972551,44.227635,50.16167,4.44379298
"FM6161","H000014198","Prevenar","ER8679",2022-01-15,0.740808,650.360144,706.352887,0.708112,52.495492,500,1340,-0.105979,1455.738877,66.44474,-0.183984,59.837376,-2.035498,61.177651,10,NA,0.5,119.3,1.038158,-10.128134,481.792232,43.847939,50.565973,3.9129282283
"HH6723","H000013782","Prevenar","HA8581",2023-07-28,0.740223,667.29478,639.790799,0.797157,49.116926,510,1314,0.913237,1303.596405,55.541097,1.889709,53.25089,-0.63408,57.928754,9,NA,0.51,118.893,1.032527,-2.233737,493.947043,41.555897,47.56961,4.086335206
"DN3838","H000010932","Prevenar","CW3272",2020-05-20,0.682205,724.258203,690.6617,0.660273,43.506391,456,1467,-4.155928,1321.433641,59.995465,-9.588419,60.768044,-0.524139,62.913881,8,NA,0.456,119.178,0.922954,-8.300691,494.092701,41.361369,47.13818,NA
"FF8240","H000019489","Prevenar","EM9421",2021-07-30,0.68814,666.975846,634.492727,0.724485,50.23904,460,1455,-4.991108,1515.065006,61.793421,-8.768786,61.07405,-5.068478,64.956961,9,NA,0.46,119.36,1.001542,-9.93294,458.972551,44.227635,50.16167,NA
"GG4396","H000013782","Prevenar","FX8007",2022-09-25,0.722264,677.829355,740.670716,0.668867,48.188316,495,1353,-0.480904,1272.975835,63.813828,-0.996002,58.581714,-1.048813,58.399617,9,NA,0.495,119.246,1.011926,-9.195031,489.571779,41.106113,47.620407,4.1473742784
"M96867","H000006081","Prevenar","L59965",2015-12-21,0.656474,718.149541,749.576852,0.666612,49.497051,500,1340,-0.13181,1343.962633,67.532044,-0.263568,66.528046,-2.92826,64.700646,9,NA,0.5,119.021,0.95115,-1.750267,471.446329,40.947594,46.700601,3.8178171039
"LH9175","H000028394","Prevenar","LD1216",2024-07-28,0.573578,814.176245,818.478593,0.575024,41.539234,471,1421,-2.590297,1164.671312,64.439675,-6.205792,62.484768,-2.912526,64.100946,8,-17.681286,0.471,119.986,1.007818,-9.239493,466.993736,35.950259,41.217006,NA
"NR6335","H000008090","Prevenar","MT7835",2026-01-24,0.672953,816.811446,794.685991,0.65299,46.699096,519,1292,1.512027,1306.002586,NA,3.237556,NA,4.27958,NA,8,-13.83715,0.519,119.51,0.944052,3.991939,549.675423,41.597059,49.466649,3.913574359
"EE1134","H000006081","Prevenar","DL7877",2020-11-27,0.617264,760.307018,751.685164,0.635689,46.449942,478,1401,-2.350118,1317.855281,82.315575,-5.047893,79.656947,-3.179119,83.259737,8,NA,0.478,118.971,1.018171,-8.277692,469.309899,39.854517,45.620941,3.9589039942
"EP6195","H000006081","Prevenar","DN7274",2021-04-10,0.693645,758.552214,726.17441,0.71386,49.61474,518,1294,1.80908,1324.551958,63.41077,3.678812,62.655285,2.553598,66.238054,9,NA,0.518,119.319,0.985216,2.487398,526.166054,42.849908,50.359258,3.9966904773
"EL8916","H000010932","Prevenar","DN7274",2021-02-02,0.693645,758.552214,726.17441,0.71386,49.61474,518,1294,1.80908,1324.551958,63.41077,3.678812,62.655285,2.553598,66.238054,9,NA,0.518,119.319,0.985216,2.487398,526.166054,42.849908,50.359258,NA
"N90863","H000008135","Prevenar","M35326",2016-06-22,0.729945,631.525572,703.373366,0.696375,52.361505,490,1367,-1.238196,1457.304656,66.983834,-2.386089,63.978664,-4.320461,60.141607,10,NA,0.49,119.877,1.062547,-6.8725,460.979123,43.188457,49.27924,3.9139676913
"N33893","H000008135","Prevenar","L59969",2016-05-20,0.63455,744.30956,795.14796,0.609801,47.011865,485,1381,-1.771254,1271.436241,70.284326,-3.803148,69.036068,-2.990939,65.790644,9,NA,0.485,119.849,1.026635,-5.579161,472.301809,39.737918,45.79218,3.6822197673
"CR3650","H000017723","Prevenar","CA6647",2019-10-25,0.572268,828.225335,836.350135,0.583856,45.027011,488,1372,-1.166028,1288.255628,69.263275,-2.61,65.991799,-2.488451,68.590411,8,NA,0.488,119.618,1.030258,-7.333247,473.966944,37.574059,43.704588,4.0557539341
"DJ2694","H000006081","Prevenar","CM4667",2020-02-08,0.760638,627.487168,711.594307,0.689582,49.557602,491,1364,-1.018219,1397.54402,65.448945,-2.021295,61.8621,-2.372786,57.713184,9,NA,0.491,118.721,1.028101,-7.501666,477.290455,42.817482,48.203035,3.9089442596
"HF3812","H000019489","Prevenar","HA8581",2023-07-30,0.740223,667.29478,639.790799,0.797157,49.116926,510,1314,0.913237,1303.596405,55.541097,1.889709,53.25089,-0.63408,57.928754,9,NA,0.51,118.893,1.032527,-2.233737,493.947043,41.555897,47.56961,NA
"LC5415","H000019252","Prevenar","HT4875",2024-05-11,0.652272,736.859688,753.123309,0.618545,40.499233,466,1436,-3.029625,1202.152668,58.796232,-7.49438,53.496611,-1.743623,57.526533,7,NA,0.466,119.568,0.969224,-16.507918,480.632711,35.788582,41.785235,4.1047807537
"FG4137","H000019489","Prevenar","EM9421",2021-09-17,0.68814,666.975846,634.492727,0.724485,50.23904,460,1455,-4.991108,1515.065006,61.793421,-8.768786,61.07405,-5.068478,64.956961,9,NA,0.46,119.36,1.001542,-9.93294,458.972551,44.227635,50.16167,NA
"GH5609","H000013782","Prevenar","FT9276",2022-11-02,0.672456,726.164875,711.187886,0.722622,48.789344,514,1304,1.287803,1326.338372,60.919506,2.614706,64.132215,-1.143176,62.202417,9,NA,0.514,118.08,1.052439,7.888401,488.313631,40.443435,46.358366,4.122009311
"HC6256","H000017723","Prevenar","GY0029",2023-05-11,0.652248,671.031988,679.140512,0.679878,48.146444,462,1449,-3.079935,1385.328785,64.320387,-6.422309,60.324722,-5.588065,63.55244,9,NA,0.462,118.151,1.054957,-12.634437,437.679582,38.673285,45.638314,4.2924629503
"HF3777","H000013782","Prevenar","HK6558",2023-11-14,0.641152,721.282184,720.112225,0.6516,46.25825,469,1427,-3.170251,1414.819355,63.24535,-6.839735,61.069123,-3.838026,63.348104,9,NA,0.469,119.948,1.014647,-10.280663,462.451274,39.674316,45.590475,4.0214600995
"M57894","H000008135","Prevenar","L33554",2015-10-10,0.619604,751.126126,814.076997,0.576156,42.624976,469,1427,-2.825723,1230.21135,67.048989,-6.64754,64.810006,-3.155985,61.864231,8,NA,0.469,119.886,1.007809,-9.986864,465.40102,36.126945,42.294714,4.1829138443
"RE8411","H000035016","Prevenar","NP8447",2026-07-06,0.639207,828.289145,876.368036,0.577689,50.447492,506,1324,0.441011,1376.820802,NA,0.887123,NA,2.750808,NA,9,-10.839696,0.506,118.269,0.956218,-11.301821,529.448605,45.045816,52.757289,NA
"CM3198","H000013782","Prevenar","CA6647",2019-09-29,0.572268,828.225335,836.350135,0.583856,45.027011,488,1372,-1.166028,1288.255628,69.263275,-2.61,65.991799,-2.488451,68.590411,8,NA,0.488,119.618,1.030258,-7.333247,473.966944,37.574059,43.704588,3.9241216604
"DA1870","H000008135","Prevenar","CH7314",2019-12-18,0.629752,802.671923,835.279711,0.634179,50.662382,530,1265,2.617673,1323.156765,71.702997,5.155711,69.820716,0.300092,68.903843,9,NA,0.53,119.51,1.047939,2.530604,505.484433,42.361973,48.3448,3.8573812741
"GD0308","H000014198","Prevenar","FN7283",2022-07-08,0.680501,673.906006,638.312797,0.753218,52.869924,481,1392,-2.034217,1516.812924,63.392798,-3.834816,62.739227,-4.474922,66.927669,10,NA,0.481,118.947,1.048399,-4.865802,458.593597,44.00759,50.429218,4.0842762617
"HE3392","H000019489","Prevenar","HA8581",2023-07-05,0.740223,667.29478,639.790799,0.797157,49.116926,510,1314,0.913237,1303.596405,55.541097,1.889709,53.25089,-0.63408,57.928754,9,NA,0.51,118.893,1.032527,-2.233737,493.947043,41.555897,47.56961,NA
"HF3807","H000019489","Prevenar","HA8581",2023-07-21,0.740223,667.29478,639.790799,0.797157,49.116926,510,1314,0.913237,1303.596405,55.541097,1.889709,53.25089,-0.63408,57.928754,9,NA,0.51,118.893,1.032527,-2.233737,493.947043,41.555897,47.56961,NA
"LC5373","H000013782","Prevenar","HT4875",2024-05-29,0.652272,736.859688,753.123309,0.618545,40.499233,466,1436,-3.029625,1202.152668,58.796232,-7.49438,53.496611,-1.743623,57.526533,7,NA,0.466,119.568,0.969224,-16.507918,480.632711,35.788582,41.785235,4.0955765056
"M97235","H000008135","Prevenar","L59965",2016-01-01,0.656474,718.149541,749.576852,0.666612,49.497051,500,1340,-0.13181,1343.962633,67.532044,-0.263568,66.528046,-2.92826,64.700646,9,NA,0.5,119.021,0.95115,-1.750267,471.446329,40.947594,46.700601,3.8880878823
"LY5603","H000031244","Prevenar","ME2373",2025-04-11,0.640824,718.404614,716.528586,0.672115,44.407748,482,1389,-1.550942,1289.830943,NA,-3.478863,NA,-3.50753,NA,8,-14.994656,0.482,119.292,1.04609,-6.156181,460.371265,36.450882,42.451161,NA
"T63430","H000013782","Prevenar","S63648",2017-10-06,0.768591,822.644901,841.634137,0.692573,47.730334,583,1152,6.701095,1121.053331,62.419911,14.035438,63.923112,10.744972,61.011572,9,NA,0.583,118.031,0.921894,16.443646,632.27749,43.840142,51.774211,4.4683311042
"GN0387","H000019489","Prevenar","FN7284",2022-10-25,0.726056,666.385373,665.515599,0.722839,48.935935,481,1392,-2.063066,1418.915047,61.117081,-4.20954,61.745059,-1.781008,61.196956,9,NA,0.481,118.948,0.994269,-3.182041,483.833207,43.057609,49.217993,NA
"M97104","H000006081","Prevenar","L59969",2016-06-15,0.63455,744.30956,795.14796,0.609801,47.011865,485,1381,-1.771254,1271.436241,70.284326,-3.803148,69.036068,-2.990939,65.790644,9,NA,0.485,119.849,1.026635,-5.579161,472.301809,39.737918,45.79218,3.8533248085
"GC1642","H000011374","Prevenar","FH2530",2022-07-27,0.611385,784.970107,805.359856,0.605822,45.577759,488,1372,-1.08033,1346.701596,66.698737,-2.347718,65.679226,-1.826276,65.010087,8,NA,0.488,119.52,1.016639,-3.87625,479.919234,39.665614,44.831813,3.9954255475
"HP2981","H000029483","Prevenar","HD8749",NA,0.659558,758.068131,757.399038,0.660344,45.715187,500,1340,-0.450375,1333.670214,61.81624,-0.960206,51.728491,-0.464458,61.870849,8,NA,0.5,119.196,1.000308,-17.279135,499.989794,39.922505,45.701104,NA
"NT6407","H000013782","Prevenar","MT7835",NA,0.672953,816.811446,794.685991,0.65299,46.699096,519,1292,1.512027,1306.002586,NA,3.237556,NA,4.27958,NA,8,-13.83715,0.519,119.51,0.944052,3.991939,549.675423,41.597059,49.466649,3.9775405405
"DJ2700","H000006081","Prevenar","CW3271",2020-04-07,0.715911,656.061609,624.148304,0.713093,47.397871,445,1503,-5.85959,1468.486119,60.738867,-12.399707,61.161247,-3.239203,63.844504,9,NA,0.445,118.664,0.947611,-11.704305,469.68162,44.119532,50.018259,4.1514976405
"MC2195","H000013782","Prevenar","ME2373",2025-06-10,0.640824,718.404614,716.528586,0.672115,44.407748,482,1389,-1.550942,1289.830943,NA,-3.478863,NA,-3.50753,NA,8,-14.994656,0.482,119.292,1.04609,-6.156181,460.371265,36.450882,42.451161,4.1180229473
"X37664","H000013782","Prevenar","T96900",2018-10-19,0.634677,718.933265,760.974012,0.59318,42.590155,451,1483,-4.471846,1348.121087,65.982278,-10.509717,56.509044,-4.009906,62.337024,8,NA,0.451,118.439,0.98927,-24.866958,456.290557,37.732127,43.052094,4.0652006948
"AP9217","H000008135","Prevenar","X39572",2019-03-05,0.680418,844.310014,811.000966,0.687793,44.938189,558,1203,4.58716,1097.855762,59.080344,10.21954,57.82155,5.93114,61.506864,8,NA,0.558,118.913,0.970961,8.088892,574.48346,40.169348,46.282169,4.0106137656
"GH5621","H000028394","Prevenar","FD7878",2022-08-22,0.700687,674.490651,726.100519,0.689816,51.838422,501,1337,-0.051387,1448.925165,67.925369,-0.09386,62.058738,-2.977101,63.097361,9,NA,0.501,118.121,1.059815,-8.730738,472.606789,42.932754,48.912708,NA
"FY2983","H000008135","Prevenar","FD7878",2022-05-10,0.700687,674.490651,726.100519,0.689816,51.838422,501,1337,-0.051387,1448.925165,67.925369,-0.09386,62.058738,-2.977101,63.097361,9,NA,0.501,118.121,1.059815,-8.730738,472.606789,42.932754,48.912708,3.7455412125
"GX2928","H000006081","Prevenar","GY0029",2023-05-09,0.652248,671.031988,679.140512,0.679878,48.146444,462,1449,-3.079935,1385.328785,64.320387,-6.422309,60.324722,-5.588065,63.55244,9,NA,0.462,118.151,1.054957,-12.634437,437.679582,38.673285,45.638314,4.1434742439
"J56529","H000002634","Prevenar","H01018",2014-09-21,0.618954,757.002188,754.678204,0.650691,49.410315,491,1364,NA,1285.102578,66.838137,-1.292084,68.617256,NA,67.043961,9,NA,0.491,119.013,1.048048,1.369747,468.549172,39.542412,47.145071,4.5062187991
"CH8219","H000013782","Prevenar","AM9038",2019-06-15,0.650859,788.784067,840.806625,0.60843,45.875935,512,1309,0.960774,1223.89034,68.611174,2.103055,61.965141,1.123593,64.366049,8,NA,0.512,118.816,0.996463,-7.583463,513.387202,40.191336,46.038754,4.0325654417
"CM3183","H000011374","Prevenar","CA6646",2019-09-08,0.633354,782.864016,807.58715,0.614058,46.028181,496,1351,-0.67042,1282.385194,67.674608,-1.487067,66.431211,-0.677396,65.602846,9,NA,0.496,119.968,1.000152,-3.324385,495.830433,40.227947,46.021205,3.8834635988
"EL8920","H000010932","Prevenar","DT9983",2021-03-20,0.683409,669.824551,735.178399,0.661348,48.184902,486,1378,-1.524269,1337.261492,65.85186,-3.183444,63.125631,-4.343246,59.997944,9,NA,0.486,118.21,1.062139,-7.323387,457.764061,39.51889,45.365925,NA
"LL4093","H000010932","Prevenar","LD1216",2024-08-29,0.573578,814.176245,818.478593,0.575024,41.539234,471,1421,-2.590297,1164.671312,64.439675,-6.205792,62.484768,-2.912526,64.100946,8,-17.681286,0.471,119.986,1.007818,-9.239493,466.993736,35.950259,41.217006,NA
"FG4136","H000019489","Prevenar","EM9421",2021-09-04,0.68814,666.975846,634.492727,0.724485,50.23904,460,1455,-4.991108,1515.065006,61.793421,-8.768786,61.07405,-5.068478,64.956961,9,NA,0.46,119.36,1.001542,-9.93294,458.972551,44.227635,50.16167,NA
"LL4203","H000019489","Prevenar","LE2393",2024-11-27,0.591414,788.247214,718.440752,0.681138,43.078105,489,1370,-1.006925,1146.3856,56.661606,-2.371901,56.151162,-3.047192,62.167066,8,-7.958475,0.489,119.448,1.049717,-3.272765,466.180474,35.82371,41.037838,NA
"AM5979","H000006081","Prevenar","W87272",2019-02-20,0.694502,765.828462,812.511076,0.650565,44.34298,529,1268,2.25438,1235.584871,61.406723,5.115853,60.026267,2.529333,57.878615,8,NA,0.529,118.788,0.993838,2.8678,531.869046,39.27005,44.617933,4.202779481
"EY5064","H000011374","Prevenar","EM9421",2021-04-24,0.68814,666.975846,634.492727,0.724485,50.23904,460,1455,-4.991108,1515.065006,61.793421,-8.768786,61.07405,-5.068478,64.956961,9,NA,0.46,119.36,1.001542,-9.93294,458.972551,44.227635,50.16167,4.226857963
"GT1670","H000017723","Prevenar","GR5870",2023-04-26,0.641379,857.659363,896.822772,0.600641,45.794064,539,1244,3.260113,1183.03573,68.98282,7.116295,68.476197,4.230678,65.970405,8,NA,0.539,119.04,0.979246,6.381876,550.085123,40.239762,46.764629,4.0274981236
"J80521","H000002634","Prevenar","H01019",2014-10-27,0.609813,769.062226,744.296526,0.651425,46.617843,485,1381,-1.469845,1115.036257,64.26836,-3.156363,65.847966,-2.995632,66.406823,5,NA,0.485,70.256,1.033837,-0.698535,468.984092,35.627064,45.092057,4.4993570197
"MG4207","H000031244","Prevenar","ME2373",2025-06-04,0.640824,718.404614,716.528586,0.672115,44.407748,482,1389,-1.550942,1289.830943,NA,-3.478863,NA,-3.50753,NA,8,-14.994656,0.482,119.292,1.04609,-6.156181,460.371265,36.450882,42.451161,NA
"T63416","H000008135","Prevenar","T02232",2017-10-19,0.678035,710.706285,686.830713,0.719681,48.074885,494,1356,-0.652494,1346.554591,60.028396,-1.323721,60.857076,-1.859957,62.1151,9,NA,0.494,119.835,1.025763,0.056758,481.883951,40.378767,46.867421,3.8998945852
"AT6724","H000013782","Prevenar","X39572",2019-04-02,0.680418,844.310014,811.000966,0.687793,44.938189,558,1203,4.58716,1097.855762,59.080344,10.21954,57.82155,5.93114,61.506864,8,NA,0.558,118.913,0.970961,8.088892,574.48346,40.169348,46.282169,4.2112390406
"CM3137","H000011373","Prevenar","AM9038",2019-09-01,0.650859,788.784067,840.806625,0.60843,45.875935,512,1309,0.960774,1223.89034,68.611174,2.103055,61.965141,1.123593,64.366049,8,NA,0.512,118.816,0.996463,-7.583463,513.387202,40.191336,46.038754,4.0798557553
"EL3810","H000008135","Prevenar","DT9983",2021-03-31,0.683409,669.824551,735.178399,0.661348,48.184902,486,1378,-1.524269,1337.261492,65.85186,-3.183444,63.125631,-4.343246,59.997944,9,NA,0.486,118.21,1.062139,-7.323387,457.764061,39.51889,45.365925,4.0536599197
"GC1485","H000006081","Prevenar","FH2530",2022-06-28,0.611385,784.970107,805.359856,0.605822,45.577759,488,1372,-1.08033,1346.701596,66.698737,-2.347718,65.679226,-1.826276,65.010087,8,NA,0.488,119.52,1.016639,-3.87625,479.919234,39.665614,44.831813,3.7779902756
"S93499","H000008135","Prevenar","S18374",2017-06-11,0.783598,660.821215,744.885842,0.650461,46.178208,485,1381,-1.352932,1313.659918,65.467468,-2.903143,62.695159,1.820693,58.07909,9,NA,0.485,118.459,0.935694,-7.13778,517.818306,42.792716,49.351832,4.1311985098
"EL8861","H000010932","Prevenar","DL7877",2020-12-19,0.617264,760.307018,751.685164,0.635689,46.449942,478,1401,-2.350118,1317.855281,82.315575,-5.047893,79.656947,-3.179119,83.259737,8,NA,0.478,118.971,1.018171,-8.277692,469.309899,39.854517,45.620941,NA
"EL3820","H000011373","Prevenar","DL7877",2020-12-12,0.617264,760.307018,751.685164,0.635689,46.449942,478,1401,-2.350118,1317.855281,82.315575,-5.047893,79.656947,-3.179119,83.259737,8,NA,0.478,118.971,1.018171,-8.277692,469.309899,39.854517,45.620941,4.0051691193
"HA2709","H000010932","Prevenar","HA8582",2023-08-28,0.697828,627.476738,718.908205,0.653,46.327932,469,1427,-3.096038,1431.001658,63.779046,-6.682983,54.783908,-6.212169,55.667563,9,NA,0.469,119.723,1.072113,-20.786577,437.871046,37.59957,43.211801,NA
"GP3832","H000006081","Prevenar","FX8007",2022-11-13,0.722264,677.829355,740.670716,0.668867,48.188316,495,1353,-0.480904,1272.975835,63.813828,-0.996002,58.581714,-1.048813,58.399617,9,NA,0.495,119.246,1.011926,-9.195031,489.571779,41.106113,47.620407,4.0286457058
"N33858","H000008135","Prevenar","L59969",2016-05-11,0.63455,744.30956,795.14796,0.609801,47.011865,485,1381,-1.771254,1271.436241,70.284326,-3.803148,69.036068,-2.990939,65.790644,9,NA,0.485,119.849,1.026635,-5.579161,472.301809,39.737918,45.79218,3.6663147155
"LX3435","H000031244","Prevenar","ME2373",2025-04-26,0.640824,718.404614,716.528586,0.672115,44.407748,482,1389,-1.550942,1289.830943,NA,-3.478863,NA,-3.50753,NA,8,-14.994656,0.482,119.292,1.04609,-6.156181,460.371265,36.450882,42.451161,NA
"RJ3537","H000033648","Prevenar","ME6150",2026-05-10,0.601872,855.680416,897.741401,0.598535,46.736713,537,1249,3.356834,1182.06691,NA,7.177167,NA,1.415503,NA,8,-4.990606,0.537,118.936,1.040047,2.263779,515.010498,38.940156,44.795382,NA
"FG4115","H000013782","Prevenar","ER8678",2021-10-05,0.582551,748.271092,710.494724,0.683609,50.110376,486,1378,-1.430384,1420.44792,65.931119,-2.886979,62.260154,-6.567758,69.436617,9,NA,0.486,118.056,1.114232,-8.454859,435.905805,39.735383,44.973002,4.2563732765
"W28191","H000006081","Prevenar","T49747",2018-03-20,0.668926,739.255319,758.804475,0.648189,48.370614,492,1361,-1.236316,1372.437337,67.607169,-2.588676,64.507912,-0.974887,65.865399,9,NA,0.492,118.512,0.994624,-7.172891,494.507139,42.494099,48.632043,3.9781476099
"L95556","H000006081","Prevenar","L57276",2015-05-28,0.581332,815.772979,861.560236,0.563769,41.926399,486,1378,-1.207722,1140.680215,69.187388,-2.85162,68.062631,-2.199204,65.510453,7,NA,0.486,118.11,1.024221,-4.477287,474.234731,34.952276,40.934917,4.0076122661
"CM3182","H000011374","Prevenar","CA6646",2019-10-05,0.633354,782.864016,807.58715,0.614058,46.028181,496,1351,-0.67042,1282.385194,67.674608,-1.487067,66.431211,-0.677396,65.602846,9,NA,0.496,119.968,1.000152,-3.324385,495.830433,40.227947,46.021205,3.8222118337
"S39369","H000010932","Prevenar","N43494",2017-01-08,0.648348,659.34066,682.572438,0.656936,51.245658,448,1493,-5.891122,1374.652922,68.297999,-11.46772,68.731221,-8.282413,65.973434,9,NA,0.448,119.483,1.048947,-10.83341,427.481966,40.617638,48.854366,3.9417457377
"AH4663","H000013782","Prevenar","W87272",2018-11-27,0.694502,765.828462,812.511076,0.650565,44.34298,529,1268,2.25438,1235.584871,61.406723,5.115853,60.026267,2.529333,57.878615,8,NA,0.529,118.788,0.993838,2.8678,531.869046,39.27005,44.617933,3.9966381526
"GR2965","H000006081","Prevenar","GL6237",2023-01-15,0.547509,891.757866,894.213145,0.543895,37.160515,486,1378,-0.660854,1059.674548,61.057037,-1.747089,56.189896,-0.51665,60.889391,7,NA,0.486,119.533,0.996134,-9.718557,488.245377,32.082957,37.304719,4.1279613096
"DN3815","H000013782","Prevenar","DH4062",2020-03-23,0.678171,679.09769,723.331815,0.675095,48.617501,488,1372,-1.178298,1349.497533,64.62536,-2.461449,58.860024,-3.943459,60.673306,9,NA,0.488,119.876,1.060306,-11.382615,460.544206,40.433811,45.85234,3.6918251095
"EL8949","H000011373","Prevenar","DN7274",2021-02-15,0.693645,758.552214,726.17441,0.71386,49.61474,518,1294,1.80908,1324.551958,63.41077,3.678812,62.655285,2.553598,66.238054,9,NA,0.518,119.319,0.985216,2.487398,526.166054,42.849908,50.359258,3.7828913145
"GR2967","H000006081","Prevenar","GL6237",2023-01-27,0.547509,891.757866,894.213145,0.543895,37.160515,486,1378,-0.660854,1059.674548,61.057037,-1.747089,56.189896,-0.51665,60.889391,7,NA,0.486,119.533,0.996134,-9.718557,488.245377,32.082957,37.304719,4.2161169232
"N73145","H000010932","Prevenar","L59969",2016-06-18,0.63455,744.30956,795.14796,0.609801,47.011865,485,1381,-1.771254,1271.436241,70.284326,-3.803148,69.036068,-2.990939,65.790644,9,NA,0.485,119.849,1.026635,-5.579161,472.301809,39.737918,45.79218,NA
"LX2597","H000010932","Prevenar","LK2948",2025-02-08,0.600654,850.891525,847.504668,0.618739,47.998322,524,1280,2.044121,1266.989458,69.145576,4.25955,66.993028,0.827433,69.4219,9,-7.533593,0.524,119.52,1.026008,1.146484,511.091488,40.598676,46.781634,NA
"T19576","H000008135","Prevenar","S18374",2017-07-06,0.783598,660.821215,744.885842,0.650461,46.178208,485,1381,-1.352932,1313.659918,65.467468,-2.903143,62.695159,1.820693,58.07909,9,NA,0.485,118.459,0.935694,-7.13778,517.818306,42.792716,49.351832,4.0399199721
"HF3322","H000011374","Prevenar","HA8581",2023-08-15,0.740223,667.29478,639.790799,0.797157,49.116926,510,1314,0.913237,1303.596405,55.541097,1.889709,53.25089,-0.63408,57.928754,9,NA,0.51,118.893,1.032527,-2.233737,493.947043,41.555897,47.56961,3.6180769725
"HN7783","H000032244","Prevenar","HM2103",NA,0.617105,757.342544,761.397164,0.627368,46.424396,478,1401,-2.207036,1347.822466,66.881713,-4.740274,65.982231,-3.209622,66.525552,9,NA,0.478,118.636,1.022073,-6.085158,467.360089,39.745068,45.42181,NA
"FF8651","H000008135","Prevenar","ER8678",2021-09-02,0.582551,748.271092,710.494724,0.683609,50.110376,486,1378,-1.430384,1420.44792,65.931119,-2.886979,62.260154,-6.567758,69.436617,9,NA,0.486,118.056,1.114232,-8.454859,435.905805,39.735383,44.973002,4.1190897614
"MG4264","H000035016","Prevenar","ME2373",2025-06-28,0.640824,718.404614,716.528586,0.672115,44.407748,482,1389,-1.550942,1289.830943,NA,-3.478863,NA,-3.50753,NA,8,-14.994656,0.482,119.292,1.04609,-6.156181,460.371265,36.450882,42.451161,NA
"RL1687","H000033648","Prevenar","NF7724",2026-06-20,0.637834,799.883335,811.479466,0.642017,54.231073,521,1287,1.947984,1505.47881,NA,3.561322,NA,0.824745,NA,10,-10.136817,0.521,119.892,1.02115,-1.626629,510.192664,46.005087,53.107834,NA
"FY2980","H000006081","Prevenar","EY5980",2022-04-13,0.730185,660.837533,690.652526,0.713979,49.323954,493,1359,-0.725435,1375.821426,61.779027,-1.457535,58.330272,-1.783517,59.112069,9,NA,0.493,119.319,1.021922,-7.039939,482.533356,42.331212,48.265872,4.0059230576
"FY2984","H000008135","Prevenar","FH2530",2022-04-27,0.611385,784.970107,805.359856,0.605822,45.577759,488,1372,-1.08033,1346.701596,66.698737,-2.347718,65.679226,-1.826276,65.010087,8,NA,0.488,119.52,1.016639,-3.87625,479.919234,39.665614,44.831813,4.1169296216
"GE6465","H000006081","Prevenar","FT9276",2022-08-11,0.672456,726.164875,711.187886,0.722622,48.789344,514,1304,1.287803,1326.338372,60.919506,2.614706,64.132215,-1.143176,62.202417,9,NA,0.514,118.08,1.052439,7.888401,488.313631,40.443435,46.358366,4.3466359686
"H87642","H000002634","Prevenar","H85445",2014-01-23,0.602955,805.21666,862.046944,0.564135,44.042705,486,1378,-1.413944,1228.430955,70.298215,-3.246525,68.11204,-1.486503,65.663819,8,NA,0.486,118.865,1.00165,-6.356384,485.509659,36.654723,43.970147,4.2555843007
"HF3771","H000011374","Prevenar","HD8750",2023-09-21,0.681456,701.376721,680.320366,0.721698,48.593239,491,1364,-0.81279,1376.623731,60.284261,-1.644902,57.547606,-2.102219,62.150097,9,NA,0.491,119.985,1.027258,-6.184487,477.957692,40.751784,47.30381,3.8167315917
"LE0992","H000011374","Prevenar","HT4875",2024-05-12,0.652272,736.859688,753.123309,0.618545,40.499233,466,1436,-3.029625,1202.152668,58.796232,-7.49438,53.496611,-1.743623,57.526533,7,NA,0.466,119.568,0.969224,-16.507918,480.632711,35.788582,41.785235,4.1167987308
"GX2797","H000010932","Prevenar","HA8581",2023-08-24,0.740223,667.29478,639.790799,0.797157,49.116926,510,1314,0.913237,1303.596405,55.541097,1.889709,53.25089,-0.63408,57.928754,9,NA,0.51,118.893,1.032527,-2.233737,493.947043,41.555897,47.56961,NA
"HX9141","H000011044","Prevenar","HD8750",NA,0.681456,701.376721,680.320366,0.721698,48.593239,491,1364,-0.81279,1376.623731,60.284261,-1.644902,57.547606,-2.102219,62.150097,9,NA,0.491,119.985,1.027258,-6.184487,477.957692,40.751784,47.30381,NA
"M57893","H000008135","Prevenar","L33554",2015-10-08,0.619604,751.126126,814.076997,0.576156,42.624976,469,1427,-2.825723,1230.21135,67.048989,-6.64754,64.810006,-3.155985,61.864231,8,NA,0.469,119.886,1.007809,-9.986864,465.40102,36.126945,42.294714,4.2643101605
"N33896","H000008135","Prevenar","L59969",2016-05-27,0.63455,744.30956,795.14796,0.609801,47.011865,485,1381,-1.771254,1271.436241,70.284326,-3.803148,69.036068,-2.990939,65.790644,9,NA,0.485,119.849,1.026635,-5.579161,472.301809,39.737918,45.79218,3.6713360017
"AH5708","H000008135","Prevenar","W87272",2018-12-26,0.694502,765.828462,812.511076,0.650565,44.34298,529,1268,2.25438,1235.584871,61.406723,5.115853,60.026267,2.529333,57.878615,8,NA,0.529,118.788,0.993838,2.8678,531.869046,39.27005,44.617933,4.094378548
"LL4095","H000010932","Prevenar","LD1219",2024-10-02,0.615711,815.850816,918.222269,0.507999,37.591474,466,1436,-2.680536,1140.113179,67.77405,-7.14131,59.409859,0.21037,60.218006,7,-13.404205,0.466,118.75,0.928589,-19.482599,502.328389,35.841924,40.48238,NA
"LX2593X","H000010932","Prevenar","LK2948",2025-01-27,0.600654,850.891525,847.504668,0.618739,47.998322,524,1280,2.044121,1266.989458,69.145576,4.25955,66.993028,0.827433,69.4219,9,-7.533593,0.524,119.52,1.026008,1.146484,511.091488,40.598676,46.781634,NA
"DA1892","H000006081","Prevenar","CM4667",2019-12-30,0.760638,627.487168,711.594307,0.689582,49.557602,491,1364,-1.018219,1397.54402,65.448945,-2.021295,61.8621,-2.372786,57.713184,9,NA,0.491,118.721,1.028101,-7.501666,477.290455,42.817482,48.203035,4.0146448755
"GD0332","H000013782","Prevenar","FT9276",2022-11-02,0.672456,726.164875,711.187886,0.722622,48.789344,514,1304,1.287803,1326.338372,60.919506,2.614706,64.132215,-1.143176,62.202417,9,NA,0.514,118.08,1.052439,7.888401,488.313631,40.443435,46.358366,3.7321268819
"HF3754","H000010932","Prevenar","HD8750",2023-09-16,0.681456,701.376721,680.320366,0.721698,48.593239,491,1364,-0.81279,1376.623731,60.284261,-1.644902,57.547606,-2.102219,62.150097,9,NA,0.491,119.985,1.027258,-6.184487,477.957692,40.751784,47.30381,NA
"NM6533","H000035016","Prevenar","MT7831",2026-01-03,0.65294,745.052532,782.888017,0.638127,47.418977,500,1340,-0.089743,1244.929033,NA,-0.183573,NA,-1.333811,NA,9,-14.701419,0.5,119.367,1.026943,-5.343455,486.474883,39.948429,46.17491,NA
"AR7667","H000010932","Prevenar","X39572",2019-03-30,0.680418,844.310014,811.000966,0.687793,44.938189,558,1203,4.58716,1097.855762,59.080344,10.21954,57.82155,5.93114,61.506864,8,NA,0.558,118.913,0.970961,8.088892,574.48346,40.169348,46.282169,NA
"ER3800","H000010932","Prevenar","DN7274",2021-04-04,0.693645,758.552214,726.17441,0.71386,49.61474,518,1294,1.80908,1324.551958,63.41077,3.678812,62.655285,2.553598,66.238054,9,NA,0.518,119.319,0.985216,2.487398,526.166054,42.849908,50.359258,NA
"DN3836","H000010932","Prevenar","CW3272",2020-05-16,0.682205,724.258203,690.6617,0.660273,43.506391,456,1467,-4.155928,1321.433641,59.995465,-9.588419,60.768044,-0.524139,62.913881,8,NA,0.456,119.178,0.922954,-8.300691,494.092701,41.361369,47.13818,NA
"FA1618","H000010932","Prevenar","EM9421",2021-06-10,0.68814,666.975846,634.492727,0.724485,50.23904,460,1455,-4.991108,1515.065006,61.793421,-8.768786,61.07405,-5.068478,64.956961,9,NA,0.46,119.36,1.001542,-9.93294,458.972551,44.227635,50.16167,NA
"N31260","H000008135","Prevenar","L59969",2016-04-27,0.63455,744.30956,795.14796,0.609801,47.011865,485,1381,-1.771254,1271.436241,70.284326,-3.803148,69.036068,-2.990939,65.790644,9,NA,0.485,119.849,1.026635,-5.579161,472.301809,39.737918,45.79218,3.9939702563
"AM5975","H000008135","Prevenar","W87272",2019-02-12,0.694502,765.828462,812.511076,0.650565,44.34298,529,1268,2.25438,1235.584871,61.406723,5.115853,60.026267,2.529333,57.878615,8,NA,0.529,118.788,0.993838,2.8678,531.869046,39.27005,44.617933,4.1206963764
"GW4593","H000013782","Prevenar","GY0029",2023-04-29,0.652248,671.031988,679.140512,0.679878,48.146444,462,1449,-3.079935,1385.328785,64.320387,-6.422309,60.324722,-5.588065,63.55244,9,NA,0.462,118.151,1.054957,-12.634437,437.679582,38.673285,45.638314,3.9634316288
"N29008","H000006081","Prevenar","M35326",2016-07-28,0.729945,631.525572,703.373366,0.696375,52.361505,490,1367,-1.238196,1457.304656,66.983834,-2.386089,63.978664,-4.320461,60.141607,10,NA,0.49,119.877,1.062547,-6.8725,460.979123,43.188457,49.27924,3.8690379566
"DL7373","H000010932","Prevenar","CM4667",2020-04-24,0.760638,627.487168,711.594307,0.689582,49.557602,491,1364,-1.018219,1397.54402,65.448945,-2.021295,61.8621,-2.372786,57.713184,9,NA,0.491,118.721,1.028101,-7.501666,477.290455,42.817482,48.203035,NA
"FG4098","H000006081","Prevenar","EM9422",2021-07-03,0.727342,657.18114,713.640679,0.657635,46.023206,469,1427,-3.022135,1357.529135,63.044064,-6.529623,56.421543,-2.170909,58.056345,8,NA,0.469,119.615,0.98184,-17.034214,477.995334,40.522208,46.874433,4.1480804119
"GH5618","H000019489","Prevenar","FN7284",2022-10-30,0.726056,666.385373,665.515599,0.722839,48.935935,481,1392,-2.063066,1418.915047,61.117081,-4.20954,61.745059,-1.781008,61.196956,9,NA,0.481,118.948,0.994269,-3.182041,483.833207,43.057609,49.217993,NA
"DK2059","H000006081","Prevenar","CM4666",2020-04-09,0.624236,794.116655,735.114592,0.68038,50.967148,500,1340,-0.077522,1422.035175,67.347521,-0.154611,68.018759,-0.530137,72.752995,9,NA,0.5,119.232,1.00896,0.842067,495.715948,44.668151,50.514533,3.7173768748
"ED8317","H000013782","Prevenar","DL7878",2020-10-16,0.629635,763.216245,781.773712,0.639104,50.862573,500,1340,-0.320117,1385.340575,70.593497,-0.654031,64.957901,-2.263119,68.917774,9,NA,0.5,118.252,1.039718,-8.637198,480.548021,42.477288,48.919571,3.9549239628
"ED8336","H000010932","Prevenar","DL7878",2020-10-01,0.629635,763.216245,781.773712,0.639104,50.862573,500,1340,-0.320117,1385.340575,70.593497,-0.654031,64.957901,-2.263119,68.917774,9,NA,0.5,118.252,1.039718,-8.637198,480.548021,42.477288,48.919571,NA
"FM6059","H000008135","Prevenar","ER8679",2022-01-31,0.740808,650.360144,706.352887,0.708112,52.495492,500,1340,-0.105979,1455.738877,66.44474,-0.183984,59.837376,-2.035498,61.177651,10,NA,0.5,119.3,1.038158,-10.128134,481.792232,43.847939,50.565973,3.9449937873
"GH5817","H000011044","Prevenar","FN7284",2022-10-11,0.726056,666.385373,665.515599,0.722839,48.935935,481,1392,-2.063066,1418.915047,61.117081,-4.20954,61.745059,-1.781008,61.196956,9,NA,0.481,118.948,0.994269,-3.182041,483.833207,43.057609,49.217993,4.2756741629
"GH5611","H000013782","Prevenar","FX8007",2022-11-21,0.722264,677.829355,740.670716,0.668867,48.188316,495,1353,-0.480904,1272.975835,63.813828,-0.996002,58.581714,-1.048813,58.399617,9,NA,0.495,119.246,1.011926,-9.195031,489.571779,41.106113,47.620407,3.9407280419
"LC5370","H000013782","Prevenar","HG6462",2024-05-03,0.723125,681.114872,693.946271,0.691329,47.757649,480,1395,-1.91901,1348.746712,61.294914,-3.998713,59.132577,-0.646218,60.161542,9,NA,0.48,119.892,0.974041,-7.526472,492.531007,42.984517,49.03044,3.8875579706
"M21956","H000008135","Prevenar","L33554",2015-08-18,0.619604,751.126126,814.076997,0.576156,42.624976,469,1427,-2.825723,1230.21135,67.048989,-6.64754,64.810006,-3.155985,61.864231,8,NA,0.469,119.886,1.007809,-9.986864,465.40102,36.126945,42.294714,4.2148209405
"LE0995","H000013782","Prevenar","LD1216",2024-08-17,0.573578,814.176245,818.478593,0.575024,41.539234,471,1421,-2.590297,1164.671312,64.439675,-6.205792,62.484768,-2.912526,64.100946,8,-17.681286,0.471,119.986,1.007818,-9.239493,466.993736,35.950259,41.217006,4.0386757251
"LJ1090","H000013782","Prevenar","LD1219",2024-10-05,0.615711,815.850816,918.222269,0.507999,37.591474,466,1436,-2.680536,1140.113179,67.77405,-7.14131,59.409859,0.21037,60.218006,7,-13.404205,0.466,118.75,0.928589,-19.482599,502.328389,35.841924,40.48238,4.5959690169
"MG4224","H000031244","Prevenar","ME6146",2025-08-04,0.709539,726.839938,747.604672,0.688465,50.327697,515,1302,1.382987,1353.717645,NA,2.768283,NA,1.482883,NA,9,-14.362059,0.515,119.093,0.998019,1.122823,515.72119,43.977884,50.427592,NA
"T37496","H000006081","Prevenar","S63648",2017-09-03,0.768591,822.644901,841.634137,0.692573,47.730334,583,1152,6.701095,1121.053331,62.419911,14.035438,63.923112,10.744972,61.011572,9,NA,0.583,118.031,0.921894,16.443646,632.27749,43.840142,51.774211,4.1274007503
"AM6074","H000011612","Prevenar","W87272",2019-02-13,0.694502,765.828462,812.511076,0.650565,44.34298,529,1268,2.25438,1235.584871,61.406723,5.115853,60.026267,2.529333,57.878615,8,NA,0.529,118.788,0.993838,2.8678,531.869046,39.27005,44.617933,4.0192055581
"FH7106","H000019489","Prevenar","FD7878",2021-10-24,0.700687,674.490651,726.100519,0.689816,51.838422,501,1337,-0.051387,1448.925165,67.925369,-0.09386,62.058738,-2.977101,63.097361,9,NA,0.501,118.121,1.059815,-8.730738,472.606789,42.932754,48.912708,NA
"FM6227","H000011044","Prevenar","ER8678",2021-12-14,0.582551,748.271092,710.494724,0.683609,50.110376,486,1378,-1.430384,1420.44792,65.931119,-2.886979,62.260154,-6.567758,69.436617,9,NA,0.486,118.056,1.114232,-8.454859,435.905805,39.735383,44.973002,4.1989191193
"FT6711","H000013782","Prevenar","FN7283",2022-05-23,0.680501,673.906006,638.312797,0.753218,52.869924,481,1392,-2.034217,1516.812924,63.392798,-3.834816,62.739227,-4.474922,66.927669,10,NA,0.481,118.947,1.048399,-4.865802,458.593597,44.00759,50.429218,3.9645479075
"GT1669","H000017723","Prevenar","GA0018",2023-03-10,0.676738,745.847176,757.746277,0.635702,46.465148,482,1389,-1.844231,1343.09289,64.009544,-3.976196,61.491554,0.378457,63.004385,8,NA,0.482,117.872,0.954348,-7.90997,504.743418,41.67499,48.687836,4.2336586064
"GW4132","H000006081","Prevenar","GR5870",2023-04-29,0.641379,857.659363,896.822772,0.600641,45.794064,539,1244,3.260113,1183.03573,68.98282,7.116295,68.476197,4.230678,65.970405,8,NA,0.539,119.04,0.979246,6.381876,550.085123,40.239762,46.764629,3.7804514019
"M56316","H000008135","Prevenar","L33554",2015-10-16,0.619604,751.126126,814.076997,0.576156,42.624976,469,1427,-2.825723,1230.21135,67.048989,-6.64754,64.810006,-3.155985,61.864231,8,NA,0.469,119.886,1.007809,-9.986864,465.40102,36.126945,42.294714,3.9966562636
"LJ1086","H000013782","Prevenar","LE2393",2024-11-21,0.591414,788.247214,718.440752,0.681138,43.078105,489,1370,-1.006925,1146.3856,56.661606,-2.371901,56.151162,-3.047192,62.167066,8,-7.958475,0.489,119.448,1.049717,-3.272765,466.180474,35.82371,41.037838,3.9654414414
"GX2936","H000013782","Prevenar","GY0029",2023-05-14,0.652248,671.031988,679.140512,0.679878,48.146444,462,1449,-3.079935,1385.328785,64.320387,-6.422309,60.324722,-5.588065,63.55244,9,NA,0.462,118.151,1.054957,-12.634437,437.679582,38.673285,45.638314,4.2020376666
"HF3786","H000017723","Prevenar","HA8581",2023-09-03,0.740223,667.29478,639.790799,0.797157,49.116926,510,1314,0.913237,1303.596405,55.541097,1.889709,53.25089,-0.63408,57.928754,9,NA,0.51,118.893,1.032527,-2.233737,493.947043,41.555897,47.56961,3.9612549066
"LE1000","H000019489","Prevenar","HT4747",2024-06-20,0.603616,794.70532,805.341275,0.556877,39.674709,448,1493,-4.65353,1223.315188,71.657997,-11.757976,74.578145,-1.891536,70.711627,7,NA,0.448,119.877,0.934915,-7.682859,479.696811,37.640415,42.436703,NA
"NM6390","H000013782","Prevenar","MT7831",2026-01-16,0.65294,745.052532,782.888017,0.638127,47.418977,500,1340,-0.089743,1244.929033,NA,-0.183573,NA,-1.333811,NA,9,-14.701419,0.5,119.367,1.026943,-5.343455,486.474883,39.948429,46.17491,4.1627119874
"S26395","H000008135","Prevenar","N70120",2017-04-05,0.702193,708.521021,820.990266,0.626091,47.782915,514,1304,1.206193,1271.610622,69.729364,2.554212,63.97699,-0.327285,60.176986,9,NA,0.514,119.89,1.033157,-5.69536,497.518614,40.108989,46.249437,4.2244307296
"CH8179","H000008135","Prevenar","AH4754",2019-06-02,0.586904,808.091191,798.712884,0.636294,47.555135,508,1319,0.728715,1323.741633,65.228071,1.551601,65.319917,-2.44749,65.993964,9,NA,0.508,119.319,1.07157,1.69241,474.272241,38.333618,44.37893,4.0194159674
"EL8915","H000010932","Prevenar","DN7274",2021-01-30,0.693645,758.552214,726.17441,0.71386,49.61474,518,1294,1.80908,1324.551958,63.41077,3.678812,62.655285,2.553598,66.238054,9,NA,0.518,119.319,0.985216,2.487398,526.166054,42.849908,50.359258,NA
"GL2480","H000008135","Prevenar","FN7284",2022-10-09,0.726056,666.385373,665.515599,0.722839,48.935935,481,1392,-2.063066,1418.915047,61.117081,-4.20954,61.745059,-1.781008,61.196956,9,NA,0.481,118.948,0.994269,-3.182041,483.833207,43.057609,49.217993,4.0939523233
"GH5819","H000011044","Prevenar","FX8007",2022-11-23,0.722264,677.829355,740.670716,0.668867,48.188316,495,1353,-0.480904,1272.975835,63.813828,-0.996002,58.581714,-1.048813,58.399617,9,NA,0.495,119.246,1.011926,-9.195031,489.571779,41.106113,47.620407,3.9641281135
"GT1659","H000013782","Prevenar","GR5871",2023-04-25,0.589457,773.59288,818.55686,0.596859,47.11516,489,1370,-1.168669,1349.70413,71.420942,-2.458006,72.16957,-4.288622,67.497732,9,NA,0.489,117.85,1.070916,-1.409815,456.210748,38.178085,43.995207,3.8818338371
"GX2952","H000019489","Prevenar","GR5870",2023-05-26,0.641379,857.659363,896.822772,0.600641,45.794064,539,1244,3.260113,1183.03573,68.98282,7.116295,68.476197,4.230678,65.970405,8,NA,0.539,119.04,0.979246,6.381876,550.085123,40.239762,46.764629,NA
"NM6370","H000010932","Prevenar","LY2891",2025-12-11,0.660873,746.434938,780.105151,0.664027,43.98539,518,1294,1.562062,1148.522313,59.488604,3.591446,55.696081,-0.536276,56.921009,8,-6.215558,0.518,119.712,1.050095,-2.783763,493.298851,36.25857,41.887052,3.8464395261
"N28999","H000006081","Prevenar","M35326",2016-06-25,0.729945,631.525572,703.373366,0.696375,52.361505,490,1367,-1.238196,1457.304656,66.983834,-2.386089,63.978664,-4.320461,60.141607,10,NA,0.49,119.877,1.062547,-6.8725,460.979123,43.188457,49.27924,3.8446656211
"T37752","H000013782","Prevenar","S63648",2017-09-20,0.768591,822.644901,841.634137,0.692573,47.730334,583,1152,6.701095,1121.053331,62.419911,14.035438,63.923112,10.744972,61.011572,9,NA,0.583,118.031,0.921894,16.443646,632.27749,43.840142,51.774211,4.409751773
"T30270","H000008135","Prevenar","S63648",2017-08-05,0.768591,822.644901,841.634137,0.692573,47.730334,583,1152,6.701095,1121.053331,62.419911,14.035438,63.923112,10.744972,61.011572,9,NA,0.583,118.031,0.921894,16.443646,632.27749,43.840142,51.774211,4.2194251957
"CM3326","H000017723","Prevenar","CA6646",2019-09-17,0.633354,782.864016,807.58715,0.614058,46.028181,496,1351,-0.67042,1282.385194,67.674608,-1.487067,66.431211,-0.677396,65.602846,9,NA,0.496,119.968,1.000152,-3.324385,495.830433,40.227947,46.021205,4.0238136543
"DJ2693","H000006081","Prevenar","CM4667",2020-01-10,0.760638,627.487168,711.594307,0.689582,49.557602,491,1364,-1.018219,1397.54402,65.448945,-2.021295,61.8621,-2.372786,57.713184,9,NA,0.491,118.721,1.028101,-7.501666,477.290455,42.817482,48.203035,3.9787847571
"EM4879","H000011044","Prevenar","DN7274",2020-12-26,0.693645,758.552214,726.17441,0.71386,49.61474,518,1294,1.80908,1324.551958,63.41077,3.678812,62.655285,2.553598,66.238054,9,NA,0.518,119.319,0.985216,2.487398,526.166054,42.849908,50.359258,3.9872072351
"EL8921","H000010932","Prevenar","DT9983",2021-03-22,0.683409,669.824551,735.178399,0.661348,48.184902,486,1378,-1.524269,1337.261492,65.85186,-3.183444,63.125631,-4.343246,59.997944,9,NA,0.486,118.21,1.062139,-7.323387,457.764061,39.51889,45.365925,NA
"FA7508","H000006081","Prevenar","DT9983",2021-05-02,0.683409,669.824551,735.178399,0.661348,48.184902,486,1378,-1.524269,1337.261492,65.85186,-3.183444,63.125631,-4.343246,59.997944,9,NA,0.486,118.21,1.062139,-7.323387,457.764061,39.51889,45.365925,3.8488525195
"DK2065","H000010932","Prevenar","CM4667",2020-02-15,0.760638,627.487168,711.594307,0.689582,49.557602,491,1364,-1.018219,1397.54402,65.448945,-2.021295,61.8621,-2.372786,57.713184,9,NA,0.491,118.721,1.028101,-7.501666,477.290455,42.817482,48.203035,NA
"HG8787","H000019489","Prevenar","HG6462",2023-10-20,0.723125,681.114872,693.946271,0.691329,47.757649,480,1395,-1.91901,1348.746712,61.294914,-3.998713,59.132577,-0.646218,60.161542,9,NA,0.48,119.892,0.974041,-7.526472,492.531007,42.984517,49.03044,NA
"LK2060","H000017723","Prevenar","LD1217",2024-09-30,0.634818,743.968358,804.968751,0.586873,48.991886,472,1418,-2.903313,1429.060589,73.192243,-5.93063,69.171398,-2.916736,67.645748,9,-11.277486,0.472,119.232,1.000274,-11.424169,472.284681,42.780994,48.978463,4.0641503651
"X70406","H000010932","Prevenar","T96900",2018-10-03,0.634677,718.933265,760.974012,0.59318,42.590155,451,1483,-4.471846,1348.121087,65.982278,-10.509717,56.509044,-4.009906,62.337024,8,NA,0.451,118.439,0.98927,-24.866958,456.290557,37.732127,43.052094,NA
"EK9778","H000006081","Prevenar","DL7877",2020-11-09,0.617264,760.307018,751.685164,0.635689,46.449942,478,1401,-2.350118,1317.855281,82.315575,-5.047893,79.656947,-3.179119,83.259737,8,NA,0.478,118.971,1.018171,-8.277692,469.309899,39.854517,45.620941,4.0889141842
"LX3427","H000031244","Prevenar","LD1217",2024-12-01,0.634818,743.968358,804.968751,0.586873,48.991886,472,1418,-2.903313,1429.060589,73.192243,-5.93063,69.171398,-2.916736,67.645748,9,-11.277486,0.472,119.232,1.000274,-11.424169,472.284681,42.780994,48.978463,NA
"CK6540","H000008090","Prevenar","AR4781",2019-09-28,0.593452,796.308069,768.939803,0.626399,49.349587,482,1389,-1.833725,1416.216994,71.391958,-3.731641,68.232601,-2.765361,73.932956,9,NA,0.482,119.514,1.019242,-8.157009,472.570269,42.351175,48.417951,4.2514135578
"EY5103","H000013782","Prevenar","EM9422",2021-08-13,0.727342,657.18114,713.640679,0.657635,46.023206,469,1427,-3.022135,1357.529135,63.044064,-6.529623,56.421543,-2.170909,58.056345,8,NA,0.469,119.615,0.98184,-17.034214,477.995334,40.522208,46.874433,3.9893809888
"HN7639","H000011044","Prevenar","HM2103",2024-02-13,0.617105,757.342544,761.397164,0.627368,46.424396,478,1401,-2.207036,1347.822466,66.881713,-4.740274,65.982231,-3.209622,66.525552,9,NA,0.478,118.636,1.022073,-6.085158,467.360089,39.745068,45.42181,4.0486027514
"M02673","H000008135","Prevenar","L57276",2015-07-16,0.581332,815.772979,861.560236,0.563769,41.926399,486,1378,-1.207722,1140.680215,69.187388,-2.85162,68.062631,-2.199204,65.510453,7,NA,0.486,118.11,1.024221,-4.477287,474.234731,34.952276,40.934917,3.9822212919
"M21974","H000006081","Prevenar","L33554",2015-08-15,0.619604,751.126126,814.076997,0.576156,42.624976,469,1427,-2.825723,1230.21135,67.048989,-6.64754,64.810006,-3.155985,61.864231,8,NA,0.469,119.886,1.007809,-9.986864,465.40102,36.126945,42.294714,4.2040122292
"M45741","H000008135","Prevenar","L33554",2015-09-14,0.619604,751.126126,814.076997,0.576156,42.624976,469,1427,-2.825723,1230.21135,67.048989,-6.64754,64.810006,-3.155985,61.864231,8,NA,0.469,119.886,1.007809,-9.986864,465.40102,36.126945,42.294714,4.1987041221
"NM6518","H000033648","Prevenar","MT7831",2025-12-30,0.65294,745.052532,782.888017,0.638127,47.418977,500,1340,-0.089743,1244.929033,NA,-0.183573,NA,-1.333811,NA,9,-14.701419,0.5,119.367,1.026943,-5.343455,486.474883,39.948429,46.17491,NA
"ED8347","H000010932","Prevenar","DL7877",2020-11-20,0.617264,760.307018,751.685164,0.635689,46.449942,478,1401,-2.350118,1317.855281,82.315575,-5.047893,79.656947,-3.179119,83.259737,8,NA,0.478,118.971,1.018171,-8.277692,469.309899,39.854517,45.620941,NA
"HN7326","H000010932","Prevenar","HK6561",2024-01-04,0.684493,691.768826,745.867334,0.653473,49.369605,487,1375,-1.351587,1374.069327,67.611658,-2.742949,67.001637,-2.758821,62.707717,9,NA,0.487,118.678,1.02934,-3.645192,473.511208,41.754114,47.962371,NA
"HN7633","H000011044","Prevenar","HK6561",2023-12-14,0.684493,691.768826,745.867334,0.653473,49.369605,487,1375,-1.351587,1374.069327,67.611658,-2.742949,67.001637,-2.758821,62.707717,9,NA,0.487,118.678,1.02934,-3.645192,473.511208,41.754114,47.962371,4.0461380826
"LC5377","H000013782","Prevenar","HT4747",2024-06-20,0.603616,794.70532,805.341275,0.556877,39.674709,448,1493,-4.65353,1223.315188,71.657997,-11.757976,74.578145,-1.891536,70.711627,7,NA,0.448,119.877,0.934915,-7.682859,479.696811,37.640415,42.436703,4.5925694332
"LC5406","H000032244","Prevenar","HT4875",2024-05-25,0.652272,736.859688,753.123309,0.618545,40.499233,466,1436,-3.029625,1202.152668,58.796232,-7.49438,53.496611,-1.743623,57.526533,7,NA,0.466,119.568,0.969224,-16.507918,480.632711,35.788582,41.785235,NA
"LX3440","H000033648","Prevenar","LK2948",2025-01-11,0.600654,850.891525,847.504668,0.618739,47.998322,524,1280,2.044121,1266.989458,69.145576,4.25955,66.993028,0.827433,69.4219,9,-7.533593,0.524,119.52,1.026008,1.146484,511.091488,40.598676,46.781634,NA
"M97105","H000006081","Prevenar","M35326",2016-07-11,0.729945,631.525572,703.373366,0.696375,52.361505,490,1367,-1.238196,1457.304656,66.983834,-2.386089,63.978664,-4.320461,60.141607,10,NA,0.49,119.877,1.062547,-6.8725,460.979123,43.188457,49.27924,4.0265663526
"HG8791","H000019489","Prevenar","HD8750",2023-09-26,0.681456,701.376721,680.320366,0.721698,48.593239,491,1364,-0.81279,1376.623731,60.284261,-1.644902,57.547606,-2.102219,62.150097,9,NA,0.491,119.985,1.027258,-6.184487,477.957692,40.751784,47.30381,NA
"FC1572","H000010932","Prevenar","EM9421",2021-05-12,0.68814,666.975846,634.492727,0.724485,50.23904,460,1455,-4.991108,1515.065006,61.793421,-8.768786,61.07405,-5.068478,64.956961,9,NA,0.46,119.36,1.001542,-9.93294,458.972551,44.227635,50.16167,NA
"GM8339","H000006081","Prevenar","FN7284",2022-12-06,0.726056,666.385373,665.515599,0.722839,48.935935,481,1392,-2.063066,1418.915047,61.117081,-4.20954,61.745059,-1.781008,61.196956,9,NA,0.481,118.948,0.994269,-3.182041,483.833207,43.057609,49.217993,4.3575854406
"HA2711","H000010932","Prevenar","HA8581",2023-08-10,0.740223,667.29478,639.790799,0.797157,49.116926,510,1314,0.913237,1303.596405,55.541097,1.889709,53.25089,-0.63408,57.928754,9,NA,0.51,118.893,1.032527,-2.233737,493.947043,41.555897,47.56961,NA
"N90898","H000006081","Prevenar","M35326",2016-08-14,0.729945,631.525572,703.373366,0.696375,52.361505,490,1367,-1.238196,1457.304656,66.983834,-2.386089,63.978664,-4.320461,60.141607,10,NA,0.49,119.877,1.062547,-6.8725,460.979123,43.188457,49.27924,4.0039764688
"X98631","H000013782","Prevenar","W87272",2018-11-21,0.694502,765.828462,812.511076,0.650565,44.34298,529,1268,2.25438,1235.584871,61.406723,5.115853,60.026267,2.529333,57.878615,8,NA,0.529,118.788,0.993838,2.8678,531.869046,39.27005,44.617933,4.0559210628
"FF8698","H000017723","Prevenar","EM9422",2021-08-19,0.727342,657.18114,713.640679,0.657635,46.023206,469,1427,-3.022135,1357.529135,63.044064,-6.529623,56.421543,-2.170909,58.056345,8,NA,0.469,119.615,0.98184,-17.034214,477.995334,40.522208,46.874433,4.0856775898
"FY7375","H000019489","Prevenar","FD7878",2022-06-11,0.700687,674.490651,726.100519,0.689816,51.838422,501,1337,-0.051387,1448.925165,67.925369,-0.09386,62.058738,-2.977101,63.097361,9,NA,0.501,118.121,1.059815,-8.730738,472.606789,42.932754,48.912708,NA
"GH5586","H000010932","Prevenar","FN7284",2022-09-14,0.726056,666.385373,665.515599,0.722839,48.935935,481,1392,-2.063066,1418.915047,61.117081,-4.20954,61.745059,-1.781008,61.196956,9,NA,0.481,118.948,0.994269,-3.182041,483.833207,43.057609,49.217993,NA
"LJ1017","H000011374","Prevenar","LD1216",2024-07-07,0.573578,814.176245,818.478593,0.575024,41.539234,471,1421,-2.590297,1164.671312,64.439675,-6.205792,62.484768,-2.912526,64.100946,8,-17.681286,0.471,119.986,1.007818,-9.239493,466.993736,35.950259,41.217006,4.421850204
"LX2598","H000010932","Prevenar","LY2890",2025-02-10,0.675645,730.667468,727.381622,0.669529,46.790783,487,1375,-1.346146,1368.957158,62.485386,-2.873688,62.053008,-0.705391,62.767655,9,-14.008496,0.487,119.589,0.986491,-3.565655,493.671898,40.867904,47.431537,4.2665681884
"AJ9193","H000010932","Prevenar","W87272",2018-11-28,0.694502,765.828462,812.511076,0.650565,44.34298,529,1268,2.25438,1235.584871,61.406723,5.115853,60.026267,2.529333,57.878615,8,NA,0.529,118.788,0.993838,2.8678,531.869046,39.27005,44.617933,NA
"MG0830","H000031244","Prevenar","LK2948",2025-03-28,0.600654,850.891525,847.504668,0.618739,47.998322,524,1280,2.044121,1266.989458,69.145576,4.25955,66.993028,0.827433,69.4219,9,-7.533593,0.524,119.52,1.026008,1.146484,511.091488,40.598676,46.781634,NA
"LX3442","H000033648","Prevenar","LK2948",2025-02-05,0.600654,850.891525,847.504668,0.618739,47.998322,524,1280,2.044121,1266.989458,69.145576,4.25955,66.993028,0.827433,69.4219,9,-7.533593,0.524,119.52,1.026008,1.146484,511.091488,40.598676,46.781634,NA
"CG9070","H000013782","Prevenar","AM9038",2019-05-12,0.650859,788.784067,840.806625,0.60843,45.875935,512,1309,0.960774,1223.89034,68.611174,2.103055,61.965141,1.123593,64.366049,8,NA,0.512,118.816,0.996463,-7.583463,513.387202,40.191336,46.038754,3.8527749733
"RE8408","H000035016","Prevenar","MT7833",2026-05-05,0.695181,774.53208,811.204622,0.654772,49.824395,531,1263,2.839727,1244.516748,NA,5.736086,NA,3.523178,NA,9,-7.997372,0.531,119.771,0.986468,-1.17755,538.440174,43.745145,50.507847,NA
"HY4180","H000019489","Prevenar","HM2103",2024-03-30,0.617105,757.342544,761.397164,0.627368,46.424396,478,1401,-2.207036,1347.822466,66.881713,-4.740274,65.982231,-3.209622,66.525552,9,NA,0.478,118.636,1.022073,-6.085158,467.360089,39.745068,45.42181,NA
"HN7330","H000010932","Prevenar","HM2103",2024-01-23,0.617105,757.342544,761.397164,0.627368,46.424396,478,1401,-2.207036,1347.822466,66.881713,-4.740274,65.982231,-3.209622,66.525552,9,NA,0.478,118.636,1.022073,-6.085158,467.360089,39.745068,45.42181,NA
"AM1636","H000011373","Prevenar","X37485",2019-02-02,0.628265,711.549163,766.374146,0.672521,51.315357,515,1302,1.327496,1389.260995,67.553449,2.568681,66.282375,-5.478769,62.720801,9,NA,0.515,119.622,1.152919,0.687097,447.041705,38.947138,44.509093,3.8491440583
"AW6506","H000008135","Prevenar","X39572",2019-04-25,0.680418,844.310014,811.000966,0.687793,44.938189,558,1203,4.58716,1097.855762,59.080344,10.21954,57.82155,5.93114,61.506864,8,NA,0.558,118.913,0.970961,8.088892,574.48346,40.169348,46.282169,NA
"CW6571","H000008135","Prevenar","CH7313",2019-11-12,0.546394,878.145443,873.397957,0.573864,44.349801,501,1337,0.03,1234.30757,69.18594,0.042758,68.421663,-1.863477,69.562011,8,NA,0.501,118.89,1.044598,-1.061912,479.812968,37.281254,42.456325,3.7832633681
"AX8868","H000011374","Prevenar","AM9038",2019-06-23,0.650859,788.784067,840.806625,0.60843,45.875935,512,1309,0.960774,1223.89034,68.611174,2.103055,61.965141,1.123593,64.366049,8,NA,0.512,118.816,0.996463,-7.583463,513.387202,40.191336,46.038754,4.0371122513
"HR4694","H000011044","Prevenar","HT4744",2024-04-15,0.536736,881.479761,942.208935,0.5501,40.781963,518,1294,1.513165,1079.905123,65.632016,3.71884,63.013342,-2.042265,61.401767,8,NA,0.518,119.912,1.095508,-0.271094,473.122224,31.757962,37.226534,4.517366601
"EL8942","H000011044","Prevenar","DN7274",2020-12-21,0.693645,758.552214,726.17441,0.71386,49.61474,518,1294,1.80908,1324.551958,63.41077,3.678812,62.655285,2.553598,66.238054,9,NA,0.518,119.319,0.985216,2.487398,526.166054,42.849908,50.359258,3.8906207627
"AH5711","H000008135","Prevenar","W87272",2019-01-09,0.694502,765.828462,812.511076,0.650565,44.34298,529,1268,2.25438,1235.584871,61.406723,5.115853,60.026267,2.529333,57.878615,8,NA,0.529,118.788,0.993838,2.8678,531.869046,39.27005,44.617933,4.3083411565
"CR8927","H000013782","Prevenar","X37485",2019-10-10,0.628265,711.549163,766.374146,0.672521,51.315357,515,1302,1.327496,1389.260995,67.553449,2.568681,66.282375,-5.478769,62.720801,9,NA,0.515,119.622,1.152919,0.687097,447.041705,38.947138,44.509093,3.765064461
"FA1610","H000010932","Prevenar","DT9983",2021-05-10,0.683409,669.824551,735.178399,0.661348,48.184902,486,1378,-1.524269,1337.261492,65.85186,-3.183444,63.125631,-4.343246,59.997944,9,NA,0.486,118.21,1.062139,-7.323387,457.764061,39.51889,45.365925,NA
"GH5588","H000010932","Prevenar","FN7284",2022-10-28,0.726056,666.385373,665.515599,0.722839,48.935935,481,1392,-2.063066,1418.915047,61.117081,-4.20954,61.745059,-1.781008,61.196956,9,NA,0.481,118.948,0.994269,-3.182041,483.833207,43.057609,49.217993,NA
"GH5616","H000019489","Prevenar","FN7284",2022-10-22,0.726056,666.385373,665.515599,0.722839,48.935935,481,1392,-2.063066,1418.915047,61.117081,-4.20954,61.745059,-1.781008,61.196956,9,NA,0.481,118.948,0.994269,-3.182041,483.833207,43.057609,49.217993,NA
"HA2750","H000019489","Prevenar","HA8580",2023-06-18,0.698352,699.192861,712.637471,0.696196,47.785122,496,1351,-0.477817,1279.710365,62.494317,-0.977084,61.023319,-1.234118,61.3153,9,NA,0.496,119.691,1.016082,-3.330896,488.283017,40.7851,47.028821,NA
"MW1301","H000010932","Prevenar","LY2893",2025-10-02,0.679176,706.782035,684.747583,0.687216,48.120425,471,1421,-3.148504,1464.533304,62.36144,-6.508997,60.970201,-2.181101,64.368165,9,-14.843238,0.471,119.157,0.980292,-8.739926,480.029405,43.132832,49.087828,4.1173488539
"FG4138","H000019489","Prevenar","EM9421",2021-09-24,0.68814,666.975846,634.492727,0.724485,50.23904,460,1455,-4.991108,1515.065006,61.793421,-8.768786,61.07405,-5.068478,64.956961,9,NA,0.46,119.36,1.001542,-9.93294,458.972551,44.227635,50.16167,NA
"J56526","H000002634","Prevenar","H01019",2014-08-28,0.609813,769.062226,744.296526,0.651425,46.617843,485,1381,-1.469845,1115.036257,64.26836,-3.156363,65.847966,-2.995632,66.406823,5,NA,0.485,70.256,1.033837,-0.698535,468.984092,35.627064,45.092057,4.5787626962
"HN7749","H000017723","Prevenar","HK6558",2023-12-31,0.641152,721.282184,720.112225,0.6516,46.25825,469,1427,-3.170251,1414.819355,63.24535,-6.839735,61.069123,-3.838026,63.348104,9,NA,0.469,119.948,1.014647,-10.280663,462.451274,39.674316,45.590475,4.2424851508
"T19289","H000013782","Prevenar","S63651",2017-07-10,0.693039,726.642457,767.02882,0.65193,49.035353,500,1340,-0.051737,1370.258356,68.21759,-0.124422,64.773796,0.295654,64.625729,9,NA,0.5,116.662,0.992965,-5.172671,503.591749,41.117177,49.382743,4.2563472343
"L22465","H000006081","Prevenar","H01018",2015-01-13,0.618954,757.002188,754.678204,0.650691,49.410315,491,1364,NA,1285.102578,66.838137,-1.292084,68.617256,NA,67.043961,9,NA,0.491,119.013,1.048048,1.369747,468.549172,39.542412,47.145071,4.0452296296
"N34089","H000008135","Prevenar","L59969",2016-06-01,0.63455,744.30956,795.14796,0.609801,47.011865,485,1381,-1.771254,1271.436241,70.284326,-3.803148,69.036068,-2.990939,65.790644,9,NA,0.485,119.849,1.026635,-5.579161,472.301809,39.737918,45.79218,3.9023918949
"M21973","H000006081","Prevenar","L70023",2015-08-04,0.624824,820.696627,827.348962,0.652992,47.068014,540,1242,3.303724,1146.746071,66.34138,7.039689,66.551095,0.911174,65.807959,8,NA,0.54,118.856,1.053554,7.355803,512.790625,38.155996,44.675464,3.8492502412
"RH7871","H000033648","Prevenar","NF7724",2026-04-16,0.637834,799.883335,811.479466,0.642017,54.231073,521,1287,1.947984,1505.47881,NA,3.561322,NA,0.824745,NA,10,-10.136817,0.521,119.892,1.02115,-1.626629,510.192664,46.005087,53.107834,NA
"EL3809","H000008135","Prevenar","DN7274",2021-02-01,0.693645,758.552214,726.17441,0.71386,49.61474,518,1294,1.80908,1324.551958,63.41077,3.678812,62.655285,2.553598,66.238054,9,NA,0.518,119.319,0.985216,2.487398,526.166054,42.849908,50.359258,3.9291401087
"GG9473","H000028394","Prevenar","FD7878",2022-08-14,0.700687,674.490651,726.100519,0.689816,51.838422,501,1337,-0.051387,1448.925165,67.925369,-0.09386,62.058738,-2.977101,63.097361,9,NA,0.501,118.121,1.059815,-8.730738,472.606789,42.932754,48.912708,NA
"GG9472","H000019489","Prevenar","FD7878",2022-08-08,0.700687,674.490651,726.100519,0.689816,51.838422,501,1337,-0.051387,1448.925165,67.925369,-0.09386,62.058738,-2.977101,63.097361,9,NA,0.501,118.121,1.059815,-8.730738,472.606789,42.932754,48.912708,NA
"LE0998","H000013782","Prevenar","LE2393",2024-11-12,0.591414,788.247214,718.440752,0.681138,43.078105,489,1370,-1.006925,1146.3856,56.661606,-2.371901,56.151162,-3.047192,62.167066,8,-7.958475,0.489,119.448,1.049717,-3.272765,466.180474,35.82371,41.037838,3.9411745153
"CM3194","H000013782","Prevenar","AM9038",2019-08-25,0.650859,788.784067,840.806625,0.60843,45.875935,512,1309,0.960774,1223.89034,68.611174,2.103055,61.965141,1.123593,64.366049,8,NA,0.512,118.816,0.996463,-7.583463,513.387202,40.191336,46.038754,4.0396514442
"ED8369","H000006081","Prevenar","DL7877",2020-11-09,0.617264,760.307018,751.685164,0.635689,46.449942,478,1401,-2.350118,1317.855281,82.315575,-5.047893,79.656947,-3.179119,83.259737,8,NA,0.478,118.971,1.018171,-8.277692,469.309899,39.854517,45.620941,3.8756348617
"GW4134","H000006081","Prevenar","GR5871",2023-03-29,0.589457,773.59288,818.55686,0.596859,47.11516,489,1370,-1.168669,1349.70413,71.420942,-2.458006,72.16957,-4.288622,67.497732,9,NA,0.489,117.85,1.070916,-1.409815,456.210748,38.178085,43.995207,3.962097667
"HE3376","H000017723","Prevenar","HA8581",2023-08-02,0.740223,667.29478,639.790799,0.797157,49.116926,510,1314,0.913237,1303.596405,55.541097,1.889709,53.25089,-0.63408,57.928754,9,NA,0.51,118.893,1.032527,-2.233737,493.947043,41.555897,47.56961,3.9554800267
"CM3131","H000008135","Prevenar","CA6646",2019-09-08,0.633354,782.864016,807.58715,0.614058,46.028181,496,1351,-0.67042,1282.385194,67.674608,-1.487067,66.431211,-0.677396,65.602846,9,NA,0.496,119.968,1.000152,-3.324385,495.830433,40.227947,46.021205,4.0641182271
"FY2978","H000006081","Prevenar","ER8679",2022-03-22,0.740808,650.360144,706.352887,0.708112,52.495492,500,1340,-0.105979,1455.738877,66.44474,-0.183984,59.837376,-2.035498,61.177651,10,NA,0.5,119.3,1.038158,-10.128134,481.792232,43.847939,50.565973,4.0947663265
"LE1003","H000019489","Prevenar","LD1216",2024-07-08,0.573578,814.176245,818.478593,0.575024,41.539234,471,1421,-2.590297,1164.671312,64.439675,-6.205792,62.484768,-2.912526,64.100946,8,-17.681286,0.471,119.986,1.007818,-9.239493,466.993736,35.950259,41.217006,NA
"LL4175","H000013782","Prevenar","LE2393",2024-11-15,0.591414,788.247214,718.440752,0.681138,43.078105,489,1370,-1.006925,1146.3856,56.661606,-2.371901,56.151162,-3.047192,62.167066,8,-7.958475,0.489,119.448,1.049717,-3.272765,466.180474,35.82371,41.037838,3.9619418283
"FK0328","H000011044","Prevenar","ER8678",2021-10-09,0.582551,748.271092,710.494724,0.683609,50.110376,486,1378,-1.430384,1420.44792,65.931119,-2.886979,62.260154,-6.567758,69.436617,9,NA,0.486,118.056,1.114232,-8.454859,435.905805,39.735383,44.973002,4.1193555859
"FT9256","H000011374","Prevenar","ER8679",2022-03-31,0.740808,650.360144,706.352887,0.708112,52.495492,500,1340,-0.105979,1455.738877,66.44474,-0.183984,59.837376,-2.035498,61.177651,10,NA,0.5,119.3,1.038158,-10.128134,481.792232,43.847939,50.565973,3.9332030744
"MW1323","H000031244","Prevenar","ME6149",2025-11-18,0.607794,740.082109,720.625017,0.677938,50.429008,489,1370,-1.340493,1436.299688,NA,-2.679547,NA,-5.337476,NA,9,-9.465318,0.489,119.691,1.086082,-3.998406,449.817525,41.295001,46.432025,NA
"LE1002","H000019489","Prevenar","HT4747",2024-07-03,0.603616,794.70532,805.341275,0.556877,39.674709,448,1493,-4.65353,1223.315188,71.657997,-11.757976,74.578145,-1.891536,70.711627,7,NA,0.448,119.877,0.934915,-7.682859,479.696811,37.640415,42.436703,NA
"L67174","H000006081","Prevenar","L57276",2015-06-12,0.581332,815.772979,861.560236,0.563769,41.926399,486,1378,-1.207722,1140.680215,69.187388,-2.85162,68.062631,-2.199204,65.510453,7,NA,0.486,118.11,1.024221,-4.477287,474.234731,34.952276,40.934917,4.0813078824
"MY7331","H000033648","Prevenar","ME6150",2025-08-19,0.601872,855.680416,897.741401,0.598535,46.736713,537,1249,3.356834,1182.06691,NA,7.177167,NA,1.415503,NA,8,-4.990606,0.537,118.936,1.040047,2.263779,515.010498,38.940156,44.795382,NA
"AW6836","H000010932","Prevenar","X39572",2019-04-30,0.680418,844.310014,811.000966,0.687793,44.938189,558,1203,4.58716,1097.855762,59.080344,10.21954,57.82155,5.93114,61.506864,8,NA,0.558,118.913,0.970961,8.088892,574.48346,40.169348,46.282169,NA
"HF3768","H000011374","Prevenar","HA8581",2023-08-23,0.740223,667.29478,639.790799,0.797157,49.116926,510,1314,0.913237,1303.596405,55.541097,1.889709,53.25089,-0.63408,57.928754,9,NA,0.51,118.893,1.032527,-2.233737,493.947043,41.555897,47.56961,4.0619638889
"AW6847","H000008135","Prevenar","X89034",2019-05-06,0.654209,819.45956,793.965555,0.638855,45.337745,507,1322,0.246024,1231.38444,63.453715,0.511575,62.747524,2.82645,65.491196,8,NA,0.507,119.519,0.946149,-0.60135,536.097711,42.108154,47.918171,4.1541869698
"N90864","H000008135","Prevenar","M35326",2016-06-16,0.729945,631.525572,703.373366,0.696375,52.361505,490,1367,-1.238196,1457.304656,66.983834,-2.386089,63.978664,-4.320461,60.141607,10,NA,0.49,119.877,1.062547,-6.8725,460.979123,43.188457,49.27924,3.9094978091
"NJ4988","H000035016","Prevenar","ME6149",2025-11-07,0.607794,740.082109,720.625017,0.677938,50.429008,489,1370,-1.340493,1436.299688,NA,-2.679547,NA,-5.337476,NA,9,-9.465318,0.489,119.691,1.086082,-3.998406,449.817525,41.295001,46.432025,NA
"DK2072","H000013782","Prevenar","CM4666",2020-03-31,0.624236,794.116655,735.114592,0.68038,50.967148,500,1340,-0.077522,1422.035175,67.347521,-0.154611,68.018759,-0.530137,72.752995,9,NA,0.5,119.232,1.00896,0.842067,495.715948,44.668151,50.514533,3.9313992931
"N34092","H000008135","Prevenar","L59969",2016-06-04,0.63455,744.30956,795.14796,0.609801,47.011865,485,1381,-1.771254,1271.436241,70.284326,-3.803148,69.036068,-2.990939,65.790644,9,NA,0.485,119.849,1.026635,-5.579161,472.301809,39.737918,45.79218,3.8561718743
"FM6163","H000017723","Prevenar","ER8679",2022-02-05,0.740808,650.360144,706.352887,0.708112,52.495492,500,1340,-0.105979,1455.738877,66.44474,-0.183984,59.837376,-2.035498,61.177651,10,NA,0.5,119.3,1.038158,-10.128134,481.792232,43.847939,50.565973,4.0418139682
"GR3511","H000010932","Prevenar","GA0018",2023-01-18,0.676738,745.847176,757.746277,0.635702,46.465148,482,1389,-1.844231,1343.09289,64.009544,-3.976196,61.491554,0.378457,63.004385,8,NA,0.482,117.872,0.954348,-7.90997,504.743418,41.67499,48.687836,NA
"DA1904","H000011044","Prevenar","CH7313",2019-12-14,0.546394,878.145443,873.397957,0.573864,44.349801,501,1337,0.03,1234.30757,69.18594,0.042758,68.421663,-1.863477,69.562011,8,NA,0.501,118.89,1.044598,-1.061912,479.812968,37.281254,42.456325,3.8927646736
"DL7370","H000010932","Prevenar","CM4666",2020-03-03,0.624236,794.116655,735.114592,0.68038,50.967148,500,1340,-0.077522,1422.035175,67.347521,-0.154611,68.018759,-0.530137,72.752995,9,NA,0.5,119.232,1.00896,0.842067,495.715948,44.668151,50.514533,NA
"EL8862","H000010932","Prevenar","DN7274",2020-12-22,0.693645,758.552214,726.17441,0.71386,49.61474,518,1294,1.80908,1324.551958,63.41077,3.678812,62.655285,2.553598,66.238054,9,NA,0.518,119.319,0.985216,2.487398,526.166054,42.849908,50.359258,NA
"FG5406","H000019488","Prevenar","EM9421",2021-09-16,0.68814,666.975846,634.492727,0.724485,50.23904,460,1455,-4.991108,1515.065006,61.793421,-8.768786,61.07405,-5.068478,64.956961,9,NA,0.46,119.36,1.001542,-9.93294,458.972551,44.227635,50.16167,NA
"FT9255","H000011374","Prevenar","EY5980",2022-04-12,0.730185,660.837533,690.652526,0.713979,49.323954,493,1359,-0.725435,1375.821426,61.779027,-1.457535,58.330272,-1.783517,59.112069,9,NA,0.493,119.319,1.021922,-7.039939,482.533356,42.331212,48.265872,3.929641776
"GD0318","H000013782","Prevenar","FN7283",2022-05-28,0.680501,673.906006,638.312797,0.753218,52.869924,481,1392,-2.034217,1516.812924,63.392798,-3.834816,62.739227,-4.474922,66.927669,10,NA,0.481,118.947,1.048399,-4.865802,458.593597,44.00759,50.429218,4.0043277154
"FJ5976","H000011044","Prevenar","EM9423",2021-09-14,0.782554,619.489924,627.268129,0.768887,49.45312,482,1389,-2.00129,1430.154065,58.233195,-4.057993,60.057182,-1.746423,57.511096,9,NA,0.482,119.226,0.994873,-0.92578,484.784013,43.580792,49.707988,4.0148888108
"HA2749","H000019489","Prevenar","HA8580",2023-06-14,0.698352,699.192861,712.637471,0.696196,47.785122,496,1351,-0.477817,1279.710365,62.494317,-0.977084,61.023319,-1.234118,61.3153,9,NA,0.496,119.691,1.016082,-3.330896,488.283017,40.7851,47.028821,NA
"EN6425","H000014198","Prevenar","DN7274",2021-02-10,0.693645,758.552214,726.17441,0.71386,49.61474,518,1294,1.80908,1324.551958,63.41077,3.678812,62.655285,2.553598,66.238054,9,NA,0.518,119.319,0.985216,2.487398,526.166054,42.849908,50.359258,3.710747076
"GR2553","H000019489","Prevenar","FN7284",2022-12-22,0.726056,666.385373,665.515599,0.722839,48.935935,481,1392,-2.063066,1418.915047,61.117081,-4.20954,61.745059,-1.781008,61.196956,9,NA,0.481,118.948,0.994269,-3.182041,483.833207,43.057609,49.217993,NA
"AR7666","H000010932","Prevenar","X39572",2019-03-24,0.680418,844.310014,811.000966,0.687793,44.938189,558,1203,4.58716,1097.855762,59.080344,10.21954,57.82155,5.93114,61.506864,8,NA,0.558,118.913,0.970961,8.088892,574.48346,40.169348,46.282169,4.1005030649
"AM6028","H000010932","Prevenar","X39572",2019-03-11,0.680418,844.310014,811.000966,0.687793,44.938189,558,1203,4.58716,1097.855762,59.080344,10.21954,57.82155,5.93114,61.506864,8,NA,0.558,118.913,0.970961,8.088892,574.48346,40.169348,46.282169,NA
"AW6507","H000008135","Prevenar","X39572",2019-04-28,0.680418,844.310014,811.000966,0.687793,44.938189,558,1203,4.58716,1097.855762,59.080344,10.21954,57.82155,5.93114,61.506864,8,NA,0.558,118.913,0.970961,8.088892,574.48346,40.169348,46.282169,4.0558556714
"HT5055","H000010932","Prevenar","HM2102",2024-04-08,0.638913,764.211005,758.71646,0.64148,46.515277,487,1375,-1.343422,1316.275752,65.950625,-2.90978,64.495517,-1.194019,66.428233,9,NA,0.487,119.752,0.996798,-5.11614,488.264641,40.412551,46.664681,4.0266098877
"LH9176","H000028394","Prevenar","LD1216",2024-08-19,0.573578,814.176245,818.478593,0.575024,41.539234,471,1421,-2.590297,1164.671312,64.439675,-6.205792,62.484768,-2.912526,64.100946,8,-17.681286,0.471,119.986,1.007818,-9.239493,466.993736,35.950259,41.217006,NA
"HE4012","H000011044","Prevenar","HA8581",2023-07-30,0.740223,667.29478,639.790799,0.797157,49.116926,510,1314,0.913237,1303.596405,55.541097,1.889709,53.25089,-0.63408,57.928754,9,NA,0.51,118.893,1.032527,-2.233737,493.947043,41.555897,47.56961,3.9192473594
"GR3611","H000011044","Prevenar","FX8007",2023-03-20,0.722264,677.829355,740.670716,0.668867,48.188316,495,1353,-0.480904,1272.975835,63.813828,-0.996002,58.581714,-1.048813,58.399617,9,NA,0.495,119.246,1.011926,-9.195031,489.571779,41.106113,47.620407,4.038961153
"HJ3851","H000019489","Prevenar","HK6558",2023-11-21,0.641152,721.282184,720.112225,0.6516,46.25825,469,1427,-3.170251,1414.819355,63.24535,-6.839735,61.069123,-3.838026,63.348104,9,NA,0.469,119.948,1.014647,-10.280663,462.451274,39.674316,45.590475,NA
"LX2593","H000010932","Prevenar","LK2948",2025-01-27,0.600654,850.891525,847.504668,0.618739,47.998322,524,1280,2.044121,1266.989458,69.145576,4.25955,66.993028,0.827433,69.4219,9,-7.533593,0.524,119.52,1.026008,1.146484,511.091488,40.598676,46.781634,NA
"X98630","H000013782","Prevenar","W87272",2018-11-13,0.694502,765.828462,812.511076,0.650565,44.34298,529,1268,2.25438,1235.584871,61.406723,5.115853,60.026267,2.529333,57.878615,8,NA,0.529,118.788,0.993838,2.8678,531.869046,39.27005,44.617933,4.0477285556
"DA1866","H000008135","Prevenar","CH7313",2019-12-11,0.546394,878.145443,873.397957,0.573864,44.349801,501,1337,0.03,1234.30757,69.18594,0.042758,68.421663,-1.863477,69.562011,8,NA,0.501,118.89,1.044598,-1.061912,479.812968,37.281254,42.456325,4.0434842674
"ER1039","H000006081","Prevenar","DN7274",2021-01-21,0.693645,758.552214,726.17441,0.71386,49.61474,518,1294,1.80908,1324.551958,63.41077,3.678812,62.655285,2.553598,66.238054,9,NA,0.518,119.319,0.985216,2.487398,526.166054,42.849908,50.359258,3.7653221846
"GD0320","H000013782","Prevenar","FN7283",2022-07-21,0.680501,673.906006,638.312797,0.753218,52.869924,481,1392,-2.034217,1516.812924,63.392798,-3.834816,62.739227,-4.474922,66.927669,10,NA,0.481,118.947,1.048399,-4.865802,458.593597,44.00759,50.429218,4.2117189387
"GC1489","H000008135","Prevenar","FN7283",2022-06-02,0.680501,673.906006,638.312797,0.753218,52.869924,481,1392,-2.034217,1516.812924,63.392798,-3.834816,62.739227,-4.474922,66.927669,10,NA,0.481,118.947,1.048399,-4.865802,458.593597,44.00759,50.429218,4.0200300698
"LJ1134","H000019489","Prevenar","LD1216",2024-07-22,0.573578,814.176245,818.478593,0.575024,41.539234,471,1421,-2.590297,1164.671312,64.439675,-6.205792,62.484768,-2.912526,64.100946,8,-17.681286,0.471,119.986,1.007818,-9.239493,466.993736,35.950259,41.217006,NA
"HJ3849","H000019489","Prevenar","HK6558",2023-11-24,0.641152,721.282184,720.112225,0.6516,46.25825,469,1427,-3.170251,1414.819355,63.24535,-6.839735,61.069123,-3.838026,63.348104,9,NA,0.469,119.948,1.014647,-10.280663,462.451274,39.674316,45.590475,NA
"EL8877","H000010932","Prevenar","DN7274",2021-01-18,0.693645,758.552214,726.17441,0.71386,49.61474,518,1294,1.80908,1324.551958,63.41077,3.678812,62.655285,2.553598,66.238054,9,NA,0.518,119.319,0.985216,2.487398,526.166054,42.849908,50.359258,NA
"GX2942","H000013782","Prevenar","HA8580",2023-06-01,0.698352,699.192861,712.637471,0.696196,47.785122,496,1351,-0.477817,1279.710365,62.494317,-0.977084,61.023319,-1.234118,61.3153,9,NA,0.496,119.691,1.016082,-3.330896,488.283017,40.7851,47.028821,4.0640580268
"R98841","H000010932","Prevenar","M93372",2016-11-14,0.73065,643.075412,605.571639,0.812397,53.986655,492,1361,-0.808927,1455.257197,59.067452,-1.516294,60.413897,-3.234274,62.72557,9,NA,0.492,118.693,1.047038,0.763209,469.863053,43.676485,51.561307,NA
"MC2224","H000033648","Prevenar","LY2890",2025-02-07,0.675645,730.667468,727.381622,0.669529,46.790783,487,1375,-1.346146,1368.957158,62.485386,-2.873688,62.053008,-0.705391,62.767655,9,-14.008496,0.487,119.589,0.986491,-3.565655,493.671898,40.867904,47.431537,NA
"S51049","H000008135","Prevenar","N70121",2017-04-19,0.707575,809.358606,796.936713,0.709098,47.705783,565,1188,5.343963,1109.603349,59.390372,11.233655,59.027434,5.98352,60.316093,9,NA,0.565,119.878,0.986771,10.622549,572.682084,41.287971,48.34534,4.3122650178
"AR7676","H000006081","Prevenar","X39572",2019-03-22,0.680418,844.310014,811.000966,0.687793,44.938189,558,1203,4.58716,1097.855762,59.080344,10.21954,57.82155,5.93114,61.506864,8,NA,0.558,118.913,0.970961,8.088892,574.48346,40.169348,46.282169,4.1087255621
"GR2982","H000008135","Prevenar","GL6237",2023-02-12,0.547509,891.757866,894.213145,0.543895,37.160515,486,1378,-0.660854,1059.674548,61.057037,-1.747089,56.189896,-0.51665,60.889391,7,NA,0.486,119.533,0.996134,-9.718557,488.245377,32.082957,37.304719,4.1451079092
"LJ1140","H000019489","Prevenar","LD1217",2024-08-30,0.634818,743.968358,804.968751,0.586873,48.991886,472,1418,-2.903313,1429.060589,73.192243,-5.93063,69.171398,-2.916736,67.645748,9,-11.277486,0.472,119.232,1.000274,-11.424169,472.284681,42.780994,48.978463,NA
"HJ6205","H000017723","Prevenar","HA8581",2023-08-06,0.740223,667.29478,639.790799,0.797157,49.116926,510,1314,0.913237,1303.596405,55.541097,1.889709,53.25089,-0.63408,57.928754,9,NA,0.51,118.893,1.032527,-2.233737,493.947043,41.555897,47.56961,3.9966881034
"LL4194","H000019489","Prevenar","LD1219",2024-10-27,0.615711,815.850816,918.222269,0.507999,37.591474,466,1436,-2.680536,1140.113179,67.77405,-7.14131,59.409859,0.21037,60.218006,7,-13.404205,0.466,118.75,0.928589,-19.482599,502.328389,35.841924,40.48238,NA
"HG8785","H000019489","Prevenar","HD8749",2023-10-12,0.659558,758.068131,757.399038,0.660344,45.715187,500,1340,-0.450375,1333.670214,61.81624,-0.960206,51.728491,-0.464458,61.870849,8,NA,0.5,119.196,1.000308,-17.279135,499.989794,39.922505,45.701104,NA
"N33862","H000008135","Prevenar","L59969",2016-05-19,0.63455,744.30956,795.14796,0.609801,47.011865,485,1381,-1.771254,1271.436241,70.284326,-3.803148,69.036068,-2.990939,65.790644,9,NA,0.485,119.849,1.026635,-5.579161,472.301809,39.737918,45.79218,3.941616181
"MG4227","H000031244","Prevenar","ME6147",2025-10-09,0.655748,754.678103,775.925203,0.65641,53.632172,509,1317,0.556252,1413.423226,NA,1.007445,NA,-0.964952,NA,10,-8.120948,0.509,119.8,1.029192,-2.5104,494.878634,45.224802,52.110968,NA
"ED8314","H000013782","Prevenar","DL7877",2020-11-12,0.617264,760.307018,751.685164,0.635689,46.449942,478,1401,-2.350118,1317.855281,82.315575,-5.047893,79.656947,-3.179119,83.259737,8,NA,0.478,118.971,1.018171,-8.277692,469.309899,39.854517,45.620941,3.9013700434
"X06519","H000006081","Prevenar","T49747",2018-07-08,0.668926,739.255319,758.804475,0.648189,48.370614,492,1361,-1.236316,1372.437337,67.607169,-2.588676,64.507912,-0.974887,65.865399,9,NA,0.492,118.512,0.994624,-7.172891,494.507139,42.494099,48.632043,3.9947082004
"CG1801","H000008135","Prevenar","AH4754",2019-05-08,0.586904,808.091191,798.712884,0.636294,47.555135,508,1319,0.728715,1323.741633,65.228071,1.551601,65.319917,-2.44749,65.993964,9,NA,0.508,119.319,1.07157,1.69241,474.272241,38.333618,44.37893,3.8958979701
"GR3695","H000019489","Prevenar","GL6237",2023-01-30,0.547509,891.757866,894.213145,0.543895,37.160515,486,1378,-0.660854,1059.674548,61.057037,-1.747089,56.189896,-0.51665,60.889391,7,NA,0.486,119.533,0.996134,-9.718557,488.245377,32.082957,37.304719,NA
"AW6842","H000008090","Prevenar","AM9038",2019-07-12,0.650859,788.784067,840.806625,0.60843,45.875935,512,1309,0.960774,1223.89034,68.611174,2.103055,61.965141,1.123593,64.366049,8,NA,0.512,118.816,0.996463,-7.583463,513.387202,40.191336,46.038754,4.1
"GF0554","H000019489","Prevenar","FD7878",2022-06-17,0.700687,674.490651,726.100519,0.689816,51.838422,501,1337,-0.051387,1448.925165,67.925369,-0.09386,62.058738,-2.977101,63.097361,9,NA,0.501,118.121,1.059815,-8.730738,472.606789,42.932754,48.912708,NA
"GW4131","H000006081","Prevenar","GY0029",2023-05-01,0.652248,671.031988,679.140512,0.679878,48.146444,462,1449,-3.079935,1385.328785,64.320387,-6.422309,60.324722,-5.588065,63.55244,9,NA,0.462,118.151,1.054957,-12.634437,437.679582,38.673285,45.638314,4.1902385595
"LJ0993","H000010932","Prevenar","LD1216",2024-07-21,0.573578,814.176245,818.478593,0.575024,41.539234,471,1421,-2.590297,1164.671312,64.439675,-6.205792,62.484768,-2.912526,64.100946,8,-17.681286,0.471,119.986,1.007818,-9.239493,466.993736,35.950259,41.217006,4.1078501631
"AR7679","H000006081","Prevenar","X39572",2019-03-28,0.680418,844.310014,811.000966,0.687793,44.938189,558,1203,4.58716,1097.855762,59.080344,10.21954,57.82155,5.93114,61.506864,8,NA,0.558,118.913,0.970961,8.088892,574.48346,40.169348,46.282169,4.0439458373
"EC6043","H000010932","Prevenar","DH4062",2020-08-31,0.678171,679.09769,723.331815,0.675095,48.617501,488,1372,-1.178298,1349.497533,64.62536,-2.461449,58.860024,-3.943459,60.673306,9,NA,0.488,119.876,1.060306,-11.382615,460.544206,40.433811,45.85234,NA
"FF8238","H000019489","Prevenar","EM9421",2021-08-23,0.68814,666.975846,634.492727,0.724485,50.23904,460,1455,-4.991108,1515.065006,61.793421,-8.768786,61.07405,-5.068478,64.956961,9,NA,0.46,119.36,1.001542,-9.93294,458.972551,44.227635,50.16167,NA
"HH7687","H000031244","Prevenar","HG6462",2023-11-06,0.723125,681.114872,693.946271,0.691329,47.757649,480,1395,-1.91901,1348.746712,61.294914,-3.998713,59.132577,-0.646218,60.161542,9,NA,0.48,119.892,0.974041,-7.526472,492.531007,42.984517,49.03044,NA
"LX3407","H000017723","Prevenar","LK2947",2024-12-31,0.628983,776.020637,759.099495,0.641511,47.739008,487,1375,-1.43445,1379.906294,66.602226,-2.9978,64.985164,-1.323331,68.086861,9,-12.912932,0.487,118.991,0.997678,-5.425739,488.104114,41.749185,47.850127,4.0788018158
"LX3401","H000013782","Prevenar","ME6146",2025-07-01,0.709539,726.839938,747.604672,0.688465,50.327697,515,1302,1.382987,1353.717645,NA,2.768283,NA,1.482883,NA,9,-14.362059,0.515,119.093,0.998019,1.122823,515.72119,43.977884,50.427592,4.0988538909
"CM3332","H000008090","Prevenar","X37485",2019-10-26,0.628265,711.549163,766.374146,0.672521,51.315357,515,1302,1.327496,1389.260995,67.553449,2.568681,66.282375,-5.478769,62.720801,9,NA,0.515,119.622,1.152919,0.687097,447.041705,38.947138,44.509093,4.1025935949
"EW0925","H000010932","Prevenar","EM9421",2021-04-25,0.68814,666.975846,634.492727,0.724485,50.23904,460,1455,-4.991108,1515.065006,61.793421,-8.768786,61.07405,-5.068478,64.956961,9,NA,0.46,119.36,1.001542,-9.93294,458.972551,44.227635,50.16167,NA
"GR3549","H000017723","Prevenar","GL6237",2023-02-05,0.547509,891.757866,894.213145,0.543895,37.160515,486,1378,-0.660854,1059.674548,61.057037,-1.747089,56.189896,-0.51665,60.889391,7,NA,0.486,119.533,0.996134,-9.718557,488.245377,32.082957,37.304719,3.9937945659
"N31254","H000008135","Prevenar","L59969",2016-04-20,0.63455,744.30956,795.14796,0.609801,47.011865,485,1381,-1.771254,1271.436241,70.284326,-3.803148,69.036068,-2.990939,65.790644,9,NA,0.485,119.849,1.026635,-5.579161,472.301809,39.737918,45.79218,3.8278606942
"AR7665","H000010932","Prevenar","X39572",2019-03-16,0.680418,844.310014,811.000966,0.687793,44.938189,558,1203,4.58716,1097.855762,59.080344,10.21954,57.82155,5.93114,61.506864,8,NA,0.558,118.913,0.970961,8.088892,574.48346,40.169348,46.282169,NA
"AW6844","H000006081","Prevenar","AH4754",2019-05-18,0.586904,808.091191,798.712884,0.636294,47.555135,508,1319,0.728715,1323.741633,65.228071,1.551601,65.319917,-2.44749,65.993964,9,NA,0.508,119.319,1.07157,1.69241,474.272241,38.333618,44.37893,3.8576715248
"LX3429","H000031244","Prevenar","LE2392",2024-12-04,0.613187,829.989196,798.89911,0.652684,33.820732,521,1287,1.454571,918.354344,46.443502,4.263852,43.818389,0.644424,48.250905,6,-3.824573,0.521,119.408,1.024542,-1.38842,508.938404,28.526772,33.010585,NA
"N90922","H000011612","Prevenar","M35326",2016-06-28,0.729945,631.525572,703.373366,0.696375,52.361505,490,1367,-1.238196,1457.304656,66.983834,-2.386089,63.978664,-4.320461,60.141607,10,NA,0.49,119.877,1.062547,-6.8725,460.979123,43.188457,49.27924,4.4690381273
"L52160","H000006081","Prevenar","H85445",2015-02-11,0.602955,805.21666,862.046944,0.564135,44.042705,486,1378,-1.413944,1228.430955,70.298215,-3.246525,68.11204,-1.486503,65.663819,8,NA,0.486,118.865,1.00165,-6.356384,485.509659,36.654723,43.970147,3.8444355582
"LC5376","H000013782","Prevenar","HT4746",2024-06-14,0.570256,826.330532,827.918793,0.584369,40.584033,484,1384,-1.455518,1130.010435,62.506235,-3.587374,62.639659,-2.51163,62.386325,8,NA,0.484,119.963,1.026718,-3.373918,471.220104,34.24902,39.52792,4.1510146905
"M97249","H000008135","Prevenar","L59966",2016-02-16,0.619941,811.179696,821.39033,0.644788,51.155479,530,1265,2.747809,1294.220551,72.154161,5.355446,68.669834,0.165111,71.257219,9,NA,0.53,119.89,1.053172,0.526443,502.883472,42.478532,48.57278,3.7259690691
"MG4262","H000035016","Prevenar","ME2373",2025-05-28,0.640824,718.404614,716.528586,0.672115,44.407748,482,1389,-1.550942,1289.830943,NA,-3.478863,NA,-3.50753,NA,8,-14.994656,0.482,119.292,1.04609,-6.156181,460.371265,36.450882,42.451161,NA
"CR3607","H000008135","Prevenar","X37485",2019-10-10,0.628265,711.549163,766.374146,0.672521,51.315357,515,1302,1.327496,1389.260995,67.553449,2.568681,66.282375,-5.478769,62.720801,9,NA,0.515,119.622,1.152919,0.687097,447.041705,38.947138,44.509093,3.86658376
"AW6841","H000008090","Prevenar","AM9038",2019-06-23,0.650859,788.784067,840.806625,0.60843,45.875935,512,1309,0.960774,1223.89034,68.611174,2.103055,61.965141,1.123593,64.366049,8,NA,0.512,118.816,0.996463,-7.583463,513.387202,40.191336,46.038754,NA
"M56315","H000008135","Prevenar","L33554",2015-10-13,0.619604,751.126126,814.076997,0.576156,42.624976,469,1427,-2.825723,1230.21135,67.048989,-6.64754,64.810006,-3.155985,61.864231,8,NA,0.469,119.886,1.007809,-9.986864,465.40102,36.126945,42.294714,4.1846913574
"LX3439","H000033648","Prevenar","LK2947",2025-01-07,0.628983,776.020637,759.099495,0.641511,47.739008,487,1375,-1.43445,1379.906294,66.602226,-2.9978,64.985164,-1.323331,68.086861,9,-12.912932,0.487,118.991,0.997678,-5.425739,488.104114,41.749185,47.850127,NA
"CK6542","H000008090","Prevenar","AR4781",2019-08-06,0.593452,796.308069,768.939803,0.626399,49.349587,482,1389,-1.833725,1416.216994,71.391958,-3.731641,68.232601,-2.765361,73.932956,9,NA,0.482,119.514,1.019242,-8.157009,472.570269,42.351175,48.417951,4.2119971435
"FF8105","H000019488","Prevenar","EM9421",2021-06-24,0.68814,666.975846,634.492727,0.724485,50.23904,460,1455,-4.991108,1515.065006,61.793421,-8.768786,61.07405,-5.068478,64.956961,9,NA,0.46,119.36,1.001542,-9.93294,458.972551,44.227635,50.16167,NA
"HG8830","H000028394","Prevenar","HG6462",2023-11-16,0.723125,681.114872,693.946271,0.691329,47.757649,480,1395,-1.91901,1348.746712,61.294914,-3.998713,59.132577,-0.646218,60.161542,9,NA,0.48,119.892,0.974041,-7.526472,492.531007,42.984517,49.03044,NA
"EC6042","H000010932","Prevenar","CM4666",2020-08-29,0.624236,794.116655,735.114592,0.68038,50.967148,500,1340,-0.077522,1422.035175,67.347521,-0.154611,68.018759,-0.530137,72.752995,9,NA,0.5,119.232,1.00896,0.842067,495.715948,44.668151,50.514533,NA
"FP0676","H000006081","Prevenar","FD7878",2022-05-05,0.700687,674.490651,726.100519,0.689816,51.838422,501,1337,-0.051387,1448.925165,67.925369,-0.09386,62.058738,-2.977101,63.097361,9,NA,0.501,118.121,1.059815,-8.730738,472.606789,42.932754,48.912708,3.8961984514
"HN7636","H000011044","Prevenar","HK6561",2023-12-27,0.684493,691.768826,745.867334,0.653473,49.369605,487,1375,-1.351587,1374.069327,67.611658,-2.742949,67.001637,-2.758821,62.707717,9,NA,0.487,118.678,1.02934,-3.645192,473.511208,41.754114,47.962371,4.0459327214
"CR3644","H000013782","Prevenar","CA6647",2019-10-28,0.572268,828.225335,836.350135,0.583856,45.027011,488,1372,-1.166028,1288.255628,69.263275,-2.61,65.991799,-2.488451,68.590411,8,NA,0.488,119.618,1.030258,-7.333247,473.966944,37.574059,43.704588,3.8589005377
"CG3541","H000008135","Prevenar","AK9662",2019-05-26,0.617436,778.977682,760.71388,0.667652,42.947638,508,1319,0.349177,1255.525243,57.122449,0.850494,54.924398,-1.92749,58.493889,8,NA,0.508,119.855,1.055978,-2.99747,480.968841,35.48788,40.670971,NA
"FJ5974","H000011044","Prevenar","ER8678",2021-09-20,0.582551,748.271092,710.494724,0.683609,50.110376,486,1378,-1.430384,1420.44792,65.931119,-2.886979,62.260154,-6.567758,69.436617,9,NA,0.486,118.056,1.114232,-8.454859,435.905805,39.735383,44.973002,3.9891337125
"FN4196","H000008135","Prevenar","ER8678",2021-10-31,0.582551,748.271092,710.494724,0.683609,50.110376,486,1378,-1.430384,1420.44792,65.931119,-2.886979,62.260154,-6.567758,69.436617,9,NA,0.486,118.056,1.114232,-8.454859,435.905805,39.735383,44.973002,4.2514941543
"MG3440","H000010932","Prevenar","LY2893",2025-06-22,0.679176,706.782035,684.747583,0.687216,48.120425,471,1421,-3.148504,1464.533304,62.36144,-6.508997,60.970201,-2.181101,64.368165,9,-14.843238,0.471,119.157,0.980292,-8.739926,480.029405,43.132832,49.087828,4.3228819671
"NM6492","H000032244","Prevenar","NF7724",2026-06-13,0.637834,799.883335,811.479466,0.642017,54.231073,521,1287,1.947984,1505.47881,NA,3.561322,NA,0.824745,NA,10,-10.136817,0.521,119.892,1.02115,-1.626629,510.192664,46.005087,53.107834,NA
"CK6541","H000008090","Prevenar","CA6646",2019-09-18,0.633354,782.864016,807.58715,0.614058,46.028181,496,1351,-0.67042,1282.385194,67.674608,-1.487067,66.431211,-0.677396,65.602846,9,NA,0.496,119.968,1.000152,-3.324385,495.830433,40.227947,46.021205,4.2623986495
"EL8863","H000010932","Prevenar","DN7274",2020-12-27,0.693645,758.552214,726.17441,0.71386,49.61474,518,1294,1.80908,1324.551958,63.41077,3.678812,62.655285,2.553598,66.238054,9,NA,0.518,119.319,0.985216,2.487398,526.166054,42.849908,50.359258,NA
"FA5690","H000008135","Prevenar","DT9983",2021-05-15,0.683409,669.824551,735.178399,0.661348,48.184902,486,1378,-1.524269,1337.261492,65.85186,-3.183444,63.125631,-4.343246,59.997944,9,NA,0.486,118.21,1.062139,-7.323387,457.764061,39.51889,45.365925,3.8971877138
"FA1615","H000010932","Prevenar","EM9421",2021-05-30,0.68814,666.975846,634.492727,0.724485,50.23904,460,1455,-4.991108,1515.065006,61.793421,-8.768786,61.07405,-5.068478,64.956961,9,NA,0.46,119.36,1.001542,-9.93294,458.972551,44.227635,50.16167,NA
"GG9457","H000028394","Prevenar","FD7878",2022-08-02,0.700687,674.490651,726.100519,0.689816,51.838422,501,1337,-0.051387,1448.925165,67.925369,-0.09386,62.058738,-2.977101,63.097361,9,NA,0.501,118.121,1.059815,-8.730738,472.606789,42.932754,48.912708,NA
"LJ1146","H000019489","Prevenar","LD1219",2024-10-12,0.615711,815.850816,918.222269,0.507999,37.591474,466,1436,-2.680536,1140.113179,67.77405,-7.14131,59.409859,0.21037,60.218006,7,-13.404205,0.466,118.75,0.928589,-19.482599,502.328389,35.841924,40.48238,NA
"MC2048","H000035016","Prevenar","LK2948",2025-01-25,0.600654,850.891525,847.504668,0.618739,47.998322,524,1280,2.044121,1266.989458,69.145576,4.25955,66.993028,0.827433,69.4219,9,-7.533593,0.524,119.52,1.026008,1.146484,511.091488,40.598676,46.781634,NA
"CL3195","H000013782","Prevenar","AK9662",2019-07-13,0.617436,778.977682,760.71388,0.667652,42.947638,508,1319,0.349177,1255.525243,57.122449,0.850494,54.924398,-1.92749,58.493889,8,NA,0.508,119.855,1.055978,-2.99747,480.968841,35.48788,40.670971,3.898525291
"J80520","H000002634","Prevenar","H01019",2014-10-23,0.609813,769.062226,744.296526,0.651425,46.617843,485,1381,-1.469845,1115.036257,64.26836,-3.156363,65.847966,-2.995632,66.406823,5,NA,0.485,70.256,1.033837,-0.698535,468.984092,35.627064,45.092057,4.595283683
"HG8824","H000028394","Prevenar","HG6462",2023-10-25,0.723125,681.114872,693.946271,0.691329,47.757649,480,1395,-1.91901,1348.746712,61.294914,-3.998713,59.132577,-0.646218,60.161542,9,NA,0.48,119.892,0.974041,-7.526472,492.531007,42.984517,49.03044,NA
"EC6041","H000010932","Prevenar","CM4666",2020-08-24,0.624236,794.116655,735.114592,0.68038,50.967148,500,1340,-0.077522,1422.035175,67.347521,-0.154611,68.018759,-0.530137,72.752995,9,NA,0.5,119.232,1.00896,0.842067,495.715948,44.668151,50.514533,NA
"MC2207","H000031244","Prevenar","ME2373",2025-04-21,0.640824,718.404614,716.528586,0.672115,44.407748,482,1389,-1.550942,1289.830943,NA,-3.478863,NA,-3.50753,NA,8,-14.994656,0.482,119.292,1.04609,-6.156181,460.371265,36.450882,42.451161,NA
"GH5804","H000017723","Prevenar","FN7284",2022-10-16,0.726056,666.385373,665.515599,0.722839,48.935935,481,1392,-2.063066,1418.915047,61.117081,-4.20954,61.745059,-1.781008,61.196956,9,NA,0.481,118.948,0.994269,-3.182041,483.833207,43.057609,49.217993,4.0769691404
"J80523","H000002634","Prevenar","H01019",2014-11-12,0.609813,769.062226,744.296526,0.651425,46.617843,485,1381,-1.469845,1115.036257,64.26836,-3.156363,65.847966,-2.995632,66.406823,5,NA,0.485,70.256,1.033837,-0.698535,468.984092,35.627064,45.092057,4.6033773762
"GT1666","H000017723","Prevenar","GY0029",2023-05-29,0.652248,671.031988,679.140512,0.679878,48.146444,462,1449,-3.079935,1385.328785,64.320387,-6.422309,60.324722,-5.588065,63.55244,9,NA,0.462,118.151,1.054957,-12.634437,437.679582,38.673285,45.638314,4.0309932143
"HN7746","H000017723","Prevenar","HK6561",2023-12-12,0.684493,691.768826,745.867334,0.653473,49.369605,487,1375,-1.351587,1374.069327,67.611658,-2.742949,67.001637,-2.758821,62.707717,9,NA,0.487,118.678,1.02934,-3.645192,473.511208,41.754114,47.962371,4.0164323516
"HN7643","H000011044","Prevenar","HT4744",2024-04-20,0.536736,881.479761,942.208935,0.5501,40.781963,518,1294,1.513165,1079.905123,65.632016,3.71884,63.013342,-2.042265,61.401767,8,NA,0.518,119.912,1.095508,-0.271094,473.122224,31.757962,37.226534,4.4219718524
"LJ1170","H000032244","Prevenar","LD1217",2024-09-19,0.634818,743.968358,804.968751,0.586873,48.991886,472,1418,-2.903313,1429.060589,73.192243,-5.93063,69.171398,-2.916736,67.645748,9,-11.277486,0.472,119.232,1.000274,-11.424169,472.284681,42.780994,48.978463,NA
"GM8433","H000028394","Prevenar","FN7284",2022-12-20,0.726056,666.385373,665.515599,0.722839,48.935935,481,1392,-2.063066,1418.915047,61.117081,-4.20954,61.745059,-1.781008,61.196956,9,NA,0.481,118.948,0.994269,-3.182041,483.833207,43.057609,49.217993,NA
"HY4218","H000032244","Prevenar","HT4744",2024-04-10,0.536736,881.479761,942.208935,0.5501,40.781963,518,1294,1.513165,1079.905123,65.632016,3.71884,63.013342,-2.042265,61.401767,8,NA,0.518,119.912,1.095508,-0.271094,473.122224,31.757962,37.226534,NA
"LT0940","H000031244","Prevenar","LD1219",2024-10-26,0.615711,815.850816,918.222269,0.507999,37.591474,466,1436,-2.680536,1140.113179,67.77405,-7.14131,59.409859,0.21037,60.218006,7,-13.404205,0.466,118.75,0.928589,-19.482599,502.328389,35.841924,40.48238,NA
"CM3342","H000010932","Prevenar","AH4754",2019-10-29,0.586904,808.091191,798.712884,0.636294,47.555135,508,1319,0.728715,1323.741633,65.228071,1.551601,65.319917,-2.44749,65.993964,9,NA,0.508,119.319,1.07157,1.69241,474.272241,38.333618,44.37893,3.888542906
"DJ2753","H000017723","Prevenar","CW3271",2020-02-25,0.715911,656.061609,624.148304,0.713093,47.397871,445,1503,-5.85959,1468.486119,60.738867,-12.399707,61.161247,-3.239203,63.844504,9,NA,0.445,118.664,0.947611,-11.704305,469.68162,44.119532,50.018259,4.2117442781
"DJ2705","H000008135","Prevenar","CM4667",2020-02-18,0.760638,627.487168,711.594307,0.689582,49.557602,491,1364,-1.018219,1397.54402,65.448945,-2.021295,61.8621,-2.372786,57.713184,9,NA,0.491,118.721,1.028101,-7.501666,477.290455,42.817482,48.203035,3.7609163852
"GC1488","H000008135","Prevenar","FT9276",2022-07-11,0.672456,726.164875,711.187886,0.722622,48.789344,514,1304,1.287803,1326.338372,60.919506,2.614706,64.132215,-1.143176,62.202417,9,NA,0.514,118.08,1.052439,7.888401,488.313631,40.443435,46.358366,4.0166595866
"CM3132","H000008135","Prevenar","CA6646",2019-09-13,0.633354,782.864016,807.58715,0.614058,46.028181,496,1351,-0.67042,1282.385194,67.674608,-1.487067,66.431211,-0.677396,65.602846,9,NA,0.496,119.968,1.000152,-3.324385,495.830433,40.227947,46.021205,3.9779041687
"CM3337","H000010932","Prevenar","CA6646",2019-08-25,0.633354,782.864016,807.58715,0.614058,46.028181,496,1351,-0.67042,1282.385194,67.674608,-1.487067,66.431211,-0.677396,65.602846,9,NA,0.496,119.968,1.000152,-3.324385,495.830433,40.227947,46.021205,NA
"GE6476","H000017723","Prevenar","FH2530",2022-06-24,0.611385,784.970107,805.359856,0.605822,45.577759,488,1372,-1.08033,1346.701596,66.698737,-2.347718,65.679226,-1.826276,65.010087,8,NA,0.488,119.52,1.016639,-3.87625,479.919234,39.665614,44.831813,3.7737200734
"GR2925","H000006081","Prevenar","FN7284",2022-12-20,0.726056,666.385373,665.515599,0.722839,48.935935,481,1392,-2.063066,1418.915047,61.117081,-4.20954,61.745059,-1.781008,61.196956,9,NA,0.481,118.948,0.994269,-3.182041,483.833207,43.057609,49.217993,4.1988876682
"HN7332","H000010932","Prevenar","HK6561",2024-01-12,0.684493,691.768826,745.867334,0.653473,49.369605,487,1375,-1.351587,1374.069327,67.611658,-2.742949,67.001637,-2.758821,62.707717,9,NA,0.487,118.678,1.02934,-3.645192,473.511208,41.754114,47.962371,NA
"S09143","H000008135","Prevenar","N43494",2016-11-26,0.648348,659.34066,682.572438,0.656936,51.245658,448,1493,-5.891122,1374.652922,68.297999,-11.46772,68.731221,-8.282413,65.973434,9,NA,0.448,119.483,1.048947,-10.83341,427.481966,40.617638,48.854366,3.7593893901
"DJ2697","H000006081","Prevenar","CM4666",2020-02-13,0.624236,794.116655,735.114592,0.68038,50.967148,500,1340,-0.077522,1422.035175,67.347521,-0.154611,68.018759,-0.530137,72.752995,9,NA,0.5,119.232,1.00896,0.842067,495.715948,44.668151,50.514533,3.7937428311
"DL7372","H000010932","Prevenar","CM4667",2020-04-22,0.760638,627.487168,711.594307,0.689582,49.557602,491,1364,-1.018219,1397.54402,65.448945,-2.021295,61.8621,-2.372786,57.713184,9,NA,0.491,118.721,1.028101,-7.501666,477.290455,42.817482,48.203035,4.0912326992
"DC8084","H000011044","Prevenar","CM4667",2019-12-23,0.760638,627.487168,711.594307,0.689582,49.557602,491,1364,-1.018219,1397.54402,65.448945,-2.021295,61.8621,-2.372786,57.713184,9,NA,0.491,118.721,1.028101,-7.501666,477.290455,42.817482,48.203035,3.8622957616
"LX3425","H000031244","Prevenar","LE2393",2024-12-13,0.591414,788.247214,718.440752,0.681138,43.078105,489,1370,-1.006925,1146.3856,56.661606,-2.371901,56.151162,-3.047192,62.167066,8,-7.958475,0.489,119.448,1.049717,-3.272765,466.180474,35.82371,41.037838,NA
"NM6457","H000031244","Prevenar","MT7831",2026-01-13,0.65294,745.052532,782.888017,0.638127,47.418977,500,1340,-0.089743,1244.929033,NA,-0.183573,NA,-1.333811,NA,9,-14.701419,0.5,119.367,1.026943,-5.343455,486.474883,39.948429,46.17491,NA
"AW6824","H000013782","Prevenar","X37485",2019-04-19,0.628265,711.549163,766.374146,0.672521,51.315357,515,1302,1.327496,1389.260995,67.553449,2.568681,66.282375,-5.478769,62.720801,9,NA,0.515,119.622,1.152919,0.687097,447.041705,38.947138,44.509093,3.7435863747
"AW6845","H000006081","Prevenar","AH4754",2019-05-12,0.586904,808.091191,798.712884,0.636294,47.555135,508,1319,0.728715,1323.741633,65.228071,1.551601,65.319917,-2.44749,65.993964,9,NA,0.508,119.319,1.07157,1.69241,474.272241,38.333618,44.37893,3.9439343049
"GH5502","H000010932","Prevenar","FN7284",2022-09-09,0.726056,666.385373,665.515599,0.722839,48.935935,481,1392,-2.063066,1418.915047,61.117081,-4.20954,61.745059,-1.781008,61.196956,9,NA,0.481,118.948,0.994269,-3.182041,483.833207,43.057609,49.217993,NA
"GH5610","H000013782","Prevenar","FX8007",2022-11-11,0.722264,677.829355,740.670716,0.668867,48.188316,495,1353,-0.480904,1272.975835,63.813828,-0.996002,58.581714,-1.048813,58.399617,9,NA,0.495,119.246,1.011926,-9.195031,489.571779,41.106113,47.620407,4.0121425926
"MY7678","H000011802","Prevenar","ME6147",2025-08-31,0.655748,754.678103,775.925203,0.65641,53.632172,509,1317,0.556252,1413.423226,NA,1.007445,NA,-0.964952,NA,10,-8.120948,0.509,119.8,1.029192,-2.5104,494.878634,45.224802,52.110968,4.1823935185
"EC6052","H000008135","Prevenar","DH4062",2020-09-17,0.678171,679.09769,723.331815,0.675095,48.617501,488,1372,-1.178298,1349.497533,64.62536,-2.461449,58.860024,-3.943459,60.673306,9,NA,0.488,119.876,1.060306,-11.382615,460.544206,40.433811,45.85234,3.6542650046
"ED8348","H000010932","Prevenar","DL7877",2020-11-27,0.617264,760.307018,751.685164,0.635689,46.449942,478,1401,-2.350118,1317.855281,82.315575,-5.047893,79.656947,-3.179119,83.259737,8,NA,0.478,118.971,1.018171,-8.277692,469.309899,39.854517,45.620941,3.9866309419
"LL4096","H000010932","Prevenar","LE2392",2024-11-03,0.613187,829.989196,798.89911,0.652684,33.820732,521,1287,1.454571,918.354344,46.443502,4.263852,43.818389,0.644424,48.250905,6,-3.824573,0.521,119.408,1.024542,-1.38842,508.938404,28.526772,33.010585,NA
"DJ2716","H000010932","Prevenar","CM4666",2020-02-09,0.624236,794.116655,735.114592,0.68038,50.967148,500,1340,-0.077522,1422.035175,67.347521,-0.154611,68.018759,-0.530137,72.752995,9,NA,0.5,119.232,1.00896,0.842067,495.715948,44.668151,50.514533,NA
"DJ2691","H000006081","Prevenar","CM4667",2020-01-14,0.760638,627.487168,711.594307,0.689582,49.557602,491,1364,-1.018219,1397.54402,65.448945,-2.021295,61.8621,-2.372786,57.713184,9,NA,0.491,118.721,1.028101,-7.501666,477.290455,42.817482,48.203035,3.8482016986
"DC8126","H000014198","Prevenar","CM4667",2020-01-03,0.760638,627.487168,711.594307,0.689582,49.557602,491,1364,-1.018219,1397.54402,65.448945,-2.021295,61.8621,-2.372786,57.713184,9,NA,0.491,118.721,1.028101,-7.501666,477.290455,42.817482,48.203035,3.7643578095
"HN7754","H000017723","Prevenar","HM2103",2024-01-18,0.617105,757.342544,761.397164,0.627368,46.424396,478,1401,-2.207036,1347.822466,66.881713,-4.740274,65.982231,-3.209622,66.525552,9,NA,0.478,118.636,1.022073,-6.085158,467.360089,39.745068,45.42181,4.0023400301
"LJ1019","H000011374","Prevenar","LD1217",2024-09-29,0.634818,743.968358,804.968751,0.586873,48.991886,472,1418,-2.903313,1429.060589,73.192243,-5.93063,69.171398,-2.916736,67.645748,9,-11.277486,0.472,119.232,1.000274,-11.424169,472.284681,42.780994,48.978463,3.8945757002
"EP0377","H000006081","Prevenar","DN7274",2021-01-02,0.693645,758.552214,726.17441,0.71386,49.61474,518,1294,1.80908,1324.551958,63.41077,3.678812,62.655285,2.553598,66.238054,9,NA,0.518,119.319,0.985216,2.487398,526.166054,42.849908,50.359258,3.8030835805
"ER9409","H000006081","Prevenar","DN7274",2021-01-29,0.693645,758.552214,726.17441,0.71386,49.61474,518,1294,1.80908,1324.551958,63.41077,3.678812,62.655285,2.553598,66.238054,9,NA,0.518,119.319,0.985216,2.487398,526.166054,42.849908,50.359258,4.0336570472
"CJ4095","H000019489","Prevenar","X89034",2019-06-20,0.654209,819.45956,793.965555,0.638855,45.337745,507,1322,0.246024,1231.38444,63.453715,0.511575,62.747524,2.82645,65.491196,8,NA,0.507,119.519,0.946149,-0.60135,536.097711,42.108154,47.918171,NA
"DA1910","H000013782","Prevenar","CM4667",2020-01-21,0.760638,627.487168,711.594307,0.689582,49.557602,491,1364,-1.018219,1397.54402,65.448945,-2.021295,61.8621,-2.372786,57.713184,9,NA,0.491,118.721,1.028101,-7.501666,477.290455,42.817482,48.203035,3.8322880682
"ED8337","H000010932","Prevenar","DL7878",2020-10-10,0.629635,763.216245,781.773712,0.639104,50.862573,500,1340,-0.320117,1385.340575,70.593497,-0.654031,64.957901,-2.263119,68.917774,9,NA,0.5,118.252,1.039718,-8.637198,480.548021,42.477288,48.919571,NA
"LP5294","H000010932","Prevenar","LE2393",2024-11-15,0.591414,788.247214,718.440752,0.681138,43.078105,489,1370,-1.006925,1146.3856,56.661606,-2.371901,56.151162,-3.047192,62.167066,8,-7.958475,0.489,119.448,1.049717,-3.272765,466.180474,35.82371,41.037838,NA
"MW1303","H000010932","Prevenar","LY2891",2025-08-08,0.660873,746.434938,780.105151,0.664027,43.98539,518,1294,1.562062,1148.522313,59.488604,3.591446,55.696081,-0.536276,56.921009,8,-6.215558,0.518,119.712,1.050095,-2.783763,493.298851,36.25857,41.887052,3.9098955521
"NJ4979","H000013782","Prevenar","ME6149",2025-11-23,0.607794,740.082109,720.625017,0.677938,50.429008,489,1370,-1.340493,1436.299688,NA,-2.679547,NA,-5.337476,NA,9,-9.465318,0.489,119.691,1.086082,-3.998406,449.817525,41.295001,46.432025,3.6745182499
"EX9679","H000014198","Prevenar","EM9421",2021-04-15,0.68814,666.975846,634.492727,0.724485,50.23904,460,1455,-4.991108,1515.065006,61.793421,-8.768786,61.07405,-5.068478,64.956961,9,NA,0.46,119.36,1.001542,-9.93294,458.972551,44.227635,50.16167,4.1268897137
"GH0409","H000019489","Prevenar","FD7878",2022-08-18,0.700687,674.490651,726.100519,0.689816,51.838422,501,1337,-0.051387,1448.925165,67.925369,-0.09386,62.058738,-2.977101,63.097361,9,NA,0.501,118.121,1.059815,-8.730738,472.606789,42.932754,48.912708,NA
"GH5589","H000010932","Prevenar","FT9276",2022-11-04,0.672456,726.164875,711.187886,0.722622,48.789344,514,1304,1.287803,1326.338372,60.919506,2.614706,64.132215,-1.143176,62.202417,9,NA,0.514,118.08,1.052439,7.888401,488.313631,40.443435,46.358366,NA
"T63420","H000006081","Prevenar","S63648",2017-09-08,0.768591,822.644901,841.634137,0.692573,47.730334,583,1152,6.701095,1121.053331,62.419911,14.035438,63.923112,10.744972,61.011572,9,NA,0.583,118.031,0.921894,16.443646,632.27749,43.840142,51.774211,3.9655000001
"GR3550","H000017723","Prevenar","GL6237",2023-02-08,0.547509,891.757866,894.213145,0.543895,37.160515,486,1378,-0.660854,1059.674548,61.057037,-1.747089,56.189896,-0.51665,60.889391,7,NA,0.486,119.533,0.996134,-9.718557,488.245377,32.082957,37.304719,4.1006872251
"HN7328","H000010932","Prevenar","HK6561",2023-12-28,0.684493,691.768826,745.867334,0.653473,49.369605,487,1375,-1.351587,1374.069327,67.611658,-2.742949,67.001637,-2.758821,62.707717,9,NA,0.487,118.678,1.02934,-3.645192,473.511208,41.754114,47.962371,NA
"NM6520","H000033648","Prevenar","MT7831",2026-01-18,0.65294,745.052532,782.888017,0.638127,47.418977,500,1340,-0.089743,1244.929033,NA,-0.183573,NA,-1.333811,NA,9,-14.701419,0.5,119.367,1.026943,-5.343455,486.474883,39.948429,46.17491,NA
"HF3782","H000013782","Prevenar","HG6462",2023-11-03,0.723125,681.114872,693.946271,0.691329,47.757649,480,1395,-1.91901,1348.746712,61.294914,-3.998713,59.132577,-0.646218,60.161542,9,NA,0.48,119.892,0.974041,-7.526472,492.531007,42.984517,49.03044,3.7360328393
"X23344","H000010932","Prevenar","T61723",2018-07-20,0.654491,794.601642,809.343584,0.651721,49.561802,527,1272,2.558552,1298.541981,69.319802,5.19585,68.332783,1.862649,68.057163,9,NA,0.527,119.942,1.014241,3.771987,520.05978,42.506395,48.865899,NA
"CG3546","H000006081","Prevenar","AH4754",2019-06-02,0.586904,808.091191,798.712884,0.636294,47.555135,508,1319,0.728715,1323.741633,65.228071,1.551601,65.319917,-2.44749,65.993964,9,NA,0.508,119.319,1.07157,1.69241,474.272241,38.333618,44.37893,3.8654326901
"EC6049","H000011044","Prevenar","DH4062",2020-09-16,0.678171,679.09769,723.331815,0.675095,48.617501,488,1372,-1.178298,1349.497533,64.62536,-2.461449,58.860024,-3.943459,60.673306,9,NA,0.488,119.876,1.060306,-11.382615,460.544206,40.433811,45.85234,3.6514626452
"GC1641","H000011374","Prevenar","FD7878",2022-06-07,0.700687,674.490651,726.100519,0.689816,51.838422,501,1337,-0.051387,1448.925165,67.925369,-0.09386,62.058738,-2.977101,63.097361,9,NA,0.501,118.121,1.059815,-8.730738,472.606789,42.932754,48.912708,3.9503069023
"GD6692","H000014198","Prevenar","FN7283",2022-05-17,0.680501,673.906006,638.312797,0.753218,52.869924,481,1392,-2.034217,1516.812924,63.392798,-3.834816,62.739227,-4.474922,66.927669,10,NA,0.481,118.947,1.048399,-4.865802,458.593597,44.00759,50.429218,3.9186778635
"GL2478","H000008135","Prevenar","FN7284",2022-10-03,0.726056,666.385373,665.515599,0.722839,48.935935,481,1392,-2.063066,1418.915047,61.117081,-4.20954,61.745059,-1.781008,61.196956,9,NA,0.481,118.948,0.994269,-3.182041,483.833207,43.057609,49.217993,4.5658316568
"HF3761","H000010932","Prevenar","HG6462",2023-10-25,0.723125,681.114872,693.946271,0.691329,47.757649,480,1395,-1.91901,1348.746712,61.294914,-3.998713,59.132577,-0.646218,60.161542,9,NA,0.48,119.892,0.974041,-7.526472,492.531007,42.984517,49.03044,NA
"LX2594","H000010932","Prevenar","LK2948",2025-02-02,0.600654,850.891525,847.504668,0.618739,47.998322,524,1280,2.044121,1266.989458,69.145576,4.25955,66.993028,0.827433,69.4219,9,-7.533593,0.524,119.52,1.026008,1.146484,511.091488,40.598676,46.781634,NA
"GN0388","H000019489","Prevenar","FN7284",2022-11-07,0.726056,666.385373,665.515599,0.722839,48.935935,481,1392,-2.063066,1418.915047,61.117081,-4.20954,61.745059,-1.781008,61.196956,9,NA,0.481,118.948,0.994269,-3.182041,483.833207,43.057609,49.217993,NA
"LE1011","H000028394","Prevenar","HT4747",2024-06-22,0.603616,794.70532,805.341275,0.556877,39.674709,448,1493,-4.65353,1223.315188,71.657997,-11.757976,74.578145,-1.891536,70.711627,7,NA,0.448,119.877,0.934915,-7.682859,479.696811,37.640415,42.436703,NA
"AK9119","H000011373","Prevenar","W87272",2019-01-08,0.694502,765.828462,812.511076,0.650565,44.34298,529,1268,2.25438,1235.584871,61.406723,5.115853,60.026267,2.529333,57.878615,8,NA,0.529,118.788,0.993838,2.8678,531.869046,39.27005,44.617933,4.1549880428
"M21958","H000008135","Prevenar","L33554",2015-08-31,0.619604,751.126126,814.076997,0.576156,42.624976,469,1427,-2.825723,1230.21135,67.048989,-6.64754,64.810006,-3.155985,61.864231,8,NA,0.469,119.886,1.007809,-9.986864,465.40102,36.126945,42.294714,4.4021662622
"AL9829","H000006081","Prevenar","W87272",2019-01-31,0.694502,765.828462,812.511076,0.650565,44.34298,529,1268,2.25438,1235.584871,61.406723,5.115853,60.026267,2.529333,57.878615,8,NA,0.529,118.788,0.993838,2.8678,531.869046,39.27005,44.617933,3.9137874965
"CM3128","H000006081","Prevenar","AM9038",2019-09-01,0.650859,788.784067,840.806625,0.60843,45.875935,512,1309,0.960774,1223.89034,68.611174,2.103055,61.965141,1.123593,64.366049,8,NA,0.512,118.816,0.996463,-7.583463,513.387202,40.191336,46.038754,4.0910305849
"GH5833","H000006081","Prevenar","FX8007",2022-11-11,0.722264,677.829355,740.670716,0.668867,48.188316,495,1353,-0.480904,1272.975835,63.813828,-0.996002,58.581714,-1.048813,58.399617,9,NA,0.495,119.246,1.011926,-9.195031,489.571779,41.106113,47.620407,3.9720636032
"GX9418","H000010932","Prevenar","FX8007",2023-03-23,0.722264,677.829355,740.670716,0.668867,48.188316,495,1353,-0.480904,1272.975835,63.813828,-0.996002,58.581714,-1.048813,58.399617,9,NA,0.495,119.246,1.011926,-9.195031,489.571779,41.106113,47.620407,NA
"HN7331","H000010932","Prevenar","HK6561",2024-01-01,0.684493,691.768826,745.867334,0.653473,49.369605,487,1375,-1.351587,1374.069327,67.611658,-2.742949,67.001637,-2.758821,62.707717,9,NA,0.487,118.678,1.02934,-3.645192,473.511208,41.754114,47.962371,NA
"MG4220","H000031244","Prevenar","ME2373",2025-06-13,0.640824,718.404614,716.528586,0.672115,44.407748,482,1389,-1.550942,1289.830943,NA,-3.478863,NA,-3.50753,NA,8,-14.994656,0.482,119.292,1.04609,-6.156181,460.371265,36.450882,42.451161,NA
"HX9341","H000017723","Prevenar","HT4744",2024-04-16,0.536736,881.479761,942.208935,0.5501,40.781963,518,1294,1.513165,1079.905123,65.632016,3.71884,63.013342,-2.042265,61.401767,8,NA,0.518,119.912,1.095508,-0.271094,473.122224,31.757962,37.226534,3.9177506521
"S51057","H000008135","Prevenar","S18374",2017-05-23,0.783598,660.821215,744.885842,0.650461,46.178208,485,1381,-1.352932,1313.659918,65.467468,-2.903143,62.695159,1.820693,58.07909,9,NA,0.485,118.459,0.935694,-7.13778,517.818306,42.792716,49.351832,4.1472049523
"EM4901","H000011044","Prevenar","DN7274",2021-02-04,0.693645,758.552214,726.17441,0.71386,49.61474,518,1294,1.80908,1324.551958,63.41077,3.678812,62.655285,2.553598,66.238054,9,NA,0.518,119.319,0.985216,2.487398,526.166054,42.849908,50.359258,3.7544393939
"GD6979","H000017723","Prevenar","FH2530",2022-06-11,0.611385,784.970107,805.359856,0.605822,45.577759,488,1372,-1.08033,1346.701596,66.698737,-2.347718,65.679226,-1.826276,65.010087,8,NA,0.488,119.52,1.016639,-3.87625,479.919234,39.665614,44.831813,4.089282787
"M32476","H000008135","Prevenar","L33554",2015-09-27,0.619604,751.126126,814.076997,0.576156,42.624976,469,1427,-2.825723,1230.21135,67.048989,-6.64754,64.810006,-3.155985,61.864231,8,NA,0.469,119.886,1.007809,-9.986864,465.40102,36.126945,42.294714,4.0426363461
"FA1616","H000010932","Prevenar","EM9421",2021-06-08,0.68814,666.975846,634.492727,0.724485,50.23904,460,1455,-4.991108,1515.065006,61.793421,-8.768786,61.07405,-5.068478,64.956961,9,NA,0.46,119.36,1.001542,-9.93294,458.972551,44.227635,50.16167,NA
"M56318","H000008135","Prevenar","L94892",2015-10-24,0.66818,782.485687,776.543655,0.647682,48.968477,503,1332,0.084478,1261.544366,68.770224,0.208548,70.150863,2.020806,69.296447,9,NA,0.503,119.4,0.961962,2.21616,522.84161,42.607212,50.904805,4.0832014404
"FA5689","H000008135","Prevenar","DT9983",2021-05-12,0.683409,669.824551,735.178399,0.661348,48.184902,486,1378,-1.524269,1337.261492,65.85186,-3.183444,63.125631,-4.343246,59.997944,9,NA,0.486,118.21,1.062139,-7.323387,457.764061,39.51889,45.365925,3.939383917
"S09155","H000008135","Prevenar","N43494",2016-11-28,0.648348,659.34066,682.572438,0.656936,51.245658,448,1493,-5.891122,1374.652922,68.297999,-11.46772,68.731221,-8.282413,65.973434,9,NA,0.448,119.483,1.048947,-10.83341,427.481966,40.617638,48.854366,3.888305459
"HF3762","H000010932","Prevenar","HK6558",2023-11-08,0.641152,721.282184,720.112225,0.6516,46.25825,469,1427,-3.170251,1414.819355,63.24535,-6.839735,61.069123,-3.838026,63.348104,9,NA,0.469,119.948,1.014647,-10.280663,462.451274,39.674316,45.590475,NA
"M56333","H000006081","Prevenar","L59965",2015-11-20,0.656474,718.149541,749.576852,0.666612,49.497051,500,1340,-0.13181,1343.962633,67.532044,-0.263568,66.528046,-2.92826,64.700646,9,NA,0.5,119.021,0.95115,-1.750267,471.446329,40.947594,46.700601,3.9595994373
"CM3329","H000008090","Prevenar","X37485",2019-10-17,0.628265,711.549163,766.374146,0.672521,51.315357,515,1302,1.327496,1389.260995,67.553449,2.568681,66.282375,-5.478769,62.720801,9,NA,0.515,119.622,1.152919,0.687097,447.041705,38.947138,44.509093,4.1073297248
"GE7257","H000019489","Prevenar","FD7878",2022-05-31,0.700687,674.490651,726.100519,0.689816,51.838422,501,1337,-0.051387,1448.925165,67.925369,-0.09386,62.058738,-2.977101,63.097361,9,NA,0.501,118.121,1.059815,-8.730738,472.606789,42.932754,48.912708,NA
"NM6372","H000010932","Prevenar","LY2893",2026-05-14,0.679176,706.782035,684.747583,0.687216,48.120425,471,1421,-3.148504,1464.533304,62.36144,-6.508997,60.970201,-2.181101,64.368165,9,-14.843238,0.471,119.157,0.980292,-8.739926,480.029405,43.132832,49.087828,4.1349623726
"W45481","H000010932","Prevenar","T02232",2018-03-22,0.678035,710.706285,686.830713,0.719681,48.074885,494,1356,-0.652494,1346.554591,60.028396,-1.323721,60.857076,-1.859957,62.1151,9,NA,0.494,119.835,1.025763,0.056758,481.883951,40.378767,46.867421,NA
"AM5982","H000006081","Prevenar","X37485",2019-02-22,0.628265,711.549163,766.374146,0.672521,51.315357,515,1302,1.327496,1389.260995,67.553449,2.568681,66.282375,-5.478769,62.720801,9,NA,0.515,119.622,1.152919,0.687097,447.041705,38.947138,44.509093,3.9658846789
"ER3833","H000017723","Prevenar","EM9422",2021-06-20,0.727342,657.18114,713.640679,0.657635,46.023206,469,1427,-3.022135,1357.529135,63.044064,-6.529623,56.421543,-2.170909,58.056345,8,NA,0.469,119.615,0.98184,-17.034214,477.995334,40.522208,46.874433,3.9589997216
"GX2943","H000013782","Prevenar","HA8580",2023-06-30,0.698352,699.192861,712.637471,0.696196,47.785122,496,1351,-0.477817,1279.710365,62.494317,-0.977084,61.023319,-1.234118,61.3153,9,NA,0.496,119.691,1.016082,-3.330896,488.283017,40.7851,47.028821,3.9424470266
"HF3760","H000010932","Prevenar","HG6462",2023-10-05,0.723125,681.114872,693.946271,0.691329,47.757649,480,1395,-1.91901,1348.746712,61.294914,-3.998713,59.132577,-0.646218,60.161542,9,NA,0.48,119.892,0.974041,-7.526472,492.531007,42.984517,49.03044,NA
"FT0536","H000017723","Prevenar","FD7878",2022-05-03,0.700687,674.490651,726.100519,0.689816,51.838422,501,1337,-0.051387,1448.925165,67.925369,-0.09386,62.058738,-2.977101,63.097361,9,NA,0.501,118.121,1.059815,-8.730738,472.606789,42.932754,48.912708,3.9699115591
"FY2991","H000014198","Prevenar","FH2530",2022-06-20,0.611385,784.970107,805.359856,0.605822,45.577759,488,1372,-1.08033,1346.701596,66.698737,-2.347718,65.679226,-1.826276,65.010087,8,NA,0.488,119.52,1.016639,-3.87625,479.919234,39.665614,44.831813,3.9984375262
"GH5595","H000013782","Prevenar","FX8007",2022-10-28,0.722264,677.829355,740.670716,0.668867,48.188316,495,1353,-0.480904,1272.975835,63.813828,-0.996002,58.581714,-1.048813,58.399617,9,NA,0.495,119.246,1.011926,-9.195031,489.571779,41.106113,47.620407,NA
"MC2102","H000011374","Prevenar","LY2893",2025-05-24,0.679176,706.782035,684.747583,0.687216,48.120425,471,1421,-3.148504,1464.533304,62.36144,-6.508997,60.970201,-2.181101,64.368165,9,-14.843238,0.471,119.157,0.980292,-8.739926,480.029405,43.132832,49.087828,3.6512884017
"L22459","H000002634","Prevenar","H01019",2014-12-14,0.609813,769.062226,744.296526,0.651425,46.617843,485,1381,-1.469845,1115.036257,64.26836,-3.156363,65.847966,-2.995632,66.406823,5,NA,0.485,70.256,1.033837,-0.698535,468.984092,35.627064,45.092057,4.11277948
"N31259","H000008135","Prevenar","L59969",2016-04-21,0.63455,744.30956,795.14796,0.609801,47.011865,485,1381,-1.771254,1271.436241,70.284326,-3.803148,69.036068,-2.990939,65.790644,9,NA,0.485,119.849,1.026635,-5.579161,472.301809,39.737918,45.79218,3.9655
"DL7369","H000010932","Prevenar","CW3271",2020-02-27,0.715911,656.061609,624.148304,0.713093,47.397871,445,1503,-5.85959,1468.486119,60.738867,-12.399707,61.161247,-3.239203,63.844504,9,NA,0.445,118.664,0.947611,-11.704305,469.68162,44.119532,50.018259,NA
"GF1172","H000019252","Prevenar","FN7284",2022-09-07,0.726056,666.385373,665.515599,0.722839,48.935935,481,1392,-2.063066,1418.915047,61.117081,-4.20954,61.745059,-1.781008,61.196956,9,NA,0.481,118.948,0.994269,-3.182041,483.833207,43.057609,49.217993,4.2697895821
"EC6036","H000010932","Prevenar","CM4666",2020-08-21,0.624236,794.116655,735.114592,0.68038,50.967148,500,1340,-0.077522,1422.035175,67.347521,-0.154611,68.018759,-0.530137,72.752995,9,NA,0.5,119.232,1.00896,0.842067,495.715948,44.668151,50.514533,NA
"EL8917","H000010932","Prevenar","DN7274",2021-02-09,0.693645,758.552214,726.17441,0.71386,49.61474,518,1294,1.80908,1324.551958,63.41077,3.678812,62.655285,2.553598,66.238054,9,NA,0.518,119.319,0.985216,2.487398,526.166054,42.849908,50.359258,NA
"GX2945","H000019489","Prevenar","GY0029",2023-06-02,0.652248,671.031988,679.140512,0.679878,48.146444,462,1449,-3.079935,1385.328785,64.320387,-6.422309,60.324722,-5.588065,63.55244,9,NA,0.462,118.151,1.054957,-12.634437,437.679582,38.673285,45.638314,NA
"GD0333","H000013782","Prevenar","FH2530",2022-07-24,0.611385,784.970107,805.359856,0.605822,45.577759,488,1372,-1.08033,1346.701596,66.698737,-2.347718,65.679226,-1.826276,65.010087,8,NA,0.488,119.52,1.016639,-3.87625,479.919234,39.665614,44.831813,4.2449808846
"MG4263","H000035016","Prevenar","ME2373",2025-06-25,0.640824,718.404614,716.528586,0.672115,44.407748,482,1389,-1.550942,1289.830943,NA,-3.478863,NA,-3.50753,NA,8,-14.994656,0.482,119.292,1.04609,-6.156181,460.371265,36.450882,42.451161,NA
"T37492","H000008135","Prevenar","T02232",2017-10-13,0.678035,710.706285,686.830713,0.719681,48.074885,494,1356,-0.652494,1346.554591,60.028396,-1.323721,60.857076,-1.859957,62.1151,9,NA,0.494,119.835,1.025763,0.056758,481.883951,40.378767,46.867421,3.8680953958
"FT0525","H000011374","Prevenar","ER8679",2022-02-12,0.740808,650.360144,706.352887,0.708112,52.495492,500,1340,-0.105979,1455.738877,66.44474,-0.183984,59.837376,-2.035498,61.177651,10,NA,0.5,119.3,1.038158,-10.128134,481.792232,43.847939,50.565973,3.9076918148
"AH5709","H000008135","Prevenar","W87272",2019-01-11,0.694502,765.828462,812.511076,0.650565,44.34298,529,1268,2.25438,1235.584871,61.406723,5.115853,60.026267,2.529333,57.878615,8,NA,0.529,118.788,0.993838,2.8678,531.869046,39.27005,44.617933,3.900454714
"HF3788","H000017723","Prevenar","HD8750",2023-10-18,0.681456,701.376721,680.320366,0.721698,48.593239,491,1364,-0.81279,1376.623731,60.284261,-1.644902,57.547606,-2.102219,62.150097,9,NA,0.491,119.985,1.027258,-6.184487,477.957692,40.751784,47.30381,3.6344396144
"MW1300","H000010932","Prevenar","LY2893",2025-09-29,0.679176,706.782035,684.747583,0.687216,48.120425,471,1421,-3.148504,1464.533304,62.36144,-6.508997,60.970201,-2.181101,64.368165,9,-14.843238,0.471,119.157,0.980292,-8.739926,480.029405,43.132832,49.087828,3.8923058739
"W11604","H000010932","Prevenar","T02232",2018-02-13,0.678035,710.706285,686.830713,0.719681,48.074885,494,1356,-0.652494,1346.554591,60.028396,-1.323721,60.857076,-1.859957,62.1151,9,NA,0.494,119.835,1.025763,0.056758,481.883951,40.378767,46.867421,NA
"X23345","H000010932","Prevenar","T61723",2018-07-25,0.654491,794.601642,809.343584,0.651721,49.561802,527,1272,2.558552,1298.541981,69.319802,5.19585,68.332783,1.862649,68.057163,9,NA,0.527,119.942,1.014241,3.771987,520.05978,42.506395,48.865899,3.75067923
"GH5623","H000028394","Prevenar","FD7878",2022-08-29,0.700687,674.490651,726.100519,0.689816,51.838422,501,1337,-0.051387,1448.925165,67.925369,-0.09386,62.058738,-2.977101,63.097361,9,NA,0.501,118.121,1.059815,-8.730738,472.606789,42.932754,48.912708,NA
"EC6011","H000011374","Prevenar","DL7878",2020-10-30,0.629635,763.216245,781.773712,0.639104,50.862573,500,1340,-0.320117,1385.340575,70.593497,-0.654031,64.957901,-2.263119,68.917774,9,NA,0.5,118.252,1.039718,-8.637198,480.548021,42.477288,48.919571,3.8263416675
"HG8782","H000019489","Prevenar","HA8581",2023-09-07,0.740223,667.29478,639.790799,0.797157,49.116926,510,1314,0.913237,1303.596405,55.541097,1.889709,53.25089,-0.63408,57.928754,9,NA,0.51,118.893,1.032527,-2.233737,493.947043,41.555897,47.56961,NA
"T37469","H000008135","Prevenar","T02232",2017-10-09,0.678035,710.706285,686.830713,0.719681,48.074885,494,1356,-0.652494,1346.554591,60.028396,-1.323721,60.857076,-1.859957,62.1151,9,NA,0.494,119.835,1.025763,0.056758,481.883951,40.378767,46.867421,4.0146430342
"HY4185","H000019489","Prevenar","HT4744",2024-04-26,0.536736,881.479761,942.208935,0.5501,40.781963,518,1294,1.513165,1079.905123,65.632016,3.71884,63.013342,-2.042265,61.401767,8,NA,0.518,119.912,1.095508,-0.271094,473.122224,31.757962,37.226534,NA
"EL8943","H000011044","Prevenar","DN7274",2021-02-12,0.693645,758.552214,726.17441,0.71386,49.61474,518,1294,1.80908,1324.551958,63.41077,3.678812,62.655285,2.553598,66.238054,9,NA,0.518,119.319,0.985216,2.487398,526.166054,42.849908,50.359258,3.7583060719
"DJ2751","H000014198","Prevenar","CM4667",2020-02-05,0.760638,627.487168,711.594307,0.689582,49.557602,491,1364,-1.018219,1397.54402,65.448945,-2.021295,61.8621,-2.372786,57.713184,9,NA,0.491,118.721,1.028101,-7.501666,477.290455,42.817482,48.203035,3.8523885191
"GX2929","H000011044","Prevenar","GY0029",2023-05-23,0.652248,671.031988,679.140512,0.679878,48.146444,462,1449,-3.079935,1385.328785,64.320387,-6.422309,60.324722,-5.588065,63.55244,9,NA,0.462,118.151,1.054957,-12.634437,437.679582,38.673285,45.638314,4.0536330901
"HF3773","H000013782","Prevenar","HG6462",2023-11-06,0.723125,681.114872,693.946271,0.691329,47.757649,480,1395,-1.91901,1348.746712,61.294914,-3.998713,59.132577,-0.646218,60.161542,9,NA,0.48,119.892,0.974041,-7.526472,492.531007,42.984517,49.03044,3.9193022377
"LJ1144","H000019489","Prevenar","LD1217",2024-09-17,0.634818,743.968358,804.968751,0.586873,48.991886,472,1418,-2.903313,1429.060589,73.192243,-5.93063,69.171398,-2.916736,67.645748,9,-11.277486,0.472,119.232,1.000274,-11.424169,472.284681,42.780994,48.978463,NA
"FA1612","H000010932","Prevenar","EM9421",2021-05-17,0.68814,666.975846,634.492727,0.724485,50.23904,460,1455,-4.991108,1515.065006,61.793421,-8.768786,61.07405,-5.068478,64.956961,9,NA,0.46,119.36,1.001542,-9.93294,458.972551,44.227635,50.16167,NA
"FC3089","H000013782","Prevenar","ER8678",2021-09-30,0.582551,748.271092,710.494724,0.683609,50.110376,486,1378,-1.430384,1420.44792,65.931119,-2.886979,62.260154,-6.567758,69.436617,9,NA,0.486,118.056,1.114232,-8.454859,435.905805,39.735383,44.973002,4.0804867933
"CW6536","H000011044","Prevenar","CA6647",2019-11-08,0.572268,828.225335,836.350135,0.583856,45.027011,488,1372,-1.166028,1288.255628,69.263275,-2.61,65.991799,-2.488451,68.590411,8,NA,0.488,119.618,1.030258,-7.333247,473.966944,37.574059,43.704588,3.6554903106
"ED8334","H000010932","Prevenar","DH4062",2020-09-12,0.678171,679.09769,723.331815,0.675095,48.617501,488,1372,-1.178298,1349.497533,64.62536,-2.461449,58.860024,-3.943459,60.673306,9,NA,0.488,119.876,1.060306,-11.382615,460.544206,40.433811,45.85234,NA
"M02680","H000006081","Prevenar","L70023",2015-07-30,0.624824,820.696627,827.348962,0.652992,47.068014,540,1242,3.303724,1146.746071,66.34138,7.039689,66.551095,0.911174,65.807959,8,NA,0.54,118.856,1.053554,7.355803,512.790625,38.155996,44.675464,3.8113110607
"LJ1150","H000028394","Prevenar","LD1217",2024-09-03,0.634818,743.968358,804.968751,0.586873,48.991886,472,1418,-2.903313,1429.060589,73.192243,-5.93063,69.171398,-2.916736,67.645748,9,-11.277486,0.472,119.232,1.000274,-11.424169,472.284681,42.780994,48.978463,NA
"S26394","H000008135","Prevenar","N70120",2017-04-02,0.702193,708.521021,820.990266,0.626091,47.782915,514,1304,1.206193,1271.610622,69.729364,2.554212,63.97699,-0.327285,60.176986,9,NA,0.514,119.89,1.033157,-5.69536,497.518614,40.108989,46.249437,4.149315284
"DW4269","H000010932","Prevenar","DE6990",2020-06-30,0.772108,605.701383,598.956614,0.74547,48.506596,447,1497,-5.846244,1514.590747,59.167268,-12.022114,61.586947,-3.547224,59.833543,9,NA,0.447,119.159,0.954749,-7.932558,467.666775,45.247415,50.805616,NA
"FT9265","H000019489","Prevenar","FD7878",2022-04-24,0.700687,674.490651,726.100519,0.689816,51.838422,501,1337,-0.051387,1448.925165,67.925369,-0.09386,62.058738,-2.977101,63.097361,9,NA,0.501,118.121,1.059815,-8.730738,472.606789,42.932754,48.912708,NA
"GG1742","H000028394","Prevenar","FD7878",2022-06-25,0.700687,674.490651,726.100519,0.689816,51.838422,501,1337,-0.051387,1448.925165,67.925369,-0.09386,62.058738,-2.977101,63.097361,9,NA,0.501,118.121,1.059815,-8.730738,472.606789,42.932754,48.912708,NA
"LJ1151","H000028394","Prevenar","LD1217",2024-09-06,0.634818,743.968358,804.968751,0.586873,48.991886,472,1418,-2.903313,1429.060589,73.192243,-5.93063,69.171398,-2.916736,67.645748,9,-11.277486,0.472,119.232,1.000274,-11.424169,472.284681,42.780994,48.978463,NA
"LC5387","H000019489","Prevenar","HD8749",2024-05-01,0.659558,758.068131,757.399038,0.660344,45.715187,500,1340,-0.450375,1333.670214,61.81624,-0.960206,51.728491,-0.464458,61.870849,8,NA,0.5,119.196,1.000308,-17.279135,499.989794,39.922505,45.701104,NA
"LH9172","H000028394","Prevenar","HT4747",2024-07-05,0.603616,794.70532,805.341275,0.556877,39.674709,448,1493,-4.65353,1223.315188,71.657997,-11.757976,74.578145,-1.891536,70.711627,7,NA,0.448,119.877,0.934915,-7.682859,479.696811,37.640415,42.436703,NA
"M56322","H000008135","Prevenar","L59965",2015-11-06,0.656474,718.149541,749.576852,0.666612,49.497051,500,1340,-0.13181,1343.962633,67.532044,-0.263568,66.528046,-2.92826,64.700646,9,NA,0.5,119.021,0.95115,-1.750267,471.446329,40.947594,46.700601,3.9187999663
"M02672","H000008135","Prevenar","L57276",2015-07-09,0.581332,815.772979,861.560236,0.563769,41.926399,486,1378,-1.207722,1140.680215,69.187388,-2.85162,68.062631,-2.199204,65.510453,7,NA,0.486,118.11,1.024221,-4.477287,474.234731,34.952276,40.934917,3.8944336918
"M71350","H000008135","Prevenar","L59965",2015-11-22,0.656474,718.149541,749.576852,0.666612,49.497051,500,1340,-0.13181,1343.962633,67.532044,-0.263568,66.528046,-2.92826,64.700646,9,NA,0.5,119.021,0.95115,-1.750267,471.446329,40.947594,46.700601,3.8630447745
"NM6521","H000033648","Prevenar","MT7833",2026-01-22,0.695181,774.53208,811.204622,0.654772,49.824395,531,1263,2.839727,1244.516748,NA,5.736086,NA,3.523178,NA,9,-7.997372,0.531,119.771,0.986468,-1.17755,538.440174,43.745145,50.507847,NA
"GH5822","H000011373","Prevenar","FN7284",2022-10-23,0.726056,666.385373,665.515599,0.722839,48.935935,481,1392,-2.063066,1418.915047,61.117081,-4.20954,61.745059,-1.781008,61.196956,9,NA,0.481,118.948,0.994269,-3.182041,483.833207,43.057609,49.217993,4.207438396
"J80522","H000002634","Prevenar","H01019",2014-11-04,0.609813,769.062226,744.296526,0.651425,46.617843,485,1381,-1.469845,1115.036257,64.26836,-3.156363,65.847966,-2.995632,66.406823,5,NA,0.485,70.256,1.033837,-0.698535,468.984092,35.627064,45.092057,5.1203268736
"HE3213","H000006081","Prevenar","HA8581",2023-08-09,0.740223,667.29478,639.790799,0.797157,49.116926,510,1314,0.913237,1303.596405,55.541097,1.889709,53.25089,-0.63408,57.928754,9,NA,0.51,118.893,1.032527,-2.233737,493.947043,41.555897,47.56961,3.8660003241
"R59727","H000008135","Prevenar","M93372",2016-11-22,0.73065,643.075412,605.571639,0.812397,53.986655,492,1361,-0.808927,1455.257197,59.067452,-1.516294,60.413897,-3.234274,62.72557,9,NA,0.492,118.693,1.047038,0.763209,469.863053,43.676485,51.561307,3.7747199313
"GT1593","H000010932","Prevenar","GR5870",2023-04-07,0.641379,857.659363,896.822772,0.600641,45.794064,539,1244,3.260113,1183.03573,68.98282,7.116295,68.476197,4.230678,65.970405,8,NA,0.539,119.04,0.979246,6.381876,550.085123,40.239762,46.764629,NA
"NM6392","H000013782","Prevenar","MT7833",2026-02-02,0.695181,774.53208,811.204622,0.654772,49.824395,531,1263,2.839727,1244.516748,NA,5.736086,NA,3.523178,NA,9,-7.997372,0.531,119.771,0.986468,-1.17755,538.440174,43.745145,50.507847,3.8484423891
"EH7854","H000013782","Prevenar","DH4062",2020-09-30,0.678171,679.09769,723.331815,0.675095,48.617501,488,1372,-1.178298,1349.497533,64.62536,-2.461449,58.860024,-3.943459,60.673306,9,NA,0.488,119.876,1.060306,-11.382615,460.544206,40.433811,45.85234,3.7636405387
"M57892","H000008135","Prevenar","L33554",2015-10-05,0.619604,751.126126,814.076997,0.576156,42.624976,469,1427,-2.825723,1230.21135,67.048989,-6.64754,64.810006,-3.155985,61.864231,8,NA,0.469,119.886,1.007809,-9.986864,465.40102,36.126945,42.294714,4.2150439691
"N01866","H000008135","Prevenar","L59969",2016-05-01,0.63455,744.30956,795.14796,0.609801,47.011865,485,1381,-1.771254,1271.436241,70.284326,-3.803148,69.036068,-2.990939,65.790644,9,NA,0.485,119.849,1.026635,-5.579161,472.301809,39.737918,45.79218,3.948918422
"S69943","H000011373","Prevenar","S63648",2017-09-16,0.768591,822.644901,841.634137,0.692573,47.730334,583,1152,6.701095,1121.053331,62.419911,14.035438,63.923112,10.744972,61.011572,9,NA,0.583,118.031,0.921894,16.443646,632.27749,43.840142,51.774211,4.2191481071
"FG5401","H000017723","Prevenar","EM9423",2021-10-07,0.782554,619.489924,627.268129,0.768887,49.45312,482,1389,-2.00129,1430.154065,58.233195,-4.057993,60.057182,-1.746423,57.511096,9,NA,0.482,119.226,0.994873,-0.92578,484.784013,43.580792,49.707988,4.1402565896
"CR2737","H000006081","Prevenar","AR4781",2019-08-22,0.593452,796.308069,768.939803,0.626399,49.349587,482,1389,-1.833725,1416.216994,71.391958,-3.731641,68.232601,-2.765361,73.932956,9,NA,0.482,119.514,1.019242,-8.157009,472.570269,42.351175,48.417951,4.0284728345
"FJ2041","H000011373","Prevenar","ER8678",2021-10-13,0.582551,748.271092,710.494724,0.683609,50.110376,486,1378,-1.430384,1420.44792,65.931119,-2.886979,62.260154,-6.567758,69.436617,9,NA,0.486,118.056,1.114232,-8.454859,435.905805,39.735383,44.973002,4.0335115464
"HX9161","H000013782","Prevenar","HG6462",2024-05-06,0.723125,681.114872,693.946271,0.691329,47.757649,480,1395,-1.91901,1348.746712,61.294914,-3.998713,59.132577,-0.646218,60.161542,9,NA,0.48,119.892,0.974041,-7.526472,492.531007,42.984517,49.03044,3.969101307
"MG4665","H000035016","Prevenar","ME6147",2025-10-08,0.655748,754.678103,775.925203,0.65641,53.632172,509,1317,0.556252,1413.423226,NA,1.007445,NA,-0.964952,NA,10,-8.120948,0.509,119.8,1.029192,-2.5104,494.878634,45.224802,52.110968,NA
"AJ7175","H000017723","Prevenar","W87272",2018-11-29,0.694502,765.828462,812.511076,0.650565,44.34298,529,1268,2.25438,1235.584871,61.406723,5.115853,60.026267,2.529333,57.878615,8,NA,0.529,118.788,0.993838,2.8678,531.869046,39.27005,44.617933,4.206538407
"DL7371","H000010932","Prevenar","CM4666",2020-03-10,0.624236,794.116655,735.114592,0.68038,50.967148,500,1340,-0.077522,1422.035175,67.347521,-0.154611,68.018759,-0.530137,72.752995,9,NA,0.5,119.232,1.00896,0.842067,495.715948,44.668151,50.514533,NA
"M32474","H000008135","Prevenar","L33554",2015-09-18,0.619604,751.126126,814.076997,0.576156,42.624976,469,1427,-2.825723,1230.21135,67.048989,-6.64754,64.810006,-3.155985,61.864231,8,NA,0.469,119.886,1.007809,-9.986864,465.40102,36.126945,42.294714,4.2538785989
"AF5854","H000008135","Prevenar","W87272",2018-11-25,0.694502,765.828462,812.511076,0.650565,44.34298,529,1268,2.25438,1235.584871,61.406723,5.115853,60.026267,2.529333,57.878615,8,NA,0.529,118.788,0.993838,2.8678,531.869046,39.27005,44.617933,3.9471172353
"CJ4096","H000019489","Prevenar","X37485",2019-08-18,0.628265,711.549163,766.374146,0.672521,51.315357,515,1302,1.327496,1389.260995,67.553449,2.568681,66.282375,-5.478769,62.720801,9,NA,0.515,119.622,1.152919,0.687097,447.041705,38.947138,44.509093,NA
"AH5749","H000010932","Prevenar","W87272",2018-12-26,0.694502,765.828462,812.511076,0.650565,44.34298,529,1268,2.25438,1235.584871,61.406723,5.115853,60.026267,2.529333,57.878615,8,NA,0.529,118.788,0.993838,2.8678,531.869046,39.27005,44.617933,NA
"EA9689","H000010932","Prevenar","CM4666",2020-08-15,0.624236,794.116655,735.114592,0.68038,50.967148,500,1340,-0.077522,1422.035175,67.347521,-0.154611,68.018759,-0.530137,72.752995,9,NA,0.5,119.232,1.00896,0.842067,495.715948,44.668151,50.514533,NA
"DJ2707","H000008135","Prevenar","CW3271",2020-02-29,0.715911,656.061609,624.148304,0.713093,47.397871,445,1503,-5.85959,1468.486119,60.738867,-12.399707,61.161247,-3.239203,63.844504,9,NA,0.445,118.664,0.947611,-11.704305,469.68162,44.119532,50.018259,4.0963339913
"GR2538","H000008135","Prevenar","FN7284",2022-12-09,0.726056,666.385373,665.515599,0.722839,48.935935,481,1392,-2.063066,1418.915047,61.117081,-4.20954,61.745059,-1.781008,61.196956,9,NA,0.481,118.948,0.994269,-3.182041,483.833207,43.057609,49.217993,4.2428198076
"EP6194","H000006081","Prevenar","DN7274",2021-04-05,0.693645,758.552214,726.17441,0.71386,49.61474,518,1294,1.80908,1324.551958,63.41077,3.678812,62.655285,2.553598,66.238054,9,NA,0.518,119.319,0.985216,2.487398,526.166054,42.849908,50.359258,3.8476965812
"J35309","H000002634","Prevenar","H01018",2014-09-03,0.618954,757.002188,754.678204,0.650691,49.410315,491,1364,NA,1285.102578,66.838137,-1.292084,68.617256,NA,67.043961,9,NA,0.491,119.013,1.048048,1.369747,468.549172,39.542412,47.145071,4.2999860442
"W11603","H000010932","Prevenar","T02232",2018-02-07,0.678035,710.706285,686.830713,0.719681,48.074885,494,1356,-0.652494,1346.554591,60.028396,-1.323721,60.857076,-1.859957,62.1151,9,NA,0.494,119.835,1.025763,0.056758,481.883951,40.378767,46.867421,NA
"ED8298","H000008135","Prevenar","DL7878",2020-10-26,0.629635,763.216245,781.773712,0.639104,50.862573,500,1340,-0.320117,1385.340575,70.593497,-0.654031,64.957901,-2.263119,68.917774,9,NA,0.5,118.252,1.039718,-8.637198,480.548021,42.477288,48.919571,3.8023401774
"EL8835","H000006081","Prevenar","DN7274",2021-01-11,0.693645,758.552214,726.17441,0.71386,49.61474,518,1294,1.80908,1324.551958,63.41077,3.678812,62.655285,2.553598,66.238054,9,NA,0.518,119.319,0.985216,2.487398,526.166054,42.849908,50.359258,3.9602016575
"EL8919","H000010932","Prevenar","DT9983",2021-03-15,0.683409,669.824551,735.178399,0.661348,48.184902,486,1378,-1.524269,1337.261492,65.85186,-3.183444,63.125631,-4.343246,59.997944,9,NA,0.486,118.21,1.062139,-7.323387,457.764061,39.51889,45.365925,NA
"RE8363","H000010932","Prevenar","LY2893",2026-05-30,0.679176,706.782035,684.747583,0.687216,48.120425,471,1421,-3.148504,1464.533304,62.36144,-6.508997,60.970201,-2.181101,64.368165,9,-14.843238,0.471,119.157,0.980292,-8.739926,480.029405,43.132832,49.087828,4.3124941675
"M97096","H000006081","Prevenar","L59965",2016-02-03,0.656474,718.149541,749.576852,0.666612,49.497051,500,1340,-0.13181,1343.962633,67.532044,-0.263568,66.528046,-2.92826,64.700646,9,NA,0.5,119.021,0.95115,-1.750267,471.446329,40.947594,46.700601,3.8989355391
"EL3811","H000008135","Prevenar","DT9983",2021-03-15,0.683409,669.824551,735.178399,0.661348,48.184902,486,1378,-1.524269,1337.261492,65.85186,-3.183444,63.125631,-4.343246,59.997944,9,NA,0.486,118.21,1.062139,-7.323387,457.764061,39.51889,45.365925,3.9136086956
"EL8958","H000013782","Prevenar","EM9421",2021-06-01,0.68814,666.975846,634.492727,0.724485,50.23904,460,1455,-4.991108,1515.065006,61.793421,-8.768786,61.07405,-5.068478,64.956961,9,NA,0.46,119.36,1.001542,-9.93294,458.972551,44.227635,50.16167,NA
"AH5710","H000008135","Prevenar","W87272",2019-01-03,0.694502,765.828462,812.511076,0.650565,44.34298,529,1268,2.25438,1235.584871,61.406723,5.115853,60.026267,2.529333,57.878615,8,NA,0.529,118.788,0.993838,2.8678,531.869046,39.27005,44.617933,4.0658723717
"FD9040","H000011373","Prevenar","EM9423",2021-09-10,0.782554,619.489924,627.268129,0.768887,49.45312,482,1389,-2.00129,1430.154065,58.233195,-4.057993,60.057182,-1.746423,57.511096,9,NA,0.482,119.226,0.994873,-0.92578,484.784013,43.580792,49.707988,4.0207708333
"GF1156","H000008135","Prevenar","FH2530",2022-08-02,0.611385,784.970107,805.359856,0.605822,45.577759,488,1372,-1.08033,1346.701596,66.698737,-2.347718,65.679226,-1.826276,65.010087,8,NA,0.488,119.52,1.016639,-3.87625,479.919234,39.665614,44.831813,3.9402295232
"GM8396","H000011044","Prevenar","FN7284",2022-12-16,0.726056,666.385373,665.515599,0.722839,48.935935,481,1392,-2.063066,1418.915047,61.117081,-4.20954,61.745059,-1.781008,61.196956,9,NA,0.481,118.948,0.994269,-3.182041,483.833207,43.057609,49.217993,4.1244806942
"GR3606","H000011044","Prevenar","GA0018",2023-03-17,0.676738,745.847176,757.746277,0.635702,46.465148,482,1389,-1.844231,1343.09289,64.009544,-3.976196,61.491554,0.378457,63.004385,8,NA,0.482,117.872,0.954348,-7.90997,504.743418,41.67499,48.687836,4.238423557
"LX1726","H000013782","Prevenar","LE2392",2024-11-03,0.613187,829.989196,798.89911,0.652684,33.820732,521,1287,1.454571,918.354344,46.443502,4.263852,43.818389,0.644424,48.250905,6,-3.824573,0.521,119.408,1.024542,-1.38842,508.938404,28.526772,33.010585,3.8407312185
"MC2225","H000033648","Prevenar","LY2890",2025-02-10,0.675645,730.667468,727.381622,0.669529,46.790783,487,1375,-1.346146,1368.957158,62.485386,-2.873688,62.053008,-0.705391,62.767655,9,-14.008496,0.487,119.589,0.986491,-3.565655,493.671898,40.867904,47.431537,NA
"RE8365","H000010932","Prevenar","NT6702",2026-06-25,0.732474,656.838657,713.402505,0.663605,44.96187,473,1415,-2.586692,1328.20839,61.008298,-5.769722,55.516397,-1.85539,56.171107,8,-10.93261,0.473,118.56,0.983995,-14.771615,481.117441,39.78674,45.693171,4.1227550406
"AW6843","H000008090","Prevenar","AR4781",2019-07-30,0.593452,796.308069,768.939803,0.626399,49.349587,482,1389,-1.833725,1416.216994,71.391958,-3.731641,68.232601,-2.765361,73.932956,9,NA,0.482,119.514,1.019242,-8.157009,472.570269,42.351175,48.417951,4.3632111402
"EP6207","H000008135","Prevenar","EM9421",2021-04-13,0.68814,666.975846,634.492727,0.724485,50.23904,460,1455,-4.991108,1515.065006,61.793421,-8.768786,61.07405,-5.068478,64.956961,9,NA,0.46,119.36,1.001542,-9.93294,458.972551,44.227635,50.16167,4.404514316
"MW1319","H000013782","Prevenar","ME6147",2025-10-14,0.655748,754.678103,775.925203,0.65641,53.632172,509,1317,0.556252,1413.423226,NA,1.007445,NA,-0.964952,NA,10,-8.120948,0.509,119.8,1.029192,-2.5104,494.878634,45.224802,52.110968,3.9374536703
"GX4678","H000019489","Prevenar","GP0925",2023-03-09,0.615212,774.815778,752.940085,0.642925,47.387211,484,1384,-1.606147,1322.246461,66.685148,-3.408652,65.025958,-2.331364,68.622598,9,NA,0.484,119.266,1.015542,-5.896748,476.67576,40.945451,46.661995,NA
"EH7789","H000013782","Prevenar","DH4062",2020-10-21,0.678171,679.09769,723.331815,0.675095,48.617501,488,1372,-1.178298,1349.497533,64.62536,-2.461449,58.860024,-3.943459,60.673306,9,NA,0.488,119.876,1.060306,-11.382615,460.544206,40.433811,45.85234,3.8402920072
"FA1614","H000010932","Prevenar","EM9421",2021-05-21,0.68814,666.975846,634.492727,0.724485,50.23904,460,1455,-4.991108,1515.065006,61.793421,-8.768786,61.07405,-5.068478,64.956961,9,NA,0.46,119.36,1.001542,-9.93294,458.972551,44.227635,50.16167,NA
"HF3772","H000011374","Prevenar","GR5870",2023-09-30,0.641379,857.659363,896.822772,0.600641,45.794064,539,1244,3.260113,1183.03573,68.98282,7.116295,68.476197,4.230678,65.970405,8,NA,0.539,119.04,0.979246,6.381876,550.085123,40.239762,46.764629,3.774169932
"T19588","H000013782","Prevenar","S63648",2017-07-27,0.768591,822.644901,841.634137,0.692573,47.730334,583,1152,6.701095,1121.053331,62.419911,14.035438,63.923112,10.744972,61.011572,9,NA,0.583,118.031,0.921894,16.443646,632.27749,43.840142,51.774211,4.471458101
"HF3319","H000010932","Prevenar","HA8582",2023-09-03,0.697828,627.476738,718.908205,0.653,46.327932,469,1427,-3.096038,1431.001658,63.779046,-6.682983,54.783908,-6.212169,55.667563,9,NA,0.469,119.723,1.072113,-20.786577,437.871046,37.59957,43.211801,NA
"DC8076","H000010932","Prevenar","CM4667",2020-01-08,0.760638,627.487168,711.594307,0.689582,49.557602,491,1364,-1.018219,1397.54402,65.448945,-2.021295,61.8621,-2.372786,57.713184,9,NA,0.491,118.721,1.028101,-7.501666,477.290455,42.817482,48.203035,NA
"LC5371","H000013782","Prevenar","HT4875",2024-05-07,0.652272,736.859688,753.123309,0.618545,40.499233,466,1436,-3.029625,1202.152668,58.796232,-7.49438,53.496611,-1.743623,57.526533,7,NA,0.466,119.568,0.969224,-16.507918,480.632711,35.788582,41.785235,4.2080061161
"HN7338","H000010932","Prevenar","HM2103",2024-02-14,0.617105,757.342544,761.397164,0.627368,46.424396,478,1401,-2.207036,1347.822466,66.881713,-4.740274,65.982231,-3.209622,66.525552,9,NA,0.478,118.636,1.022073,-6.085158,467.360089,39.745068,45.42181,3.8133510263
"LJ1153","H000028394","Prevenar","LD1217",2024-09-13,0.634818,743.968358,804.968751,0.586873,48.991886,472,1418,-2.903313,1429.060589,73.192243,-5.93063,69.171398,-2.916736,67.645748,9,-11.277486,0.472,119.232,1.000274,-11.424169,472.284681,42.780994,48.978463,NA
"MC2205","H000031244","Prevenar","ME2373",2025-05-23,0.640824,718.404614,716.528586,0.672115,44.407748,482,1389,-1.550942,1289.830943,NA,-3.478863,NA,-3.50753,NA,8,-14.994656,0.482,119.292,1.04609,-6.156181,460.371265,36.450882,42.451161,NA
"LY5604","H000031244","Prevenar","ME2373",2025-05-16,0.640824,718.404614,716.528586,0.672115,44.407748,482,1389,-1.550942,1289.830943,NA,-3.478863,NA,-3.50753,NA,8,-14.994656,0.482,119.292,1.04609,-6.156181,460.371265,36.450882,42.451161,NA
"FY2981","H000006081","Prevenar","EY5980",2022-04-16,0.730185,660.837533,690.652526,0.713979,49.323954,493,1359,-0.725435,1375.821426,61.779027,-1.457535,58.330272,-1.783517,59.112069,9,NA,0.493,119.319,1.021922,-7.039939,482.533356,42.331212,48.265872,4.0105461655
"AW6828","H000017723","Prevenar","X39572",2019-04-23,0.680418,844.310014,811.000966,0.687793,44.938189,558,1203,4.58716,1097.855762,59.080344,10.21954,57.82155,5.93114,61.506864,8,NA,0.558,118.913,0.970961,8.088892,574.48346,40.169348,46.282169,3.9728327981
"LX3437","H000032244","Prevenar","LE2393",2024-12-21,0.591414,788.247214,718.440752,0.681138,43.078105,489,1370,-1.006925,1146.3856,56.661606,-2.371901,56.151162,-3.047192,62.167066,8,-7.958475,0.489,119.448,1.049717,-3.272765,466.180474,35.82371,41.037838,NA
"CK6580","H000013782","Prevenar","AK9662",2019-07-11,0.617436,778.977682,760.71388,0.667652,42.947638,508,1319,0.349177,1255.525243,57.122449,0.850494,54.924398,-1.92749,58.493889,8,NA,0.508,119.855,1.055978,-2.99747,480.968841,35.48788,40.670971,3.9932283827
"GF1170","H000014198","Prevenar","FX8006",2022-08-27,0.739294,698.9922,658.07041,0.785034,54.893106,517,1297,1.605157,1381.833836,62.915391,2.935822,64.657012,1.621446,66.827754,10,NA,0.517,118.91,0.999703,5.704018,516.761066,47.436328,54.909394,4.017536173
"FH7100","H000019489","Prevenar","EM9421",2021-10-03,0.68814,666.975846,634.492727,0.724485,50.23904,460,1455,-4.991108,1515.065006,61.793421,-8.768786,61.07405,-5.068478,64.956961,9,NA,0.46,119.36,1.001542,-9.93294,458.972551,44.227635,50.16167,NA
"EY5102","H000011373","Prevenar","EM9422",2021-06-26,0.727342,657.18114,713.640679,0.657635,46.023206,469,1427,-3.022135,1357.529135,63.044064,-6.529623,56.421543,-2.170909,58.056345,8,NA,0.469,119.615,0.98184,-17.034214,477.995334,40.522208,46.874433,3.948794799
"N31634","H000011612","Prevenar","L59969",2016-02-22,0.63455,744.30956,795.14796,0.609801,47.011865,485,1381,-1.771254,1271.436241,70.284326,-3.803148,69.036068,-2.990939,65.790644,9,NA,0.485,119.849,1.026635,-5.579161,472.301809,39.737918,45.79218,4.2049375077
"LE0994","H000013782","Prevenar","LD1216",2024-07-17,0.573578,814.176245,818.478593,0.575024,41.539234,471,1421,-2.590297,1164.671312,64.439675,-6.205792,62.484768,-2.912526,64.100946,8,-17.681286,0.471,119.986,1.007818,-9.239493,466.993736,35.950259,41.217006,4.1432558818
"MC2227","H000033648","Prevenar","ME2373",2025-04-07,0.640824,718.404614,716.528586,0.672115,44.407748,482,1389,-1.550942,1289.830943,NA,-3.478863,NA,-3.50753,NA,8,-14.994656,0.482,119.292,1.04609,-6.156181,460.371265,36.450882,42.451161,NA
"EM4898","H000011044","Prevenar","DN7274",2020-12-31,0.693645,758.552214,726.17441,0.71386,49.61474,518,1294,1.80908,1324.551958,63.41077,3.678812,62.655285,2.553598,66.238054,9,NA,0.518,119.319,0.985216,2.487398,526.166054,42.849908,50.359258,3.6415012595
"HA2748","H000019489","Prevenar","HA8580",2023-06-11,0.698352,699.192861,712.637471,0.696196,47.785122,496,1351,-0.477817,1279.710365,62.494317,-0.977084,61.023319,-1.234118,61.3153,9,NA,0.496,119.691,1.016082,-3.330896,488.283017,40.7851,47.028821,NA
"HN5225","H000011044","Prevenar","HK6558",2023-11-30,0.641152,721.282184,720.112225,0.6516,46.25825,469,1427,-3.170251,1414.819355,63.24535,-6.839735,61.069123,-3.838026,63.348104,9,NA,0.469,119.948,1.014647,-10.280663,462.451274,39.674316,45.590475,4.0140750589
"AH5705","H000008135","Prevenar","W87272",2018-12-12,0.694502,765.828462,812.511076,0.650565,44.34298,529,1268,2.25438,1235.584871,61.406723,5.115853,60.026267,2.529333,57.878615,8,NA,0.529,118.788,0.993838,2.8678,531.869046,39.27005,44.617933,3.9833416471
"CL9017","H000013782","Prevenar","AR4781",2019-07-30,0.593452,796.308069,768.939803,0.626399,49.349587,482,1389,-1.833725,1416.216994,71.391958,-3.731641,68.232601,-2.765361,73.932956,9,NA,0.482,119.514,1.019242,-8.157009,472.570269,42.351175,48.417951,4.1790564811
"CM3133","H000008135","Prevenar","CA6646",2019-09-15,0.633354,782.864016,807.58715,0.614058,46.028181,496,1351,-0.67042,1282.385194,67.674608,-1.487067,66.431211,-0.677396,65.602846,9,NA,0.496,119.968,1.000152,-3.324385,495.830433,40.227947,46.021205,4.0135230094
"DA1868","H000008135","Prevenar","CM4667",2020-01-07,0.760638,627.487168,711.594307,0.689582,49.557602,491,1364,-1.018219,1397.54402,65.448945,-2.021295,61.8621,-2.372786,57.713184,9,NA,0.491,118.721,1.028101,-7.501666,477.290455,42.817482,48.203035,3.6938219449
"EL8840","H000006081","Prevenar","DN7274",2021-01-26,0.693645,758.552214,726.17441,0.71386,49.61474,518,1294,1.80908,1324.551958,63.41077,3.678812,62.655285,2.553598,66.238054,9,NA,0.518,119.319,0.985216,2.487398,526.166054,42.849908,50.359258,3.8497564711
"GK7451","H000006081","Prevenar","FN7284",2022-10-28,0.726056,666.385373,665.515599,0.722839,48.935935,481,1392,-2.063066,1418.915047,61.117081,-4.20954,61.745059,-1.781008,61.196956,9,NA,0.481,118.948,0.994269,-3.182041,483.833207,43.057609,49.217993,4.3861934328
"M97243","H000008135","Prevenar","L59965",2016-01-20,0.656474,718.149541,749.576852,0.666612,49.497051,500,1340,-0.13181,1343.962633,67.532044,-0.263568,66.528046,-2.92826,64.700646,9,NA,0.5,119.021,0.95115,-1.750267,471.446329,40.947594,46.700601,4.0234481081
"AP4915","H000011373","Prevenar","X89034",2019-04-25,0.654209,819.45956,793.965555,0.638855,45.337745,507,1322,0.246024,1231.38444,63.453715,0.511575,62.747524,2.82645,65.491196,8,NA,0.507,119.519,0.946149,-0.60135,536.097711,42.108154,47.918171,4.0187232037
"GG9470","H000019489","Prevenar","FD7878",2022-07-26,0.700687,674.490651,726.100519,0.689816,51.838422,501,1337,-0.051387,1448.925165,67.925369,-0.09386,62.058738,-2.977101,63.097361,9,NA,0.501,118.121,1.059815,-8.730738,472.606789,42.932754,48.912708,NA
"T36090","H000008135","Prevenar","S63651",2017-08-16,0.693039,726.642457,767.02882,0.65193,49.035353,500,1340,-0.051737,1370.258356,68.21759,-0.124422,64.773796,0.295654,64.625729,9,NA,0.5,116.662,0.992965,-5.172671,503.591749,41.117177,49.382743,3.93334931808
"GX2953","H000019489","Prevenar","GY0029",2023-05-24,0.652248,671.031988,679.140512,0.679878,48.146444,462,1449,-3.079935,1385.328785,64.320387,-6.422309,60.324722,-5.588065,63.55244,9,NA,0.462,118.151,1.054957,-12.634437,437.679582,38.673285,45.638314,NA
"NM6456","H000031244","Prevenar","MT7831",2026-01-05,0.65294,745.052532,782.888017,0.638127,47.418977,500,1340,-0.089743,1244.929033,NA,-0.183573,NA,-1.333811,NA,9,-14.701419,0.5,119.367,1.026943,-5.343455,486.474883,39.948429,46.17491,NA
"DL7815","H000017723","Prevenar","CW3271",2020-03-03,0.715911,656.061609,624.148304,0.713093,47.397871,445,1503,-5.85959,1468.486119,60.738867,-12.399707,61.161247,-3.239203,63.844504,9,NA,0.445,118.664,0.947611,-11.704305,469.68162,44.119532,50.018259,4.1319245322
"LY5602","H000031244","Prevenar","ME2373",2025-05-20,0.640824,718.404614,716.528586,0.672115,44.407748,482,1389,-1.550942,1289.830943,NA,-3.478863,NA,-3.50753,NA,8,-14.994656,0.482,119.292,1.04609,-6.156181,460.371265,36.450882,42.451161,NA
"HG8786","H000019489","Prevenar","HG6462",2023-10-15,0.723125,681.114872,693.946271,0.691329,47.757649,480,1395,-1.91901,1348.746712,61.294914,-3.998713,59.132577,-0.646218,60.161542,9,NA,0.48,119.892,0.974041,-7.526472,492.531007,42.984517,49.03044,NA
"NM6532","H000035016","Prevenar","MT7831",2025-12-21,0.65294,745.052532,782.888017,0.638127,47.418977,500,1340,-0.089743,1244.929033,NA,-0.183573,NA,-1.333811,NA,9,-14.701419,0.5,119.367,1.026943,-5.343455,486.474883,39.948429,46.17491,NA
"HG8781","H000019489","Prevenar","HA8581",2023-07-23,0.740223,667.29478,639.790799,0.797157,49.116926,510,1314,0.913237,1303.596405,55.541097,1.889709,53.25089,-0.63408,57.928754,9,NA,0.51,118.893,1.032527,-2.233737,493.947043,41.555897,47.56961,NA
"DK2067","H000010932","Prevenar","CW3271",2020-02-20,0.715911,656.061609,624.148304,0.713093,47.397871,445,1503,-5.85959,1468.486119,60.738867,-12.399707,61.161247,-3.239203,63.844504,9,NA,0.445,118.664,0.947611,-11.704305,469.68162,44.119532,50.018259,NA
"HF3766","H000011374","Prevenar","HA8581",2023-09-02,0.740223,667.29478,639.790799,0.797157,49.116926,510,1314,0.913237,1303.596405,55.541097,1.889709,53.25089,-0.63408,57.928754,9,NA,0.51,118.893,1.032527,-2.233737,493.947043,41.555897,47.56961,4.0173915726
"HG4914","H000011044","Prevenar","HK6558",2023-11-01,0.641152,721.282184,720.112225,0.6516,46.25825,469,1427,-3.170251,1414.819355,63.24535,-6.839735,61.069123,-3.838026,63.348104,9,NA,0.469,119.948,1.014647,-10.280663,462.451274,39.674316,45.590475,4.0034035781
"HT5056","H000010932","Prevenar","HM2102",2024-04-10,0.638913,764.211005,758.71646,0.64148,46.515277,487,1375,-1.343422,1316.275752,65.950625,-2.90978,64.495517,-1.194019,66.428233,9,NA,0.487,119.752,0.996798,-5.11614,488.264641,40.412551,46.664681,3.9051372942
"AM6083","H000017723","Prevenar","X39572",2019-02-27,0.680418,844.310014,811.000966,0.687793,44.938189,558,1203,4.58716,1097.855762,59.080344,10.21954,57.82155,5.93114,61.506864,8,NA,0.558,118.913,0.970961,8.088892,574.48346,40.169348,46.282169,4.3140252681
"GM8415","H000013782","Prevenar","FX8007",2022-11-30,0.722264,677.829355,740.670716,0.668867,48.188316,495,1353,-0.480904,1272.975835,63.813828,-0.996002,58.581714,-1.048813,58.399617,9,NA,0.495,119.246,1.011926,-9.195031,489.571779,41.106113,47.620407,4.050040142
"GW4145","H000010932","Prevenar","GR5870",2023-05-09,0.641379,857.659363,896.822772,0.600641,45.794064,539,1244,3.260113,1183.03573,68.98282,7.116295,68.476197,4.230678,65.970405,8,NA,0.539,119.04,0.979246,6.381876,550.085123,40.239762,46.764629,NA
"LE0960","H000010932","Prevenar","HT4875",2024-06-05,0.652272,736.859688,753.123309,0.618545,40.499233,466,1436,-3.029625,1202.152668,58.796232,-7.49438,53.496611,-1.743623,57.526533,7,NA,0.466,119.568,0.969224,-16.507918,480.632711,35.788582,41.785235,NA
"EL8859","H000010932","Prevenar","DN7274",2020-12-30,0.693645,758.552214,726.17441,0.71386,49.61474,518,1294,1.80908,1324.551958,63.41077,3.678812,62.655285,2.553598,66.238054,9,NA,0.518,119.319,0.985216,2.487398,526.166054,42.849908,50.359258,NA
"L38300","H000006081","Prevenar","H85445",2015-02-09,0.602955,805.21666,862.046944,0.564135,44.042705,486,1378,-1.413944,1228.430955,70.298215,-3.246525,68.11204,-1.486503,65.663819,8,NA,0.486,118.865,1.00165,-6.356384,485.509659,36.654723,43.970147,4.0053999803
"HA2708","H000010932","Prevenar","GY0029",2023-06-07,0.652248,671.031988,679.140512,0.679878,48.146444,462,1449,-3.079935,1385.328785,64.320387,-6.422309,60.324722,-5.588065,63.55244,9,NA,0.462,118.151,1.054957,-12.634437,437.679582,38.673285,45.638314,NA
"CD4420","H000019488","Prevenar","X37485",2019-05-08,0.628265,711.549163,766.374146,0.672521,51.315357,515,1302,1.327496,1389.260995,67.553449,2.568681,66.282375,-5.478769,62.720801,9,NA,0.515,119.622,1.152919,0.687097,447.041705,38.947138,44.509093,NA
"HR4692","H000011044","Prevenar","HT4744",2024-04-13,0.536736,881.479761,942.208935,0.5501,40.781963,518,1294,1.513165,1079.905123,65.632016,3.71884,63.013342,-2.042265,61.401767,8,NA,0.518,119.912,1.095508,-0.271094,473.122224,31.757962,37.226534,3.93978888
"M02679","H000006081","Prevenar","L70023",2015-07-22,0.624824,820.696627,827.348962,0.652992,47.068014,540,1242,3.303724,1146.746071,66.34138,7.039689,66.551095,0.911174,65.807959,8,NA,0.54,118.856,1.053554,7.355803,512.790625,38.155996,44.675464,3.9370573801
"LL4172","H000013782","Prevenar","LE2392",2024-11-08,0.613187,829.989196,798.89911,0.652684,33.820732,521,1287,1.454571,918.354344,46.443502,4.263852,43.818389,0.644424,48.250905,6,-3.824573,0.521,119.408,1.024542,-1.38842,508.938404,28.526772,33.010585,3.9900116194
"NF9403","H000010932","Prevenar","LY2891",2025-11-06,0.660873,746.434938,780.105151,0.664027,43.98539,518,1294,1.562062,1148.522313,59.488604,3.591446,55.696081,-0.536276,56.921009,8,-6.215558,0.518,119.712,1.050095,-2.783763,493.298851,36.25857,41.887052,3.9190738499
"CR3613","H000010932","Prevenar","CH7313",2019-11-13,0.546394,878.145443,873.397957,0.573864,44.349801,501,1337,0.03,1234.30757,69.18594,0.042758,68.421663,-1.863477,69.562011,8,NA,0.501,118.89,1.044598,-1.061912,479.812968,37.281254,42.456325,NA
"GM8414","H000013782","Prevenar","FH2530",2022-12-29,0.611385,784.970107,805.359856,0.605822,45.577759,488,1372,-1.08033,1346.701596,66.698737,-2.347718,65.679226,-1.826276,65.010087,8,NA,0.488,119.52,1.016639,-3.87625,479.919234,39.665614,44.831813,3.9128810779
"LJ1168","H000032244","Prevenar","HT4747",2024-06-30,0.603616,794.70532,805.341275,0.556877,39.674709,448,1493,-4.65353,1223.315188,71.657997,-11.757976,74.578145,-1.891536,70.711627,7,NA,0.448,119.877,0.934915,-7.682859,479.696811,37.640415,42.436703,NA
"LH8148","H000031244","Prevenar","HT4875",2024-05-19,0.652272,736.859688,753.123309,0.618545,40.499233,466,1436,-3.029625,1202.152668,58.796232,-7.49438,53.496611,-1.743623,57.526533,7,NA,0.466,119.568,0.969224,-16.507918,480.632711,35.788582,41.785235,NA
"L30217","H000006081","Prevenar","L57276",2015-07-03,0.581332,815.772979,861.560236,0.563769,41.926399,486,1378,-1.207722,1140.680215,69.187388,-2.85162,68.062631,-2.199204,65.510453,7,NA,0.486,118.11,1.024221,-4.477287,474.234731,34.952276,40.934917,3.9346427459
"GW4596","H000019489","Prevenar","GR5870",2023-04-11,0.641379,857.659363,896.822772,0.600641,45.794064,539,1244,3.260113,1183.03573,68.98282,7.116295,68.476197,4.230678,65.970405,8,NA,0.539,119.04,0.979246,6.381876,550.085123,40.239762,46.764629,NA
"HE3214","H000006081","Prevenar","HD8750",2023-09-14,0.681456,701.376721,680.320366,0.721698,48.593239,491,1364,-0.81279,1376.623731,60.284261,-1.644902,57.547606,-2.102219,62.150097,9,NA,0.491,119.985,1.027258,-6.184487,477.957692,40.751784,47.30381,3.885087777
"R59687","H000006081","Prevenar","M93372",2016-11-26,0.73065,643.075412,605.571639,0.812397,53.986655,492,1361,-0.808927,1455.257197,59.067452,-1.516294,60.413897,-3.234274,62.72557,9,NA,0.492,118.693,1.047038,0.763209,469.863053,43.676485,51.561307,3.878626933
"W07868","H000010932","Prevenar","T02232",2017-11-09,0.678035,710.706285,686.830713,0.719681,48.074885,494,1356,-0.652494,1346.554591,60.028396,-1.323721,60.857076,-1.859957,62.1151,9,NA,0.494,119.835,1.025763,0.056758,481.883951,40.378767,46.867421,3.8898575145
"FM6164","H000017723","Prevenar","ER8679",2022-01-18,0.740808,650.360144,706.352887,0.708112,52.495492,500,1340,-0.105979,1455.738877,66.44474,-0.183984,59.837376,-2.035498,61.177651,10,NA,0.5,119.3,1.038158,-10.128134,481.792232,43.847939,50.565973,3.9997371564
"LC5396","H000019489","Prevenar","HT4746",2024-06-13,0.570256,826.330532,827.918793,0.584369,40.584033,484,1384,-1.455518,1130.010435,62.506235,-3.587374,62.639659,-2.51163,62.386325,8,NA,0.484,119.963,1.026718,-3.373918,471.220104,34.24902,39.52792,NA
"N29007","H000006081","Prevenar","M35326",2016-07-19,0.729945,631.525572,703.373366,0.696375,52.361505,490,1367,-1.238196,1457.304656,66.983834,-2.386089,63.978664,-4.320461,60.141607,10,NA,0.49,119.877,1.062547,-6.8725,460.979123,43.188457,49.27924,3.9155200513
"DA1911","H000017723","Prevenar","CM4667",2019-12-25,0.760638,627.487168,711.594307,0.689582,49.557602,491,1364,-1.018219,1397.54402,65.448945,-2.021295,61.8621,-2.372786,57.713184,9,NA,0.491,118.721,1.028101,-7.501666,477.290455,42.817482,48.203035,4.0429944165
"ED8346","H000010932","Prevenar","DL7877",2020-11-17,0.617264,760.307018,751.685164,0.635689,46.449942,478,1401,-2.350118,1317.855281,82.315575,-5.047893,79.656947,-3.179119,83.259737,8,NA,0.478,118.971,1.018171,-8.277692,469.309899,39.854517,45.620941,NA
"GR3513","H000014198","Prevenar","GL6237",2023-02-04,0.547509,891.757866,894.213145,0.543895,37.160515,486,1378,-0.660854,1059.674548,61.057037,-1.747089,56.189896,-0.51665,60.889391,7,NA,0.486,119.533,0.996134,-9.718557,488.245377,32.082957,37.304719,4.1352366461
"HX9159","H000013782","Prevenar","HT4744",2024-04-21,0.536736,881.479761,942.208935,0.5501,40.781963,518,1294,1.513165,1079.905123,65.632016,3.71884,63.013342,-2.042265,61.401767,8,NA,0.518,119.912,1.095508,-0.271094,473.122224,31.757962,37.226534,3.700199542
"M97232","H000008135","Prevenar","L59965",2015-12-07,0.656474,718.149541,749.576852,0.666612,49.497051,500,1340,-0.13181,1343.962633,67.532044,-0.263568,66.528046,-2.92826,64.700646,9,NA,0.5,119.021,0.95115,-1.750267,471.446329,40.947594,46.700601,3.8301166977
"CH8218","H000013782","Prevenar","AM9038",2019-06-13,0.650859,788.784067,840.806625,0.60843,45.875935,512,1309,0.960774,1223.89034,68.611174,2.103055,61.965141,1.123593,64.366049,8,NA,0.512,118.816,0.996463,-7.583463,513.387202,40.191336,46.038754,4.1018513461
"DJ2706","H000008135","Prevenar","CW3271",2020-02-22,0.715911,656.061609,624.148304,0.713093,47.397871,445,1503,-5.85959,1468.486119,60.738867,-12.399707,61.161247,-3.239203,63.844504,9,NA,0.445,118.664,0.947611,-11.704305,469.68162,44.119532,50.018259,4.2519170606
"J35307","H000002634","Prevenar","H01019",2014-08-31,0.609813,769.062226,744.296526,0.651425,46.617843,485,1381,-1.469845,1115.036257,64.26836,-3.156363,65.847966,-2.995632,66.406823,5,NA,0.485,70.256,1.033837,-0.698535,468.984092,35.627064,45.092057,4.6304235573
"NM6535","H000035016","Prevenar","LY2893",2026-03-20,0.679176,706.782035,684.747583,0.687216,48.120425,471,1421,-3.148504,1464.533304,62.36144,-6.508997,60.970201,-2.181101,64.368165,9,-14.843238,0.471,119.157,0.980292,-8.739926,480.029405,43.132832,49.087828,NA
"X59069","H000010932","Prevenar","T96900",2018-09-08,0.634677,718.933265,760.974012,0.59318,42.590155,451,1483,-4.471846,1348.121087,65.982278,-10.509717,56.509044,-4.009906,62.337024,8,NA,0.451,118.439,0.98927,-24.866958,456.290557,37.732127,43.052094,NA
"FC7913","H000010932","Prevenar","EM9421",2021-05-27,0.68814,666.975846,634.492727,0.724485,50.23904,460,1455,-4.991108,1515.065006,61.793421,-8.768786,61.07405,-5.068478,64.956961,9,NA,0.46,119.36,1.001542,-9.93294,458.972551,44.227635,50.16167,NA
"FY2990","H000014198","Prevenar","FD7879",2022-04-22,0.664635,706.035923,745.057441,0.657146,48.571836,490,1367,-1.091735,1366.49796,66.720097,-2.284905,61.738107,-3.111109,63.225709,9,NA,0.49,119.097,1.043378,-9.751905,469.255901,40.431098,46.552461,NA
"CW6535","H000011044","Prevenar","CA6646",2019-11-06,0.633354,782.864016,807.58715,0.614058,46.028181,496,1351,-0.67042,1282.385194,67.674608,-1.487067,66.431211,-0.677396,65.602846,9,NA,0.496,119.968,1.000152,-3.324385,495.830433,40.227947,46.021205,3.968124024
"FP0771","H000011374","Prevenar","ER8678",2021-12-03,0.582551,748.271092,710.494724,0.683609,50.110376,486,1378,-1.430384,1420.44792,65.931119,-2.886979,62.260154,-6.567758,69.436617,9,NA,0.486,118.056,1.114232,-8.454859,435.905805,39.735383,44.973002,4.10972609
"LJ1088","H000013782","Prevenar","LD1219",2024-10-17,0.615711,815.850816,918.222269,0.507999,37.591474,466,1436,-2.680536,1140.113179,67.77405,-7.14131,59.409859,0.21037,60.218006,7,-13.404205,0.466,118.75,0.928589,-19.482599,502.328389,35.841924,40.48238,4.2385733533
"N90869","H000008135","Prevenar","M35326",2016-08-07,0.729945,631.525572,703.373366,0.696375,52.361505,490,1367,-1.238196,1457.304656,66.983834,-2.386089,63.978664,-4.320461,60.141607,10,NA,0.49,119.877,1.062547,-6.8725,460.979123,43.188457,49.27924,3.9825779501
"NJ4989","H000035016","Prevenar","ME6149",2025-11-09,0.607794,740.082109,720.625017,0.677938,50.429008,489,1370,-1.340493,1436.299688,NA,-2.679547,NA,-5.337476,NA,9,-9.465318,0.489,119.691,1.086082,-3.998406,449.817525,41.295001,46.432025,NA
"MC2209","H000032244","Prevenar","ME2373",2025-06-19,0.640824,718.404614,716.528586,0.672115,44.407748,482,1389,-1.550942,1289.830943,NA,-3.478863,NA,-3.50753,NA,8,-14.994656,0.482,119.292,1.04609,-6.156181,460.371265,36.450882,42.451161,NA
"CM6725","H000013782","Prevenar","AR4781",2019-08-09,0.593452,796.308069,768.939803,0.626399,49.349587,482,1389,-1.833725,1416.216994,71.391958,-3.731641,68.232601,-2.765361,73.932956,9,NA,0.482,119.514,1.019242,-8.157009,472.570269,42.351175,48.417951,4.2105589887
"HE3378","H000017723","Prevenar","HA8581",2023-08-04,0.740223,667.29478,639.790799,0.797157,49.116926,510,1314,0.913237,1303.596405,55.541097,1.889709,53.25089,-0.63408,57.928754,9,NA,0.51,118.893,1.032527,-2.233737,493.947043,41.555897,47.56961,4.0210383559
"EM4747","H000008135","Prevenar","DN7274",2020-12-17,0.693645,758.552214,726.17441,0.71386,49.61474,518,1294,1.80908,1324.551958,63.41077,3.678812,62.655285,2.553598,66.238054,9,NA,0.518,119.319,0.985216,2.487398,526.166054,42.849908,50.359258,3.8739683446
"T63428","H000013782","Prevenar","S63648",2017-09-27,0.768591,822.644901,841.634137,0.692573,47.730334,583,1152,6.701095,1121.053331,62.419911,14.035438,63.923112,10.744972,61.011572,9,NA,0.583,118.031,0.921894,16.443646,632.27749,43.840142,51.774211,4.507564274
"W72981","H000010932","Prevenar","T49747",2018-05-02,0.668926,739.255319,758.804475,0.648189,48.370614,492,1361,-1.236316,1372.437337,67.607169,-2.588676,64.507912,-0.974887,65.865399,9,NA,0.492,118.512,0.994624,-7.172891,494.507139,42.494099,48.632043,NA
"EP6206","H000008135","Prevenar","DN7274",2021-04-07,0.693645,758.552214,726.17441,0.71386,49.61474,518,1294,1.80908,1324.551958,63.41077,3.678812,62.655285,2.553598,66.238054,9,NA,0.518,119.319,0.985216,2.487398,526.166054,42.849908,50.359258,3.9081173846
"FG8666","H000011044","Prevenar","DT9983",2021-07-10,0.683409,669.824551,735.178399,0.661348,48.184902,486,1378,-1.524269,1337.261492,65.85186,-3.183444,63.125631,-4.343246,59.997944,9,NA,0.486,118.21,1.062139,-7.323387,457.764061,39.51889,45.365925,3.9382039236
"FD8490","H000008135","Prevenar","EM9422",2021-07-12,0.727342,657.18114,713.640679,0.657635,46.023206,469,1427,-3.022135,1357.529135,63.044064,-6.529623,56.421543,-2.170909,58.056345,8,NA,0.469,119.615,0.98184,-17.034214,477.995334,40.522208,46.874433,4.0839540798
"T37737","H000010932","Prevenar","S63648",2017-08-11,0.768591,822.644901,841.634137,0.692573,47.730334,583,1152,6.701095,1121.053331,62.419911,14.035438,63.923112,10.744972,61.011572,9,NA,0.583,118.031,0.921894,16.443646,632.27749,43.840142,51.774211,NA
"T82468","H000008135","Prevenar","T02232",2017-11-02,0.678035,710.706285,686.830713,0.719681,48.074885,494,1356,-0.652494,1346.554591,60.028396,-1.323721,60.857076,-1.859957,62.1151,9,NA,0.494,119.835,1.025763,0.056758,481.883951,40.378767,46.867421,3.8015743136
"FP0918","H000011044","Prevenar","ER8679",2022-01-11,0.740808,650.360144,706.352887,0.708112,52.495492,500,1340,-0.105979,1455.738877,66.44474,-0.183984,59.837376,-2.035498,61.177651,10,NA,0.5,119.3,1.038158,-10.128134,481.792232,43.847939,50.565973,3.8651188961
"GR3608","H000011044","Prevenar","GL6237",2023-02-14,0.547509,891.757866,894.213145,0.543895,37.160515,486,1378,-0.660854,1059.674548,61.057037,-1.747089,56.189896,-0.51665,60.889391,7,NA,0.486,119.533,0.996134,-9.718557,488.245377,32.082957,37.304719,3.8361612027
"LJ1138","H000019489","Prevenar","LD1216",2024-08-22,0.573578,814.176245,818.478593,0.575024,41.539234,471,1421,-2.590297,1164.671312,64.439675,-6.205792,62.484768,-2.912526,64.100946,8,-17.681286,0.471,119.986,1.007818,-9.239493,466.993736,35.950259,41.217006,NA
"LE0996","H000013782","Prevenar","LD1217",2024-09-28,0.634818,743.968358,804.968751,0.586873,48.991886,472,1418,-2.903313,1429.060589,73.192243,-5.93063,69.171398,-2.916736,67.645748,9,-11.277486,0.472,119.232,1.000274,-11.424169,472.284681,42.780994,48.978463,3.9754255499
"H87641","H000002634","Prevenar","H01019",2014-01-22,0.609813,769.062226,744.296526,0.651425,46.617843,485,1381,-1.469845,1115.036257,64.26836,-3.156363,65.847966,-2.995632,66.406823,5,NA,0.485,70.256,1.033837,-0.698535,468.984092,35.627064,45.092057,4.5786160445
"L22464","H000006081","Prevenar","H01018",2015-01-09,0.618954,757.002188,754.678204,0.650691,49.410315,491,1364,NA,1285.102578,66.838137,-1.292084,68.617256,NA,67.043961,9,NA,0.491,119.013,1.048048,1.369747,468.549172,39.542412,47.145071,4.1423439154
"DJ2692","H000006081","Prevenar","CM4667",2020-01-12,0.760638,627.487168,711.594307,0.689582,49.557602,491,1364,-1.018219,1397.54402,65.448945,-2.021295,61.8621,-2.372786,57.713184,9,NA,0.491,118.721,1.028101,-7.501666,477.290455,42.817482,48.203035,3.8929378994
"LL4199","H000019489","Prevenar","LE2392",2024-10-29,0.613187,829.989196,798.89911,0.652684,33.820732,521,1287,1.454571,918.354344,46.443502,4.263852,43.818389,0.644424,48.250905,6,-3.824573,0.521,119.408,1.024542,-1.38842,508.938404,28.526772,33.010585,NA
"M97097","H000006081","Prevenar","L59969",2016-03-06,0.63455,744.30956,795.14796,0.609801,47.011865,485,1381,-1.771254,1271.436241,70.284326,-3.803148,69.036068,-2.990939,65.790644,9,NA,0.485,119.849,1.026635,-5.579161,472.301809,39.737918,45.79218,4.0007186723
"LX3441","H000033648","Prevenar","LK2948",2025-02-02,0.600654,850.891525,847.504668,0.618739,47.998322,524,1280,2.044121,1266.989458,69.145576,4.25955,66.993028,0.827433,69.4219,9,-7.533593,0.524,119.52,1.026008,1.146484,511.091488,40.598676,46.781634,NA
"LL4198","H000019489","Prevenar","HM2102",2024-11-08,0.638913,764.211005,758.71646,0.64148,46.515277,487,1375,-1.343422,1316.275752,65.950625,-2.90978,64.495517,-1.194019,66.428233,9,NA,0.487,119.752,0.996798,-5.11614,488.264641,40.412551,46.664681,NA
"EC6018","H000013782","Prevenar","DL7876",2020-10-05,0.634228,735.741049,747.070774,0.671617,48.366612,502,1335,0.276051,1343.964273,64.505521,0.573293,64.031927,-3.109187,63.527261,9,NA,0.502,119.195,1.075259,-0.160898,466.627921,39.211309,44.981373,3.9113588793
"CM3195","H000013782","Prevenar","AM9038",2019-08-28,0.650859,788.784067,840.806625,0.60843,45.875935,512,1309,0.960774,1223.89034,68.611174,2.103055,61.965141,1.123593,64.366049,8,NA,0.512,118.816,0.996463,-7.583463,513.387202,40.191336,46.038754,4.1469047324
"DA1903","H000010932","Prevenar","CM4667",2019-12-23,0.760638,627.487168,711.594307,0.689582,49.557602,491,1364,-1.018219,1397.54402,65.448945,-2.021295,61.8621,-2.372786,57.713184,9,NA,0.491,118.721,1.028101,-7.501666,477.290455,42.817482,48.203035,3.8499346688
"ED8330","H000017723","Prevenar","DL7877",2020-11-15,0.617264,760.307018,751.685164,0.635689,46.449942,478,1401,-2.350118,1317.855281,82.315575,-5.047893,79.656947,-3.179119,83.259737,8,NA,0.478,118.971,1.018171,-8.277692,469.309899,39.854517,45.620941,3.9149274511
"HN7755","H000017723","Prevenar","HK6561",2024-01-24,0.684493,691.768826,745.867334,0.653473,49.369605,487,1375,-1.351587,1374.069327,67.611658,-2.742949,67.001637,-2.758821,62.707717,9,NA,0.487,118.678,1.02934,-3.645192,473.511208,41.754114,47.962371,4.0395970317
"ED8313","H000013782","Prevenar","DL7877",2020-11-21,0.617264,760.307018,751.685164,0.635689,46.449942,478,1401,-2.350118,1317.855281,82.315575,-5.047893,79.656947,-3.179119,83.259737,8,NA,0.478,118.971,1.018171,-8.277692,469.309899,39.854517,45.620941,4.0319924319
"LE0997","H000013782","Prevenar","LD1219",2024-10-11,0.615711,815.850816,918.222269,0.507999,37.591474,466,1436,-2.680536,1140.113179,67.77405,-7.14131,59.409859,0.21037,60.218006,7,-13.404205,0.466,118.75,0.928589,-19.482599,502.328389,35.841924,40.48238,4.2936973006
"GT1610","H000011373","Prevenar","GY0029",2023-05-26,0.652248,671.031988,679.140512,0.679878,48.146444,462,1449,-3.079935,1385.328785,64.320387,-6.422309,60.324722,-5.588065,63.55244,9,NA,0.462,118.151,1.054957,-12.634437,437.679582,38.673285,45.638314,4.1621791141
"H67905","H000002634","Prevenar","H01020",2014-01-28,0.672565,706.552521,709.90293,0.685277,54.42393,486,1378,-1.520021,1478.47938,72.748022,-2.82622,66.993307,-2.781643,72.404685,10,NA,0.486,119.019,1.023732,-10.736696,475.202755,43.477305,53.162308,4.7833167779
"ED8331","H000017723","Prevenar","DL7877",2020-11-18,0.617264,760.307018,751.685164,0.635689,46.449942,478,1401,-2.350118,1317.855281,82.315575,-5.047893,79.656947,-3.179119,83.259737,8,NA,0.478,118.971,1.018171,-8.277692,469.309899,39.854517,45.620941,3.962336543
"EL8860","H000010932","Prevenar","DL7877",2020-12-16,0.617264,760.307018,751.685164,0.635689,46.449942,478,1401,-2.350118,1317.855281,82.315575,-5.047893,79.656947,-3.179119,83.259737,8,NA,0.478,118.971,1.018171,-8.277692,469.309899,39.854517,45.620941,NA
"EL3816","H000006081","Prevenar","DL7877",2020-12-12,0.617264,760.307018,751.685164,0.635689,46.449942,478,1401,-2.350118,1317.855281,82.315575,-5.047893,79.656947,-3.179119,83.259737,8,NA,0.478,118.971,1.018171,-8.277692,469.309899,39.854517,45.620941,4.1373695398
"GC1551","H000011044","Prevenar","FH2530",2022-06-30,0.611385,784.970107,805.359856,0.605822,45.577759,488,1372,-1.08033,1346.701596,66.698737,-2.347718,65.679226,-1.826276,65.010087,8,NA,0.488,119.52,1.016639,-3.87625,479.919234,39.665614,44.831813,3.8463135117
"HN5226","H000011044","Prevenar","HK6558",2023-12-04,0.641152,721.282184,720.112225,0.6516,46.25825,469,1427,-3.170251,1414.819355,63.24535,-6.839735,61.069123,-3.838026,63.348104,9,NA,0.469,119.948,1.014647,-10.280663,462.451274,39.674316,45.590475,4.0409001382
"HF3775","H000013782","Prevenar","HK6558",2023-11-22,0.641152,721.282184,720.112225,0.6516,46.25825,469,1427,-3.170251,1414.819355,63.24535,-6.839735,61.069123,-3.838026,63.348104,9,NA,0.469,119.948,1.014647,-10.280663,462.451274,39.674316,45.590475,4.0145522602
"HF3787","H000017723","Prevenar","GR5870",2023-10-09,0.641379,857.659363,896.822772,0.600641,45.794064,539,1244,3.260113,1183.03573,68.98282,7.116295,68.476197,4.230678,65.970405,8,NA,0.539,119.04,0.979246,6.381876,550.085123,40.239762,46.764629,4.0551830046
"HN5216","H000011044","Prevenar","HK6561",2023-11-25,0.684493,691.768826,745.867334,0.653473,49.369605,487,1375,-1.351587,1374.069327,67.611658,-2.742949,67.001637,-2.758821,62.707717,9,NA,0.487,118.678,1.02934,-3.645192,473.511208,41.754114,47.962371,3.9676970751
"GR3533","H000013782","Prevenar","GA0019",2023-04-11,0.652088,760.126765,775.594281,0.651423,49.113252,505,1327,0.460702,1290.979342,65.927469,0.939594,64.75865,-0.469622,64.612691,9,NA,0.505,119.116,1.019308,-0.833291,495.669539,42.040114,48.182928,3.9753531965
"LX3400","H000013782","Prevenar","LK2948",2025-01-29,0.600654,850.891525,847.504668,0.618739,47.998322,524,1280,2.044121,1266.989458,69.145576,4.25955,66.993028,0.827433,69.4219,9,-7.533593,0.524,119.52,1.026008,1.146484,511.091488,40.598676,46.781634,3.8326244642
"EC6028","H000017723","Prevenar","DH4062",2020-09-09,0.678171,679.09769,723.331815,0.675095,48.617501,488,1372,-1.178298,1349.497533,64.62536,-2.461449,58.860024,-3.943459,60.673306,9,NA,0.488,119.876,1.060306,-11.382615,460.544206,40.433811,45.85234,3.7175733605
"GM8387","H000008135","Prevenar","FX8007",2022-11-27,0.722264,677.829355,740.670716,0.668867,48.188316,495,1353,-0.480904,1272.975835,63.813828,-0.996002,58.581714,-1.048813,58.399617,9,NA,0.495,119.246,1.011926,-9.195031,489.571779,41.106113,47.620407,3.9313680133
"HH7685","H000031244","Prevenar","HA8581",2023-08-12,0.740223,667.29478,639.790799,0.797157,49.116926,510,1314,0.913237,1303.596405,55.541097,1.889709,53.25089,-0.63408,57.928754,9,NA,0.51,118.893,1.032527,-2.233737,493.947043,41.555897,47.56961,NA
"HX9142","H000011044","Prevenar","HD8750",NA,0.681456,701.376721,680.320366,0.721698,48.593239,491,1364,-0.81279,1376.623731,60.284261,-1.644902,57.547606,-2.102219,62.150097,9,NA,0.491,119.985,1.027258,-6.184487,477.957692,40.751784,47.30381,NA
"S51058","H000008135","Prevenar","R98711",2017-05-09,0.76379,615.673062,681.349391,0.700989,44.220907,478,1401,-2.045702,1245.353143,57.888946,-4.655767,60.122593,-2.72838,52.308941,8,NA,0.478,117.728,1.01568,-0.797263,470.244832,33.067485,43.538229,3.9328562423
"DA1890","H000006081","Prevenar","CH7314",2019-12-16,0.629752,802.671923,835.279711,0.634179,50.662382,530,1265,2.617673,1323.156765,71.702997,5.155711,69.820716,0.300092,68.903843,9,NA,0.53,119.51,1.047939,2.530604,505.484433,42.361973,48.3448,3.6633109636
"RE8409","H000035016","Prevenar","MT7833",2026-05-25,0.695181,774.53208,811.204622,0.654772,49.824395,531,1263,2.839727,1244.516748,NA,5.736086,NA,3.523178,NA,9,-7.997372,0.531,119.771,0.986468,-1.17755,538.440174,43.745145,50.507847,NA
"LJ1165","H000031244","Prevenar","LD1216",2024-07-10,0.573578,814.176245,818.478593,0.575024,41.539234,471,1421,-2.590297,1164.671312,64.439675,-6.205792,62.484768,-2.912526,64.100946,8,-17.681286,0.471,119.986,1.007818,-9.239493,466.993736,35.950259,41.217006,NA
"MD2723","H000035016","Prevenar","LY2890",2025-04-02,0.675645,730.667468,727.381622,0.669529,46.790783,487,1375,-1.346146,1368.957158,62.485386,-2.873688,62.053008,-0.705391,62.767655,9,-14.008496,0.487,119.589,0.986491,-3.565655,493.671898,40.867904,47.431537,NA
"CW6584","H000013782","Prevenar","CH7313",2019-11-26,0.546394,878.145443,873.397957,0.573864,44.349801,501,1337,0.03,1234.30757,69.18594,0.042758,68.421663,-1.863477,69.562011,8,NA,0.501,118.89,1.044598,-1.061912,479.812968,37.281254,42.456325,3.9384747842
"EL8918","H000010932","Prevenar","DT9983",2021-03-11,0.683409,669.824551,735.178399,0.661348,48.184902,486,1378,-1.524269,1337.261492,65.85186,-3.183444,63.125631,-4.343246,59.997944,9,NA,0.486,118.21,1.062139,-7.323387,457.764061,39.51889,45.365925,NA
"RH4678","H000033648","Prevenar","ME6150",2026-04-12,0.601872,855.680416,897.741401,0.598535,46.736713,537,1249,3.356834,1182.06691,NA,7.177167,NA,1.415503,NA,8,-4.990606,0.537,118.936,1.040047,2.263779,515.010498,38.940156,44.795382,NA
"T19587","H000013782","Prevenar","S63648",2017-08-03,0.768591,822.644901,841.634137,0.692573,47.730334,583,1152,6.701095,1121.053331,62.419911,14.035438,63.923112,10.744972,61.011572,9,NA,0.583,118.031,0.921894,16.443646,632.27749,43.840142,51.774211,4.3238685046
"FT0532","H000017723","Prevenar","EY5980",2022-04-09,0.730185,660.837533,690.652526,0.713979,49.323954,493,1359,-0.725435,1375.821426,61.779027,-1.457535,58.330272,-1.783517,59.112069,9,NA,0.493,119.319,1.021922,-7.039939,482.533356,42.331212,48.265872,4.0305344082
"CM3338","H000010932","Prevenar","CA6646",2019-08-22,0.633354,782.864016,807.58715,0.614058,46.028181,496,1351,-0.67042,1282.385194,67.674608,-1.487067,66.431211,-0.677396,65.602846,9,NA,0.496,119.968,1.000152,-3.324385,495.830433,40.227947,46.021205,NA
"MW1304","H000010932","Prevenar","LY2891",2025-09-07,0.660873,746.434938,780.105151,0.664027,43.98539,518,1294,1.562062,1148.522313,59.488604,3.591446,55.696081,-0.536276,56.921009,8,-6.215558,0.518,119.712,1.050095,-2.783763,493.298851,36.25857,41.887052,4.0105082099
"R59712","H000008135","Prevenar","M35326",2016-10-17,0.729945,631.525572,703.373366,0.696375,52.361505,490,1367,-1.238196,1457.304656,66.983834,-2.386089,63.978664,-4.320461,60.141607,10,NA,0.49,119.877,1.062547,-6.8725,460.979123,43.188457,49.27924,3.9587442863
"AA4484","H000006081","Prevenar","T96900",2018-10-02,0.634677,718.933265,760.974012,0.59318,42.590155,451,1483,-4.471846,1348.121087,65.982278,-10.509717,56.509044,-4.009906,62.337024,8,NA,0.451,118.439,0.98927,-24.866958,456.290557,37.732127,43.052094,4.2310173716
"LC5388","H000019489","Prevenar","HT4875",2024-05-14,0.652272,736.859688,753.123309,0.618545,40.499233,466,1436,-3.029625,1202.152668,58.796232,-7.49438,53.496611,-1.743623,57.526533,7,NA,0.466,119.568,0.969224,-16.507918,480.632711,35.788582,41.785235,NA
"T63418","H000006081","Prevenar","T02232",2017-09-23,0.678035,710.706285,686.830713,0.719681,48.074885,494,1356,-0.652494,1346.554591,60.028396,-1.323721,60.857076,-1.859957,62.1151,9,NA,0.494,119.835,1.025763,0.056758,481.883951,40.378767,46.867421,3.9560285661
"CM3339","H000010932","Prevenar","CA6646",2019-09-03,0.633354,782.864016,807.58715,0.614058,46.028181,496,1351,-0.67042,1282.385194,67.674608,-1.487067,66.431211,-0.677396,65.602846,9,NA,0.496,119.968,1.000152,-3.324385,495.830433,40.227947,46.021205,NA
"HN7334","H000010932","Prevenar","HM2103",2024-01-31,0.617105,757.342544,761.397164,0.627368,46.424396,478,1401,-2.207036,1347.822466,66.881713,-4.740274,65.982231,-3.209622,66.525552,9,NA,0.478,118.636,1.022073,-6.085158,467.360089,39.745068,45.42181,NA
"FH0023","H000011044","Prevenar","DT9983",2021-07-28,0.683409,669.824551,735.178399,0.661348,48.184902,486,1378,-1.524269,1337.261492,65.85186,-3.183444,63.125631,-4.343246,59.997944,9,NA,0.486,118.21,1.062139,-7.323387,457.764061,39.51889,45.365925,3.8811079766
"EL3807","H000008135","Prevenar","DN7274",2021-01-19,0.693645,758.552214,726.17441,0.71386,49.61474,518,1294,1.80908,1324.551958,63.41077,3.678812,62.655285,2.553598,66.238054,9,NA,0.518,119.319,0.985216,2.487398,526.166054,42.849908,50.359258,3.8661658524
"GH5608","H000013782","Prevenar","FX8007",2022-11-16,0.722264,677.829355,740.670716,0.668867,48.188316,495,1353,-0.480904,1272.975835,63.813828,-0.996002,58.581714,-1.048813,58.399617,9,NA,0.495,119.246,1.011926,-9.195031,489.571779,41.106113,47.620407,3.7911491228
"HA2735","H000013782","Prevenar","HA8580",2023-07-02,0.698352,699.192861,712.637471,0.696196,47.785122,496,1351,-0.477817,1279.710365,62.494317,-0.977084,61.023319,-1.234118,61.3153,9,NA,0.496,119.691,1.016082,-3.330896,488.283017,40.7851,47.028821,4.1013210497
"HN7779","H000019489","Prevenar","HM2103",2024-02-11,0.617105,757.342544,761.397164,0.627368,46.424396,478,1401,-2.207036,1347.822466,66.881713,-4.740274,65.982231,-3.209622,66.525552,9,NA,0.478,118.636,1.022073,-6.085158,467.360089,39.745068,45.42181,NA
"HN7774","H000019489","Prevenar","HM2103",2024-01-12,0.617105,757.342544,761.397164,0.627368,46.424396,478,1401,-2.207036,1347.822466,66.881713,-4.740274,65.982231,-3.209622,66.525552,9,NA,0.478,118.636,1.022073,-6.085158,467.360089,39.745068,45.42181,NA
"HN7634","H000011044","Prevenar","HK6561",2023-12-23,0.684493,691.768826,745.867334,0.653473,49.369605,487,1375,-1.351587,1374.069327,67.611658,-2.742949,67.001637,-2.758821,62.707717,9,NA,0.487,118.678,1.02934,-3.645192,473.511208,41.754114,47.962371,3.9832424168
"AH5717","H000006081","Prevenar","W87272",2018-12-23,0.694502,765.828462,812.511076,0.650565,44.34298,529,1268,2.25438,1235.584871,61.406723,5.115853,60.026267,2.529333,57.878615,8,NA,0.529,118.788,0.993838,2.8678,531.869046,39.27005,44.617933,4.1145479899
"EP3318","H000011373","Prevenar","DN7274",2021-01-06,0.693645,758.552214,726.17441,0.71386,49.61474,518,1294,1.80908,1324.551958,63.41077,3.678812,62.655285,2.553598,66.238054,9,NA,0.518,119.319,0.985216,2.487398,526.166054,42.849908,50.359258,3.921858708
"MG0842","H000035016","Prevenar","ME2373",2025-05-12,0.640824,718.404614,716.528586,0.672115,44.407748,482,1389,-1.550942,1289.830943,NA,-3.478863,NA,-3.50753,NA,8,-14.994656,0.482,119.292,1.04609,-6.156181,460.371265,36.450882,42.451161,NA
"X75942","H000011612","Prevenar","T96900",2018-10-22,0.634677,718.933265,760.974012,0.59318,42.590155,451,1483,-4.471846,1348.121087,65.982278,-10.509717,56.509044,-4.009906,62.337024,8,NA,0.451,118.439,0.98927,-24.866958,456.290557,37.732127,43.052094,4.1131483572
"CJ3917","H000011374","Prevenar","AM9038",2019-06-29,0.650859,788.784067,840.806625,0.60843,45.875935,512,1309,0.960774,1223.89034,68.611174,2.103055,61.965141,1.123593,64.366049,8,NA,0.512,118.816,0.996463,-7.583463,513.387202,40.191336,46.038754,3.9012238525
"GX2925","H000006081","Prevenar","GY0029",2023-05-04,0.652248,671.031988,679.140512,0.679878,48.146444,462,1449,-3.079935,1385.328785,64.320387,-6.422309,60.324722,-5.588065,63.55244,9,NA,0.462,118.151,1.054957,-12.634437,437.679582,38.673285,45.638314,4.0896952809
"GN0389","H000019489","Prevenar","FN7284",2022-11-17,0.726056,666.385373,665.515599,0.722839,48.935935,481,1392,-2.063066,1418.915047,61.117081,-4.20954,61.745059,-1.781008,61.196956,9,NA,0.481,118.948,0.994269,-3.182041,483.833207,43.057609,49.217993,NA
"CL3162","H000008135","Prevenar","AM9038",2019-09-03,0.650859,788.784067,840.806625,0.60843,45.875935,512,1309,0.960774,1223.89034,68.611174,2.103055,61.965141,1.123593,64.366049,8,NA,0.512,118.816,0.996463,-7.583463,513.387202,40.191336,46.038754,4.0575060963
"T19581","H000008135","Prevenar","S63648",2017-07-16,0.768591,822.644901,841.634137,0.692573,47.730334,583,1152,6.701095,1121.053331,62.419911,14.035438,63.923112,10.744972,61.011572,9,NA,0.583,118.031,0.921894,16.443646,632.27749,43.840142,51.774211,4.0269014812
"T30310","H000013782","Prevenar","S63651",2017-08-20,0.693039,726.642457,767.02882,0.65193,49.035353,500,1340,-0.051737,1370.258356,68.21759,-0.124422,64.773796,0.295654,64.625729,9,NA,0.5,116.662,0.992965,-5.172671,503.591749,41.117177,49.382743,4.1635543921
"GE5840","H000011374","Prevenar","FT9276",2022-08-14,0.672456,726.164875,711.187886,0.722622,48.789344,514,1304,1.287803,1326.338372,60.919506,2.614706,64.132215,-1.143176,62.202417,9,NA,0.514,118.08,1.052439,7.888401,488.313631,40.443435,46.358366,4.0188786766
"LC5391","H000019489","Prevenar","HT4875",2024-05-28,0.652272,736.859688,753.123309,0.618545,40.499233,466,1436,-3.029625,1202.152668,58.796232,-7.49438,53.496611,-1.743623,57.526533,7,NA,0.466,119.568,0.969224,-16.507918,480.632711,35.788582,41.785235,NA
"NJ6144","H000008090","Prevenar","ME2373",2025-10-19,0.640824,718.404614,716.528586,0.672115,44.407748,482,1389,-1.550942,1289.830943,NA,-3.478863,NA,-3.50753,NA,8,-14.994656,0.482,119.292,1.04609,-6.156181,460.371265,36.450882,42.451161,4.1854377995
"S10671","H000008135","Prevenar","N70120",2016-12-19,0.702193,708.521021,820.990266,0.626091,47.782915,514,1304,1.206193,1271.610622,69.729364,2.554212,63.97699,-0.327285,60.176986,9,NA,0.514,119.89,1.033157,-5.69536,497.518614,40.108989,46.249437,4.132557772
"HF3774","H000013782","Prevenar","HG6462",2023-10-24,0.723125,681.114872,693.946271,0.691329,47.757649,480,1395,-1.91901,1348.746712,61.294914,-3.998713,59.132577,-0.646218,60.161542,9,NA,0.48,119.892,0.974041,-7.526472,492.531007,42.984517,49.03044,3.8022815902
"M21961","H000006081","Prevenar","L59965",2015-11-14,0.656474,718.149541,749.576852,0.666612,49.497051,500,1340,-0.13181,1343.962633,67.532044,-0.263568,66.528046,-2.92826,64.700646,9,NA,0.5,119.021,0.95115,-1.750267,471.446329,40.947594,46.700601,3.8793020236
"HY4183","H000019489","Prevenar","HM2103",2024-03-19,0.617105,757.342544,761.397164,0.627368,46.424396,478,1401,-2.207036,1347.822466,66.881713,-4.740274,65.982231,-3.209622,66.525552,9,NA,0.478,118.636,1.022073,-6.085158,467.360089,39.745068,45.42181,NA
"M97101","H000006081","Prevenar","L59969",2016-04-26,0.63455,744.30956,795.14796,0.609801,47.011865,485,1381,-1.771254,1271.436241,70.284326,-3.803148,69.036068,-2.990939,65.790644,9,NA,0.485,119.849,1.026635,-5.579161,472.301809,39.737918,45.79218,3.8569375936
"LX3443","H000033648","Prevenar","LK2948",2025-01-31,0.600654,850.891525,847.504668,0.618739,47.998322,524,1280,2.044121,1266.989458,69.145576,4.25955,66.993028,0.827433,69.4219,9,-7.533593,0.524,119.52,1.026008,1.146484,511.091488,40.598676,46.781634,NA
"HX9340","H000017723","Prevenar","HT4744",2024-04-13,0.536736,881.479761,942.208935,0.5501,40.781963,518,1294,1.513165,1079.905123,65.632016,3.71884,63.013342,-2.042265,61.401767,8,NA,0.518,119.912,1.095508,-0.271094,473.122224,31.757962,37.226534,3.8927421316
"M21957","H000008135","Prevenar","L33554",2015-08-23,0.619604,751.126126,814.076997,0.576156,42.624976,469,1427,-2.825723,1230.21135,67.048989,-6.64754,64.810006,-3.155985,61.864231,8,NA,0.469,119.886,1.007809,-9.986864,465.40102,36.126945,42.294714,4.2349847322
"N90841","H000008135","Prevenar","L94892",2016-06-19,0.66818,782.485687,776.543655,0.647682,48.968477,503,1332,0.084478,1261.544366,68.770224,0.208548,70.150863,2.020806,69.296447,9,NA,0.503,119.4,0.961962,2.21616,522.84161,42.607212,50.904805,4.1038405472
"FH0021","H000011044","Prevenar","DT9983",2021-07-16,0.683409,669.824551,735.178399,0.661348,48.184902,486,1378,-1.524269,1337.261492,65.85186,-3.183444,63.125631,-4.343246,59.997944,9,NA,0.486,118.21,1.062139,-7.323387,457.764061,39.51889,45.365925,3.9747292475
"LJ1132","H000019489","Prevenar","LD1216",2024-07-17,0.573578,814.176245,818.478593,0.575024,41.539234,471,1421,-2.590297,1164.671312,64.439675,-6.205792,62.484768,-2.912526,64.100946,8,-17.681286,0.471,119.986,1.007818,-9.239493,466.993736,35.950259,41.217006,NA
"DK2064","H000011373","Prevenar","DE6990",2020-03-11,0.772108,605.701383,598.956614,0.74547,48.506596,447,1497,-5.846244,1514.590747,59.167268,-12.022114,61.586947,-3.547224,59.833543,9,NA,0.447,119.159,0.954749,-7.932558,467.666775,45.247415,50.805616,3.9750180201
"FA7359","H000019488","Prevenar","EM9421",2021-04-17,0.68814,666.975846,634.492727,0.724485,50.23904,460,1455,-4.991108,1515.065006,61.793421,-8.768786,61.07405,-5.068478,64.956961,9,NA,0.46,119.36,1.001542,-9.93294,458.972551,44.227635,50.16167,NA
"CM3125","H000006081","Prevenar","AR4781",2019-08-11,0.593452,796.308069,768.939803,0.626399,49.349587,482,1389,-1.833725,1416.216994,71.391958,-3.731641,68.232601,-2.765361,73.932956,9,NA,0.482,119.514,1.019242,-8.157009,472.570269,42.351175,48.417951,4.2261536516
"T30312","H000013782","Prevenar","S63648",2017-08-26,0.768591,822.644901,841.634137,0.692573,47.730334,583,1152,6.701095,1121.053331,62.419911,14.035438,63.923112,10.744972,61.011572,9,NA,0.583,118.031,0.921894,16.443646,632.27749,43.840142,51.774211,4.2643397324
"AM6082","H000017723","Prevenar","W87272",2019-02-14,0.694502,765.828462,812.511076,0.650565,44.34298,529,1268,2.25438,1235.584871,61.406723,5.115853,60.026267,2.529333,57.878615,8,NA,0.529,118.788,0.993838,2.8678,531.869046,39.27005,44.617933,3.938517775
"FM6060","H000008135","Prevenar","ER8679",2022-01-24,0.740808,650.360144,706.352887,0.708112,52.495492,500,1340,-0.105979,1455.738877,66.44474,-0.183984,59.837376,-2.035498,61.177651,10,NA,0.5,119.3,1.038158,-10.128134,481.792232,43.847939,50.565973,3.9211702638
"N33857","H000008135","Prevenar","L59969",2016-05-05,0.63455,744.30956,795.14796,0.609801,47.011865,485,1381,-1.771254,1271.436241,70.284326,-3.803148,69.036068,-2.990939,65.790644,9,NA,0.485,119.849,1.026635,-5.579161,472.301809,39.737918,45.79218,3.8842287734
"HN7778","H000019489","Prevenar","HM2103",2024-02-08,0.617105,757.342544,761.397164,0.627368,46.424396,478,1401,-2.207036,1347.822466,66.881713,-4.740274,65.982231,-3.209622,66.525552,9,NA,0.478,118.636,1.022073,-6.085158,467.360089,39.745068,45.42181,NA
"T37465","H000008135","Prevenar","T02232",2017-10-04,0.678035,710.706285,686.830713,0.719681,48.074885,494,1356,-0.652494,1346.554591,60.028396,-1.323721,60.857076,-1.859957,62.1151,9,NA,0.494,119.835,1.025763,0.056758,481.883951,40.378767,46.867421,3.7689475942
"NM6534","H000035016","Prevenar","MT7833",2026-01-27,0.695181,774.53208,811.204622,0.654772,49.824395,531,1263,2.839727,1244.516748,NA,5.736086,NA,3.523178,NA,9,-7.997372,0.531,119.771,0.986468,-1.17755,538.440174,43.745145,50.507847,NA
"HT5058","H000010932","Prevenar","HD8749",2024-05-05,0.659558,758.068131,757.399038,0.660344,45.715187,500,1340,-0.450375,1333.670214,61.81624,-0.960206,51.728491,-0.464458,61.870849,8,NA,0.5,119.196,1.000308,-17.279135,499.989794,39.922505,45.701104,3.9246231235
"T19609","H000006081","Prevenar","S63648",2017-07-19,0.768591,822.644901,841.634137,0.692573,47.730334,583,1152,6.701095,1121.053331,62.419911,14.035438,63.923112,10.744972,61.011572,9,NA,0.583,118.031,0.921894,16.443646,632.27749,43.840142,51.774211,4.112150051
"ND1816","H000011802","Prevenar","ME6147",2025-10-14,0.655748,754.678103,775.925203,0.65641,53.632172,509,1317,0.556252,1413.423226,NA,1.007445,NA,-0.964952,NA,10,-8.120948,0.509,119.8,1.029192,-2.5104,494.878634,45.224802,52.110968,4.0607851183
"FD9112","H000019489","Prevenar","EM9421",2021-07-22,0.68814,666.975846,634.492727,0.724485,50.23904,460,1455,-4.991108,1515.065006,61.793421,-8.768786,61.07405,-5.068478,64.956961,9,NA,0.46,119.36,1.001542,-9.93294,458.972551,44.227635,50.16167,NA
"M97246","H000008135","Prevenar","L59965",2016-02-07,0.656474,718.149541,749.576852,0.666612,49.497051,500,1340,-0.13181,1343.962633,67.532044,-0.263568,66.528046,-2.92826,64.700646,9,NA,0.5,119.021,0.95115,-1.750267,471.446329,40.947594,46.700601,4.0725008158
"M32480","H000006081","Prevenar","L33554",2015-09-23,0.619604,751.126126,814.076997,0.576156,42.624976,469,1427,-2.825723,1230.21135,67.048989,-6.64754,64.810006,-3.155985,61.864231,8,NA,0.469,119.886,1.007809,-9.986864,465.40102,36.126945,42.294714,4.5208738069
"LE0999","H000017723","Prevenar","LD1219",2024-10-03,0.615711,815.850816,918.222269,0.507999,37.591474,466,1436,-2.680536,1140.113179,67.77405,-7.14131,59.409859,0.21037,60.218006,7,-13.404205,0.466,118.75,0.928589,-19.482599,502.328389,35.841924,40.48238,4.4605661421
"FM6063","H000011044","Prevenar","ER8678",2021-12-16,0.582551,748.271092,710.494724,0.683609,50.110376,486,1378,-1.430384,1420.44792,65.931119,-2.886979,62.260154,-6.567758,69.436617,9,NA,0.486,118.056,1.114232,-8.454859,435.905805,39.735383,44.973002,4.0794095711
"HN7327","H000010932","Prevenar","HM2103",2024-02-15,0.617105,757.342544,761.397164,0.627368,46.424396,478,1401,-2.207036,1347.822466,66.881713,-4.740274,65.982231,-3.209622,66.525552,9,NA,0.478,118.636,1.022073,-6.085158,467.360089,39.745068,45.42181,NA
"T37754","H000013782","Prevenar","S63648",2017-09-23,0.768591,822.644901,841.634137,0.692573,47.730334,583,1152,6.701095,1121.053331,62.419911,14.035438,63.923112,10.744972,61.011572,9,NA,0.583,118.031,0.921894,16.443646,632.27749,43.840142,51.774211,4.3736128493
"HN9190","H000010932","Prevenar","HG6462",2023-12-23,0.723125,681.114872,693.946271,0.691329,47.757649,480,1395,-1.91901,1348.746712,61.294914,-3.998713,59.132577,-0.646218,60.161542,9,NA,0.48,119.892,0.974041,-7.526472,492.531007,42.984517,49.03044,NA
"MC1720","H000035016","Prevenar","ME2373",2025-06-02,0.640824,718.404614,716.528586,0.672115,44.407748,482,1389,-1.550942,1289.830943,NA,-3.478863,NA,-3.50753,NA,8,-14.994656,0.482,119.292,1.04609,-6.156181,460.371265,36.450882,42.451161,NA
"HN7730","H000011374","Prevenar","HM2103",2024-04-05,0.617105,757.342544,761.397164,0.627368,46.424396,478,1401,-2.207036,1347.822466,66.881713,-4.740274,65.982231,-3.209622,66.525552,9,NA,0.478,118.636,1.022073,-6.085158,467.360089,39.745068,45.42181,NA
"LC5364","H000017723","Prevenar","HT4747",2024-06-26,0.603616,794.70532,805.341275,0.556877,39.674709,448,1493,-4.65353,1223.315188,71.657997,-11.757976,74.578145,-1.891536,70.711627,7,NA,0.448,119.877,0.934915,-7.682859,479.696811,37.640415,42.436703,4.3458962206
"AT2115","H000011374","Prevenar","AM9038",2019-06-27,0.650859,788.784067,840.806625,0.60843,45.875935,512,1309,0.960774,1223.89034,68.611174,2.103055,61.965141,1.123593,64.366049,8,NA,0.512,118.816,0.996463,-7.583463,513.387202,40.191336,46.038754,3.9476507308
"M97258","H000008135","Prevenar","L94892",2016-04-01,0.66818,782.485687,776.543655,0.647682,48.968477,503,1332,0.084478,1261.544366,68.770224,0.208548,70.150863,2.020806,69.296447,9,NA,0.503,119.4,0.961962,2.21616,522.84161,42.607212,50.904805,4.2262886962
"M32475","H000008135","Prevenar","L33554",2015-09-21,0.619604,751.126126,814.076997,0.576156,42.624976,469,1427,-2.825723,1230.21135,67.048989,-6.64754,64.810006,-3.155985,61.864231,8,NA,0.469,119.886,1.007809,-9.986864,465.40102,36.126945,42.294714,4.3833041483
"AT6721","H000006081","Prevenar","X39572",2019-03-30,0.680418,844.310014,811.000966,0.687793,44.938189,558,1203,4.58716,1097.855762,59.080344,10.21954,57.82155,5.93114,61.506864,8,NA,0.558,118.913,0.970961,8.088892,574.48346,40.169348,46.282169,4.0540137523
"ED8345","H000010932","Prevenar","DL7877",2020-11-14,0.617264,760.307018,751.685164,0.635689,46.449942,478,1401,-2.350118,1317.855281,82.315575,-5.047893,79.656947,-3.179119,83.259737,8,NA,0.478,118.971,1.018171,-8.277692,469.309899,39.854517,45.620941,NA
"M02668","H000008135","Prevenar","L57276",2015-06-16,0.581332,815.772979,861.560236,0.563769,41.926399,486,1378,-1.207722,1140.680215,69.187388,-2.85162,68.062631,-2.199204,65.510453,7,NA,0.486,118.11,1.024221,-4.477287,474.234731,34.952276,40.934917,4.0557916047
"NM6388","H000013782","Prevenar","ME6147",2025-11-27,0.655748,754.678103,775.925203,0.65641,53.632172,509,1317,0.556252,1413.423226,NA,1.007445,NA,-0.964952,NA,10,-8.120948,0.509,119.8,1.029192,-2.5104,494.878634,45.224802,52.110968,3.8657040641
"EC6016","H000013782","Prevenar","DL7877",2020-11-13,0.617264,760.307018,751.685164,0.635689,46.449942,478,1401,-2.350118,1317.855281,82.315575,-5.047893,79.656947,-3.179119,83.259737,8,NA,0.478,118.971,1.018171,-8.277692,469.309899,39.854517,45.620941,3.984974058
"FJ5979","H000010932","Prevenar","EM9421",2021-09-19,0.68814,666.975846,634.492727,0.724485,50.23904,460,1455,-4.991108,1515.065006,61.793421,-8.768786,61.07405,-5.068478,64.956961,9,NA,0.46,119.36,1.001542,-9.93294,458.972551,44.227635,50.16167,NA
"GF1165","H000011373","Prevenar","FT9276",2022-08-10,0.672456,726.164875,711.187886,0.722622,48.789344,514,1304,1.287803,1326.338372,60.919506,2.614706,64.132215,-1.143176,62.202417,9,NA,0.514,118.08,1.052439,7.888401,488.313631,40.443435,46.358366,4.2392957667
"X37665","H000013782","Prevenar","W12929",2018-11-05,0.664511,709.520654,795.072788,0.62168,46.98872,494,1356,-0.709221,1328.404389,68.172237,-1.540259,62.243997,-2.876353,60.836707,9,NA,0.494,119.024,1.04835,-10.236233,471.484287,38.764435,44.821588,4.0246317496
"AK9145","H000010932","Prevenar","W87272",2019-01-11,0.694502,765.828462,812.511076,0.650565,44.34298,529,1268,2.25438,1235.584871,61.406723,5.115853,60.026267,2.529333,57.878615,8,NA,0.529,118.788,0.993838,2.8678,531.869046,39.27005,44.617933,NA
"GT1611","H000011374","Prevenar","GA0018",2023-03-28,0.676738,745.847176,757.746277,0.635702,46.465148,482,1389,-1.844231,1343.09289,64.009544,-3.976196,61.491554,0.378457,63.004385,8,NA,0.482,117.872,0.954348,-7.90997,504.743418,41.67499,48.687836,NA
"T19579","H000008135","Prevenar","S18374",2017-07-11,0.783598,660.821215,744.885842,0.650461,46.178208,485,1381,-1.352932,1313.659918,65.467468,-2.903143,62.695159,1.820693,58.07909,9,NA,0.485,118.459,0.935694,-7.13778,517.818306,42.792716,49.351832,4.127428884
"W07367","H000010932","Prevenar","T02232",2017-12-03,0.678035,710.706285,686.830713,0.719681,48.074885,494,1356,-0.652494,1346.554591,60.028396,-1.323721,60.857076,-1.859957,62.1151,9,NA,0.494,119.835,1.025763,0.056758,481.883951,40.378767,46.867421,NA
"LJ1012","H000010932","Prevenar","LD1216",2024-08-09,0.573578,814.176245,818.478593,0.575024,41.539234,471,1421,-2.590297,1164.671312,64.439675,-6.205792,62.484768,-2.912526,64.100946,8,-17.681286,0.471,119.986,1.007818,-9.239493,466.993736,35.950259,41.217006,NA
"T82466","H000008135","Prevenar","T02232",2017-10-28,0.678035,710.706285,686.830713,0.719681,48.074885,494,1356,-0.652494,1346.554591,60.028396,-1.323721,60.857076,-1.859957,62.1151,9,NA,0.494,119.835,1.025763,0.056758,481.883951,40.378767,46.867421,3.994803945
"HF3756","H000010932","Prevenar","HD8750",2023-09-25,0.681456,701.376721,680.320366,0.721698,48.593239,491,1364,-0.81279,1376.623731,60.284261,-1.644902,57.547606,-2.102219,62.150097,9,NA,0.491,119.985,1.027258,-6.184487,477.957692,40.751784,47.30381,NA
"NM6393","H000013782","Prevenar","MT7833",2026-03-25,0.695181,774.53208,811.204622,0.654772,49.824395,531,1263,2.839727,1244.516748,NA,5.736086,NA,3.523178,NA,9,-7.997372,0.531,119.771,0.986468,-1.17755,538.440174,43.745145,50.507847,3.7613954373
"HM8832","H000032244","Prevenar","HG6462",2023-10-21,0.723125,681.114872,693.946271,0.691329,47.757649,480,1395,-1.91901,1348.746712,61.294914,-3.998713,59.132577,-0.646218,60.161542,9,NA,0.48,119.892,0.974041,-7.526472,492.531007,42.984517,49.03044,NA
"S26390","H000008135","Prevenar","N70120",2017-03-22,0.702193,708.521021,820.990266,0.626091,47.782915,514,1304,1.206193,1271.610622,69.729364,2.554212,63.97699,-0.327285,60.176986,9,NA,0.514,119.89,1.033157,-5.69536,497.518614,40.108989,46.249437,4.0176761709
"T30273","H000008135","Prevenar","S63648",2017-08-09,0.768591,822.644901,841.634137,0.692573,47.730334,583,1152,6.701095,1121.053331,62.419911,14.035438,63.923112,10.744972,61.011572,9,NA,0.583,118.031,0.921894,16.443646,632.27749,43.840142,51.774211,3.9524036498
"W28235","H000011612","Prevenar","T02232",2018-01-31,0.678035,710.706285,686.830713,0.719681,48.074885,494,1356,-0.652494,1346.554591,60.028396,-1.323721,60.857076,-1.859957,62.1151,9,NA,0.494,119.835,1.025763,0.056758,481.883951,40.378767,46.867421,3.9388596127
"AP9877","H000013782","Prevenar","X39572",2019-03-11,0.680418,844.310014,811.000966,0.687793,44.938189,558,1203,4.58716,1097.855762,59.080344,10.21954,57.82155,5.93114,61.506864,8,NA,0.558,118.913,0.970961,8.088892,574.48346,40.169348,46.282169,4.0275264214
"FH0022","H000011044","Prevenar","DT9983",2021-07-26,0.683409,669.824551,735.178399,0.661348,48.184902,486,1378,-1.524269,1337.261492,65.85186,-3.183444,63.125631,-4.343246,59.997944,9,NA,0.486,118.21,1.062139,-7.323387,457.764061,39.51889,45.365925,3.8369000643
"CW6533","H000011044","Prevenar","CA6646",2019-09-21,0.633354,782.864016,807.58715,0.614058,46.028181,496,1351,-0.67042,1282.385194,67.674608,-1.487067,66.431211,-0.677396,65.602846,9,NA,0.496,119.968,1.000152,-3.324385,495.830433,40.227947,46.021205,3.8807338264
"GR2966","H000006081","Prevenar","GL6237",2023-01-13,0.547509,891.757866,894.213145,0.543895,37.160515,486,1378,-0.660854,1059.674548,61.057037,-1.747089,56.189896,-0.51665,60.889391,7,NA,0.486,119.533,0.996134,-9.718557,488.245377,32.082957,37.304719,4.2046832731
"GW4144","H000010932","Prevenar","GR5870",2023-04-19,0.641379,857.659363,896.822772,0.600641,45.794064,539,1244,3.260113,1183.03573,68.98282,7.116295,68.476197,4.230678,65.970405,8,NA,0.539,119.04,0.979246,6.381876,550.085123,40.239762,46.764629,NA
"ED8321","H000011044","Prevenar","DL7877",2020-11-13,0.617264,760.307018,751.685164,0.635689,46.449942,478,1401,-2.350118,1317.855281,82.315575,-5.047893,79.656947,-3.179119,83.259737,8,NA,0.478,118.971,1.018171,-8.277692,469.309899,39.854517,45.620941,3.8991104754
"T19580","H000008135","Prevenar","S63651",2017-07-14,0.693039,726.642457,767.02882,0.65193,49.035353,500,1340,-0.051737,1370.258356,68.21759,-0.124422,64.773796,0.295654,64.625729,9,NA,0.5,116.662,0.992965,-5.172671,503.591749,41.117177,49.382743,3.7783364487
"ED8303","H000006081","Prevenar","DL7878",2020-11-04,0.629635,763.216245,781.773712,0.639104,50.862573,500,1340,-0.320117,1385.340575,70.593497,-0.654031,64.957901,-2.263119,68.917774,9,NA,0.5,118.252,1.039718,-8.637198,480.548021,42.477288,48.919571,3.9098187401
"X06518","H000006081","Prevenar","T49747",2018-07-06,0.668926,739.255319,758.804475,0.648189,48.370614,492,1361,-1.236316,1372.437337,67.607169,-2.588676,64.507912,-0.974887,65.865399,9,NA,0.492,118.512,0.994624,-7.172891,494.507139,42.494099,48.632043,4.0040835945
"CH8180","H000008135","Prevenar","AH4754",2019-06-11,0.586904,808.091191,798.712884,0.636294,47.555135,508,1319,0.728715,1323.741633,65.228071,1.551601,65.319917,-2.44749,65.993964,9,NA,0.508,119.319,1.07157,1.69241,474.272241,38.333618,44.37893,3.9391593991
"AW6837","H000010932","Prevenar","X89034",2019-05-04,0.654209,819.45956,793.965555,0.638855,45.337745,507,1322,0.246024,1231.38444,63.453715,0.511575,62.747524,2.82645,65.491196,8,NA,0.507,119.519,0.946149,-0.60135,536.097711,42.108154,47.918171,3.9960090614
"HN7329","H000010932","Prevenar","HM2103",2024-01-26,0.617105,757.342544,761.397164,0.627368,46.424396,478,1401,-2.207036,1347.822466,66.881713,-4.740274,65.982231,-3.209622,66.525552,9,NA,0.478,118.636,1.022073,-6.085158,467.360089,39.745068,45.42181,NA
"DA1887","H000006081","Prevenar","X37485",2019-12-01,0.628265,711.549163,766.374146,0.672521,51.315357,515,1302,1.327496,1389.260995,67.553449,2.568681,66.282375,-5.478769,62.720801,9,NA,0.515,119.622,1.152919,0.687097,447.041705,38.947138,44.509093,3.8483755274
"CM3170","H000011374","Prevenar","AM9038",2019-08-18,0.650859,788.784067,840.806625,0.60843,45.875935,512,1309,0.960774,1223.89034,68.611174,2.103055,61.965141,1.123593,64.366049,8,NA,0.512,118.816,0.996463,-7.583463,513.387202,40.191336,46.038754,3.9159321959
"T82467","H000008135","Prevenar","T02232",2017-10-30,0.678035,710.706285,686.830713,0.719681,48.074885,494,1356,-0.652494,1346.554591,60.028396,-1.323721,60.857076,-1.859957,62.1151,9,NA,0.494,119.835,1.025763,0.056758,481.883951,40.378767,46.867421,3.9519751024
"FM6052","H000006081","Prevenar","ER8679",2022-01-01,0.740808,650.360144,706.352887,0.708112,52.495492,500,1340,-0.105979,1455.738877,66.44474,-0.183984,59.837376,-2.035498,61.177651,10,NA,0.5,119.3,1.038158,-10.128134,481.792232,43.847939,50.565973,4.1047137262
"GM8419","H000014198","Prevenar","GL6237",2023-02-03,0.547509,891.757866,894.213145,0.543895,37.160515,486,1378,-0.660854,1059.674548,61.057037,-1.747089,56.189896,-0.51665,60.889391,7,NA,0.486,119.533,0.996134,-9.718557,488.245377,32.082957,37.304719,4.0154811133
"GR5959","H000011373","Prevenar","GL6237",2023-01-12,0.547509,891.757866,894.213145,0.543895,37.160515,486,1378,-0.660854,1059.674548,61.057037,-1.747089,56.189896,-0.51665,60.889391,7,NA,0.486,119.533,0.996134,-9.718557,488.245377,32.082957,37.304719,4.0680222757
"HD8386","H000006081","Prevenar","HA8581",2023-08-15,0.740223,667.29478,639.790799,0.797157,49.116926,510,1314,0.913237,1303.596405,55.541097,1.889709,53.25089,-0.63408,57.928754,9,NA,0.51,118.893,1.032527,-2.233737,493.947043,41.555897,47.56961,4.0465053079
"M21953","H000008135","Prevenar","L70023",2015-08-07,0.624824,820.696627,827.348962,0.652992,47.068014,540,1242,3.303724,1146.746071,66.34138,7.039689,66.551095,0.911174,65.807959,8,NA,0.54,118.856,1.053554,7.355803,512.790625,38.155996,44.675464,3.903990634
"AH5735","H000011373","Prevenar","W87272",2018-12-07,0.694502,765.828462,812.511076,0.650565,44.34298,529,1268,2.25438,1235.584871,61.406723,5.115853,60.026267,2.529333,57.878615,8,NA,0.529,118.788,0.993838,2.8678,531.869046,39.27005,44.617933,4.0205763888
"GT1667","H000017723","Prevenar","GR5870",2023-04-23,0.641379,857.659363,896.822772,0.600641,45.794064,539,1244,3.260113,1183.03573,68.98282,7.116295,68.476197,4.230678,65.970405,8,NA,0.539,119.04,0.979246,6.381876,550.085123,40.239762,46.764629,3.9486961325
"GC1487","H000008135","Prevenar","FN7283",2022-06-04,0.680501,673.906006,638.312797,0.753218,52.869924,481,1392,-2.034217,1516.812924,63.392798,-3.834816,62.739227,-4.474922,66.927669,10,NA,0.481,118.947,1.048399,-4.865802,458.593597,44.00759,50.429218,4.0580169794
"GR3510","H000010932","Prevenar","GA0018",2023-01-05,0.676738,745.847176,757.746277,0.635702,46.465148,482,1389,-1.844231,1343.09289,64.009544,-3.976196,61.491554,0.378457,63.004385,8,NA,0.482,117.872,0.954348,-7.90997,504.743418,41.67499,48.687836,NA
"DW4267","H000010932","Prevenar","DE6990",2020-06-13,0.772108,605.701383,598.956614,0.74547,48.506596,447,1497,-5.846244,1514.590747,59.167268,-12.022114,61.586947,-3.547224,59.833543,9,NA,0.447,119.159,0.954749,-7.932558,467.666775,45.247415,50.805616,NA
"EL3808","H000008135","Prevenar","DL7877",2021-01-29,0.617264,760.307018,751.685164,0.635689,46.449942,478,1401,-2.350118,1317.855281,82.315575,-5.047893,79.656947,-3.179119,83.259737,8,NA,0.478,118.971,1.018171,-8.277692,469.309899,39.854517,45.620941,3.9431875473
"M97247","H000008135","Prevenar","L59966",2016-02-11,0.619941,811.179696,821.39033,0.644788,51.155479,530,1265,2.747809,1294.220551,72.154161,5.355446,68.669834,0.165111,71.257219,9,NA,0.53,119.89,1.053172,0.526443,502.883472,42.478532,48.57278,3.8592785326
"X23346","H000010932","Prevenar","T61723",2018-08-01,0.654491,794.601642,809.343584,0.651721,49.561802,527,1272,2.558552,1298.541981,69.319802,5.19585,68.332783,1.862649,68.057163,9,NA,0.527,119.942,1.014241,3.771987,520.05978,42.506395,48.865899,NA
"N29000","H000006081","Prevenar","M35326",2016-06-29,0.729945,631.525572,703.373366,0.696375,52.361505,490,1367,-1.238196,1457.304656,66.983834,-2.386089,63.978664,-4.320461,60.141607,10,NA,0.49,119.877,1.062547,-6.8725,460.979123,43.188457,49.27924,3.8831511788
"FA1613","H000010932","Prevenar","EM9421",2021-05-19,0.68814,666.975846,634.492727,0.724485,50.23904,460,1455,-4.991108,1515.065006,61.793421,-8.768786,61.07405,-5.068478,64.956961,9,NA,0.46,119.36,1.001542,-9.93294,458.972551,44.227635,50.16167,NA
"DA1901","H000010932","Prevenar","CH7314",2019-12-02,0.629752,802.671923,835.279711,0.634179,50.662382,530,1265,2.617673,1323.156765,71.702997,5.155711,69.820716,0.300092,68.903843,9,NA,0.53,119.51,1.047939,2.530604,505.484433,42.361973,48.3448,NA
"HF3776","H000013782","Prevenar","HG6462",2023-10-31,0.723125,681.114872,693.946271,0.691329,47.757649,480,1395,-1.91901,1348.746712,61.294914,-3.998713,59.132577,-0.646218,60.161542,9,NA,0.48,119.892,0.974041,-7.526472,492.531007,42.984517,49.03044,3.8403128574
"ND1817","H000011802","Prevenar","ME6147",2025-10-30,0.655748,754.678103,775.925203,0.65641,53.632172,509,1317,0.556252,1413.423226,NA,1.007445,NA,-0.964952,NA,10,-8.120948,0.509,119.8,1.029192,-2.5104,494.878634,45.224802,52.110968,3.9642567457
"T63431","H000013782","Prevenar","T02232",2017-11-02,0.678035,710.706285,686.830713,0.719681,48.074885,494,1356,-0.652494,1346.554591,60.028396,-1.323721,60.857076,-1.859957,62.1151,9,NA,0.494,119.835,1.025763,0.056758,481.883951,40.378767,46.867421,4.222406771
"DK2069","H000013782","Prevenar","CM4666",2020-03-28,0.624236,794.116655,735.114592,0.68038,50.967148,500,1340,-0.077522,1422.035175,67.347521,-0.154611,68.018759,-0.530137,72.752995,9,NA,0.5,119.232,1.00896,0.842067,495.715948,44.668151,50.514533,4.0128841216
"H87640","H000002634","Prevenar","H01018",2014-01-19,0.618954,757.002188,754.678204,0.650691,49.410315,491,1364,NA,1285.102578,66.838137,-1.292084,68.617256,NA,67.043961,9,NA,0.491,119.013,1.048048,1.369747,468.549172,39.542412,47.145071,4.3142235848
"N90865","H000008135","Prevenar","M35326",2016-06-30,0.729945,631.525572,703.373366,0.696375,52.361505,490,1367,-1.238196,1457.304656,66.983834,-2.386089,63.978664,-4.320461,60.141607,10,NA,0.49,119.877,1.062547,-6.8725,460.979123,43.188457,49.27924,3.9352555238
"GH5614","H000019489","Prevenar","FD7878",2022-09-09,0.700687,674.490651,726.100519,0.689816,51.838422,501,1337,-0.051387,1448.925165,67.925369,-0.09386,62.058738,-2.977101,63.097361,9,NA,0.501,118.121,1.059815,-8.730738,472.606789,42.932754,48.912708,NA
"L30241","H000006081","Prevenar","H01018",2015-01-15,0.618954,757.002188,754.678204,0.650691,49.410315,491,1364,NA,1285.102578,66.838137,-1.292084,68.617256,NA,67.043961,9,NA,0.491,119.013,1.048048,1.369747,468.549172,39.542412,47.145071,4.2682328042
"HG8790","H000019489","Prevenar","HD8750",2023-09-24,0.681456,701.376721,680.320366,0.721698,48.593239,491,1364,-0.81279,1376.623731,60.284261,-1.644902,57.547606,-2.102219,62.150097,9,NA,0.491,119.985,1.027258,-6.184487,477.957692,40.751784,47.30381,NA
"M02677","H000006081","Prevenar","L57276",2015-07-06,0.581332,815.772979,861.560236,0.563769,41.926399,486,1378,-1.207722,1140.680215,69.187388,-2.85162,68.062631,-2.199204,65.510453,7,NA,0.486,118.11,1.024221,-4.477287,474.234731,34.952276,40.934917,4.0546984528
"HN7758","H000017723","Prevenar","HK6561",2024-02-15,0.684493,691.768826,745.867334,0.653473,49.369605,487,1375,-1.351587,1374.069327,67.611658,-2.742949,67.001637,-2.758821,62.707717,9,NA,0.487,118.678,1.02934,-3.645192,473.511208,41.754114,47.962371,3.986364768
"LH8149","H000011374","Prevenar","HT4875",2024-05-15,0.652272,736.859688,753.123309,0.618545,40.499233,466,1436,-3.029625,1202.152668,58.796232,-7.49438,53.496611,-1.743623,57.526533,7,NA,0.466,119.568,0.969224,-16.507918,480.632711,35.788582,41.785235,4.1262024665
"X23343","H000010932","Prevenar","T16332",2018-05-16,0.741272,666.157683,766.061861,0.611371,44.779294,468,1430,-3.122016,1317.94355,66.295938,-6.967414,65.140516,-0.688098,57.650107,8,NA,0.468,119.965,0.948448,-8.710239,493.804095,41.90862,47.213212,NA
"CJ3920","H000006081","Prevenar","AH4754",2019-07-02,0.586904,808.091191,798.712884,0.636294,47.555135,508,1319,0.728715,1323.741633,65.228071,1.551601,65.319917,-2.44749,65.993964,9,NA,0.508,119.319,1.07157,1.69241,474.272241,38.333618,44.37893,4.0065836508
"AF5850","H000006081","Prevenar","W87272",2018-11-24,0.694502,765.828462,812.511076,0.650565,44.34298,529,1268,2.25438,1235.584871,61.406723,5.115853,60.026267,2.529333,57.878615,8,NA,0.529,118.788,0.993838,2.8678,531.869046,39.27005,44.617933,4.1226913966
"DC8085","H000011044","Prevenar","CM4667",2020-01-15,0.760638,627.487168,711.594307,0.689582,49.557602,491,1364,-1.018219,1397.54402,65.448945,-2.021295,61.8621,-2.372786,57.713184,9,NA,0.491,118.721,1.028101,-7.501666,477.290455,42.817482,48.203035,3.9500037125
"ED8329","H000017723","Prevenar","DH4062",2020-10-24,0.678171,679.09769,723.331815,0.675095,48.617501,488,1372,-1.178298,1349.497533,64.62536,-2.461449,58.860024,-3.943459,60.673306,9,NA,0.488,119.876,1.060306,-11.382615,460.544206,40.433811,45.85234,3.7515609714
"ER3799","H000010932","Prevenar","DN7274",2021-03-31,0.693645,758.552214,726.17441,0.71386,49.61474,518,1294,1.80908,1324.551958,63.41077,3.678812,62.655285,2.553598,66.238054,9,NA,0.518,119.319,0.985216,2.487398,526.166054,42.849908,50.359258,NA
"GH5587","H000010932","Prevenar","FN7284",2022-10-17,0.726056,666.385373,665.515599,0.722839,48.935935,481,1392,-2.063066,1418.915047,61.117081,-4.20954,61.745059,-1.781008,61.196956,9,NA,0.481,118.948,0.994269,-3.182041,483.833207,43.057609,49.217993,NA
"H81496","H000002634","Prevenar","H01018",2014-01-26,0.618954,757.002188,754.678204,0.650691,49.410315,491,1364,NA,1285.102578,66.838137,-1.292084,68.617256,NA,67.043961,9,NA,0.491,119.013,1.048048,1.369747,468.549172,39.542412,47.145071,4.4882976208
"T19589","H000013782","Prevenar","S63648",2017-08-04,0.768591,822.644901,841.634137,0.692573,47.730334,583,1152,6.701095,1121.053331,62.419911,14.035438,63.923112,10.744972,61.011572,9,NA,0.583,118.031,0.921894,16.443646,632.27749,43.840142,51.774211,4.3341235489
"EC6027","H000017723","Prevenar","CM4666",2020-08-31,0.624236,794.116655,735.114592,0.68038,50.967148,500,1340,-0.077522,1422.035175,67.347521,-0.154611,68.018759,-0.530137,72.752995,9,NA,0.5,119.232,1.00896,0.842067,495.715948,44.668151,50.514533,3.8768407585
"DW4266","H000010932","Prevenar","DE6990",2020-06-09,0.772108,605.701383,598.956614,0.74547,48.506596,447,1497,-5.846244,1514.590747,59.167268,-12.022114,61.586947,-3.547224,59.833543,9,NA,0.447,119.159,0.954749,-7.932558,467.666775,45.247415,50.805616,NA
"ED8300","H000008135","Prevenar","DL7877",2020-11-25,0.617264,760.307018,751.685164,0.635689,46.449942,478,1401,-2.350118,1317.855281,82.315575,-5.047893,79.656947,-3.179119,83.259737,8,NA,0.478,118.971,1.018171,-8.277692,469.309899,39.854517,45.620941,4.0284605418
"GH5826","H000006081","Prevenar","FN7284",2022-09-12,0.726056,666.385373,665.515599,0.722839,48.935935,481,1392,-2.063066,1418.915047,61.117081,-4.20954,61.745059,-1.781008,61.196956,9,NA,0.481,118.948,0.994269,-3.182041,483.833207,43.057609,49.217993,4.1800426221
"LL9784","H000031244","Prevenar","LD1216",2024-07-20,0.573578,814.176245,818.478593,0.575024,41.539234,471,1421,-2.590297,1164.671312,64.439675,-6.205792,62.484768,-2.912526,64.100946,8,-17.681286,0.471,119.986,1.007818,-9.239493,466.993736,35.950259,41.217006,NA
"NM6389","H000013782","Prevenar","MT7831",2026-01-08,0.65294,745.052532,782.888017,0.638127,47.418977,500,1340,-0.089743,1244.929033,NA,-0.183573,NA,-1.333811,NA,9,-14.701419,0.5,119.367,1.026943,-5.343455,486.474883,39.948429,46.17491,4.122048687
"MG4222","H000031244","Prevenar","ME6146",2025-07-03,0.709539,726.839938,747.604672,0.688465,50.327697,515,1302,1.382987,1353.717645,NA,2.768283,NA,1.482883,NA,9,-14.362059,0.515,119.093,0.998019,1.122823,515.72119,43.977884,50.427592,NA
"T37755","H000013782","Prevenar","S63648",2017-08-29,0.768591,822.644901,841.634137,0.692573,47.730334,583,1152,6.701095,1121.053331,62.419911,14.035438,63.923112,10.744972,61.011572,9,NA,0.583,118.031,0.921894,16.443646,632.27749,43.840142,51.774211,4.4807988268
"EA9680","H000006081","Prevenar","CM4666",2020-10-07,0.624236,794.116655,735.114592,0.68038,50.967148,500,1340,-0.077522,1422.035175,67.347521,-0.154611,68.018759,-0.530137,72.752995,9,NA,0.5,119.232,1.00896,0.842067,495.715948,44.668151,50.514533,3.8660535641
"ED8318","H000013782","Prevenar","DL7878",2020-10-29,0.629635,763.216245,781.773712,0.639104,50.862573,500,1340,-0.320117,1385.340575,70.593497,-0.654031,64.957901,-2.263119,68.917774,9,NA,0.5,118.252,1.039718,-8.637198,480.548021,42.477288,48.919571,3.9214127779
"HD8395","H000006081","Prevenar","HA8581",2023-08-05,0.740223,667.29478,639.790799,0.797157,49.116926,510,1314,0.913237,1303.596405,55.541097,1.889709,53.25089,-0.63408,57.928754,9,NA,0.51,118.893,1.032527,-2.233737,493.947043,41.555897,47.56961,3.7813433827
"HN7773","H000019489","Prevenar","HM2103",2024-02-03,0.617105,757.342544,761.397164,0.627368,46.424396,478,1401,-2.207036,1347.822466,66.881713,-4.740274,65.982231,-3.209622,66.525552,9,NA,0.478,118.636,1.022073,-6.085158,467.360089,39.745068,45.42181,NA
"H81496A","H000002634","Prevenar","H01018",2014-01-26,0.618954,757.002188,754.678204,0.650691,49.410315,491,1364,NA,1285.102578,66.838137,-1.292084,68.617256,NA,67.043961,9,NA,0.491,119.013,1.048048,1.369747,468.549172,39.542412,47.145071,NA
"LP6546","H000031244","Prevenar","LD1217",2024-09-08,0.634818,743.968358,804.968751,0.586873,48.991886,472,1418,-2.903313,1429.060589,73.192243,-5.93063,69.171398,-2.916736,67.645748,9,-11.277486,0.472,119.232,1.000274,-11.424169,472.284681,42.780994,48.978463,NA
"DA1888","H000006081","Prevenar","CH7314",2019-12-12,0.629752,802.671923,835.279711,0.634179,50.662382,530,1265,2.617673,1323.156765,71.702997,5.155711,69.820716,0.300092,68.903843,9,NA,0.53,119.51,1.047939,2.530604,505.484433,42.361973,48.3448,3.7397955336
"DA1867","H000008135","Prevenar","CH7314",2019-12-17,0.629752,802.671923,835.279711,0.634179,50.662382,530,1265,2.617673,1323.156765,71.702997,5.155711,69.820716,0.300092,68.903843,9,NA,0.53,119.51,1.047939,2.530604,505.484433,42.361973,48.3448,3.879496468
"EW0927","H000010932","Prevenar","EM9421",2021-04-30,0.68814,666.975846,634.492727,0.724485,50.23904,460,1455,-4.991108,1515.065006,61.793421,-8.768786,61.07405,-5.068478,64.956961,9,NA,0.46,119.36,1.001542,-9.93294,458.972551,44.227635,50.16167,NA
"GE5851","H000011374","Prevenar","FN7284",2022-09-02,0.726056,666.385373,665.515599,0.722839,48.935935,481,1392,-2.063066,1418.915047,61.117081,-4.20954,61.745059,-1.781008,61.196956,9,NA,0.481,118.948,0.994269,-3.182041,483.833207,43.057609,49.217993,4.1950159219
"HC7746","H000019489","Prevenar","GP0925",2023-04-18,0.615212,774.815778,752.940085,0.642925,47.387211,484,1384,-1.606147,1322.246461,66.685148,-3.408652,65.025958,-2.331364,68.622598,9,NA,0.484,119.266,1.015542,-5.896748,476.67576,40.945451,46.661995,NA
"S51054","H000008135","Prevenar","R98711",2017-05-02,0.76379,615.673062,681.349391,0.700989,44.220907,478,1401,-2.045702,1245.353143,57.888946,-4.655767,60.122593,-2.72838,52.308941,8,NA,0.478,117.728,1.01568,-0.797263,470.244832,33.067485,43.538229,4.0048568421
"CL3161","H000008135","Prevenar","AH4754",2019-08-23,0.586904,808.091191,798.712884,0.636294,47.555135,508,1319,0.728715,1323.741633,65.228071,1.551601,65.319917,-2.44749,65.993964,9,NA,0.508,119.319,1.07157,1.69241,474.272241,38.333618,44.37893,4.0240013906
"DN3835","H000010932","Prevenar","CW3272",2020-05-06,0.682205,724.258203,690.6617,0.660273,43.506391,456,1467,-4.155928,1321.433641,59.995465,-9.588419,60.768044,-0.524139,62.913881,8,NA,0.456,119.178,0.922954,-8.300691,494.092701,41.361369,47.13818,NA
"GD0306","H000006081","Prevenar","FH2530",2022-07-29,0.611385,784.970107,805.359856,0.605822,45.577759,488,1372,-1.08033,1346.701596,66.698737,-2.347718,65.679226,-1.826276,65.010087,8,NA,0.488,119.52,1.016639,-3.87625,479.919234,39.665614,44.831813,4.0161240566
"HN7736","H000013782","Prevenar","HM2103",2024-01-11,0.617105,757.342544,761.397164,0.627368,46.424396,478,1401,-2.207036,1347.822466,66.881713,-4.740274,65.982231,-3.209622,66.525552,9,NA,0.478,118.636,1.022073,-6.085158,467.360089,39.745068,45.42181,3.9825804492
"EX9683","H000014198","Prevenar","EM9422",2021-08-25,0.727342,657.18114,713.640679,0.657635,46.023206,469,1427,-3.022135,1357.529135,63.044064,-6.529623,56.421543,-2.170909,58.056345,8,NA,0.469,119.615,0.98184,-17.034214,477.995334,40.522208,46.874433,3.9115720107
"LJ1002","H000010932","Prevenar","LD1216",2024-07-28,0.573578,814.176245,818.478593,0.575024,41.539234,471,1421,-2.590297,1164.671312,64.439675,-6.205792,62.484768,-2.912526,64.100946,8,-17.681286,0.471,119.986,1.007818,-9.239493,466.993736,35.950259,41.217006,NA
"GR3531","H000013782","Prevenar","GL6237",2023-01-25,0.547509,891.757866,894.213145,0.543895,37.160515,486,1378,-0.660854,1059.674548,61.057037,-1.747089,56.189896,-0.51665,60.889391,7,NA,0.486,119.533,0.996134,-9.718557,488.245377,32.082957,37.304719,4.1662017694
"L30184","H000008135","Prevenar","L57276",2015-06-10,0.581332,815.772979,861.560236,0.563769,41.926399,486,1378,-1.207722,1140.680215,69.187388,-2.85162,68.062631,-2.199204,65.510453,7,NA,0.486,118.11,1.024221,-4.477287,474.234731,34.952276,40.934917,3.9197227369
"GE6474","H000013782","Prevenar","FX8007",2022-09-29,0.722264,677.829355,740.670716,0.668867,48.188316,495,1353,-0.480904,1272.975835,63.813828,-0.996002,58.581714,-1.048813,58.399617,9,NA,0.495,119.246,1.011926,-9.195031,489.571779,41.106113,47.620407,4.0292864388
"LJ1157","H000028394","Prevenar","LE2392",2024-11-10,0.613187,829.989196,798.89911,0.652684,33.820732,521,1287,1.454571,918.354344,46.443502,4.263852,43.818389,0.644424,48.250905,6,-3.824573,0.521,119.408,1.024542,-1.38842,508.938404,28.526772,33.010585,NA
"M32478","H000008135","Prevenar","L33554",2015-09-30,0.619604,751.126126,814.076997,0.576156,42.624976,469,1427,-2.825723,1230.21135,67.048989,-6.64754,64.810006,-3.155985,61.864231,8,NA,0.469,119.886,1.007809,-9.986864,465.40102,36.126945,42.294714,4.3249370427
"N41744","H000010932","Prevenar","L59969",2016-03-12,0.63455,744.30956,795.14796,0.609801,47.011865,485,1381,-1.771254,1271.436241,70.284326,-3.803148,69.036068,-2.990939,65.790644,9,NA,0.485,119.849,1.026635,-5.579161,472.301809,39.737918,45.79218,NA
"DC8077","H000010932","Prevenar","CM4667",2020-01-14,0.760638,627.487168,711.594307,0.689582,49.557602,491,1364,-1.018219,1397.54402,65.448945,-2.021295,61.8621,-2.372786,57.713184,9,NA,0.491,118.721,1.028101,-7.501666,477.290455,42.817482,48.203035,NA
"FM6162","H000017723","Prevenar","FD7878",2021-12-07,0.700687,674.490651,726.100519,0.689816,51.838422,501,1337,-0.051387,1448.925165,67.925369,-0.09386,62.058738,-2.977101,63.097361,9,NA,0.501,118.121,1.059815,-8.730738,472.606789,42.932754,48.912708,4.0312247522
"CK5676","H000010932","Prevenar","AM9038",2019-06-24,0.650859,788.784067,840.806625,0.60843,45.875935,512,1309,0.960774,1223.89034,68.611174,2.103055,61.965141,1.123593,64.366049,8,NA,0.512,118.816,0.996463,-7.583463,513.387202,40.191336,46.038754,NA
"ER3806","H000010932","Prevenar","EM9421",2021-04-10,0.68814,666.975846,634.492727,0.724485,50.23904,460,1455,-4.991108,1515.065006,61.793421,-8.768786,61.07405,-5.068478,64.956961,9,NA,0.46,119.36,1.001542,-9.93294,458.972551,44.227635,50.16167,NA
"CM3336","H000010932","Prevenar","AR4781",2019-08-10,0.593452,796.308069,768.939803,0.626399,49.349587,482,1389,-1.833725,1416.216994,71.391958,-3.731641,68.232601,-2.765361,73.932956,9,NA,0.482,119.514,1.019242,-8.157009,472.570269,42.351175,48.417951,NA
"CM3130","H000008135","Prevenar","CA6646",2019-09-06,0.633354,782.864016,807.58715,0.614058,46.028181,496,1351,-0.67042,1282.385194,67.674608,-1.487067,66.431211,-0.677396,65.602846,9,NA,0.496,119.968,1.000152,-3.324385,495.830433,40.227947,46.021205,3.9905634911
"FF8655","H000008135","Prevenar","EM9423",2021-08-09,0.782554,619.489924,627.268129,0.768887,49.45312,482,1389,-2.00129,1430.154065,58.233195,-4.057993,60.057182,-1.746423,57.511096,9,NA,0.482,119.226,0.994873,-0.92578,484.784013,43.580792,49.707988,4.1743124651
"RC8052","H000033648","Prevenar","ME6146",2026-04-07,0.709539,726.839938,747.604672,0.688465,50.327697,515,1302,1.382987,1353.717645,NA,2.768283,NA,1.482883,NA,9,-14.362059,0.515,119.093,0.998019,1.122823,515.72119,43.977884,50.427592,NA
"GX2963","H000028394","Prevenar","HA8580",2023-06-16,0.698352,699.192861,712.637471,0.696196,47.785122,496,1351,-0.477817,1279.710365,62.494317,-0.977084,61.023319,-1.234118,61.3153,9,NA,0.496,119.691,1.016082,-3.330896,488.283017,40.7851,47.028821,NA
"EC6014","H000013782","Prevenar","DH4062",2020-09-25,0.678171,679.09769,723.331815,0.675095,48.617501,488,1372,-1.178298,1349.497533,64.62536,-2.461449,58.860024,-3.943459,60.673306,9,NA,0.488,119.876,1.060306,-11.382615,460.544206,40.433811,45.85234,3.7275251798
"CL3160","H000008135","Prevenar","AR4781",2019-07-19,0.593452,796.308069,768.939803,0.626399,49.349587,482,1389,-1.833725,1416.216994,71.391958,-3.731641,68.232601,-2.765361,73.932956,9,NA,0.482,119.514,1.019242,-8.157009,472.570269,42.351175,48.417951,4.2314291885
"LJ1172","H000032244","Prevenar","LE2392",2024-11-17,0.613187,829.989196,798.89911,0.652684,33.820732,521,1287,1.454571,918.354344,46.443502,4.263852,43.818389,0.644424,48.250905,6,-3.824573,0.521,119.408,1.024542,-1.38842,508.938404,28.526772,33.010585,NA
"HG4912","H000011044","Prevenar","HD8750",2023-10-06,0.681456,701.376721,680.320366,0.721698,48.593239,491,1364,-0.81279,1376.623731,60.284261,-1.644902,57.547606,-2.102219,62.150097,9,NA,0.491,119.985,1.027258,-6.184487,477.957692,40.751784,47.30381,4.0693060009
"DK2061","H000008135","Prevenar","CM4666",2020-03-16,0.624236,794.116655,735.114592,0.68038,50.967148,500,1340,-0.077522,1422.035175,67.347521,-0.154611,68.018759,-0.530137,72.752995,9,NA,0.5,119.232,1.00896,0.842067,495.715948,44.668151,50.514533,3.6826786796
"NM6369","H000010932","Prevenar","LY2891",2025-12-05,0.660873,746.434938,780.105151,0.664027,43.98539,518,1294,1.562062,1148.522313,59.488604,3.591446,55.696081,-0.536276,56.921009,8,-6.215558,0.518,119.712,1.050095,-2.783763,493.298851,36.25857,41.887052,3.7652351374
"AK8998","H000008135","Prevenar","W87272",2019-01-13,0.694502,765.828462,812.511076,0.650565,44.34298,529,1268,2.25438,1235.584871,61.406723,5.115853,60.026267,2.529333,57.878615,8,NA,0.529,118.788,0.993838,2.8678,531.869046,39.27005,44.617933,4.0783114859
"GW4599","H000028394","Prevenar","GR5870",2023-04-08,0.641379,857.659363,896.822772,0.600641,45.794064,539,1244,3.260113,1183.03573,68.98282,7.116295,68.476197,4.230678,65.970405,8,NA,0.539,119.04,0.979246,6.381876,550.085123,40.239762,46.764629,NA
"LX2603","H000010932","Prevenar","LY2893",2025-05-14,0.679176,706.782035,684.747583,0.687216,48.120425,471,1421,-3.148504,1464.533304,62.36144,-6.508997,60.970201,-2.181101,64.368165,9,-14.843238,0.471,119.157,0.980292,-8.739926,480.029405,43.132832,49.087828,4.0614794157
"DX7817","H000010932","Prevenar","DE6990",2020-07-10,0.772108,605.701383,598.956614,0.74547,48.506596,447,1497,-5.846244,1514.590747,59.167268,-12.022114,61.586947,-3.547224,59.833543,9,NA,0.447,119.159,0.954749,-7.932558,467.666775,45.247415,50.805616,NA
"HD8383","H000006081","Prevenar","HA8581",2023-07-11,0.740223,667.29478,639.790799,0.797157,49.116926,510,1314,0.913237,1303.596405,55.541097,1.889709,53.25089,-0.63408,57.928754,9,NA,0.51,118.893,1.032527,-2.233737,493.947043,41.555897,47.56961,4.0882772853
"M97257","H000008135","Prevenar","L94892",2016-03-26,0.66818,782.485687,776.543655,0.647682,48.968477,503,1332,0.084478,1261.544366,68.770224,0.208548,70.150863,2.020806,69.296447,9,NA,0.503,119.4,0.961962,2.21616,522.84161,42.607212,50.904805,4.2064177622
"FA5692","H000008135","Prevenar","EM9421",2021-05-26,0.68814,666.975846,634.492727,0.724485,50.23904,460,1455,-4.991108,1515.065006,61.793421,-8.768786,61.07405,-5.068478,64.956961,9,NA,0.46,119.36,1.001542,-9.93294,458.972551,44.227635,50.16167,4.191874595
"GM8340","H000006081","Prevenar","FN7284",2022-12-12,0.726056,666.385373,665.515599,0.722839,48.935935,481,1392,-2.063066,1418.915047,61.117081,-4.20954,61.745059,-1.781008,61.196956,9,NA,0.481,118.948,0.994269,-3.182041,483.833207,43.057609,49.217993,4.0675812435
"MG3452","H000010932","Prevenar","LY2891",2025-08-05,0.660873,746.434938,780.105151,0.664027,43.98539,518,1294,1.562062,1148.522313,59.488604,3.591446,55.696081,-0.536276,56.921009,8,-6.215558,0.518,119.712,1.050095,-2.783763,493.298851,36.25857,41.887052,3.8432901523
"L38299","H000006081","Prevenar","H85445",2015-02-06,0.602955,805.21666,862.046944,0.564135,44.042705,486,1378,-1.413944,1228.430955,70.298215,-3.246525,68.11204,-1.486503,65.663819,8,NA,0.486,118.865,1.00165,-6.356384,485.509659,36.654723,43.970147,3.7337058697
"R59734","H000011373","Prevenar","N43494",2016-11-18,0.648348,659.34066,682.572438,0.656936,51.245658,448,1493,-5.891122,1374.652922,68.297999,-11.46772,68.731221,-8.282413,65.973434,9,NA,0.448,119.483,1.048947,-10.83341,427.481966,40.617638,48.854366,3.905982897
"MW1324","H000035016","Prevenar","ME6147",2025-09-17,0.655748,754.678103,775.925203,0.65641,53.632172,509,1317,0.556252,1413.423226,NA,1.007445,NA,-0.964952,NA,10,-8.120948,0.509,119.8,1.029192,-2.5104,494.878634,45.224802,52.110968,NA
"GC1564","H000011373","Prevenar","FN7283",2022-06-16,0.680501,673.906006,638.312797,0.753218,52.869924,481,1392,-2.034217,1516.812924,63.392798,-3.834816,62.739227,-4.474922,66.927669,10,NA,0.481,118.947,1.048399,-4.865802,458.593597,44.00759,50.429218,4.1463404238
"MG4221","H000031244","Prevenar","ME2373",2025-06-17,0.640824,718.404614,716.528586,0.672115,44.407748,482,1389,-1.550942,1289.830943,NA,-3.478863,NA,-3.50753,NA,8,-14.994656,0.482,119.292,1.04609,-6.156181,460.371265,36.450882,42.451161,NA
"DC5813","H000006081","Prevenar","CA6647",2019-11-19,0.572268,828.225335,836.350135,0.583856,45.027011,488,1372,-1.166028,1288.255628,69.263275,-2.61,65.991799,-2.488451,68.590411,8,NA,0.488,119.618,1.030258,-7.333247,473.966944,37.574059,43.704588,3.7004735788
"DA1869","H000008135","Prevenar","CM4667",2020-01-17,0.760638,627.487168,711.594307,0.689582,49.557602,491,1364,-1.018219,1397.54402,65.448945,-2.021295,61.8621,-2.372786,57.713184,9,NA,0.491,118.721,1.028101,-7.501666,477.290455,42.817482,48.203035,3.7400698244
"HN7336","H000010932","Prevenar","HM2103",2024-01-28,0.617105,757.342544,761.397164,0.627368,46.424396,478,1401,-2.207036,1347.822466,66.881713,-4.740274,65.982231,-3.209622,66.525552,9,NA,0.478,118.636,1.022073,-6.085158,467.360089,39.745068,45.42181,NA
"MW1302","H000010932","Prevenar","LY2893",2025-10-31,0.679176,706.782035,684.747583,0.687216,48.120425,471,1421,-3.148504,1464.533304,62.36144,-6.508997,60.970201,-2.181101,64.368165,9,-14.843238,0.471,119.157,0.980292,-8.739926,480.029405,43.132832,49.087828,4.2222739822
"S51056","H000008135","Prevenar","N70120",2017-04-13,0.702193,708.521021,820.990266,0.626091,47.782915,514,1304,1.206193,1271.610622,69.729364,2.554212,63.97699,-0.327285,60.176986,9,NA,0.514,119.89,1.033157,-5.69536,497.518614,40.108989,46.249437,4.3523177173
"MW1322","H000031244","Prevenar","ME6147",2025-11-02,0.655748,754.678103,775.925203,0.65641,53.632172,509,1317,0.556252,1413.423226,NA,1.007445,NA,-0.964952,NA,10,-8.120948,0.509,119.8,1.029192,-2.5104,494.878634,45.224802,52.110968,NA
"M32477","H000008135","Prevenar","L33554",2015-10-01,0.619604,751.126126,814.076997,0.576156,42.624976,469,1427,-2.825723,1230.21135,67.048989,-6.64754,64.810006,-3.155985,61.864231,8,NA,0.469,119.886,1.007809,-9.986864,465.40102,36.126945,42.294714,4.4396970623
"N90928","H000008135","Prevenar","M35326",2016-09-17,0.729945,631.525572,703.373366,0.696375,52.361505,490,1367,-1.238196,1457.304656,66.983834,-2.386089,63.978664,-4.320461,60.141607,10,NA,0.49,119.877,1.062547,-6.8725,460.979123,43.188457,49.27924,3.8329486166
"LL4204","H000019489","Prevenar","LE2393",2024-11-25,0.591414,788.247214,718.440752,0.681138,43.078105,489,1370,-1.006925,1146.3856,56.661606,-2.371901,56.151162,-3.047192,62.167066,8,-7.958475,0.489,119.448,1.049717,-3.272765,466.180474,35.82371,41.037838,NA
"GT1605","H000011044","Prevenar","GY0029",2023-05-22,0.652248,671.031988,679.140512,0.679878,48.146444,462,1449,-3.079935,1385.328785,64.320387,-6.422309,60.324722,-5.588065,63.55244,9,NA,0.462,118.151,1.054957,-12.634437,437.679582,38.673285,45.638314,3.8973171487
"S93507","H000011612","Prevenar","S63651",2017-07-15,0.693039,726.642457,767.02882,0.65193,49.035353,500,1340,-0.051737,1370.258356,68.21759,-0.124422,64.773796,0.295654,64.625729,9,NA,0.5,116.662,0.992965,-5.172671,503.591749,41.117177,49.382743,3.8116264084
"HE3369","H000013782","Prevenar","HA8581",2023-07-26,0.740223,667.29478,639.790799,0.797157,49.116926,510,1314,0.913237,1303.596405,55.541097,1.889709,53.25089,-0.63408,57.928754,9,NA,0.51,118.893,1.032527,-2.233737,493.947043,41.555897,47.56961,4.0078932584
"HN7632","H000011044","Prevenar","HK6561",2023-12-10,0.684493,691.768826,745.867334,0.653473,49.369605,487,1375,-1.351587,1374.069327,67.611658,-2.742949,67.001637,-2.758821,62.707717,9,NA,0.487,118.678,1.02934,-3.645192,473.511208,41.754114,47.962371,4.160267753
"CR3633","H000013782","Prevenar","X89034",2019-10-18,0.654209,819.45956,793.965555,0.638855,45.337745,507,1322,0.246024,1231.38444,63.453715,0.511575,62.747524,2.82645,65.491196,8,NA,0.507,119.519,0.946149,-0.60135,536.097711,42.108154,47.918171,4.3909828325
"DA1902","H000010932","Prevenar","CM4667",2019-12-18,0.760638,627.487168,711.594307,0.689582,49.557602,491,1364,-1.018219,1397.54402,65.448945,-2.021295,61.8621,-2.372786,57.713184,9,NA,0.491,118.721,1.028101,-7.501666,477.290455,42.817482,48.203035,NA
"MW1299","H000010932","Prevenar","LY2893",2025-09-21,0.679176,706.782035,684.747583,0.687216,48.120425,471,1421,-3.148504,1464.533304,62.36144,-6.508997,60.970201,-2.181101,64.368165,9,-14.843238,0.471,119.157,0.980292,-8.739926,480.029405,43.132832,49.087828,4.1118740817
"NM6523","H000033648","Prevenar","ME6147",2026-03-16,0.655748,754.678103,775.925203,0.65641,53.632172,509,1317,0.556252,1413.423226,NA,1.007445,NA,-0.964952,NA,10,-8.120948,0.509,119.8,1.029192,-2.5104,494.878634,45.224802,52.110968,NA
"HA2710","H000010932","Prevenar","HA8581",2023-08-08,0.740223,667.29478,639.790799,0.797157,49.116926,510,1314,0.913237,1303.596405,55.541097,1.889709,53.25089,-0.63408,57.928754,9,NA,0.51,118.893,1.032527,-2.233737,493.947043,41.555897,47.56961,NA
"W08088","H000010932","Prevenar","T02232",2017-11-13,0.678035,710.706285,686.830713,0.719681,48.074885,494,1356,-0.652494,1346.554591,60.028396,-1.323721,60.857076,-1.859957,62.1151,9,NA,0.494,119.835,1.025763,0.056758,481.883951,40.378767,46.867421,NA
"J56527","H000002634","Prevenar","H01018",2014-09-07,0.618954,757.002188,754.678204,0.650691,49.410315,491,1364,NA,1285.102578,66.838137,-1.292084,68.617256,NA,67.043961,9,NA,0.491,119.013,1.048048,1.369747,468.549172,39.542412,47.145071,4.4399033273
"FH0024","H000011044","Prevenar","EM9423",2021-08-01,0.782554,619.489924,627.268129,0.768887,49.45312,482,1389,-2.00129,1430.154065,58.233195,-4.057993,60.057182,-1.746423,57.511096,9,NA,0.482,119.226,0.994873,-0.92578,484.784013,43.580792,49.707988,4.5463533576
"FD5649","H000011044","Prevenar","EM9421",2021-05-10,0.68814,666.975846,634.492727,0.724485,50.23904,460,1455,-4.991108,1515.065006,61.793421,-8.768786,61.07405,-5.068478,64.956961,9,NA,0.46,119.36,1.001542,-9.93294,458.972551,44.227635,50.16167,4.0527399827
"GM8405","H000011373","Prevenar","GA0019",2022-12-15,0.652088,760.126765,775.594281,0.651423,49.113252,505,1327,0.460702,1290.979342,65.927469,0.939594,64.75865,-0.469622,64.612691,9,NA,0.505,119.116,1.019308,-0.833291,495.669539,42.040114,48.182928,3.8925060107
"FA1611","H000010932","Prevenar","EM9421",2021-05-14,0.68814,666.975846,634.492727,0.724485,50.23904,460,1455,-4.991108,1515.065006,61.793421,-8.768786,61.07405,-5.068478,64.956961,9,NA,0.46,119.36,1.001542,-9.93294,458.972551,44.227635,50.16167,NA
"J80524","H000002634","Prevenar","H01019",2014-11-16,0.609813,769.062226,744.296526,0.651425,46.617843,485,1381,-1.469845,1115.036257,64.26836,-3.156363,65.847966,-2.995632,66.406823,5,NA,0.485,70.256,1.033837,-0.698535,468.984092,35.627064,45.092057,4.5713004921
"T19578","H000008135","Prevenar","S18374",2017-07-08,0.783598,660.821215,744.885842,0.650461,46.178208,485,1381,-1.352932,1313.659918,65.467468,-2.903143,62.695159,1.820693,58.07909,9,NA,0.485,118.459,0.935694,-7.13778,517.818306,42.792716,49.351832,4.127428884
"GD0321","H000013782","Prevenar","FN7283",2022-07-18,0.680501,673.906006,638.312797,0.753218,52.869924,481,1392,-2.034217,1516.812924,63.392798,-3.834816,62.739227,-4.474922,66.927669,10,NA,0.481,118.947,1.048399,-4.865802,458.593597,44.00759,50.429218,4.1347299057
"LL4201","H000019489","Prevenar","LD1219",2024-10-31,0.615711,815.850816,918.222269,0.507999,37.591474,466,1436,-2.680536,1140.113179,67.77405,-7.14131,59.409859,0.21037,60.218006,7,-13.404205,0.466,118.75,0.928589,-19.482599,502.328389,35.841924,40.48238,NA
"M02670","H000008135","Prevenar","L57276",2015-06-30,0.581332,815.772979,861.560236,0.563769,41.926399,486,1378,-1.207722,1140.680215,69.187388,-2.85162,68.062631,-2.199204,65.510453,7,NA,0.486,118.11,1.024221,-4.477287,474.234731,34.952276,40.934917,4.0135538807
"HN7734","H000013782","Prevenar","HK6561",2024-01-06,0.684493,691.768826,745.867334,0.653473,49.369605,487,1375,-1.351587,1374.069327,67.611658,-2.742949,67.001637,-2.758821,62.707717,9,NA,0.487,118.678,1.02934,-3.645192,473.511208,41.754114,47.962371,4.0681944957
"EL8858","H000010932","Prevenar","DT9983",2021-03-17,0.683409,669.824551,735.178399,0.661348,48.184902,486,1378,-1.524269,1337.261492,65.85186,-3.183444,63.125631,-4.343246,59.997944,9,NA,0.486,118.21,1.062139,-7.323387,457.764061,39.51889,45.365925,NA
"HN7777","H000019489","Prevenar","HM2103",2024-02-05,0.617105,757.342544,761.397164,0.627368,46.424396,478,1401,-2.207036,1347.822466,66.881713,-4.740274,65.982231,-3.209622,66.525552,9,NA,0.478,118.636,1.022073,-6.085158,467.360089,39.745068,45.42181,NA
"CH8181","H000008135","Prevenar","X37485",2019-06-18,0.628265,711.549163,766.374146,0.672521,51.315357,515,1302,1.327496,1389.260995,67.553449,2.568681,66.282375,-5.478769,62.720801,9,NA,0.515,119.622,1.152919,0.687097,447.041705,38.947138,44.509093,3.9870973456
"GW4594","H000013782","Prevenar","GY0029",2023-05-13,0.652248,671.031988,679.140512,0.679878,48.146444,462,1449,-3.079935,1385.328785,64.320387,-6.422309,60.324722,-5.588065,63.55244,9,NA,0.462,118.151,1.054957,-12.634437,437.679582,38.673285,45.638314,4.0741668717
"FL6026","H000011374","Prevenar","ER8678",2021-10-22,0.582551,748.271092,710.494724,0.683609,50.110376,486,1378,-1.430384,1420.44792,65.931119,-2.886979,62.260154,-6.567758,69.436617,9,NA,0.486,118.056,1.114232,-8.454859,435.905805,39.735383,44.973002,4.0386128775
"GH5828","H000014198","Prevenar","FN7284",2022-10-13,0.726056,666.385373,665.515599,0.722839,48.935935,481,1392,-2.063066,1418.915047,61.117081,-4.20954,61.745059,-1.781008,61.196956,9,NA,0.481,118.948,0.994269,-3.182041,483.833207,43.057609,49.217993,4.1849076712
"FL6028","H000011374","Prevenar","ER8678",2021-11-03,0.582551,748.271092,710.494724,0.683609,50.110376,486,1378,-1.430384,1420.44792,65.931119,-2.886979,62.260154,-6.567758,69.436617,9,NA,0.486,118.056,1.114232,-8.454859,435.905805,39.735383,44.973002,4.1445289104
"DX7815","H000010932","Prevenar","DE6990",2020-07-08,0.772108,605.701383,598.956614,0.74547,48.506596,447,1497,-5.846244,1514.590747,59.167268,-12.022114,61.586947,-3.547224,59.833543,9,NA,0.447,119.159,0.954749,-7.932558,467.666775,45.247415,50.805616,NA
"HG4913","H000011044","Prevenar","HK6558",2023-10-30,0.641152,721.282184,720.112225,0.6516,46.25825,469,1427,-3.170251,1414.819355,63.24535,-6.839735,61.069123,-3.838026,63.348104,9,NA,0.469,119.948,1.014647,-10.280663,462.451274,39.674316,45.590475,4.159773236
"MX1262","H000032244","Prevenar","ME6147",2025-10-25,0.655748,754.678103,775.925203,0.65641,53.632172,509,1317,0.556252,1413.423226,NA,1.007445,NA,-0.964952,NA,10,-8.120948,0.509,119.8,1.029192,-2.5104,494.878634,45.224802,52.110968,NA
"EP6169","H000010932","Prevenar","DN7274",2021-02-06,0.693645,758.552214,726.17441,0.71386,49.61474,518,1294,1.80908,1324.551958,63.41077,3.678812,62.655285,2.553598,66.238054,9,NA,0.518,119.319,0.985216,2.487398,526.166054,42.849908,50.359258,NA
"S89887","H000006081","Prevenar","S18374",2017-06-28,0.783598,660.821215,744.885842,0.650461,46.178208,485,1381,-1.352932,1313.659918,65.467468,-2.903143,62.695159,1.820693,58.07909,9,NA,0.485,118.459,0.935694,-7.13778,517.818306,42.792716,49.351832,4.1164708121
"ED8349","H000010932","Prevenar","DL7877",2020-12-04,0.617264,760.307018,751.685164,0.635689,46.449942,478,1401,-2.350118,1317.855281,82.315575,-5.047893,79.656947,-3.179119,83.259737,8,NA,0.478,118.971,1.018171,-8.277692,469.309899,39.854517,45.620941,NA
"HE3393","H000019489","Prevenar","HA8581",2023-07-08,0.740223,667.29478,639.790799,0.797157,49.116926,510,1314,0.913237,1303.596405,55.541097,1.889709,53.25089,-0.63408,57.928754,9,NA,0.51,118.893,1.032527,-2.233737,493.947043,41.555897,47.56961,NA
"AT6722","H000006081","Prevenar","X39572",2019-04-05,0.680418,844.310014,811.000966,0.687793,44.938189,558,1203,4.58716,1097.855762,59.080344,10.21954,57.82155,5.93114,61.506864,8,NA,0.558,118.913,0.970961,8.088892,574.48346,40.169348,46.282169,4.335273312
"EL8878","H000010932","Prevenar","DN7274",2021-01-23,0.693645,758.552214,726.17441,0.71386,49.61474,518,1294,1.80908,1324.551958,63.41077,3.678812,62.655285,2.553598,66.238054,9,NA,0.518,119.319,0.985216,2.487398,526.166054,42.849908,50.359258,NA
"DK2113","H000011044","Prevenar","CM4666",2020-03-08,0.624236,794.116655,735.114592,0.68038,50.967148,500,1340,-0.077522,1422.035175,67.347521,-0.154611,68.018759,-0.530137,72.752995,9,NA,0.5,119.232,1.00896,0.842067,495.715948,44.668151,50.514533,3.8339239407
"EL8946","H000011373","Prevenar","DN7274",2020-12-16,0.693645,758.552214,726.17441,0.71386,49.61474,518,1294,1.80908,1324.551958,63.41077,3.678812,62.655285,2.553598,66.238054,9,NA,0.518,119.319,0.985216,2.487398,526.166054,42.849908,50.359258,3.8103854171
"HG8789","H000019489","Prevenar","HA8582",2023-09-21,0.697828,627.476738,718.908205,0.653,46.327932,469,1427,-3.096038,1431.001658,63.779046,-6.682983,54.783908,-6.212169,55.667563,9,NA,0.469,119.723,1.072113,-20.786577,437.871046,37.59957,43.211801,NA
"FA1612","H000010932","Prevenar","EM9421",2021-05-19,NA,NA,NA,NA,NA,NA,NA,NA,NA,NA,NA,NA,NA,NA,NA,NA,NA,NA,NA,NA,NA,NA,NA,4.0773314609
"DN5224","H000010932","Prevenar","CM4667",2020-04-04,NA,NA,NA,NA,NA,NA,NA,NA,NA,NA,NA,NA,NA,NA,NA,NA,NA,NA,NA,NA,NA,NA,NA,3.8054889909
"GR3510","H000010932","Prevenar","GA0018",2023-01-07,NA,NA,NA,NA,NA,NA,NA,NA,NA,NA,NA,NA,NA,NA,NA,NA,NA,NA,NA,NA,NA,NA,NA,4.1653385819
"EW0927","H000010932","Prevenar","EM9421",2021-05-03,NA,NA,NA,NA,NA,NA,NA,NA,NA,NA,NA,NA,NA,NA,NA,NA,NA,NA,NA,NA,NA,NA,NA,4.2230765447
"EL8920","H000010932","Prevenar","DT9983",2021-03-24,NA,NA,NA,NA,NA,NA,NA,NA,NA,NA,NA,NA,NA,NA,NA,NA,NA,NA,NA,NA,NA,NA,NA,3.7729999999
"CK5676","H000010932","Prevenar","AM9038",2019-06-25,NA,NA,NA,NA,NA,NA,NA,NA,NA,NA,NA,NA,NA,NA,NA,NA,NA,NA,NA,NA,NA,NA,NA,3.9681584019
"EL8858","H000010932","Prevenar","DT9983",2021-03-21,NA,NA,NA,NA,NA,NA,NA,NA,NA,NA,NA,NA,NA,NA,NA,NA,NA,NA,NA,NA,NA,NA,NA,3.8779898963
"FC0557","H000010932","Prevenar","EM9421",2021-04-18,NA,NA,NA,NA,NA,NA,NA,NA,NA,NA,NA,NA,NA,NA,NA,NA,NA,NA,NA,NA,NA,NA,NA,4.082932485
"HX9142","H000013782","Prevenar","HD8750",2024-04-28,NA,NA,NA,NA,NA,NA,NA,NA,NA,NA,NA,NA,NA,NA,NA,NA,NA,NA,NA,NA,NA,NA,NA,3.7514849167
"FA1613","H000010932","Prevenar","EM9421",2021-05-21,NA,NA,NA,NA,NA,NA,NA,NA,NA,NA,NA,NA,NA,NA,NA,NA,NA,NA,NA,NA,NA,NA,NA,3.8270018383
"AW6836","H000010932","Prevenar","X39572",2019-05-01,NA,NA,NA,NA,NA,NA,NA,NA,NA,NA,NA,NA,NA,NA,NA,NA,NA,NA,NA,NA,NA,NA,NA,4.2684725926
"DL7369","H000010932","Prevenar","CW3271",2020-02-29,NA,NA,NA,NA,NA,NA,NA,NA,NA,NA,NA,NA,NA,NA,NA,NA,NA,NA,NA,NA,NA,NA,NA,4.1522459534
"ED8338","H000010932","Prevenar","DL7878",2020-10-21,NA,NA,NA,NA,NA,NA,NA,NA,NA,NA,NA,NA,NA,NA,NA,NA,NA,NA,NA,NA,NA,NA,NA,3.9642903416
"CM3338","H000010932","Prevenar","CA6646",2019-08-26,NA,NA,NA,NA,NA,NA,NA,NA,NA,NA,NA,NA,NA,NA,NA,NA,NA,NA,NA,NA,NA,NA,NA,3.8429079137
"AH5749","H000010932","Prevenar","W87272",2018-12-28,NA,NA,NA,NA,NA,NA,NA,NA,NA,NA,NA,NA,NA,NA,NA,NA,NA,NA,NA,NA,NA,NA,NA,4.1633293633
"N58142","H000010932","Prevenar","L59969",2016-03-28,NA,NA,NA,NA,NA,NA,NA,NA,NA,NA,NA,NA,NA,NA,NA,NA,NA,NA,NA,NA,NA,NA,NA,4.231078224
"EH7861","H000010932","Prevenar","DL7876",2020-09-28,NA,NA,NA,NA,NA,NA,NA,NA,NA,NA,NA,NA,NA,NA,NA,NA,NA,NA,NA,NA,NA,NA,NA,3.9098638969
"FC7913","H000010932","Prevenar","EM9421",2021-05-29,NA,NA,NA,NA,NA,NA,NA,NA,NA,NA,NA,NA,NA,NA,NA,NA,NA,NA,NA,NA,NA,NA,NA,4.1959976151
"HN9190","H000010932","Prevenar","HG6462",2023-12-26,NA,NA,NA,NA,NA,NA,NA,NA,NA,NA,NA,NA,NA,NA,NA,NA,NA,NA,NA,NA,NA,NA,NA,3.8882336792
"ED8342","H000010932","Prevenar","DL7878",2020-11-02,NA,NA,NA,NA,NA,NA,NA,NA,NA,NA,NA,NA,NA,NA,NA,NA,NA,NA,NA,NA,NA,NA,NA,3.8472109356
"GH5502","H000010932","Prevenar","FN7284",2022-09-12,NA,NA,NA,NA,NA,NA,NA,NA,NA,NA,NA,NA,NA,NA,NA,NA,NA,NA,NA,NA,NA,NA,NA,4.1087458849
"EL8859","H000010932","Prevenar","DN7274",2021-01-01,NA,NA,NA,NA,NA,NA,NA,NA,NA,NA,NA,NA,NA,NA,NA,NA,NA,NA,NA,NA,NA,NA,NA,3.818472373
"CM3339","H000010932","Prevenar","CA6646",2019-09-05,NA,NA,NA,NA,NA,NA,NA,NA,NA,NA,NA,NA,NA,NA,NA,NA,NA,NA,NA,NA,NA,NA,NA,3.9176515169
"FJ5979","H000010932","Prevenar","EM9421",2021-09-22,NA,NA,NA,NA,NA,NA,NA,NA,NA,NA,NA,NA,NA,NA,NA,NA,NA,NA,NA,NA,NA,NA,NA,4.0751427677
"HF3761","H000010932","Prevenar","HG6462",2023-10-27,NA,NA,NA,NA,NA,NA,NA,NA,NA,NA,NA,NA,NA,NA,NA,NA,NA,NA,NA,NA,NA,NA,NA,3.7591794872
"GH5589","H000010932","Prevenar","FT9276",2022-11-05,NA,NA,NA,NA,NA,NA,NA,NA,NA,NA,NA,NA,NA,NA,NA,NA,NA,NA,NA,NA,NA,NA,NA,4.0250676106
"FA1610","H000010932","Prevenar","DT9983",2021-05-11,NA,NA,NA,NA,NA,NA,NA,NA,NA,NA,NA,NA,NA,NA,NA,NA,NA,NA,NA,NA,NA,NA,NA,3.8610359368
"W45481","H000010932","Prevenar","T02232",2018-03-23,NA,NA,NA,NA,NA,NA,NA,NA,NA,NA,NA,NA,NA,NA,NA,NA,NA,NA,NA,NA,NA,NA,NA,4.0089761591
"EL8876","H000010932","Prevenar","DN7274",2021-01-14,NA,NA,NA,NA,NA,NA,NA,NA,NA,NA,NA,NA,NA,NA,NA,NA,NA,NA,NA,NA,NA,NA,NA,3.7867701098
"HA2709","H000010932","Prevenar","HA8582",2023-08-29,NA,NA,NA,NA,NA,NA,NA,NA,NA,NA,NA,NA,NA,NA,NA,NA,NA,NA,NA,NA,NA,NA,NA,3.8081906594
"EP6167","H000010932","Prevenar","DN7274",2021-01-19,NA,NA,NA,NA,NA,NA,NA,NA,NA,NA,NA,NA,NA,NA,NA,NA,NA,NA,NA,NA,NA,NA,NA,3.8563274458
"CG3541","H000008135","Prevenar","AK9662",2019-06-20,NA,NA,NA,NA,NA,NA,NA,NA,NA,NA,NA,NA,NA,NA,NA,NA,NA,NA,NA,NA,NA,NA,NA,3.9526387553
"LJ1014","H000010932","Prevenar","LD1217",2024-08-13,NA,NA,NA,NA,NA,NA,NA,NA,NA,NA,NA,NA,NA,NA,NA,NA,NA,NA,NA,NA,NA,NA,NA,4.0711040106
"ED8343","H000010932","Prevenar","DL7878",2020-10-05,NA,NA,NA,NA,NA,NA,NA,NA,NA,NA,NA,NA,NA,NA,NA,NA,NA,NA,NA,NA,NA,NA,NA,3.8977672847
"EL8919","H000010932","Prevenar","DT9983",2021-03-18,NA,NA,NA,NA,NA,NA,NA,NA,NA,NA,NA,NA,NA,NA,NA,NA,NA,NA,NA,NA,NA,NA,NA,3.8971113488
"DN3836","H000010932","Prevenar","CW3272",2020-05-17,NA,NA,NA,NA,NA,NA,NA,NA,NA,NA,NA,NA,NA,NA,NA,NA,NA,NA,NA,NA,NA,NA,NA,4.2613294011
"AM6026","H000010932","Prevenar","W87272",2019-02-03,NA,NA,NA,NA,NA,NA,NA,NA,NA,NA,NA,NA,NA,NA,NA,NA,NA,NA,NA,NA,NA,NA,NA,4.0619785511
"W11603","H000010932","Prevenar","T02232",2018-02-13,NA,NA,NA,NA,NA,NA,NA,NA,NA,NA,NA,NA,NA,NA,NA,NA,NA,NA,NA,NA,NA,NA,NA,4.075289554
"GW4145","H000010932","Prevenar","GR5870",2023-05-10,NA,NA,NA,NA,NA,NA,NA,NA,NA,NA,NA,NA,NA,NA,NA,NA,NA,NA,NA,NA,NA,NA,NA,3.8752794043
"ED8347","H000010932","Prevenar","DL7877",2020-11-21,NA,NA,NA,NA,NA,NA,NA,NA,NA,NA,NA,NA,NA,NA,NA,NA,NA,NA,NA,NA,NA,NA,NA,3.9901988985
"T30392","H000010932","Prevenar","S18374",2017-06-17,NA,NA,NA,NA,NA,NA,NA,NA,NA,NA,NA,NA,NA,NA,NA,NA,NA,NA,NA,NA,NA,NA,NA,4.1959953005
"HN7326","H000010932","Prevenar","HK6561",2024-01-06,NA,NA,NA,NA,NA,NA,NA,NA,NA,NA,NA,NA,NA,NA,NA,NA,NA,NA,NA,NA,NA,NA,NA,4.1116786485
"ED8311","H000006081","Prevenar","DL7876",2020-10-07,NA,NA,NA,NA,NA,NA,NA,NA,NA,NA,NA,NA,NA,NA,NA,NA,NA,NA,NA,NA,NA,NA,NA,3.8728493613
"EP6169","H000010932","Prevenar","DN7274",2021-02-08,NA,NA,NA,NA,NA,NA,NA,NA,NA,NA,NA,NA,NA,NA,NA,NA,NA,NA,NA,NA,NA,NA,NA,3.8371951509
"FA1611","H000010932","Prevenar","EM9421",2021-05-16,NA,NA,NA,NA,NA,NA,NA,NA,NA,NA,NA,NA,NA,NA,NA,NA,NA,NA,NA,NA,NA,NA,NA,4.2410985038
"AR7665","H000010932","Prevenar","X39572",2019-03-17,NA,NA,NA,NA,NA,NA,NA,NA,NA,NA,NA,NA,NA,NA,NA,NA,NA,NA,NA,NA,NA,NA,NA,3.9879313785
"EL8877","H000010932","Prevenar","DN7274",2021-01-22,NA,NA,NA,NA,NA,NA,NA,NA,NA,NA,NA,NA,NA,NA,NA,NA,NA,NA,NA,NA,NA,NA,NA,3.7825393962
"DK2067","H000010932","Prevenar","CW3271",2020-02-21,NA,NA,NA,NA,NA,NA,NA,NA,NA,NA,NA,NA,NA,NA,NA,NA,NA,NA,NA,NA,NA,NA,NA,4.0970760591
"FA1616","H000010932","Prevenar","EM9421",2021-06-09,NA,NA,NA,NA,NA,NA,NA,NA,NA,NA,NA,NA,NA,NA,NA,NA,NA,NA,NA,NA,NA,NA,NA,4.0371423948
"ED8340","H000010932","Prevenar","DL7878",2020-10-24,NA,NA,NA,NA,NA,NA,NA,NA,NA,NA,NA,NA,NA,NA,NA,NA,NA,NA,NA,NA,NA,NA,NA,4.1693645102
"HF3760","H000010932","Prevenar","HG6462",2023-10-06,NA,NA,NA,NA,NA,NA,NA,NA,NA,NA,NA,NA,NA,NA,NA,NA,NA,NA,NA,NA,NA,NA,NA,3.9563220305
"CM3340","H000010932","Prevenar","AM9038",2019-09-12,NA,NA,NA,NA,NA,NA,NA,NA,NA,NA,NA,NA,NA,NA,NA,NA,NA,NA,NA,NA,NA,NA,NA,3.9170109764
"DN3835","H000010932","Prevenar","CW3272",2020-05-07,NA,NA,NA,NA,NA,NA,NA,NA,NA,NA,NA,NA,NA,NA,NA,NA,NA,NA,NA,NA,NA,NA,NA,4.3575615711
"LL4096","H000010932","Prevenar","LE2392",2024-11-06,NA,NA,NA,NA,NA,NA,NA,NA,NA,NA,NA,NA,NA,NA,NA,NA,NA,NA,NA,NA,NA,NA,NA,4.0265512466
"N73146","H000010932","Prevenar","N43494",2016-11-04,NA,NA,NA,NA,NA,NA,NA,NA,NA,NA,NA,NA,NA,NA,NA,NA,NA,NA,NA,NA,NA,NA,NA,3.9045636559
"EL8918","H000010932","Prevenar","DT9983",2021-03-15,NA,NA,NA,NA,NA,NA,NA,NA,NA,NA,NA,NA,NA,NA,NA,NA,NA,NA,NA,NA,NA,NA,NA,3.932964072
"LX2596","H000010932","Prevenar","LK2948",2025-01-31,NA,NA,NA,NA,NA,NA,NA,NA,NA,NA,NA,NA,NA,NA,NA,NA,NA,NA,NA,NA,NA,NA,NA,3.8756100043
"DJ2716","H000010932","Prevenar","CM4666",2020-02-11,NA,NA,NA,NA,NA,NA,NA,NA,NA,NA,NA,NA,NA,NA,NA,NA,NA,NA,NA,NA,NA,NA,NA,3.9757480411
"FA1614","H000010932","Prevenar","EM9421",2021-05-27,NA,NA,NA,NA,NA,NA,NA,NA,NA,NA,NA,NA,NA,NA,NA,NA,NA,NA,NA,NA,NA,NA,NA,3.9671699963
"AW6839","H000010932","Prevenar","AM9038",2019-05-31,NA,NA,NA,NA,NA,NA,NA,NA,NA,NA,NA,NA,NA,NA,NA,NA,NA,NA,NA,NA,NA,NA,NA,3.9284921497
"LE0962","H000010932","Prevenar","LD1216",2024-07-15,NA,NA,NA,NA,NA,NA,NA,NA,NA,NA,NA,NA,NA,NA,NA,NA,NA,NA,NA,NA,NA,NA,NA,4.3344467628
"N41744","H000010932","Prevenar","L59969",2016-03-14,NA,NA,NA,NA,NA,NA,NA,NA,NA,NA,NA,NA,NA,NA,NA,NA,NA,NA,NA,NA,NA,NA,NA,4.0485553206
"LE0960","H000010932","Prevenar","HT4875",2024-06-07,NA,NA,NA,NA,NA,NA,NA,NA,NA,NA,NA,NA,NA,NA,NA,NA,NA,NA,NA,NA,NA,NA,NA,3.9691023392
"HP2980","H000006081","Prevenar","HG6462",2024-01-16,NA,NA,NA,NA,NA,NA,NA,NA,NA,NA,NA,NA,NA,NA,NA,NA,NA,NA,NA,NA,NA,NA,NA,3.7804267761
"HN7329","H000010932","Prevenar","HM2103",2024-01-28,NA,NA,NA,NA,NA,NA,NA,NA,NA,NA,NA,NA,NA,NA,NA,NA,NA,NA,NA,NA,NA,NA,NA,3.8428747792
"FA1615","H000010932","Prevenar","EM9421",2021-06-04,NA,NA,NA,NA,NA,NA,NA,NA,NA,NA,NA,NA,NA,NA,NA,NA,NA,NA,NA,NA,NA,NA,NA,4.2359853845
"GX2795","H000010932","Prevenar","GR5871",2023-06-04,NA,NA,NA,NA,NA,NA,NA,NA,NA,NA,NA,NA,NA,NA,NA,NA,NA,NA,NA,NA,NA,NA,NA,4.1735165456
"EL8915","H000010932","Prevenar","DN7274",2021-02-02,NA,NA,NA,NA,NA,NA,NA,NA,NA,NA,NA,NA,NA,NA,NA,NA,NA,NA,NA,NA,NA,NA,NA,3.9664245507
"HF3754","H000010932","Prevenar","HD8750",2023-09-19,NA,NA,NA,NA,NA,NA,NA,NA,NA,NA,NA,NA,NA,NA,NA,NA,NA,NA,NA,NA,NA,NA,NA,3.8516217434
"HA2708","H000010932","Prevenar","GY0029",2023-06-11,NA,NA,NA,NA,NA,NA,NA,NA,NA,NA,NA,NA,NA,NA,NA,NA,NA,NA,NA,NA,NA,NA,NA,4.176016955
"HF3762","H000010932","Prevenar","HK6558",2023-11-09,NA,NA,NA,NA,NA,NA,NA,NA,NA,NA,NA,NA,NA,NA,NA,NA,NA,NA,NA,NA,NA,NA,NA,4.1942063353
"LX2594","H000010932","Prevenar","LK2948",2025-02-04,NA,NA,NA,NA,NA,NA,NA,NA,NA,NA,NA,NA,NA,NA,NA,NA,NA,NA,NA,NA,NA,NA,NA,3.9337669114
"LL4094","H000010932","Prevenar","LD1219",2024-10-14,NA,NA,NA,NA,NA,NA,NA,NA,NA,NA,NA,NA,NA,NA,NA,NA,NA,NA,NA,NA,NA,NA,NA,4.2197530302
"T37737","H000010932","Prevenar","S63648",2017-08-13,NA,NA,NA,NA,NA,NA,NA,NA,NA,NA,NA,NA,NA,NA,NA,NA,NA,NA,NA,NA,NA,NA,NA,4.2273516639
"DX7815","H000010932","Prevenar","DE6990",2020-07-09,NA,NA,NA,NA,NA,NA,NA,NA,NA,NA,NA,NA,NA,NA,NA,NA,NA,NA,NA,NA,NA,NA,NA,3.9943892593
"EL8878","H000010932","Prevenar","DN7274",2021-01-25,NA,NA,NA,NA,NA,NA,NA,NA,NA,NA,NA,NA,NA,NA,NA,NA,NA,NA,NA,NA,NA,NA,NA,3.8062865585
"X23344","H000010932","Prevenar","T61723",2018-07-22,NA,NA,NA,NA,NA,NA,NA,NA,NA,NA,NA,NA,NA,NA,NA,NA,NA,NA,NA,NA,NA,NA,NA,3.8619684274
"GR3511","H000010932","Prevenar","GA0018",2023-01-21,NA,NA,NA,NA,NA,NA,NA,NA,NA,NA,NA,NA,NA,NA,NA,NA,NA,NA,NA,NA,NA,NA,NA,4.2215510504
"N73145","H000010932","Prevenar","L59969",2016-06-19,NA,NA,NA,NA,NA,NA,NA,NA,NA,NA,NA,NA,NA,NA,NA,NA,NA,NA,NA,NA,NA,NA,NA,4.1154076846
"EC6036","H000010932","Prevenar","CM4666",2020-08-23,NA,NA,NA,NA,NA,NA,NA,NA,NA,NA,NA,NA,NA,NA,NA,NA,NA,NA,NA,NA,NA,NA,NA,3.7008145331
"HN7730","H000011374","Prevenar","HM2103",2024-04-03,NA,NA,NA,NA,NA,NA,NA,NA,NA,NA,NA,NA,NA,NA,NA,NA,NA,NA,NA,NA,NA,NA,NA,3.9520921137
"FC1572","H000010932","Prevenar","EM9421",2021-05-13,NA,NA,NA,NA,NA,NA,NA,NA,NA,NA,NA,NA,NA,NA,NA,NA,NA,NA,NA,NA,NA,NA,NA,4.1176523995
"W88032","H000010932","Prevenar","T49747",2018-05-10,NA,NA,NA,NA,NA,NA,NA,NA,NA,NA,NA,NA,NA,NA,NA,NA,NA,NA,NA,NA,NA,NA,NA,3.9766778056
"GT1593","H000010932","Prevenar","GR5870",2023-04-09,NA,NA,NA,NA,NA,NA,NA,NA,NA,NA,NA,NA,NA,NA,NA,NA,NA,NA,NA,NA,NA,NA,NA,4.0024627183
"EW0925","H000010932","Prevenar","EM9421",2021-04-28,NA,NA,NA,NA,NA,NA,NA,NA,NA,NA,NA,NA,NA,NA,NA,NA,NA,NA,NA,NA,NA,NA,NA,4.0634076273
"HN7327","H000010932","Prevenar","HM2103",2024-02-17,NA,NA,NA,NA,NA,NA,NA,NA,NA,NA,NA,NA,NA,NA,NA,NA,NA,NA,NA,NA,NA,NA,NA,4.0200063289
"DN3838","H000010932","Prevenar","CW3272",2020-05-23,NA,NA,NA,NA,NA,NA,NA,NA,NA,NA,NA,NA,NA,NA,NA,NA,NA,NA,NA,NA,NA,NA,NA,4.3055089018
"ED8349","H000010932","Prevenar","DL7877",2020-12-07,NA,NA,NA,NA,NA,NA,NA,NA,NA,NA,NA,NA,NA,NA,NA,NA,NA,NA,NA,NA,NA,NA,NA,4.1014865685
"HN7330","H000010932","Prevenar","HM2103",2024-01-26,NA,NA,NA,NA,NA,NA,NA,NA,NA,NA,NA,NA,NA,NA,NA,NA,NA,NA,NA,NA,NA,NA,NA,3.6254340018
"X70406","H000010932","Prevenar","T96900",2018-10-06,NA,NA,NA,NA,NA,NA,NA,NA,NA,NA,NA,NA,NA,NA,NA,NA,NA,NA,NA,NA,NA,NA,NA,4.1843671745
"ED8334","H000010932","Prevenar","DH4062",2020-09-14,NA,NA,NA,NA,NA,NA,NA,NA,NA,NA,NA,NA,NA,NA,NA,NA,NA,NA,NA,NA,NA,NA,NA,3.604045285
"S69942","H000006081","Prevenar","S63648",2017-08-12,NA,NA,NA,NA,NA,NA,NA,NA,NA,NA,NA,NA,NA,NA,NA,NA,NA,NA,NA,NA,NA,NA,NA,4.0939338322
"W11604","H000010932","Prevenar","T02232",2018-02-15,NA,NA,NA,NA,NA,NA,NA,NA,NA,NA,NA,NA,NA,NA,NA,NA,NA,NA,NA,NA,NA,NA,NA,4.0560263233
"CR3613","H000010932","Prevenar","CH7313",2019-11-19,NA,NA,NA,NA,NA,NA,NA,NA,NA,NA,NA,NA,NA,NA,NA,NA,NA,NA,NA,NA,NA,NA,NA,3.6906006738
"EL8921","H000010932","Prevenar","DT9983",2021-03-26,NA,NA,NA,NA,NA,NA,NA,NA,NA,NA,NA,NA,NA,NA,NA,NA,NA,NA,NA,NA,NA,NA,NA,3.8175260869
"R98841","H000010932","Prevenar","M93372",2016-11-17,NA,NA,NA,NA,NA,NA,NA,NA,NA,NA,NA,NA,NA,NA,NA,NA,NA,NA,NA,NA,NA,NA,NA,3.8677812216
"LL4095","H000010932","Prevenar","LD1219",2024-10-05,NA,NA,NA,NA,NA,NA,NA,NA,NA,NA,NA,NA,NA,NA,NA,NA,NA,NA,NA,NA,NA,NA,NA,4.6073919251
"LL4093","H000010932","Prevenar","LD1216",2024-09-03,NA,NA,NA,NA,NA,NA,NA,NA,NA,NA,NA,NA,NA,NA,NA,NA,NA,NA,NA,NA,NA,NA,NA,4.0211604377
"AK9145","H000010932","Prevenar","W87272",2019-01-13,NA,NA,NA,NA,NA,NA,NA,NA,NA,NA,NA,NA,NA,NA,NA,NA,NA,NA,NA,NA,NA,NA,NA,4.2792569453
"EL8855","H000010932","Prevenar","DL7877",2020-12-10,NA,NA,NA,NA,NA,NA,NA,NA,NA,NA,NA,NA,NA,NA,NA,NA,NA,NA,NA,NA,NA,NA,NA,4.0070576968
"EL8916","H000010932","Prevenar","DN7274",2021-02-04,NA,NA,NA,NA,NA,NA,NA,NA,NA,NA,NA,NA,NA,NA,NA,NA,NA,NA,NA,NA,NA,NA,NA,3.3557575757
"T63423","H000010932","Prevenar","S63648",2017-09-13,NA,NA,NA,NA,NA,NA,NA,NA,NA,NA,NA,NA,NA,NA,NA,NA,NA,NA,NA,NA,NA,NA,NA,4.102383874
"GW4143","H000010932","Prevenar","GR5870",2023-04-15,NA,NA,NA,NA,NA,NA,NA,NA,NA,NA,NA,NA,NA,NA,NA,NA,NA,NA,NA,NA,NA,NA,NA,3.992325307
"ER3799","H000010932","Prevenar","DN7274",2021-04-01,NA,NA,NA,NA,NA,NA,NA,NA,NA,NA,NA,NA,NA,NA,NA,NA,NA,NA,NA,NA,NA,NA,NA,3.8372075127
"EL8863","H000010932","Prevenar","DN7274",2020-12-30,NA,NA,NA,NA,NA,NA,NA,NA,NA,NA,NA,NA,NA,NA,NA,NA,NA,NA,NA,NA,NA,NA,NA,3.8536689405
"ED8336","H000010932","Prevenar","DL7878",2020-10-03,NA,NA,NA,NA,NA,NA,NA,NA,NA,NA,NA,NA,NA,NA,NA,NA,NA,NA,NA,NA,NA,NA,NA,3.966866223
"EL8917","H000010932","Prevenar","DN7274",2021-02-13,NA,NA,NA,NA,NA,NA,NA,NA,NA,NA,NA,NA,NA,NA,NA,NA,NA,NA,NA,NA,NA,NA,NA,3.7787439901
"HA2711","H000010932","Prevenar","HA8581",2023-08-12,NA,NA,NA,NA,NA,NA,NA,NA,NA,NA,NA,NA,NA,NA,NA,NA,NA,NA,NA,NA,NA,NA,NA,3.9127844233
"W07368","H000010932","Prevenar","T02232",2017-12-13,NA,NA,NA,NA,NA,NA,NA,NA,NA,NA,NA,NA,NA,NA,NA,NA,NA,NA,NA,NA,NA,NA,NA,3.9278909333
"EL8862","H000010932","Prevenar","DN7274",2020-12-27,NA,NA,NA,NA,NA,NA,NA,NA,NA,NA,NA,NA,NA,NA,NA,NA,NA,NA,NA,NA,NA,NA,NA,3.7261396181
"DW4265","H000010932","Prevenar","CW3272",2020-06-08,NA,NA,NA,NA,NA,NA,NA,NA,NA,NA,NA,NA,NA,NA,NA,NA,NA,NA,NA,NA,NA,NA,NA,4.2399096504
"AR7667","H000010932","Prevenar","X39572",2019-04-02,NA,NA,NA,NA,NA,NA,NA,NA,NA,NA,NA,NA,NA,NA,NA,NA,NA,NA,NA,NA,NA,NA,NA,4.0451376521
"DK2065","H000010932","Prevenar","CM4667",2020-02-16,NA,NA,NA,NA,NA,NA,NA,NA,NA,NA,NA,NA,NA,NA,NA,NA,NA,NA,NA,NA,NA,NA,NA,3.904421675
"X06702","H000010932","Prevenar","T49747",2018-05-18,NA,NA,NA,NA,NA,NA,NA,NA,NA,NA,NA,NA,NA,NA,NA,NA,NA,NA,NA,NA,NA,NA,NA,3.9435025126
"HF3319","H000010932","Prevenar","HA8582",2023-09-06,NA,NA,NA,NA,NA,NA,NA,NA,NA,NA,NA,NA,NA,NA,NA,NA,NA,NA,NA,NA,NA,NA,NA,3.7024085553
"DL7371","H000010932","Prevenar","CM4666",2020-03-13,NA,NA,NA,NA,NA,NA,NA,NA,NA,NA,NA,NA,NA,NA,NA,NA,NA,NA,NA,NA,NA,NA,NA,3.7366923005
"ED8341","H000010932","Prevenar","DL7878",2020-10-26,NA,NA,NA,NA,NA,NA,NA,NA,NA,NA,NA,NA,NA,NA,NA,NA,NA,NA,NA,NA,NA,NA,NA,3.8769389339
"HF3756","H000010932","Prevenar","HD8750",2023-09-26,NA,NA,NA,NA,NA,NA,NA,NA,NA,NA,NA,NA,NA,NA,NA,NA,NA,NA,NA,NA,NA,NA,NA,3.7337763408
"CM3337","H000010932","Prevenar","CA6646",2019-08-29,NA,NA,NA,NA,NA,NA,NA,NA,NA,NA,NA,NA,NA,NA,NA,NA,NA,NA,NA,NA,NA,NA,NA,3.7065288755
"HF3759","H000010932","Prevenar","HD8749",2023-12-15,NA,NA,NA,NA,NA,NA,NA,NA,NA,NA,NA,NA,NA,NA,NA,NA,NA,NA,NA,NA,NA,NA,NA,3.8844063705
"AM6028","H000010932","Prevenar","X39572",2019-03-12,NA,NA,NA,NA,NA,NA,NA,NA,NA,NA,NA,NA,NA,NA,NA,NA,NA,NA,NA,NA,NA,NA,NA,3.833903403
"ER3800","H000010932","Prevenar","DN7274",2021-04-06,NA,NA,NA,NA,NA,NA,NA,NA,NA,NA,NA,NA,NA,NA,NA,NA,NA,NA,NA,NA,NA,NA,NA,3.8008055556
"W08088","H000010932","Prevenar","T02232",2017-11-15,NA,NA,NA,NA,NA,NA,NA,NA,NA,NA,NA,NA,NA,NA,NA,NA,NA,NA,NA,NA,NA,NA,NA,3.8325526012
"HN7331","H000010932","Prevenar","HK6561",2024-01-02,NA,NA,NA,NA,NA,NA,NA,NA,NA,NA,NA,NA,NA,NA,NA,NA,NA,NA,NA,NA,NA,NA,NA,4.1061066522
"LM4796","H000010932","Prevenar","LD1216",2024-07-26,NA,NA,NA,NA,NA,NA,NA,NA,NA,NA,NA,NA,NA,NA,NA,NA,NA,NA,NA,NA,NA,NA,NA,4.3212325852
"X37663","H000010932","Prevenar","T96879",2018-08-11,NA,NA,NA,NA,NA,NA,NA,NA,NA,NA,NA,NA,NA,NA,NA,NA,NA,NA,NA,NA,NA,NA,NA,4.053474889
"LJ1002","H000010932","Prevenar","LD1216",2024-07-29,NA,NA,NA,NA,NA,NA,NA,NA,NA,NA,NA,NA,NA,NA,NA,NA,NA,NA,NA,NA,NA,NA,NA,4.2783836815
"EL8860","H000010932","Prevenar","DL7877",2020-12-20,NA,NA,NA,NA,NA,NA,NA,NA,NA,NA,NA,NA,NA,NA,NA,NA,NA,NA,NA,NA,NA,NA,NA,4.0647680084
"HP2981","H000006081","Prevenar","HD8749",2024-01-13,NA,NA,NA,NA,NA,NA,NA,NA,NA,NA,NA,NA,NA,NA,NA,NA,NA,NA,NA,NA,NA,NA,NA,3.8570769092
"EL8879","H000010932","Prevenar","DN7274",2021-01-27,NA,NA,NA,NA,NA,NA,NA,NA,NA,NA,NA,NA,NA,NA,NA,NA,NA,NA,NA,NA,NA,NA,NA,3.7147011603
"GH5586","H000010932","Prevenar","FN7284",2022-09-16,NA,NA,NA,NA,NA,NA,NA,NA,NA,NA,NA,NA,NA,NA,NA,NA,NA,NA,NA,NA,NA,NA,NA,4.3388340799
"ED8346","H000010932","Prevenar","DL7877",2020-11-19,NA,NA,NA,NA,NA,NA,NA,NA,NA,NA,NA,NA,NA,NA,NA,NA,NA,NA,NA,NA,NA,NA,NA,4.0714641022
"HN7332","H000010932","Prevenar","HK6561",2024-01-14,NA,NA,NA,NA,NA,NA,NA,NA,NA,NA,NA,NA,NA,NA,NA,NA,NA,NA,NA,NA,NA,NA,NA,3.8136945184
"HX9141","H000013782","Prevenar","HD8750",2024-04-26,NA,NA,NA,NA,NA,NA,NA,NA,NA,NA,NA,NA,NA,NA,NA,NA,NA,NA,NA,NA,NA,NA,NA,3.7125421667
"DL7373","H000010932","Prevenar","CM4667",2020-04-25,NA,NA,NA,NA,NA,NA,NA,NA,NA,NA,NA,NA,NA,NA,NA,NA,NA,NA,NA,NA,NA,NA,NA,3.8594472016
"FA1618","H000010932","Prevenar","EM9421",2021-06-12,NA,NA,NA,NA,NA,NA,NA,NA,NA,NA,NA,NA,NA,NA,NA,NA,NA,NA,NA,NA,NA,NA,NA,4.1032278317
"EL8871","H000010932","Prevenar","DN7274",2021-01-04,NA,NA,NA,NA,NA,NA,NA,NA,NA,NA,NA,NA,NA,NA,NA,NA,NA,NA,NA,NA,NA,NA,NA,3.8565101808
"DC8077","H000010932","Prevenar","CM4667",2020-01-17,NA,NA,NA,NA,NA,NA,NA,NA,NA,NA,NA,NA,NA,NA,NA,NA,NA,NA,NA,NA,NA,NA,NA,3.9071057564
"M32479","H000008135","Prevenar","L33554",2015-10-04,NA,NA,NA,NA,NA,NA,NA,NA,NA,NA,NA,NA,NA,NA,NA,NA,NA,NA,NA,NA,NA,NA,NA,4.3072374396
"S69938","H000010932","Prevenar","N70121",2017-04-25,NA,NA,NA,NA,NA,NA,NA,NA,NA,NA,NA,NA,NA,NA,NA,NA,NA,NA,NA,NA,NA,NA,NA,4.3698021053
"AJ9193","H000010932","Prevenar","W87272",2018-11-29,NA,NA,NA,NA,NA,NA,NA,NA,NA,NA,NA,NA,NA,NA,NA,NA,NA,NA,NA,NA,NA,NA,NA,4.0742334139
"DW4266","H000010932","Prevenar","DE6990",2020-06-12,NA,NA,NA,NA,NA,NA,NA,NA,NA,NA,NA,NA,NA,NA,NA,NA,NA,NA,NA,NA,NA,NA,NA,3.9958014525
"HN7328","H000010932","Prevenar","HK6561",2023-12-31,NA,NA,NA,NA,NA,NA,NA,NA,NA,NA,NA,NA,NA,NA,NA,NA,NA,NA,NA,NA,NA,NA,NA,4.1419234428
"HM1398","H000010932","Prevenar","GR5870",2023-10-04,NA,NA,NA,NA,NA,NA,NA,NA,NA,NA,NA,NA,NA,NA,NA,NA,NA,NA,NA,NA,NA,NA,NA,4.0297616113
"LJ1012","H000010932","Prevenar","LD1216",2024-08-12,NA,NA,NA,NA,NA,NA,NA,NA,NA,NA,NA,NA,NA,NA,NA,NA,NA,NA,NA,NA,NA,NA,NA,3.9063853049
"GX2797","H000010932","Prevenar","HA8581",2023-08-27,NA,NA,NA,NA,NA,NA,NA,NA,NA,NA,NA,NA,NA,NA,NA,NA,NA,NA,NA,NA,NA,NA,NA,3.9550754751
"ED8345","H000010932","Prevenar","DL7877",2020-11-17,NA,NA,NA,NA,NA,NA,NA,NA,NA,NA,NA,NA,NA,NA,NA,NA,NA,NA,NA,NA,NA,NA,NA,4.1109357726
"DA1902","H000010932","Prevenar","CM4667",2019-12-21,NA,NA,NA,NA,NA,NA,NA,NA,NA,NA,NA,NA,NA,NA,NA,NA,NA,NA,NA,NA,NA,NA,NA,3.930073981
"EA9687","H000010932","Prevenar","CW3271",2020-08-10,NA,NA,NA,NA,NA,NA,NA,NA,NA,NA,NA,NA,NA,NA,NA,NA,NA,NA,NA,NA,NA,NA,NA,4.273857162
"DN3837","H000010932","Prevenar","CW3272",2020-05-14,NA,NA,NA,NA,NA,NA,NA,NA,NA,NA,NA,NA,NA,NA,NA,NA,NA,NA,NA,NA,NA,NA,NA,4.191161959
"W07367","H000010932","Prevenar","T02232",2017-12-06,NA,NA,NA,NA,NA,NA,NA,NA,NA,NA,NA,NA,NA,NA,NA,NA,NA,NA,NA,NA,NA,NA,NA,3.79437882
"GH5588","H000010932","Prevenar","FN7284",2022-10-29,NA,NA,NA,NA,NA,NA,NA,NA,NA,NA,NA,NA,NA,NA,NA,NA,NA,NA,NA,NA,NA,NA,NA,4.2359017622
"EC6043","H000010932","Prevenar","DH4062",2020-09-03,NA,NA,NA,NA,NA,NA,NA,NA,NA,NA,NA,NA,NA,NA,NA,NA,NA,NA,NA,NA,NA,NA,NA,3.6928039424
"LX2591","H000010932","Prevenar","LD1217",2025-01-19,NA,NA,NA,NA,NA,NA,NA,NA,NA,NA,NA,NA,NA,NA,NA,NA,NA,NA,NA,NA,NA,NA,NA,4.1032791516
"EA9689","H000010932","Prevenar","CM4666",2020-08-17,NA,NA,NA,NA,NA,NA,NA,NA,NA,NA,NA,NA,NA,NA,NA,NA,NA,NA,NA,NA,NA,NA,NA,3.8214155861
"X56196","H000010932","Prevenar","T96900",2018-08-13,NA,NA,NA,NA,NA,NA,NA,NA,NA,NA,NA,NA,NA,NA,NA,NA,NA,NA,NA,NA,NA,NA,NA,4.0329608423
"GX9418","H000010932","Prevenar","FX8007",2023-03-28,NA,NA,NA,NA,NA,NA,NA,NA,NA,NA,NA,NA,NA,NA,NA,NA,NA,NA,NA,NA,NA,NA,NA,3.8912818515
"W08571","H000010932","Prevenar","T02232",2018-01-09,NA,NA,NA,NA,NA,NA,NA,NA,NA,NA,NA,NA,NA,NA,NA,NA,NA,NA,NA,NA,NA,NA,NA,3.8593803065
"FA1609","H000010932","Prevenar","DT9983",2021-05-09,NA,NA,NA,NA,NA,NA,NA,NA,NA,NA,NA,NA,NA,NA,NA,NA,NA,NA,NA,NA,NA,NA,NA,3.7231509638
"X59069","H000010932","Prevenar","T96900",2018-09-11,NA,NA,NA,NA,NA,NA,NA,NA,NA,NA,NA,NA,NA,NA,NA,NA,NA,NA,NA,NA,NA,NA,NA,4.1124882303
"GX2798","H000010932","Prevenar","GP0925",2023-06-25,NA,NA,NA,NA,NA,NA,NA,NA,NA,NA,NA,NA,NA,NA,NA,NA,NA,NA,NA,NA,NA,NA,NA,4.018327157
"HN7337","H000010932","Prevenar","HM2103",2024-02-12,NA,NA,NA,NA,NA,NA,NA,NA,NA,NA,NA,NA,NA,NA,NA,NA,NA,NA,NA,NA,NA,NA,NA,3.9147587913
"LX2593","H000010932","Prevenar","LK2948",2025-01-29,NA,NA,NA,NA,NA,NA,NA,NA,NA,NA,NA,NA,NA,NA,NA,NA,NA,NA,NA,NA,NA,NA,NA,3.8629671984
"ER3806","H000010932","Prevenar","EM9421",2021-04-11,NA,NA,NA,NA,NA,NA,NA,NA,NA,NA,NA,NA,NA,NA,NA,NA,NA,NA,NA,NA,NA,NA,NA,4.1011613047
"DX7817","H000010932","Prevenar","DE6990",2020-07-12,NA,NA,NA,NA,NA,NA,NA,NA,NA,NA,NA,NA,NA,NA,NA,NA,NA,NA,NA,NA,NA,NA,NA,3.826400926
"HN7335","H000010932","Prevenar","HM2103",2024-02-08,NA,NA,NA,NA,NA,NA,NA,NA,NA,NA,NA,NA,NA,NA,NA,NA,NA,NA,NA,NA,NA,NA,NA,3.9317548497
"LX2597","H000010932","Prevenar","LK2948",2025-02-09,NA,NA,NA,NA,NA,NA,NA,NA,NA,NA,NA,NA,NA,NA,NA,NA,NA,NA,NA,NA,NA,NA,NA,4.0695252903
"EW0928","H000010932","Prevenar","EM9421",2021-05-05,NA,NA,NA,NA,NA,NA,NA,NA,NA,NA,NA,NA,NA,NA,NA,NA,NA,NA,NA,NA,NA,NA,NA,3.9549264674
"LL4097","H000010932","Prevenar","LE2392",2024-11-12,NA,NA,NA,NA,NA,NA,NA,NA,NA,NA,NA,NA,NA,NA,NA,NA,NA,NA,NA,NA,NA,NA,NA,3.8096481995
"LP5294","H000010932","Prevenar","LE2393",2024-11-18,NA,NA,NA,NA,NA,NA,NA,NA,NA,NA,NA,NA,NA,NA,NA,NA,NA,NA,NA,NA,NA,NA,NA,4.0127063712
"EW0926","H000010932","Prevenar","EM9421",2021-05-01,NA,NA,NA,NA,NA,NA,NA,NA,NA,NA,NA,NA,NA,NA,NA,NA,NA,NA,NA,NA,NA,NA,NA,4.1499621956
"DA1901","H000010932","Prevenar","CH7314",2019-12-05,NA,NA,NA,NA,NA,NA,NA,NA,NA,NA,NA,NA,NA,NA,NA,NA,NA,NA,NA,NA,NA,NA,NA,3.5945010562
"EL8861","H000010932","Prevenar","DL7877",2020-12-23,NA,NA,NA,NA,NA,NA,NA,NA,NA,NA,NA,NA,NA,NA,NA,NA,NA,NA,NA,NA,NA,NA,NA,4.0026655859
"HN7334","H000010932","Prevenar","HM2103",2024-02-01,NA,NA,NA,NA,NA,NA,NA,NA,NA,NA,NA,NA,NA,NA,NA,NA,NA,NA,NA,NA,NA,NA,NA,3.9162313936
"DW4267","H000010932","Prevenar","DE6990",2020-06-16,NA,NA,NA,NA,NA,NA,NA,NA,NA,NA,NA,NA,NA,NA,NA,NA,NA,NA,NA,NA,NA,NA,NA,3.906375677
"HN7336","H000010932","Prevenar","HM2103",2024-01-30,NA,NA,NA,NA,NA,NA,NA,NA,NA,NA,NA,NA,NA,NA,NA,NA,NA,NA,NA,NA,NA,NA,NA,4.0148833923
"GW4144","H000010932","Prevenar","GR5870",2023-04-21,NA,NA,NA,NA,NA,NA,NA,NA,NA,NA,NA,NA,NA,NA,NA,NA,NA,NA,NA,NA,NA,NA,NA,3.6119967163
"W72981","H000010932","Prevenar","T49747",2018-05-03,NA,NA,NA,NA,NA,NA,NA,NA,NA,NA,NA,NA,NA,NA,NA,NA,NA,NA,NA,NA,NA,NA,NA,3.9350501156
"EL8867","H000010932","Prevenar","DN7274",2021-01-12,NA,NA,NA,NA,NA,NA,NA,NA,NA,NA,NA,NA,NA,NA,NA,NA,NA,NA,NA,NA,NA,NA,NA,3.7096534628
"AM6027","H000010932","Prevenar","W87272",2019-02-20,NA,NA,NA,NA,NA,NA,NA,NA,NA,NA,NA,NA,NA,NA,NA,NA,NA,NA,NA,NA,NA,NA,NA,4.0189703549
"X23346","H000010932","Prevenar","T61723",2018-08-05,NA,NA,NA,NA,NA,NA,NA,NA,NA,NA,NA,NA,NA,NA,NA,NA,NA,NA,NA,NA,NA,NA,NA,3.8737507306
"DW4269","H000010932","Prevenar","DE6990",2020-07-03,NA,NA,NA,NA,NA,NA,NA,NA,NA,NA,NA,NA,NA,NA,NA,NA,NA,NA,NA,NA,NA,NA,NA,3.951488205
"ER3798","H000010932","Prevenar","DT9983",2021-03-30,NA,NA,NA,NA,NA,NA,NA,NA,NA,NA,NA,NA,NA,NA,NA,NA,NA,NA,NA,NA,NA,NA,NA,3.8417644055
"HF3753","H000010932","Prevenar","HD8750",2023-09-12,NA,NA,NA,NA,NA,NA,NA,NA,NA,NA,NA,NA,NA,NA,NA,NA,NA,NA,NA,NA,NA,NA,NA,3.7321001948
"DN3839","H000010932","Prevenar","CW3272",2020-06-05,NA,NA,NA,NA,NA,NA,NA,NA,NA,NA,NA,NA,NA,NA,NA,NA,NA,NA,NA,NA,NA,NA,NA,3.8215094408
"EA9688","H000010932","Prevenar","CM4666",2020-08-12,NA,NA,NA,NA,NA,NA,NA,NA,NA,NA,NA,NA,NA,NA,NA,NA,NA,NA,NA,NA,NA,NA,NA,3.9217173549
"EC6041","H000010932","Prevenar","CM4666",2020-08-26,NA,NA,NA,NA,NA,NA,NA,NA,NA,NA,NA,NA,NA,NA,NA,NA,NA,NA,NA,NA,NA,NA,NA,3.8700067788
"CM3336","H000010932","Prevenar","AR4781",2019-08-12,NA,NA,NA,NA,NA,NA,NA,NA,NA,NA,NA,NA,NA,NA,NA,NA,NA,NA,NA,NA,NA,NA,NA,4.0367898876
"LX2595","H000010932","Prevenar","LK2948",2025-02-06,NA,NA,NA,NA,NA,NA,NA,NA,NA,NA,NA,NA,NA,NA,NA,NA,NA,NA,NA,NA,NA,NA,NA,3.8870314396
"HP2982","H000006081","Prevenar","HD8750",2024-01-20,NA,NA,NA,NA,NA,NA,NA,NA,NA,NA,NA,NA,NA,NA,NA,NA,NA,NA,NA,NA,NA,NA,NA,3.7710990233
"EC6042","H000010932","Prevenar","CM4666",2020-09-01,NA,NA,NA,NA,NA,NA,NA,NA,NA,NA,NA,NA,NA,NA,NA,NA,NA,NA,NA,NA,NA,NA,NA,3.7807019648
"DL7370","H000010932","Prevenar","CM4666",2020-03-06,NA,NA,NA,NA,NA,NA,NA,NA,NA,NA,NA,NA,NA,NA,NA,NA,NA,NA,NA,NA,NA,NA,NA,3.7443890736
"GH5587","H000010932","Prevenar","FN7284",2022-10-19,NA,NA,NA,NA,NA,NA,NA,NA,NA,NA,NA,NA,NA,NA,NA,NA,NA,NA,NA,NA,NA,NA,NA,4.207438396
"GM8236","H000010932","Prevenar","FX8007",2022-11-27,NA,NA,NA,NA,NA,NA,NA,NA,NA,NA,NA,NA,NA,NA,NA,NA,NA,NA,NA,NA,NA,NA,NA,3.9196679776
"EA9686","H000010932","Prevenar","CW3271",2020-08-04,NA,NA,NA,NA,NA,NA,NA,NA,NA,NA,NA,NA,NA,NA,NA,NA,NA,NA,NA,NA,NA,NA,NA,4.0660079777
"ED8337","H000010932","Prevenar","DL7878",2020-10-11,NA,NA,NA,NA,NA,NA,NA,NA,NA,NA,NA,NA,NA,NA,NA,NA,NA,NA,NA,NA,NA,NA,NA,3.9639178772
"W45482","H000010932","Prevenar","T49747",2018-04-05,NA,NA,NA,NA,NA,NA,NA,NA,NA,NA,NA,NA,NA,NA,NA,NA,NA,NA,NA,NA,NA,NA,NA,3.8875292621
"LX2592","H000010932","Prevenar","LK2946",2025-01-25,NA,NA,NA,NA,NA,NA,NA,NA,NA,NA,NA,NA,NA,NA,NA,NA,NA,NA,NA,NA,NA,NA,NA,3.9109775311
"DC8076","H000010932","Prevenar","CM4667",2020-01-12,NA,NA,NA,NA,NA,NA,NA,NA,NA,NA,NA,NA,NA,NA,NA,NA,NA,NA,NA,NA,NA,NA,NA,3.9101468453
"AJ6040","H000010932","Prevenar","W87272",2018-12-31,NA,NA,NA,NA,NA,NA,NA,NA,NA,NA,NA,NA,NA,NA,NA,NA,NA,NA,NA,NA,NA,NA,NA,4.0833646523
"HA2710","H000010932","Prevenar","HA8581",2023-08-09,NA,NA,NA,NA,NA,NA,NA,NA,NA,NA,NA,NA,NA,NA,NA,NA,NA,NA,NA,NA,NA,NA,NA,3.8459499959
"CM3341","H000010932","Prevenar","CA6646",2019-10-14,NA,NA,NA,NA,NA,NA,NA,NA,NA,NA,NA,NA,NA,NA,NA,NA,NA,NA,NA,NA,NA,NA,NA,4.0230055006
"W08570","H000010932","Prevenar","T02232",2018-01-04,NA,NA,NA,NA,NA,NA,NA,NA,NA,NA,NA,NA,NA,NA,NA,NA,NA,NA,NA,NA,NA,NA,NA,3.9360647617
"X23343","H000010932","Prevenar","T16332",2018-05-22,NA,NA,NA,NA,NA,NA,NA,NA,NA,NA,NA,NA,NA,NA,NA,NA,NA,NA,NA,NA,NA,NA,NA,4.1815929648
