"batch_number","material_number","product_name","mbc_batch_number","date_of_manufacture","S04 Diln_Fill [S0X] Saccharide yield {%} Weighted Value","S04 Diln_Fill [S0X] Saccharide Ratio [unrounded] Weighted Value","S04 Diln_Fill Sacc_Prot_Offset_Theo_Wgt Weighted Value","S04 Diln_Fill Q01_P02_Sacc_Yield_Diff Weighted Value","S04 Diln_Fill [S0X] Protein Concentration [unrounded] {µg/mL} Weighted Value","S04 Diln_Fill Q01 Co-Lyo Protein Yield {%} Weighted Value","S04 Final_Conj_UFDF [P02] Co-Lyo Protein Yield {%} Weighted Value","S04 Final_Conj_UFDF [P02] Saccharide Concentration [unrounded] {µg/mL} Weighted Value","S04 Diln_Fill [S0X] Co-Lyo Protein Yield {%} Weighted Value","S04 Diln_Fill [S0X] MBC Saccharide yield {%} Weighted Value","S04 Diln_Fill [Q01] Saccharide yield {%} Weighted Value","S04 Diln_Fill Weight Filled into Product Bags {g} Weighted Value","S04 Diln_Fill Sacc_Prot_Offset_Act_Wgt Weighted Value","S04 Diln_Fill [S0X] Ratio (Saccharide:Protein) [unrounded] Weighted Value","S04 Diln_Fill Q01_Sacc_Conc_Offset_Act_Wgt Weighted Value","S04 Diln_Fill Saccharide Concentration for Filling (P02/Q01) {g/l} Weighted Value","S04 Diln_Fill Number of Product Manifolds Filled Weighted Value","S04 Diln_Fill S0X_P02_Sacc_Yield_Diff Weighted Value","S04 Diln_Fill Q01 Saccharide Concentration {µg/mL} Weighted Value","S04 Recon Starting Conjugation Saccharide Input {GAI} Weighted Value","S04 Diln_Fill Q01_M01_Sacc_Yield_Diff Weighted Value","S04 Diln_Fill Q01 Ratio (Saccharide:Protein) [unrounded] Weighted Value","S04 Diln_Fill Q01 Protein Concentration [unrounded] {µg/mL} Weighted Value","S04 Diln_Fill [S0X] Saccharide Concentration [unrounded] {µg/mL} Weighted Value","S04 Diln_Fill Q01_Sacc_Conc_Offset_Theo_Wgt Weighted Value","S04 Diln_Fill Q01_L02_Sacc_Yield_Diff Weighted Value","S04 Total Antigenicity"
"CH8180","H000008135","Prevenar","AH4748",2019-06-11,16.585268,1.040163,12.877446,0.53121,375.520845,24.907691,27.347801,536.690701,26.413623,13.490931,17.25138,1375,12.931716,1.247922,3.135103,0.487,4,-0.134901,487,118.672,-1.048891,1.376522,354.111096,468.620696,3.541606,NA,5.1989869388
"FM6067","H000011373","Prevenar","FH2522",2021-12-12,18.815339,1.019628,0.724636,0.03289,359.069978,27.569253,27.727349,587.103926,26.805297,15.863962,19.18465,1332,0.727297,1.372994,0.153844,0.503,4,-0.336421,503,119.167,-2.083127,1.36115,369.303538,493.000782,0.519132,NA,4.9336111804
"GR2555","H000019489","Prevenar","GG0386",2022-12-30,19.12153,0.93333,-6.239369,-0.359501,370.132271,27.286494,26.146152,595.497723,26.68979,16.903737,17.846699,1359,-6.27894,1.427572,-2.099794,0.493,4,0.915331,493,118.077,-3.48719,1.303259,378.407317,528.390573,-1.456344,NA,NA
"HF3772","H000011374","Prevenar","GR5836",2023-09-30,18.810387,1.049225,3.933829,0.776722,392.109892,30.600838,30.591987,607.637824,29.102346,16.47897,19.736323,1280,3.963853,1.274797,3.99278,0.524,4,-0.149214,524,119.422,-3.209464,1.272051,412.299794,499.860705,4.719995,NA,4.7835114503
"HD8383","H000006081","Prevenar","GY0027",2023-07-11,19.365484,1.01153,4.800025,0.965379,393.609437,31.995068,31.976006,613.326468,30.92204,16.693622,19.588759,1270,4.817978,1.325835,4.877553,0.528,4,0.742104,528,118.167,-6.596356,1.296144,407.268104,521.861162,5.231987,NA,5.0370649285
"HF3787","H000017723","Prevenar","HG6460",2023-10-09,16.236499,1.035493,-2.853245,-0.059713,340.711386,24.985877,24.347094,549.73465,23.923964,13.580441,16.812786,1389,-2.863213,1.364992,-0.306635,0.482,3,-0.636,482,118.068,-3.951626,1.353368,355.834534,465.068168,0.042561,NA,5.4861821387
"N90863","H000008135","Prevenar","L94887",2016-06-22,17.776807,1.064414,-1.799968,-0.16093,375.507305,27.861689,27.611793,620.40985,27.729891,15.262212,18.92188,1340,-1.814082,1.25013,-0.917168,0.5,4,-1.306002,500,119.888,-0.890153,1.324361,377.292063,469.433017,-0.131992,NA,5.1148264904
"M21957","H000008135","Prevenar","L78967",2015-08-23,17.319033,1.066072,17.696925,0.776576,374.48448,24.840943,28.196469,585.758632,26.435622,15.058753,18.463336,1280,17.753487,1.31153,4.245442,0.524,4,-0.367727,524,117.122,-2.172565,1.487943,351.894411,491.147654,4.550511,NA,5.3002590662
"LH9173","H000028394","Prevenar","LL4955",2024-09-09,20.778572,0.922819,-3.090289,-0.282478,356.14588,28.550149,28.079444,620.902313,27.107189,18.672011,19.174863,1353,-3.105964,1.506374,-1.45727,0.495,4,1.321232,495,119.621,-1.932147,1.319853,375.104107,536.489006,-0.945245,-61.488691,NA
"R59711","H000008135","Prevenar","N05555",2016-09-25,18.568947,1.010834,5.581822,1.784483,396.084568,30.454224,29.271211,537.09756,28.561818,16.736898,18.770132,1284,5.606063,1.304708,9.490623,0.522,4,1.583298,522,118.556,-0.999466,1.236892,422.32774,516.774673,9.88198,NA,5.2155091324
"CH8181","H000008135","Prevenar","AH4748",2019-06-18,16.585268,1.040163,12.877446,0.53121,375.520845,24.907691,27.347801,536.690701,26.413623,13.490931,17.25138,1375,12.931716,1.247922,3.135103,0.487,4,-0.134901,487,118.672,-1.048891,1.376522,354.111096,468.620696,3.541606,NA,5.2292068036
"EL8920","H000010932","Prevenar","EC5369",2021-03-20,16.109071,1.072535,7.200796,0.517693,372.72309,25.953164,27.057099,526.145962,27.177001,13.147567,17.277543,1404,7.223056,1.19284,2.969491,0.477,3,-0.650779,477,117.849,-1.769122,1.339692,355.93859,444.599037,3.26852,NA,NA
"LC5389","H000019489","Prevenar","HT4769",2024-05-17,20.276882,1.031998,-0.467056,0.107617,358.513946,29.951471,29.669928,662.287585,29.816179,17.280036,20.925707,1327,-0.468973,1.363971,0.471022,0.505,4,-0.541209,505,119.279,-2.481073,1.401257,360.140711,489.002458,0.877852,NA,NA
"FL6028","H000011374","Prevenar","DY9985",2021-11-03,16.633219,0.973404,-2.429739,-0.613074,363.353414,26.296134,26.660402,539.18438,26.373824,14.272438,16.190846,1467,-2.436722,1.290199,-3.821976,0.456,3,-0.170702,456,119.643,-2.901142,1.259595,362.283079,468.798158,-3.52445,NA,5.2342169169
"EW0925","H000010932","Prevenar","EF8589",2021-04-25,18.610689,1.012633,1.874448,0.460326,377.657204,26.512613,26.378595,609.337271,27.013038,15.402889,18.845796,1302,1.88311,1.346269,2.388597,0.515,4,0.225219,515,119.412,-1.449027,1.389008,370.660991,508.428181,2.83762,NA,NA
"FY2982","H000006081","Prevenar","EP5310",2022-04-18,18.87129,0.997386,-5.767903,-1.002331,342.302624,27.417416,27.298564,617.164527,26.495285,16.999167,18.821958,1407,-5.786869,1.395026,-5.353379,0.476,4,-0.952999,476,117.74,-2.193023,1.344583,354.215972,477.521099,-5.008092,NA,5.4504052744
"GC1485","H000006081","Prevenar","FT3238",2022-06-28,17.980498,1.037754,-9.405302,-1.261489,333.815586,26.66432,25.965248,648.250238,26.747462,14.987274,18.659341,1427,-9.423481,1.354578,-6.801729,0.469,4,-1.940332,469,119.706,-3.182741,1.410103,332.777951,452.179303,-6.595705,NA,5.0334879061
"S26214","H000008135","Prevenar","R25788",2017-02-15,16.570629,1.099216,2.239387,0.582964,342.592347,27.068343,26.803651,549.863784,25.548511,14.739518,18.214704,1340,2.246664,1.327529,3.22453,0.5,4,-1.061111,500,119.94,-1.993337,1.377308,362.972509,454.801211,3.537976,NA,5.0787728071
"GF1165","H000011373","Prevenar","GA5078",2022-08-10,19.972257,1.029314,1.626797,-0.295756,358.299897,28.58446,29.473565,613.233838,28.290834,18.020164,20.557723,1353,1.63309,1.341671,-1.477358,0.495,4,-0.881222,495,118.229,-2.675684,1.366815,362.018642,480.720679,-1.086348,NA,5.037159998
"GH5616","H000019489","Prevenar","GG0386",2022-10-22,19.12153,0.93333,-6.239369,-0.359501,370.132271,27.286494,26.146152,595.497723,26.68979,16.903737,17.846699,1359,-6.27894,1.427572,-2.099794,0.493,4,0.915331,493,118.077,-3.48719,1.303259,378.407317,528.390573,-1.456344,NA,NA
"S51057","H000008135","Prevenar","R48339",2017-05-23,19.039331,1.070317,-4.856955,0.088574,354.055341,29.740296,28.154235,617.893978,28.849168,16.898102,20.378113,1327,-4.881291,1.331891,0.451747,0.505,4,-1.250208,505,118.638,-2.485664,1.382831,364.991837,471.563296,0.948041,NA,4.7508011835
"W88032","H000010932","Prevenar","T96871",2018-05-09,18.726939,1.009545,9.305909,0.425665,387.27985,26.888526,28.792122,580.912918,28.449582,15.504716,18.905686,1304,9.345791,1.313415,2.266204,0.514,4,0.246918,514,119.784,-7.066268,1.402932,366.029422,508.659325,2.683275,NA,NA
"HC4718","H000011374","Prevenar","GP0922",2023-04-18,18.093953,1.031022,0.494401,0.585568,391.112455,26.233836,25.546638,577.129486,26.521696,15.636671,18.655258,1275,0.497592,1.303259,3.117105,0.526,4,0.024262,526,119.585,-2.903731,1.358433,386.86742,509.720934,3.738439,NA,5.0004075548
"L95544","H000008135","Prevenar","L33537",2015-05-12,16.748046,0.983397,-7.059154,-0.926324,323.301131,26.017976,25.634717,586.037989,23.162119,14.749732,16.469976,1407,-7.104147,1.497854,-5.631091,0.476,3,-0.648253,476,118.404,-3.6643,1.311303,363.163708,484.257791,-4.962101,NA,5.392577118
"M56316","H000008135","Prevenar","L59788",2015-10-16,19.596325,1.012387,18.425024,0.646995,382.649165,29.312729,33.795638,628.348091,29.373982,17.15577,19.839074,1292,18.501057,1.339144,3.207669,0.519,4,0.404246,519,119.762,-0.409544,1.358566,381.851234,512.422516,3.605455,NA,4.9981875161
"DN3836","H000010932","Prevenar","DH4021",2020-05-16,16.706225,1.100612,-0.180486,0.035067,351.975074,26.067776,25.987629,580.375729,24.457142,13.823722,18.387067,1309,-0.181422,1.321362,0.126035,0.512,4,-1.645774,512,118.01,-1.290083,1.36445,375.154524,465.086498,0.641695,NA,NA
"MD2721","H000035016","Prevenar","LK2942",2025-03-19,20.685006,1.009626,13.202586,1.649652,350.294511,26.628136,28.059301,614.158325,27.572872,18.350087,20.884112,1231,13.249966,1.540535,7.875334,0.545,4,1.450545,545,118.494,-0.590061,1.610546,338.292294,539.640921,8.204761,-60.088144,NA
"HN7737","H000013782","Prevenar","HP3397",2024-03-26,18.946133,1.014522,-2.337572,0.217151,399.449401,30.687243,29.626744,599.124186,30.215868,15.427986,19.221271,1319,-2.346556,1.252522,1.109273,0.508,4,-0.057987,508,118.86,-0.890871,1.251193,405.680915,500.319343,1.487913,NA,5.0716940116
"AW6822","H000013782","Prevenar","AK9659",2019-04-04,17.032278,1.049476,2.835153,0.47946,384.724915,27.292975,27.35329,548.336477,27.299287,14.429517,17.87497,1353,2.843559,1.226304,2.622567,0.495,4,-0.363232,495,118.638,-0.585898,1.287275,384.635966,471.789716,2.910458,NA,5.2677129707
"EA9688","H000010932","Prevenar","DN7212",2020-08-10,19.132775,0.9024,-2.852883,-0.221649,373.683436,26.934953,26.517749,580.210939,25.916302,16.713042,17.265412,1330,-2.869455,1.494239,-1.320523,0.504,4,1.645715,504,119.071,-1.732981,1.297406,388.371216,558.372229,-0.735368,NA,NA
"EW0927","H000010932","Prevenar","EF8589",2021-04-30,18.610689,1.012633,1.874448,0.460326,377.657204,26.512613,26.378595,609.337271,27.013038,15.402889,18.845796,1302,1.88311,1.346269,2.388597,0.515,4,0.225219,515,119.412,-1.449027,1.389008,370.660991,508.428181,2.83762,NA,NA
"L95554","H000006081","Prevenar","L33537",2015-05-07,16.748046,0.983397,-7.059154,-0.926324,323.301131,26.017976,25.634717,586.037989,23.162119,14.749732,16.469976,1407,-7.104147,1.497854,-5.631091,0.476,3,-0.648253,476,118.404,-3.6643,1.311303,363.163708,484.257791,-4.962101,NA,5.624375086
"M97243","H000008135","Prevenar","L59792",2016-01-20,18.192198,1.036647,1.523296,-0.337661,361.227008,26.459809,27.320735,632.56698,27.032358,16.364143,18.85888,1356,1.532981,1.319746,-1.720734,0.494,4,-1.004343,494,118.709,-2.180284,1.397714,353.576168,476.727958,-1.078118,NA,5.2154449378
"M97097","H000006081","Prevenar","L59912",2016-03-06,17.004213,1.13025,7.71698,1.277864,369.899587,27.765772,28.062293,577.616112,25.985793,14.956015,19.219015,1227,7.7789,1.308202,6.710963,0.547,4,-0.936937,547,119.523,-1.064818,1.383808,395.237031,483.903473,7.453539,NA,5.0040345032
"LJ1165","H000031244","Prevenar","LD1193",2024-07-10,21.197904,1.013991,8.980951,1.72563,360.838749,28.77814,29.052665,629.800389,27.25559,18.868134,21.49448,1231,9.011376,1.490811,8.057441,0.545,4,1.429054,545,118.359,-0.504125,1.431691,380.995904,537.942266,8.367859,-56.842612,NA
"LL4194","H000019489","Prevenar","LH1779",2024-10-27,21.082866,1.021338,-4.443913,-1.102129,329.511069,28.962607,29.139651,724.715712,28.807024,19.210543,21.53273,1401,-4.465871,1.420327,-5.077158,0.478,4,-1.551993,478,118.608,-2.296323,1.442842,331.290714,468.013574,-4.56052,-57.052611,NA
"LX3440","H000033648","Prevenar","LK2943",2025-01-11,20.835515,0.983602,-2.562304,-0.184201,364.665354,30.502635,29.983084,665.808163,29.820673,18.599972,20.49386,1345,-2.572999,1.387171,-0.8697,0.498,4,0.157454,498,119.814,-2.688685,1.33392,373.004801,505.853371,-0.450392,-53.878952,NA
"HF3767","H000011374","Prevenar","HA8567",2023-08-19,18.624497,1.012259,1.392363,0.211093,334.504132,24.364007,24.431696,593.9684,23.804349,15.477147,18.852813,1317,1.402699,1.504277,1.124876,0.509,4,-0.017223,509,119.012,-0.818239,1.48774,342.368567,503.186971,1.853456,NA,5.1054965508
"HN7333","H000010932","Prevenar","HL5291",2024-01-20,19.774892,1.01089,0.035593,-0.407619,336.988915,29.049735,29.632427,674.543647,27.534699,16.583414,19.990241,1361,0.035773,1.445647,-1.97007,0.492,4,-0.622967,492,119.064,-2.621986,1.385174,355.530989,487.166928,-1.457847,NA,5.1766582095
"LH8148","H000031244","Prevenar","HT4769",2024-05-19,20.276882,1.031998,-0.467056,0.107617,358.513946,29.951471,29.669928,662.287585,29.816179,17.280036,20.925707,1327,-0.468973,1.363971,0.471022,0.505,4,-0.541209,505,119.279,-2.481073,1.401257,360.140711,489.002458,0.877852,NA,NA
"DN3835","H000010932","Prevenar","DH4016",2020-05-06,17.456766,1.071365,-3.02844,-0.129701,348.948891,45.12418,44.05604,616.885593,42.663321,15.216317,18.702569,1343,-3.042028,1.334128,-0.674916,0.499,4,-1.375503,499,118.274,-1.739045,1.351389,369.076579,465.54263,-0.225202,NA,NA
"FL6026","H000011374","Prevenar","DY9985",2021-10-22,16.633219,0.973404,-2.429739,-0.613074,363.353414,26.296134,26.660402,539.18438,26.373824,14.272438,16.190846,1467,-2.436722,1.290199,-3.821976,0.456,3,-0.170702,456,119.643,-2.901142,1.259595,362.283079,468.798158,-3.52445,NA,5.2381756758
"FH7108","H000019489","Prevenar","EP5310",2021-11-08,18.87129,0.997386,-5.767903,-1.002331,342.302624,27.417416,27.298564,617.164527,26.495285,16.999167,18.821958,1407,-5.786869,1.395026,-5.353379,0.476,4,-0.952999,476,117.74,-2.193023,1.344583,354.215972,477.521099,-5.008092,NA,NA
"GF1157","H000008135","Prevenar","GD9435",2022-09-27,19.417985,1.001808,-4.307384,-0.481348,363.092738,27.85843,27.349329,670.206883,28.183617,17.286331,19.453093,1364,-4.333511,1.349519,-2.506055,0.491,4,-0.516456,491,118.98,-4.81288,1.36774,358.903314,490.000394,-1.888028,NA,5.2846139504
"HF3762","H000010932","Prevenar","GY0028",2023-11-08,15.251483,1.140192,6.353395,0.608237,361.79858,27.603762,28.397099,550.098367,27.061693,13.371891,17.389626,1343,6.354478,1.209946,3.480461,0.499,4,-1.529906,499,117.824,-1.626861,1.352479,369.04571,437.756572,3.496918,NA,NA
"L30208","H000006081","Prevenar","L33540",2015-06-19,20.360137,0.901406,-8.311238,-0.676418,342.065771,29.678688,28.271554,630.589123,26.588683,15.622846,18.352751,1381,-8.35939,1.572824,-3.618163,0.485,4,1.330968,485,119.043,-1.403434,1.270143,381.818948,538.009288,-3.021303,NA,5.3421748365
"M97096","H000006081","Prevenar","L59912",2016-02-03,17.004213,1.13025,7.71698,1.277864,369.899587,27.765772,28.062293,577.616112,25.985793,14.956015,19.219015,1227,7.7789,1.308202,6.710963,0.547,4,-0.936937,547,119.523,-1.064818,1.383808,395.237031,483.903473,7.453539,NA,5.0762820592
"M21956","H000008135","Prevenar","L78967",2015-08-18,17.319033,1.066072,17.696925,0.776576,374.48448,24.840943,28.196469,585.758632,26.435622,15.058753,18.463336,1280,17.753487,1.31153,4.245442,0.524,4,-0.367727,524,117.122,-2.172565,1.487943,351.894411,491.147654,4.550511,NA,5.3758600823
"LJ1083","H000013782","Prevenar","LK2941",2024-11-21,21.669052,0.877312,5.652496,0.029018,378.80287,27.420443,28.950767,613.357135,28.754422,18.971183,19.010518,1332,5.675455,1.512977,0.094493,0.503,4,2.687551,503,119.813,-1.037476,1.391928,361.229392,573.120111,0.498649,-60.478062,5.141926774
"MG4262","H000035016","Prevenar","LY2106",2025-05-28,17.659421,1.054283,3.304701,0.295935,361.069948,27.233595,27.706506,606.082369,27.147428,15.334365,18.618035,1317,3.312574,1.337843,1.576074,0.509,4,-0.662679,509,119.4,-2.338126,1.406003,362.215992,483.054942,1.81002,-53.193511,NA
"GR2553","H000019489","Prevenar","GG0386",2022-12-22,19.12153,0.93333,-6.239369,-0.359501,370.132271,27.286494,26.146152,595.497723,26.68979,16.903737,17.846699,1359,-6.27894,1.427572,-2.099794,0.493,4,0.915331,493,118.077,-3.48719,1.303259,378.407317,528.390573,-1.456344,NA,NA
"HH7688","H000031244","Prevenar","HH5429",2023-11-08,18.24828,1.002792,0.674583,0.082097,374.102012,26.764395,26.83856,571.270667,26.698373,15.252268,18.299238,1324,0.678573,1.348405,0.401471,0.506,4,0.03114,506,118.23,-3.405324,1.348835,375.02712,504.441,0.987167,NA,NA
"HN7632","H000011044","Prevenar","HL5291",2023-12-10,19.774892,1.01089,0.035593,-0.407619,336.988915,29.049735,29.632427,674.543647,27.534699,16.583414,19.990241,1361,0.035773,1.445647,-1.97007,0.492,4,-0.622967,492,119.064,-2.621986,1.385174,355.530989,487.166928,-1.457847,NA,5.164060761
"HA2750","H000019489","Prevenar","GR5837",2023-06-18,17.937282,1.052864,2.778089,0.261325,394.415293,27.917431,28.319966,587.17135,28.699502,15.865007,18.885525,1314,2.796991,1.229267,1.355117,0.51,4,-0.686919,510,119.58,-2.419766,1.330509,383.667346,484.841805,2.021741,NA,NA
"LJ1100","H000013782","Prevenar","LH1892",2024-11-03,19.248219,1.04863,-2.17119,-0.857726,343.856837,27.40603,27.979584,689.166779,28.066443,16.623073,20.184255,1389,-2.18198,1.336741,-4.274784,0.482,4,-1.793762,482,118.206,-1.299376,1.435525,335.76576,459.647466,-3.759132,-61.464423,4.8587885229
"MG4222","H000031244","Prevenar","LY2112",2025-07-03,18.094585,0.98489,0.218948,-0.147072,347.758241,NA,NA,561.771835,NA,15.898074,17.821178,1364,0.219892,1.433191,-0.784409,0.491,4,0.126334,491,118.854,-1.988424,1.389544,353.262087,498.404117,-0.351838,-66.479849,NA
"T37752","H000013782","Prevenar","S85345",2017-09-20,17.905945,1.003326,1.771031,-0.178311,312.614987,52.814965,54.28782,603.096552,46.476806,14.503816,17.965499,1345,1.779927,1.586334,-1.008782,0.498,4,-0.237865,498,119.644,-1.142885,1.400606,355.247081,495.911792,-0.503936,NA,5.164169434
"T63430","H000013782","Prevenar","T22157",2017-10-06,16.439411,1.042296,14.707379,1.362501,385.952485,26.092207,27.860597,535.669348,26.798227,13.508746,17.134732,1309,14.785892,1.27338,8.008425,0.512,4,0.667181,512,119.283,-2.023024,1.363152,375.784261,491.464236,8.4969,NA,5.4430181344
"X06678","H000008135","Prevenar","W12905",2018-06-21,17.188324,1.002826,4.039805,-0.432413,391.457942,26.812028,28.574891,566.029326,27.309935,15.103834,17.236906,1378,4.060956,1.238996,-2.513942,0.486,4,-0.480995,486,119.643,-3.71257,1.265571,384.320989,485.014771,-1.97999,NA,5.6785077622
"X06519","H000006081","Prevenar","W42955",2018-07-08,20.792107,0.869771,-8.195039,-0.906324,388.832228,30.836978,29.844767,630.991598,29.490606,17.497713,18.084366,1401,-8.22782,1.413499,-5.010219,0.478,4,1.801417,478,118.952,-1.519335,1.175742,406.584086,549.613933,-4.591851,NA,5.5496888311
"ED8343","H000010932","Prevenar","DX8198",2020-10-03,16.959903,1.043518,0.776715,0.197639,369.058597,26.195233,26.097896,557.7369,25.480792,12.907126,17.69796,1330,0.791846,1.308638,1.163429,0.504,4,-0.540417,504,118.549,-2.180844,1.328342,379.406416,482.964109,3.052086,NA,NA
"GC1642","H000011374","Prevenar","GA0098",2022-07-27,17.512503,1.052647,0.778421,0.457161,361.817656,26.669836,26.235174,597.420557,25.468491,15.066167,18.43448,1302,0.781365,1.351235,2.411154,0.515,4,-0.464817,515,117.392,-2.362318,1.358303,378.884544,488.900773,2.778769,NA,5.1091904396
"GH5502","H000010932","Prevenar","GA5078",2022-09-09,19.972257,1.029314,1.626797,-0.295756,358.299897,28.58446,29.473565,613.233838,28.290834,18.020164,20.557723,1353,1.63309,1.341671,-1.477358,0.495,4,-0.881222,495,118.229,-2.675684,1.366815,362.018642,480.720679,-1.086348,NA,NA
"HE3213","H000006081","Prevenar","HA8565",2023-08-09,18.897041,0.969379,-1.495264,-0.157688,384.982765,28.006587,27.839854,589.271012,27.915894,16.665124,18.318392,1345,-1.502621,1.334889,-0.907283,0.498,4,0.420961,498,119.387,-2.220223,1.289822,386.233493,513.909127,-0.413223,NA,5.0442709638
"CL3161","H000008135","Prevenar","AH4748",2019-08-23,16.585268,1.040163,12.877446,0.53121,375.520845,24.907691,27.347801,536.690701,26.413623,13.490931,17.25138,1375,12.931716,1.247922,3.135103,0.487,4,-0.134901,487,118.672,-1.048891,1.376522,354.111096,468.620696,3.541606,NA,5.296229427
"HG8789","H000019489","Prevenar","HA8571",2023-09-21,18.018809,1.021535,-3.101401,-0.559932,339.706123,25.905403,25.901245,605.358145,25.627132,15.268548,18.406838,1372,-3.11904,1.406253,-3.102991,0.488,4,-0.947961,488,119.33,-2.161694,1.421105,343.394805,477.712608,-2.519895,NA,NA
"HY4182","H000019489","Prevenar","HL6219",2024-03-14,20.286116,1.001298,5.548432,0.836551,387.862637,30.876598,31.315905,630.824686,31.358185,16.868995,20.31244,1282,5.567777,1.347437,4.144995,0.523,4,0.810227,523,118.224,-1.660325,1.370229,381.905992,522.62057,4.478042,NA,NA
"DJ2716","H000010932","Prevenar","AR4751",2020-02-09,18.671864,0.962272,1.74243,0.170722,398.018488,29.700997,29.921324,582.660863,28.4086,15.718516,17.967403,1322,1.749549,1.323243,1.007731,0.507,4,0.875183,507,118.751,-0.786712,1.217912,416.125605,526.675177,1.410519,NA,NA
"EL8878","H000010932","Prevenar","DN7212",2021-01-23,19.132775,0.9024,-2.852883,-0.221649,373.683436,26.934953,26.517749,580.210939,25.916302,16.713042,17.265412,1330,-2.869455,1.494239,-1.320523,0.504,4,1.645715,504,119.071,-1.732981,1.297406,388.371216,558.372229,-0.735368,NA,NA
"FF8239","H000019489","Prevenar","EP5303",2021-08-11,18.003667,1.07081,2.03445,0.225273,370.012274,26.849715,27.092916,598.176775,27.57132,15.750196,19.278513,1317,2.045026,1.283514,1.139238,0.509,4,-1.049573,509,118.23,-1.530815,1.411338,360.328202,474.915999,1.650514,NA,NA
"FT0536","H000017723","Prevenar","FT3238",2022-05-03,17.980498,1.037754,-9.405302,-1.261489,333.815586,26.66432,25.965248,648.250238,26.747462,14.987274,18.659341,1427,-9.423481,1.354578,-6.801729,0.469,4,-1.940332,469,119.706,-3.182741,1.410103,332.777951,452.179303,-6.595705,NA,5.1230062021
"GT1602","H000011044","Prevenar","GK0512",2023-04-02,17.74972,1.031201,-2.938898,-0.465119,344.980293,28.696445,28.564873,593.802696,25.881232,15.751218,18.303521,1361,-2.965591,1.383093,-2.507094,0.492,4,-1.018921,492,118.682,-3.659588,1.254822,382.505285,477.139799,-1.584436,NA,5.1523676471
"LC5370","H000013782","Prevenar","HG6461",2024-05-03,18.343026,0.990715,5.215395,0.765187,371.307328,26.769196,27.061402,567.378866,25.561742,14.078713,18.172707,1287,5.238213,1.415701,4.146638,0.521,4,0.935506,521,119.214,-1.758127,1.339292,388.846681,525.659973,4.564171,NA,4.9038036006
"M57892","H000008135","Prevenar","L59788",2015-10-05,19.596325,1.012387,18.425024,0.646995,382.649165,29.312729,33.795638,628.348091,29.373982,17.15577,19.839074,1292,18.501057,1.339144,3.207669,0.519,4,0.404246,519,119.762,-0.409544,1.358566,381.851234,512.422516,3.605455,NA,4.9662761847
"R59718","H000008135","Prevenar","N16602",2016-10-31,17.505564,0.99436,2.275267,0.543706,341.633382,26.661475,26.453539,519.176877,24.952036,15.907247,17.406837,1404,2.31059,1.404246,3.090501,0.477,4,0.642433,477,118.8,-3.92443,1.306799,365.03835,479.737248,4.572001,NA,5.1289123945
"ED8340","H000010932","Prevenar","DX8198",2020-10-21,16.959903,1.043518,0.776715,0.197639,369.058597,26.195233,26.097896,557.7369,25.480792,12.907126,17.69796,1330,0.791846,1.308638,1.163429,0.504,4,-0.540417,504,118.549,-2.180844,1.328342,379.406416,482.964109,3.052086,NA,NA
"CM3340","H000010932","Prevenar","AR4751",2019-09-07,18.671864,0.962272,1.74243,0.170722,398.018488,29.700997,29.921324,582.660863,28.4086,15.718516,17.967403,1322,1.749549,1.323243,1.007731,0.507,4,0.875183,507,118.751,-0.786712,1.217912,416.125605,526.675177,1.410519,NA,NA
"HX9159","H000013782","Prevenar","HT4763",2024-04-21,19.648201,0.976486,-0.708735,-1.094408,370.870706,29.623756,31.082055,673.564601,30.540901,16.549014,19.186201,1407,-0.713155,1.3141,-5.635891,0.476,4,-0.632408,476,119.309,-2.997244,1.322928,359.733437,487.361173,-4.981122,NA,4.9920822097
"R24681","H000008135","Prevenar","N16602",2016-09-01,17.505564,0.99436,2.275267,0.543706,341.633382,26.661475,26.453539,519.176877,24.952036,15.907247,17.406837,1404,2.31059,1.404246,3.090501,0.477,4,0.642433,477,118.8,-3.92443,1.306799,365.03835,479.737248,4.572001,NA,5.1736064559
"S26361","H000011373","Prevenar","N43436",2017-03-26,18.438769,0.988155,-1.284789,-0.41071,337.479441,28.33287,28.605165,591.982654,25.4169,16.472385,18.220359,1364,-1.290121,1.472317,-2.251176,0.491,4,-0.1923,491,118.838,-2.764341,1.305144,376.19699,496.876752,-1.828622,NA,5.2215569561
"X23344","H000010932","Prevenar","W42955",2018-07-20,20.792107,0.869771,-8.195039,-0.906324,388.832228,30.836978,29.844767,630.991598,29.490606,17.497713,18.084366,1401,-8.22782,1.413499,-5.010219,0.478,4,1.801417,478,118.952,-1.519335,1.175742,406.584086,549.613933,-4.591851,NA,NA
"S25815","H000011373","Prevenar","R25788",2017-02-19,16.570629,1.099216,2.239387,0.582964,342.592347,27.068343,26.803651,549.863784,25.548511,14.739518,18.214704,1340,2.246664,1.327529,3.22453,0.5,4,-1.061111,500,119.94,-1.993337,1.377308,362.972509,454.801211,3.537976,NA,5.1565846958
"AT6722","H000006081","Prevenar","AK9659",2019-04-05,17.032278,1.049476,2.835153,0.47946,384.724915,27.292975,27.35329,548.336477,27.299287,14.429517,17.87497,1353,2.843559,1.226304,2.622567,0.495,4,-0.363232,495,118.638,-0.585898,1.287275,384.635966,471.789716,2.910458,NA,5.3793959312
"N29007","H000006081","Prevenar","M35335",2016-07-19,19.851976,0.997139,-5.489168,-1.001652,349.861634,28.531135,28.411752,635.139514,28.654988,17.80812,19.795189,1404,-5.501525,1.366881,-5.083095,0.477,4,-0.944865,477,119.844,-1.647212,1.368887,348.349462,478.219129,-4.847057,NA,5.2154560634
"R59715","H000008135","Prevenar","N16602",2016-10-20,17.505564,0.99436,2.275267,0.543706,341.633382,26.661475,26.453539,519.176877,24.952036,15.907247,17.406837,1404,2.31059,1.404246,3.090501,0.477,4,0.642433,477,118.8,-3.92443,1.306799,365.03835,479.737248,4.572001,NA,5.3124244573
"EX9683","H000014198","Prevenar","DL7790",2021-08-25,16.01137,1.014834,-3.875458,-0.757775,340.83045,24.2913,24.466163,549.751703,23.378941,13.846306,16.248886,1445,-3.896464,1.338096,-4.616325,0.463,3,-0.99529,463,118.236,-2.804443,1.306942,354.131293,456.063695,-4.052322,NA,5.2100820554
"FG5406","H000019488","Prevenar","EP5303",2021-09-16,18.003667,1.07081,2.03445,0.225273,370.012274,26.849715,27.092916,598.176775,27.57132,15.750196,19.278513,1317,2.045026,1.283514,1.139238,0.509,4,-1.049573,509,118.23,-1.530815,1.411338,360.328202,474.915999,1.650514,NA,NA
"FY2987","H000011374","Prevenar","FT3236",2022-04-26,16.856738,1.082957,9.626658,2.594907,360.756024,25.997375,24.817009,529.016575,24.517619,13.920349,18.255127,1238,9.671735,1.387737,14.212062,0.542,4,1.196518,542,119.243,-1.913044,1.417318,382.529378,500.634632,14.611886,NA,4.7727473103
"HF3786","H000017723","Prevenar","GJ3290",2023-09-03,17.037019,1.024861,-7.407271,-0.745609,357.406145,27.205463,26.361452,586.394589,24.976448,15.143494,17.460571,1389,-7.442738,1.315317,-4.34038,0.482,4,-1.169162,482,119.864,-3.84948,1.23757,389.302748,470.10249,-3.843157,NA,5.1963032601
"GR3698","H000019489","Prevenar","GK0512",2023-03-15,17.74972,1.031201,-2.938898,-0.465119,344.980293,28.696445,28.564873,593.802696,25.881232,15.751218,18.303521,1361,-2.965591,1.383093,-2.507094,0.492,4,-1.018921,492,118.682,-3.659588,1.254822,382.505285,477.139799,-1.584436,NA,NA
"LX2596","H000010932","Prevenar","LK3087",2025-01-30,19.271123,1.100494,6.975773,1.363979,382.137205,30.020006,30.188993,618.94405,29.511432,17.374482,21.207748,1251,7.002901,1.275617,6.439984,0.536,4,-0.572646,536,118.38,-0.867317,1.380026,388.722619,487.460582,6.802419,-57.626503,NA
"GE6423","H000011044","Prevenar","GA0097",2022-07-19,19.321305,1.048493,1.288849,-0.286631,355.556792,26.856624,27.573235,633.737874,27.222859,17.470091,20.258258,1351,1.295405,1.329206,-1.372881,0.496,4,-1.223585,496,119.734,-1.392354,1.412668,350.773401,472.608187,-0.859826,NA,4.9991826923
"HN7777","H000019489","Prevenar","HL6220",2024-02-05,19.452601,1.02103,4.258631,0.638059,379.352015,29.56412,29.87894,633.014768,30.386803,15.972151,19.86169,1294,4.275158,1.338521,3.210286,0.518,4,0.22897,518,118.377,-1.684586,1.404701,369.081552,507.770783,3.584467,NA,NA
"S93499","H000008135","Prevenar","R60335",2017-06-11,17.78858,1.091911,7.26812,0.880186,361.051959,27.822774,28.602787,624.189708,26.671891,15.555192,19.423546,1275,7.305991,1.335402,4.502484,0.526,4,-0.75478,526,119.124,-0.875783,1.397824,376.631227,482.149434,4.997492,NA,4.7700188257
"EC6036","H000010932","Prevenar","DN7212",2020-08-21,19.132775,0.9024,-2.852883,-0.221649,373.683436,26.934953,26.517749,580.210939,25.916302,16.713042,17.265412,1330,-2.869455,1.494239,-1.320523,0.504,4,1.645715,504,119.071,-1.732981,1.297406,388.371216,558.372229,-0.735368,NA,NA
"FT9265","H000019489","Prevenar","EP5310",2022-04-24,18.87129,0.997386,-5.767903,-1.002331,342.302624,27.417416,27.298564,617.164527,26.495285,16.999167,18.821958,1407,-5.786869,1.395026,-5.353379,0.476,4,-0.952999,476,117.74,-2.193023,1.344583,354.215972,477.521099,-5.008092,NA,NA
"HP2982","H000029483","Prevenar","HG6461",NA,18.343026,0.990715,5.215395,0.765187,371.307328,26.769196,27.061402,567.378866,25.561742,14.078713,18.172707,1287,5.238213,1.415701,4.146638,0.521,4,0.935506,521,119.214,-1.758127,1.339292,388.846681,525.659973,4.564171,NA,NA
"GX2931","H000011374","Prevenar","GJ3290",2023-05-05,17.037019,1.024861,-7.407271,-0.745609,357.406145,27.205463,26.361452,586.394589,24.976448,15.143494,17.460571,1389,-7.442738,1.315317,-4.34038,0.482,4,-1.169162,482,119.864,-3.84948,1.23757,389.302748,470.10249,-3.843157,NA,5.1957560396
"M02677","H000006081","Prevenar","L33540",2015-07-06,20.360137,0.901406,-8.311238,-0.676418,342.065771,29.678688,28.271554,630.589123,26.588683,15.622846,18.352751,1381,-8.35939,1.572824,-3.618163,0.485,4,1.330968,485,119.043,-1.403434,1.270143,381.818948,538.009288,-3.021303,NA,5.0942024537
"W72981","H000010932","Prevenar","T61726",2018-05-02,16.91148,1.030253,-0.873617,0.351342,402.275869,28.728918,27.892214,582.884279,28.020459,13.790104,17.423102,1312,-0.87633,1.234123,2.036082,0.511,4,-0.160281,511,118.159,-1.139781,1.240105,412.446862,496.458017,2.339375,NA,NA
"RC8052","H000033648","Prevenar","LY2104",2026-04-07,18.592385,1.046492,-2.507123,-0.534232,371.711025,29.045624,29.113248,659.040989,29.018368,16.554486,19.456778,1370,-2.519301,1.257093,-2.752119,0.489,4,-1.398626,489,119.003,-1.392538,1.314304,372.060161,467.275511,-2.255419,-57.751225,NA
"N90869","H000008135","Prevenar","M93303",2016-08-07,17.411449,1.104167,6.821801,0.680273,348.274182,28.695725,29.637773,566.695708,26.069146,15.220938,19.225143,1289,6.873081,1.350952,3.590196,0.52,4,-1.133422,520,118.629,-2.433083,1.35514,383.364312,470.501767,4.309509,NA,5.1832208588
"CG9070","H000013782","Prevenar","AG6840",2019-05-12,17.037718,1.00587,1.440862,0.647004,308.441268,24.06569,23.492744,512.714681,22.716311,14.328978,17.137725,1424,1.448076,1.514868,3.828834,0.47,4,0.546998,470,119.954,-1.994431,1.438322,326.763093,467.247937,4.30795,NA,5.1189846386
"DA1902","H000010932","Prevenar","AH4747",2019-12-18,17.08314,1.052924,3.121891,0.390615,413.214444,28.655843,28.936248,577.090362,29.221445,14.269301,17.987255,1292,3.134833,1.192254,2.156307,0.519,4,-0.5135,519,119.652,-1.412736,1.280131,405.216382,492.656504,2.560251,NA,NA
"DL7371","H000010932","Prevenar","CM4660",2020-03-10,19.891682,0.927859,-5.357195,-1.165078,318.719862,26.091348,26.33867,611.159205,24.756891,18.035553,18.456672,1415,-5.392334,1.600706,-6.340244,0.473,4,0.269932,473,119.262,-3.042347,1.409266,335.899638,510.176727,-5.647288,NA,NA
"FY7375","H000019489","Prevenar","EP5310",2022-06-11,18.87129,0.997386,-5.767903,-1.002331,342.302624,27.417416,27.298564,617.164527,26.495285,16.999167,18.821958,1407,-5.786869,1.395026,-5.353379,0.476,4,-0.952999,476,117.74,-2.193023,1.344583,354.215972,477.521099,-5.008092,NA,NA
"FP0918","H000011044","Prevenar","FH2522",2022-01-11,18.815339,1.019628,0.724636,0.03289,359.069978,27.569253,27.727349,587.103926,26.805297,15.863962,19.18465,1332,0.727297,1.372994,0.153844,0.503,4,-0.336421,503,119.167,-2.083127,1.36115,369.303538,493.000782,0.519132,NA,5.0402757856
"HG8784","H000019489","Prevenar","HA8571",2023-09-30,18.018809,1.021535,-3.101401,-0.559932,339.706123,25.905403,25.901245,605.358145,25.627132,15.268548,18.406838,1372,-3.11904,1.406253,-3.102991,0.488,4,-0.947961,488,119.33,-2.161694,1.421105,343.394805,477.712608,-2.519895,NA,NA
"HN7329","H000010932","Prevenar","HL5290",2024-01-26,17.922652,0.974057,4.133895,0.022042,352.337761,25.675304,26.709351,563.962662,25.166809,14.896917,17.457682,1345,4.160325,1.449782,0.132927,0.498,4,0.487012,498,119.039,-2.278007,1.384423,359.456747,510.894297,0.767389,NA,NA
"LC5394","H000019489","Prevenar","HT4775",2024-05-30,19.399244,1.039088,2.491714,0.680814,356.445313,27.713075,27.455116,620.640154,27.112771,16.094032,20.157523,1289,2.502597,1.403226,3.433421,0.52,4,-0.077465,520,119.247,-2.795401,1.426491,364.337382,500.173326,3.853348,NA,NA
"LL4093","H000010932","Prevenar","LH1778",2024-08-29,19.80913,1.021199,-12.319932,-0.899094,346.333762,30.400181,28.015857,706.968131,29.692234,17.525698,20.229057,1404,-12.283036,1.349476,-4.43991,0.477,4,-1.319021,477,118.959,-3.044945,1.34599,354.591343,467.36897,-4.75363,-52.233736,NA
"LX2593","H000010932","Prevenar","LK2942",2025-01-27,20.685006,1.009626,13.202586,1.649652,350.294511,26.628136,28.059301,614.158325,27.572872,18.350087,20.884112,1231,13.249966,1.540535,7.875334,0.545,4,1.450545,545,118.494,-0.590061,1.610546,338.292294,539.640921,8.204761,-60.088144,NA
"GT1659","H000013782","Prevenar","GJ3290",2023-04-25,17.037019,1.024861,-7.407271,-0.745609,357.406145,27.205463,26.361452,586.394589,24.976448,15.143494,17.460571,1389,-7.442738,1.315317,-4.34038,0.482,4,-1.169162,482,119.864,-3.84948,1.23757,389.302748,470.10249,-3.843157,NA,5.0833273705
"HG8828","H000028394","Prevenar","HH5428",2023-11-11,16.694672,1.0805,-0.623241,-0.44122,367.915691,26.843584,27.312532,579.582254,26.39035,13.932842,18.038591,1345,-0.625146,1.252698,-2.372111,0.498,4,-1.785139,498,119.234,-2.441053,1.330687,374.234351,460.887353,-2.060189,NA,NA
"MG3450","H000010932","Prevenar","LY2110",2025-07-31,18.155191,1.053995,-3.122082,-0.651175,369.681961,NA,NA,622.226655,NA,15.989035,19.135475,1378,-3.138028,1.247296,-3.440689,0.486,4,-1.631459,486,118.354,-4.859799,1.33745,363.378052,461.10288,-2.915072,-59.079891,5.1499426743
"HG8832","H000028394","Prevenar","HH5428",2023-11-16,16.694672,1.0805,-0.623241,-0.44122,367.915691,26.843584,27.312532,579.582254,26.39035,13.932842,18.038591,1345,-0.625146,1.252698,-2.372111,0.498,4,-1.785139,498,119.234,-2.441053,1.330687,374.234351,460.887353,-2.060189,NA,NA
"MW1301","H000010932","Prevenar","ME2368",2025-10-02,16.313821,1.074483,-3.922859,-0.800719,358.483824,NA,NA,615.732758,NA,14.47889,17.52892,1392,-3.946972,1.248752,-4.522717,0.481,4,-2.015818,481,119.64,-4.679331,1.262777,380.906461,447.657236,-3.884163,-69.639377,5.3749419954
"W07368","H000010932","Prevenar","T61733",2017-12-08,17.568743,1.051394,0.451086,0.218563,355.682042,28.761015,28.559454,602.184456,25.800204,14.352653,18.471674,1322,0.452092,1.355681,1.152905,0.507,4,-0.684368,507,119.39,-2.349659,1.278621,396.499823,482.191308,1.372832,NA,NA
"M97247","H000008135","Prevenar","L59912",2016-02-11,17.004213,1.13025,7.71698,1.277864,369.899587,27.765772,28.062293,577.616112,25.985793,14.956015,19.219015,1227,7.7789,1.308202,6.710963,0.547,4,-0.936937,547,119.523,-1.064818,1.383808,395.237031,483.903473,7.453539,NA,5.0011779096
"LE1010","H000028394","Prevenar","LD1188",2024-06-05,18.585519,1.053628,-1.773771,-0.289145,361.72723,28.98807,28.886231,667.760497,27.784755,15.473943,19.582216,1345,-1.791509,1.305614,-1.440193,0.498,4,-1.285842,498,118.161,-2.495041,1.318527,377.393082,472.276018,-0.435835,NA,NA
"LT0940","H000031244","Prevenar","LH1779",2024-10-26,21.082866,1.021338,-4.443913,-1.102129,329.511069,28.962607,29.139651,724.715712,28.807024,19.210543,21.53273,1401,-4.465871,1.420327,-5.077158,0.478,4,-1.551993,478,118.608,-2.296323,1.442842,331.290714,468.013574,-4.56052,-57.052611,NA
"HF3760","H000010932","Prevenar","HG6461",2023-10-05,18.343026,0.990715,5.215395,0.765187,371.307328,26.769196,27.061402,567.378866,25.561742,14.078713,18.172707,1287,5.238213,1.415701,4.146638,0.521,4,0.935506,521,119.214,-1.758127,1.339292,388.846681,525.659973,4.564171,NA,NA
"HN7758","H000017723","Prevenar","HL5290",2024-02-15,17.922652,0.974057,4.133895,0.022042,352.337761,25.675304,26.709351,563.962662,25.166809,14.896917,17.457682,1345,4.160325,1.449782,0.132927,0.498,4,0.487012,498,119.039,-2.278007,1.384423,359.456747,510.894297,0.767389,NA,5.0228606232
"HY4184","H000019489","Prevenar","HL6219",2024-03-17,20.286116,1.001298,5.548432,0.836551,387.862637,30.876598,31.315905,630.824686,31.358185,16.868995,20.31244,1282,5.567777,1.347437,4.144995,0.523,4,0.810227,523,118.224,-1.660325,1.370229,381.905992,522.62057,4.478042,NA,NA
"L95542","H000008135","Prevenar","L33537",2015-05-09,16.748046,0.983397,-7.059154,-0.926324,323.301131,26.017976,25.634717,586.037989,23.162119,14.749732,16.469976,1407,-7.104147,1.497854,-5.631091,0.476,3,-0.648253,476,118.404,-3.6643,1.311303,363.163708,484.257791,-4.962101,NA,5.624375086
"LL4094","H000010932","Prevenar","LH1779",2024-10-11,21.082866,1.021338,-4.443913,-1.102129,329.511069,28.962607,29.139651,724.715712,28.807024,19.210543,21.53273,1401,-4.465871,1.420327,-5.077158,0.478,4,-1.551993,478,118.608,-2.296323,1.442842,331.290714,468.013574,-4.56052,-57.052611,NA
"LX3435","H000031244","Prevenar","LY2103",2025-04-26,18.529559,1.032996,-3.045181,-0.419925,378.407535,29.71531,29.441254,646.66405,28.776721,16.237904,19.140965,1361,-3.063024,1.258949,-2.140751,0.492,4,-1.031331,492,118.909,-1.520066,1.259413,390.749782,476.395973,-1.545747,-61.852418,NA
"M56318","H000008135","Prevenar","L59788",2015-10-24,19.596325,1.012387,18.425024,0.646995,382.649165,29.312729,33.795638,628.348091,29.373982,17.15577,19.839074,1292,18.501057,1.339144,3.207669,0.519,4,0.404246,519,119.762,-0.409544,1.358566,381.851234,512.422516,3.605455,NA,5.0279844509
"M32476","H000008135","Prevenar","L94886",2015-09-27,19.576919,0.961023,-6.668061,-1.072639,362.250085,29.726748,29.406861,643.529043,27.923725,17.487614,18.81386,1409,-6.700101,1.364674,-5.62401,0.475,4,-0.30958,475,119.82,-2.454353,1.231937,385.640407,494.353314,-5.118907,NA,5.1055095074
"T36090","H000008135","Prevenar","S63641",2017-08-16,19.717224,0.977796,17.685776,2.14249,332.856871,24.971946,26.634326,531.033098,24.943893,15.561266,19.279421,1275,17.764289,1.617071,11.107299,0.526,4,2.580294,526,119.295,0.102809,1.579389,333.231208,538.253146,11.500182,NA,4.61453512218
"S26216","H000008135","Prevenar","N43436",2017-03-13,18.438769,0.988155,-1.284789,-0.41071,337.479441,28.33287,28.605165,591.982654,25.4169,16.472385,18.220359,1364,-1.290121,1.472317,-2.251176,0.491,4,-0.1923,491,118.838,-2.764341,1.305144,376.19699,496.876752,-1.828622,NA,5.0831908571
"CG7294","H000008135","Prevenar","AG6840",2019-05-29,17.037718,1.00587,1.440862,0.647004,308.441268,24.06569,23.492744,512.714681,22.716311,14.328978,17.137725,1424,1.448076,1.514868,3.828834,0.47,4,0.546998,470,119.954,-1.994431,1.438322,326.763093,467.247937,4.30795,NA,5.1940865727
"AP9221","H000008135","Prevenar","AK9659",2019-03-24,17.032278,1.049476,2.835153,0.47946,384.724915,27.292975,27.35329,548.336477,27.299287,14.429517,17.87497,1353,2.843559,1.226304,2.622567,0.495,4,-0.363232,495,118.638,-0.585898,1.287275,384.635966,471.789716,2.910458,NA,4.9269857751
"T30270","H000008135","Prevenar","S63641",2017-08-05,19.717224,0.977796,17.685776,2.14249,332.856871,24.971946,26.634326,531.033098,24.943893,15.561266,19.279421,1275,17.764289,1.617071,11.107299,0.526,4,2.580294,526,119.295,0.102809,1.579389,333.231208,538.253146,11.500182,NA,4.7836719146
"AL9829","H000006081","Prevenar","X37509",2019-01-31,17.208262,1.056415,1.171362,-0.06855,356.753052,26.387455,26.78955,579.818597,26.090359,14.244953,18.17906,1317,1.178149,1.351552,-0.345662,0.509,4,-1.039348,509,119.448,-0.517652,1.411724,360.815469,482.170423,0.232395,NA,5.0228051457
"AL4551","H000008135","Prevenar","X72415",2019-02-06,18.826001,1.001993,4.244333,0.006165,367.977649,27.657831,28.83379,622.081339,28.063916,15.57657,18.863515,1332,4.271554,1.365094,0.019743,0.503,4,-0.031349,503,119.404,-2.967931,1.387897,362.653011,502.323974,0.65687,NA,5.5085964791
"DW4266","H000010932","Prevenar","DH4021",2020-06-09,16.706225,1.100612,-0.180486,0.035067,351.975074,26.067776,25.987629,580.375729,24.457142,13.823722,18.387067,1309,-0.181422,1.321362,0.126035,0.512,4,-1.645774,512,118.01,-1.290083,1.36445,375.154524,465.086498,0.641695,NA,NA
"FP0939","H000006081","Prevenar","FT3238",2022-05-07,17.980498,1.037754,-9.405302,-1.261489,333.815586,26.66432,25.965248,648.250238,26.747462,14.987274,18.659341,1427,-9.423481,1.354578,-6.801729,0.469,4,-1.940332,469,119.706,-3.182741,1.410103,332.777951,452.179303,-6.595705,NA,5.0935900658
"GH5618","H000019489","Prevenar","GG0386",2022-10-30,19.12153,0.93333,-6.239369,-0.359501,370.132271,27.286494,26.146152,595.497723,26.68979,16.903737,17.846699,1359,-6.27894,1.427572,-2.099794,0.493,4,0.915331,493,118.077,-3.48719,1.303259,378.407317,528.390573,-1.456344,NA,NA
"HE3378","H000017723","Prevenar","HA8565",2023-08-04,18.897041,0.969379,-1.495264,-0.157688,384.982765,28.006587,27.839854,589.271012,27.915894,16.665124,18.318392,1345,-1.502621,1.334889,-0.907283,0.498,4,0.420961,498,119.387,-2.220223,1.289822,386.233493,513.909127,-0.413223,NA,4.998402845
"DA1901","H000010932","Prevenar","AH4747",2019-12-02,17.08314,1.052924,3.121891,0.390615,413.214444,28.655843,28.936248,577.090362,29.221445,14.269301,17.987255,1292,3.134833,1.192254,2.156307,0.519,4,-0.5135,519,119.652,-1.412736,1.280131,405.216382,492.656504,2.560251,NA,NA
"ER3806","H000010932","Prevenar","EF8589",2021-04-10,18.610689,1.012633,1.874448,0.460326,377.657204,26.512613,26.378595,609.337271,27.013038,15.402889,18.845796,1302,1.88311,1.346269,2.388597,0.515,4,0.225219,515,119.412,-1.449027,1.389008,370.660991,508.428181,2.83762,NA,NA
"M97259","H000008135","Prevenar","L59930",2016-04-05,18.316421,0.978395,-2.756181,0.001753,385.823876,27.012273,26.273941,565.241755,27.65293,16.163281,17.920692,1348,-2.766396,1.317186,-0.033075,0.497,4,0.397481,497,119.029,-3.455676,1.319293,376.885192,508.201693,0.336308,NA,5.5230838082
"LH9172","H000028394","Prevenar","LD1192",2024-07-05,18.30222,1.033463,-2.982476,0.525826,417.9786,29.509098,27.784802,599.599874,29.87679,15.071727,18.914675,1297,-2.998424,1.19691,2.844847,0.517,4,-0.08663,517,119.616,-2.272876,1.252376,412.834567,500.282974,3.361605,NA,NA
"LT9673","H000033648","Prevenar","LH1779",2024-10-20,21.082866,1.021338,-4.443913,-1.102129,329.511069,28.962607,29.139651,724.715712,28.807024,19.210543,21.53273,1401,-4.465871,1.420327,-5.077158,0.478,4,-1.551993,478,118.608,-2.296323,1.442842,331.290714,468.013574,-4.56052,-57.052611,NA
"FG4137","H000019489","Prevenar","EP5303",2021-09-17,18.003667,1.07081,2.03445,0.225273,370.012274,26.849715,27.092916,598.176775,27.57132,15.750196,19.278513,1317,2.045026,1.283514,1.139238,0.509,4,-1.049573,509,118.23,-1.530815,1.411338,360.328202,474.915999,1.650514,NA,NA
"FP7060","H000019489","Prevenar","EP5310",2022-03-15,18.87129,0.997386,-5.767903,-1.002331,342.302624,27.417416,27.298564,617.164527,26.495285,16.999167,18.821958,1407,-5.786869,1.395026,-5.353379,0.476,4,-0.952999,476,117.74,-2.193023,1.344583,354.215972,477.521099,-5.008092,NA,NA
"GF0554","H000019489","Prevenar","EP5310",2022-06-17,18.87129,0.997386,-5.767903,-1.002331,342.302624,27.417416,27.298564,617.164527,26.495285,16.999167,18.821958,1407,-5.786869,1.395026,-5.353379,0.476,4,-0.952999,476,117.74,-2.193023,1.344583,354.215972,477.521099,-5.008092,NA,NA
"GW4594","H000013782","Prevenar","GR5836",2023-05-13,18.810387,1.049225,3.933829,0.776722,392.109892,30.600838,30.591987,607.637824,29.102346,16.47897,19.736323,1280,3.963853,1.274797,3.99278,0.524,4,-0.149214,524,119.422,-3.209464,1.272051,412.299794,499.860705,4.719995,NA,4.7346233972
"GH5619","H000019489","Prevenar","GG0386",2022-11-09,19.12153,0.93333,-6.239369,-0.359501,370.132271,27.286494,26.146152,595.497723,26.68979,16.903737,17.846699,1359,-6.27894,1.427572,-2.099794,0.493,4,0.915331,493,118.077,-3.48719,1.303259,378.407317,528.390573,-1.456344,NA,NA
"MG3440","H000010932","Prevenar","LY2109",2025-06-22,17.055534,1.093927,2.466398,-0.440641,385.643768,29.233908,30.655689,599.145805,29.158069,15.395361,18.65751,1367,2.476789,1.162598,-2.386676,0.49,4,-2.042617,490,118.557,-2.237797,1.268498,386.646812,448.348757,-1.957146,-65.54847,5.4699924642
"GE5840","H000011374","Prevenar","GA5078",2022-08-14,19.972257,1.029314,1.626797,-0.295756,358.299897,28.58446,29.473565,613.233838,28.290834,18.020164,20.557723,1353,1.63309,1.341671,-1.477358,0.495,4,-0.881222,495,118.229,-2.675684,1.366815,362.018642,480.720679,-1.086348,NA,4.8559511845
"GX2947","H000019489","Prevenar","GR5835",2023-06-09,17.724321,1.003027,-2.583446,0.47487,404.628349,27.937075,26.464596,579.954808,27.117819,15.510305,17.77797,1282,-2.592015,1.28973,2.678685,0.523,4,0.42122,523,119.834,-2.216217,1.255698,416.852575,521.861486,3.000427,NA,NA
"GX2933","H000011374","Prevenar","GR5836",2023-05-16,18.810387,1.049225,3.933829,0.776722,392.109892,30.600838,30.591987,607.637824,29.102346,16.47897,19.736323,1280,3.963853,1.274797,3.99278,0.524,4,-0.149214,524,119.422,-3.209464,1.272051,412.299794,499.860705,4.719995,NA,5.0431963114
"H81496A","H000002634","Prevenar","H01004",2014-01-26,17.528313,0.979556,10.21958,NA,332.169866,24.745207,26.275408,515.113441,24.614046,13.408052,17.169962,1415,10.26135,1.45335,4.077523,0.473,3,NA,473,119.944,NA,1.416092,333.93991,482.759109,4.467986,NA,NA
"T19587","H000013782","Prevenar","S63641",2017-08-03,19.717224,0.977796,17.685776,2.14249,332.856871,24.971946,26.634326,531.033098,24.943893,15.561266,19.279421,1275,17.764289,1.617071,11.107299,0.526,4,2.580294,526,119.295,0.102809,1.579389,333.231208,538.253146,11.500182,NA,4.7095936265
"FA1614","H000010932","Prevenar","EF8589",2021-05-21,18.610689,1.012633,1.874448,0.460326,377.657204,26.512613,26.378595,609.337271,27.013038,15.402889,18.845796,1302,1.88311,1.346269,2.388597,0.515,4,0.225219,515,119.412,-1.449027,1.389008,370.660991,508.428181,2.83762,NA,NA
"S26394","H000008135","Prevenar","N43436",2017-04-02,18.438769,0.988155,-1.284789,-0.41071,337.479441,28.33287,28.605165,591.982654,25.4169,16.472385,18.220359,1364,-1.290121,1.472317,-2.251176,0.491,4,-0.1923,491,118.838,-2.764341,1.305144,376.19699,496.876752,-1.828622,NA,5.2745552869
"T30310","H000013782","Prevenar","S63641",2017-08-20,19.717224,0.977796,17.685776,2.14249,332.856871,24.971946,26.634326,531.033098,24.943893,15.561266,19.279421,1275,17.764289,1.617071,11.107299,0.526,4,2.580294,526,119.295,0.102809,1.579389,333.231208,538.253146,11.500182,NA,4.868904221
"AH5709","H000008135","Prevenar","X72415",2019-01-11,18.826001,1.001993,4.244333,0.006165,367.977649,27.657831,28.83379,622.081339,28.063916,15.57657,18.863515,1332,4.271554,1.365094,0.019743,0.503,4,-0.031349,503,119.404,-2.967931,1.387897,362.653011,502.323974,0.65687,NA,5.1957202435
"T19578","H000008135","Prevenar","S18405",2017-07-08,18.25116,0.956343,2.531915,-0.137799,330.175205,25.11838,25.947521,539.82696,24.540848,15.942815,17.454372,1418,2.543751,1.495548,-0.757186,0.472,4,0.658989,472,118.638,-1.629934,1.397372,337.945372,493.792729,-0.288334,NA,5.1210164144
"X70406","H000010932","Prevenar","W42955",2018-10-03,20.792107,0.869771,-8.195039,-0.906324,388.832228,30.836978,29.844767,630.991598,29.490606,17.497713,18.084366,1401,-8.22782,1.413499,-5.010219,0.478,4,1.801417,478,118.952,-1.519335,1.175742,406.584086,549.613933,-4.591851,NA,NA
"FF8700","H000017723","Prevenar","DY9985",2021-10-29,16.633219,0.973404,-2.429739,-0.613074,363.353414,26.296134,26.660402,539.18438,26.373824,14.272438,16.190846,1467,-2.436722,1.290199,-3.821976,0.456,3,-0.170702,456,119.643,-2.901142,1.259595,362.283079,468.798158,-3.52445,NA,5.5029488703
"FA7359","H000019488","Prevenar","EG3845",2021-04-17,17.005251,1.047156,-2.441047,-0.758082,360.254793,25.196293,25.632266,588.585231,26.097174,14.302925,17.807159,1389,-2.453398,1.277691,-4.183702,0.482,4,-1.55999,482,119.829,-3.612091,1.349398,347.818707,460.294146,-3.659201,NA,NA
"HN7783","H000032244","Prevenar","HL6219",NA,20.286116,1.001298,5.548432,0.836551,387.862637,30.876598,31.315905,630.824686,31.358185,16.868995,20.31244,1282,5.567777,1.347437,4.144995,0.523,4,0.810227,523,118.224,-1.660325,1.370229,381.905992,522.62057,4.478042,NA,NA
"LE1004","H000019489","Prevenar","HT4770",2024-07-13,16.466512,0.988511,-5.194225,-0.903454,358.068281,23.225361,23.296638,546.855023,24.452494,14.096573,16.277327,1467,-5.215465,1.288643,-5.522355,0.456,4,-0.714268,456,119.233,-2.639212,1.341142,340.098856,461.422249,-5.0926,-56.126294,NA
"T63416","H000008135","Prevenar","T22157",2017-10-19,16.439411,1.042296,14.707379,1.362501,385.952485,26.092207,27.860597,535.669348,26.798227,13.508746,17.134732,1309,14.785892,1.27338,8.008425,0.512,4,0.667181,512,119.283,-2.023024,1.363152,375.784261,491.464236,8.4969,NA,5.1602537407
"AT6721","H000006081","Prevenar","AK9659",2019-03-30,17.032278,1.049476,2.835153,0.47946,384.724915,27.292975,27.35329,548.336477,27.299287,14.429517,17.87497,1353,2.843559,1.226304,2.622567,0.495,4,-0.363232,495,118.638,-0.585898,1.287275,384.635966,471.789716,2.910458,NA,5.1930484094
"LJ1047","H000011374","Prevenar","LD1196",2024-10-08,20.665207,0.926485,-1.665693,0.677491,367.023754,30.277407,28.71424,616.321334,27.92291,18.095636,19.14601,1287,-1.674564,1.532444,3.488249,0.521,4,2.196688,521,119.074,-2.891721,1.309378,397.971673,562.443174,3.99952,-51.662166,5.0213109511
"GD0306","H000006081","Prevenar","GA0098",2022-07-29,17.512503,1.052647,0.778421,0.457161,361.817656,26.669836,26.235174,597.420557,25.468491,15.066167,18.43448,1302,0.781365,1.351235,2.411154,0.515,4,-0.464817,515,117.392,-2.362318,1.358303,378.884544,488.900773,2.778769,NA,5.1056283733
"GW4131","H000006081","Prevenar","GJ3290",2023-05-01,17.037019,1.024861,-7.407271,-0.745609,357.406145,27.205463,26.361452,586.394589,24.976448,15.143494,17.460571,1389,-7.442738,1.315317,-4.34038,0.482,4,-1.169162,482,119.864,-3.84948,1.23757,389.302748,470.10249,-3.843157,NA,5.2630230801
"GX2963","H000028394","Prevenar","GR5837",2023-06-16,17.937282,1.052864,2.778089,0.261325,394.415293,27.917431,28.319966,587.17135,28.699502,15.865007,18.885525,1314,2.796991,1.229267,1.355117,0.51,4,-0.686919,510,119.58,-2.419766,1.330509,383.667346,484.841805,2.021741,NA,NA
"GX2943","H000013782","Prevenar","GR5837",2023-06-30,17.937282,1.052864,2.778089,0.261325,394.415293,27.917431,28.319966,587.17135,28.699502,15.865007,18.885525,1314,2.796991,1.229267,1.355117,0.51,4,-0.686919,510,119.58,-2.419766,1.330509,383.667346,484.841805,2.021741,NA,4.7769890987
"M56317","H000008135","Prevenar","L59788",2015-10-20,19.596325,1.012387,18.425024,0.646995,382.649165,29.312729,33.795638,628.348091,29.373982,17.15577,19.839074,1292,18.501057,1.339144,3.207669,0.519,4,0.404246,519,119.762,-0.409544,1.358566,381.851234,512.422516,3.605455,NA,4.9311444126
"M97253","H000008135","Prevenar","L59912",2016-03-10,17.004213,1.13025,7.71698,1.277864,369.899587,27.765772,28.062293,577.616112,25.985793,14.956015,19.219015,1227,7.7789,1.308202,6.710963,0.547,4,-0.936937,547,119.523,-1.064818,1.383808,395.237031,483.903473,7.453539,NA,4.6734084081
"DC8076","H000010932","Prevenar","AR4751",2020-01-08,18.671864,0.962272,1.74243,0.170722,398.018488,29.700997,29.921324,582.660863,28.4086,15.718516,17.967403,1322,1.749549,1.323243,1.007731,0.507,4,0.875183,507,118.751,-0.786712,1.217912,416.125605,526.675177,1.410519,NA,NA
"EL8916","H000010932","Prevenar","DN7212",2021-02-02,19.132775,0.9024,-2.852883,-0.221649,373.683436,26.934953,26.517749,580.210939,25.916302,16.713042,17.265412,1330,-2.869455,1.494239,-1.320523,0.504,4,1.645715,504,119.071,-1.732981,1.297406,388.371216,558.372229,-0.735368,NA,NA
"GJ5745","H000013782","Prevenar","FT3236",2022-08-25,16.856738,1.082957,9.626658,2.594907,360.756024,25.997375,24.817009,529.016575,24.517619,13.920349,18.255127,1238,9.671735,1.387737,14.212062,0.542,4,1.196518,542,119.243,-1.913044,1.417318,382.529378,500.634632,14.611886,NA,4.8494725511
"HG8786","H000019489","Prevenar","GY0026",2023-10-15,18.401246,1.000567,-2.797554,-0.662557,356.594162,28.095079,28.291771,602.517877,27.76051,16.227445,18.411673,1378,-2.815707,1.361258,-3.515799,0.486,4,-0.672984,486,118.708,-2.517624,1.34581,360.891829,485.41669,-2.848427,NA,NA
"S39369","H000010932","Prevenar","N70112",2017-01-08,19.469501,0.942094,-1.725019,-0.362608,354.272679,26.292451,26.352452,624.863362,25.624643,17.308759,18.342093,1364,-1.726342,1.469879,-1.95455,0.491,4,0.7648,491,118.62,-2.940092,1.349591,363.505441,520.737805,-1.876449,NA,5.378974142
"W08570","H000010932","Prevenar","T61726",2018-01-01,16.91148,1.030253,-0.873617,0.351342,402.275869,28.728918,27.892214,582.884279,28.020459,13.790104,17.423102,1312,-0.87633,1.234123,2.036082,0.511,4,-0.160281,511,118.159,-1.139781,1.240105,412.446862,496.458017,2.339375,NA,NA
"AW6504","H000008135","Prevenar","AK9660",2019-04-08,17.353109,1.015342,-4.015485,-0.452543,357.246849,27.673306,27.286795,598.405684,26.128057,14.227539,17.619347,1370,-4.034748,1.348448,-2.638054,0.489,4,-0.718781,489,119.786,-3.042951,1.292685,378.374924,481.728744,-2.148028,NA,5.4438284084
"EA9687","H000010932","Prevenar","DH4017",2020-08-08,17.39175,1.033507,-1.096128,-0.598476,339.446516,25.974797,26.553325,595.009107,25.086058,15.6803,17.974493,1375,-1.103941,1.389056,-3.331207,0.487,4,-1.18122,487,119.045,-0.316359,1.386479,351.472293,471.510098,-2.599852,NA,NA
"GX2953","H000019489","Prevenar","GR5836",2023-05-24,18.810387,1.049225,3.933829,0.776722,392.109892,30.600838,30.591987,607.637824,29.102346,16.47897,19.736323,1280,3.963853,1.274797,3.99278,0.524,4,-0.149214,524,119.422,-3.209464,1.272051,412.299794,499.860705,4.719995,NA,NA
"HN7732","H000013782","Prevenar","HL5291",2024-01-07,19.774892,1.01089,0.035593,-0.407619,336.988915,29.049735,29.632427,674.543647,27.534699,16.583414,19.990241,1361,0.035773,1.445647,-1.97007,0.492,4,-0.622967,492,119.064,-2.621986,1.385174,355.530989,487.166928,-1.457847,NA,5.2263431541
"M81798","H000008135","Prevenar","L59792",2015-12-02,18.192198,1.036647,1.523296,-0.337661,361.227008,26.459809,27.320735,632.56698,27.032358,16.364143,18.85888,1356,1.532981,1.319746,-1.720734,0.494,4,-1.004343,494,118.709,-2.180284,1.397714,353.576168,476.727958,-1.078118,NA,5.1264907747
"T19609","H000006081","Prevenar","S63641",2017-07-19,19.717224,0.977796,17.685776,2.14249,332.856871,24.971946,26.634326,531.033098,24.943893,15.561266,19.279421,1275,17.764289,1.617071,11.107299,0.526,4,2.580294,526,119.295,0.102809,1.579389,333.231208,538.253146,11.500182,NA,4.7358178871
"AH4663","H000013782","Prevenar","X37509",2018-11-27,17.208262,1.056415,1.171362,-0.06855,356.753052,26.387455,26.78955,579.818597,26.090359,14.244953,18.17906,1317,1.178149,1.351552,-0.345662,0.509,4,-1.039348,509,119.448,-0.517652,1.411724,360.815469,482.170423,0.232395,NA,5.1260530048
"FF8105","H000019488","Prevenar","EP5303",2021-06-24,18.003667,1.07081,2.03445,0.225273,370.012274,26.849715,27.092916,598.176775,27.57132,15.750196,19.278513,1317,2.045026,1.283514,1.139238,0.509,4,-1.049573,509,118.23,-1.530815,1.411338,360.328202,474.915999,1.650514,NA,NA
"GX2798","H000010932","Prevenar","FT3236",2023-06-24,16.856738,1.082957,9.626658,2.594907,360.756024,25.997375,24.817009,529.016575,24.517619,13.920349,18.255127,1238,9.671735,1.387737,14.212062,0.542,4,1.196518,542,119.243,-1.913044,1.417318,382.529378,500.634632,14.611886,NA,NA
"M32474","H000008135","Prevenar","L94888",2015-09-18,18.746258,1.015749,-6.897522,-0.118703,374.117647,29.838862,27.939104,601.688931,27.773622,16.105625,19.041497,1340,-6.938069,1.315153,-0.571345,0.5,4,-0.413942,500,118.765,-1.299154,1.243406,401.936945,492.021954,0.016404,NA,5.219079984
"ED8348","H000010932","Prevenar","DX8198",2020-11-27,16.959903,1.043518,0.776715,0.197639,369.058597,26.195233,26.097896,557.7369,25.480792,12.907126,17.69796,1330,0.791846,1.308638,1.163429,0.504,4,-0.540417,504,118.549,-2.180844,1.328342,379.406416,482.964109,3.052086,NA,5.0630068064
"GT1667","H000017723","Prevenar","GK0512",2023-04-23,17.74972,1.031201,-2.938898,-0.465119,344.980293,28.696445,28.564873,593.802696,25.881232,15.751218,18.303521,1361,-2.965591,1.383093,-2.507094,0.492,4,-1.018921,492,118.682,-3.659588,1.254822,382.505285,477.139799,-1.584436,NA,5.2523792488
"HA2700","H000006081","Prevenar","HA8573",2023-09-12,17.976272,1.01534,7.350318,0.335138,372.924331,25.583004,26.984241,580.56508,26.820183,14.943868,18.252028,1309,7.386904,1.351938,1.909684,0.512,4,0.059383,512,118.328,-4.328875,1.439059,355.721821,504.170743,2.395508,NA,5.1092473118
"HX9138","H000011044","Prevenar","HT4763",2024-04-18,19.648201,0.976486,-0.708735,-1.094408,370.870706,29.623756,31.082055,673.564601,30.540901,16.549014,19.186201,1407,-0.713155,1.3141,-5.635891,0.476,4,-0.632408,476,119.309,-2.997244,1.322928,359.733437,487.361173,-4.981122,NA,5.0814553173
"NJ6144","H000008090","Prevenar","MC9171",2025-10-19,18.643621,1.004427,-0.40984,-0.197402,372.823524,NA,NA,599.590476,NA,16.741721,18.726147,1348,-0.412041,1.328373,-0.985126,0.497,4,-0.279929,497,118.741,-2.713483,1.296091,383.801044,495.248803,-0.44582,-55.265315,5.2411145255
"MY7678","H000011802","Prevenar","MC9171",2025-08-31,18.643621,1.004427,-0.40984,-0.197402,372.823524,NA,NA,599.590476,NA,16.741721,18.726147,1348,-0.412041,1.328373,-0.985126,0.497,4,-0.279929,497,118.741,-2.713483,1.296091,383.801044,495.248803,-0.44582,-55.265315,5.0989887639
"S93631","H000008135","Prevenar","R60335",2017-06-15,17.78858,1.091911,7.26812,0.880186,361.051959,27.822774,28.602787,624.189708,26.671891,15.555192,19.423546,1275,7.305991,1.335402,4.502484,0.526,4,-0.75478,526,119.124,-0.875783,1.397824,376.631227,482.149434,4.997492,NA,5.0013954583
"GX2945","H000019489","Prevenar","GR5839",2023-06-02,18.836613,1.03587,2.663731,0.567053,372.135778,28.896148,28.812267,631.631993,27.795801,16.850322,19.512283,1297,2.672391,1.340254,2.962677,0.517,4,-0.108617,517,118.092,-2.867595,1.335462,386.867444,498.75635,3.277135,NA,NA
"HE3376","H000017723","Prevenar","HA8565",2023-08-02,18.897041,0.969379,-1.495264,-0.157688,384.982765,28.006587,27.839854,589.271012,27.915894,16.665124,18.318392,1345,-1.502621,1.334889,-0.907283,0.498,4,0.420961,498,119.387,-2.220223,1.289822,386.233493,513.909127,-0.413223,NA,4.9924133397
"HN7638","H000011044","Prevenar","HL5288",2024-01-05,16.134701,0.998559,-5.719795,-0.445386,355.611516,23.492386,22.800048,538.212178,23.355632,13.982114,16.111455,1452,-5.751969,1.298885,-2.804895,0.461,3,-0.42214,461,119.091,-4.583815,1.289464,357.693724,461.898468,-2.229852,NA,5.3391681108
"N90867","H000008135","Prevenar","M35335",2016-07-28,19.851976,0.997139,-5.489168,-1.001652,349.861634,28.531135,28.411752,635.139514,28.654988,17.80812,19.795189,1404,-5.501525,1.366881,-5.083095,0.477,4,-0.944865,477,119.844,-1.647212,1.368887,348.349462,478.219129,-4.847057,NA,5.3891900065
"DN3815","H000013782","Prevenar","CM4660",2020-03-23,19.891682,0.927859,-5.357195,-1.165078,318.719862,26.091348,26.33867,611.159205,24.756891,18.035553,18.456672,1415,-5.392334,1.600706,-6.340244,0.473,4,0.269932,473,119.262,-3.042347,1.409266,335.899638,510.176727,-5.647288,NA,5.4236887736
"AH5749","H000010932","Prevenar","X37509",2018-12-26,17.208262,1.056415,1.171362,-0.06855,356.753052,26.387455,26.78955,579.818597,26.090359,14.244953,18.17906,1317,1.178149,1.351552,-0.345662,0.509,4,-1.039348,509,119.448,-0.517652,1.411724,360.815469,482.170423,0.232395,NA,NA
"FD1838","H000019489","Prevenar","EP5303",2021-05-29,18.003667,1.07081,2.03445,0.225273,370.012274,26.849715,27.092916,598.176775,27.57132,15.750196,19.278513,1317,2.045026,1.283514,1.139238,0.509,4,-1.049573,509,118.23,-1.530815,1.411338,360.328202,474.915999,1.650514,NA,NA
"N33896","H000008135","Prevenar","L94887",2016-05-27,17.776807,1.064414,-1.799968,-0.16093,375.507305,27.861689,27.611793,620.40985,27.729891,15.262212,18.92188,1340,-1.814082,1.25013,-0.917168,0.5,4,-1.306002,500,119.888,-0.890153,1.324361,377.292063,469.433017,-0.131992,NA,5.2162368112
"HN7730","H000011374","Prevenar","HP3397",2024-04-05,18.946133,1.014522,-2.337572,0.217151,399.449401,30.687243,29.626744,599.124186,30.215868,15.427986,19.221271,1319,-2.346556,1.252522,1.109273,0.508,4,-0.057987,508,118.86,-0.890871,1.251193,405.680915,500.319343,1.487913,NA,NA
"L90655","H000008135","Prevenar","L33537",2015-04-29,16.748046,0.983397,-7.059154,-0.926324,323.301131,26.017976,25.634717,586.037989,23.162119,14.749732,16.469976,1407,-7.104147,1.497854,-5.631091,0.476,3,-0.648253,476,118.404,-3.6643,1.311303,363.163708,484.257791,-4.962101,NA,5.3751892093
"M02674","H000008135","Prevenar","L33541",2015-07-19,17.267683,0.972576,-3.165191,-1.784303,355.815166,26.090673,28.015668,587.66816,27.032054,14.582479,16.794127,1471,-3.184066,1.314014,-10.562166,0.455,4,-1.310748,455,118.053,-4.264584,1.324089,343.424039,467.546267,-9.906759,NA,5.6548961749
"S09155","H000008135","Prevenar","N16603",2016-11-28,16.996872,1.069755,-4.189768,-0.339704,370.502785,29.963219,29.250828,582.846281,26.87749,15.307747,18.182486,1356,-4.219081,1.24622,-1.841529,0.494,4,-1.525318,494,118.034,-1.565532,1.195857,413.039157,461.728147,-1.133941,NA,5.484216547
"EL8915","H000010932","Prevenar","DN7212",2021-01-30,19.132775,0.9024,-2.852883,-0.221649,373.683436,26.934953,26.517749,580.210939,25.916302,16.713042,17.265412,1330,-2.869455,1.494239,-1.320523,0.504,4,1.645715,504,119.071,-1.732981,1.297406,388.371216,558.372229,-0.735368,NA,NA
"FG4138","H000019489","Prevenar","EP5303",2021-09-24,18.003667,1.07081,2.03445,0.225273,370.012274,26.849715,27.092916,598.176775,27.57132,15.750196,19.278513,1317,2.045026,1.283514,1.139238,0.509,4,-1.049573,509,118.23,-1.530815,1.411338,360.328202,474.915999,1.650514,NA,NA
"GX2929","H000011044","Prevenar","FT3236",2023-05-23,16.856738,1.082957,9.626658,2.594907,360.756024,25.997375,24.817009,529.016575,24.517619,13.920349,18.255127,1238,9.671735,1.387737,14.212062,0.542,4,1.196518,542,119.243,-1.913044,1.417318,382.529378,500.634632,14.611886,NA,4.5841973748
"X06702","H000010932","Prevenar","T61726",2018-05-12,16.91148,1.030253,-0.873617,0.351342,402.275869,28.728918,27.892214,582.884279,28.020459,13.790104,17.423102,1312,-0.87633,1.234123,2.036082,0.511,4,-0.160281,511,118.159,-1.139781,1.240105,412.446862,496.458017,2.339375,NA,NA
"AM6083","H000017723","Prevenar","X72415",2019-02-27,18.826001,1.001993,4.244333,0.006165,367.977649,27.657831,28.83379,622.081339,28.063916,15.57657,18.863515,1332,4.271554,1.365094,0.019743,0.503,4,-0.031349,503,119.404,-2.967931,1.387897,362.653011,502.323974,0.65687,NA,5.6836973995
"CM3329","H000008090","Prevenar","AH4747",2019-10-17,17.08314,1.052924,3.121891,0.390615,413.214444,28.655843,28.936248,577.090362,29.221445,14.269301,17.987255,1292,3.134833,1.192254,2.156307,0.519,4,-0.5135,519,119.652,-1.412736,1.280131,405.216382,492.656504,2.560251,NA,5.1785297289
"CG3540","H000008135","Prevenar","AH4748",2019-05-21,16.585268,1.040163,12.877446,0.53121,375.520845,24.907691,27.347801,536.690701,26.413623,13.490931,17.25138,1375,12.931716,1.247922,3.135103,0.487,4,-0.134901,487,118.672,-1.048891,1.376522,354.111096,468.620696,3.541606,NA,5.2044952036
"GG9470","H000019489","Prevenar","GA0098",2022-07-26,17.512503,1.052647,0.778421,0.457161,361.817656,26.669836,26.235174,597.420557,25.468491,15.066167,18.43448,1302,0.781365,1.351235,2.411154,0.515,4,-0.464817,515,117.392,-2.362318,1.358303,378.884544,488.900773,2.778769,NA,NA
"MG0832","H000035016","Prevenar","LK2942",2025-03-23,20.685006,1.009626,13.202586,1.649652,350.294511,26.628136,28.059301,614.158325,27.572872,18.350087,20.884112,1231,13.249966,1.540535,7.875334,0.545,4,1.450545,545,118.494,-0.590061,1.610546,338.292294,539.640921,8.204761,-60.088144,NA
"X37663","H000010932","Prevenar","W61747",2018-08-08,18.124815,1.047331,16.432192,1.075851,384.806066,27.531548,30.529879,562.250829,28.055718,15.118923,18.982681,1277,16.515979,1.302723,5.62545,0.525,4,0.217985,525,118.791,-0.196732,1.390358,377.616658,501.29566,6.104221,NA,NA
"GR3697","H000019489","Prevenar","GK0513",2023-02-14,17.027187,1.081808,-0.065193,0.50252,358.828926,28.050391,27.27733,607.233361,26.187475,14.993952,18.420139,1299,-0.065443,1.329207,2.690532,0.516,4,-0.890433,516,118.909,-4.516837,1.342447,384.35518,476.95778,3.062753,NA,NA
"H87640","H000002634","Prevenar","H01004",2014-01-19,17.528313,0.979556,10.21958,NA,332.169866,24.745207,26.275408,515.113441,24.614046,13.408052,17.169962,1415,10.26135,1.45335,4.077523,0.473,3,NA,473,119.944,NA,1.416092,333.93991,482.759109,4.467986,NA,5.1961828469
"LX3401","H000013782","Prevenar","LY2112",2025-07-01,18.094585,0.98489,0.218948,-0.147072,347.758241,NA,NA,561.771835,NA,15.898074,17.821178,1364,0.219892,1.433191,-0.784409,0.491,4,0.126334,491,118.854,-1.988424,1.389544,353.262087,498.404117,-0.351838,-66.479849,5.1026944064
"N39533","H000006081","Prevenar","M35335",2016-08-11,19.851976,0.997139,-5.489168,-1.001652,349.861634,28.531135,28.411752,635.139514,28.654988,17.80812,19.795189,1404,-5.501525,1.366881,-5.083095,0.477,4,-0.944865,477,119.844,-1.647212,1.368887,348.349462,478.219129,-4.847057,NA,5.1371239842
"LL4175","H000013782","Prevenar","LH1892",2024-11-15,19.248219,1.04863,-2.17119,-0.857726,343.856837,27.40603,27.979584,689.166779,28.066443,16.623073,20.184255,1389,-2.18198,1.336741,-4.274784,0.482,4,-1.793762,482,118.206,-1.299376,1.435525,335.76576,459.647466,-3.759132,-61.464423,4.9549893527
"LX2597","H000010932","Prevenar","LK2944",2025-02-08,20.602336,0.986093,6.177578,1.519456,388.625773,29.104642,28.733397,611.863001,29.540517,18.283289,20.315817,1233,6.224365,1.420793,7.499916,0.544,4,1.805976,544,118.191,-0.890808,1.422015,382.891542,552.156623,8.195217,-53.370596,NA
"N90927","H000008135","Prevenar","M93303",2016-08-28,17.411449,1.104167,6.821801,0.680273,348.274182,28.695725,29.637773,566.695708,26.069146,15.220938,19.225143,1289,6.873081,1.350952,3.590196,0.52,4,-1.133422,520,118.629,-2.433083,1.35514,383.364312,470.501767,4.309509,NA,5.0138095191
"X75942","H000011612","Prevenar","W42955",2018-10-22,20.792107,0.869771,-8.195039,-0.906324,388.832228,30.836978,29.844767,630.991598,29.490606,17.497713,18.084366,1401,-8.22782,1.413499,-5.010219,0.478,4,1.801417,478,118.952,-1.519335,1.175742,406.584086,549.613933,-4.591851,NA,5.4607282433
"AW6839","H000010932","Prevenar","AG6840",2019-05-27,17.037718,1.00587,1.440862,0.647004,308.441268,24.06569,23.492744,512.714681,22.716311,14.328978,17.137725,1424,1.448076,1.514868,3.828834,0.47,4,0.546998,470,119.954,-1.994431,1.438322,326.763093,467.247937,4.30795,NA,NA
"W28191","H000006081","Prevenar","T61733",2018-03-20,17.568743,1.051394,0.451086,0.218563,355.682042,28.761015,28.559454,602.184456,25.800204,14.352653,18.471674,1322,0.452092,1.355681,1.152905,0.507,4,-0.684368,507,119.39,-2.349659,1.278621,396.499823,482.191308,1.372832,NA,5.1881150648
"HJ3851","H000019489","Prevenar","HK6908",2023-11-21,18.119533,1.002871,-7.08385,-0.714066,348.756279,27.128208,26.283333,635.444839,27.506333,15.043059,18.171563,1386,-7.116776,1.381903,-4.002395,0.483,4,-0.766096,483,119.027,-2.727582,1.405188,343.961994,481.947196,-3.521223,NA,NA
"LE1002","H000019489","Prevenar","HT4770",2024-07-03,16.466512,0.988511,-5.194225,-0.903454,358.068281,23.225361,23.296638,546.855023,24.452494,14.096573,16.277327,1467,-5.215465,1.288643,-5.522355,0.456,4,-0.714268,456,119.233,-2.639212,1.341142,340.098856,461.422249,-5.0926,-56.126294,NA
"HF3759","H000010932","Prevenar","GY0026",2023-12-13,18.401246,1.000567,-2.797554,-0.662557,356.594162,28.095079,28.291771,602.517877,27.76051,16.227445,18.411673,1378,-2.815707,1.361258,-3.515799,0.486,4,-0.672984,486,118.708,-2.517624,1.34581,360.891829,485.41669,-2.848427,NA,NA
"HE3369","H000013782","Prevenar","HA8566",2023-07-26,19.485957,1.056507,-2.425097,0.630173,357.375496,29.012514,27.423609,627.143007,26.939021,17.085766,20.587053,1294,-2.437725,1.373078,3.038893,0.518,4,-0.470924,518,118.005,-2.447918,1.346989,384.882635,490.704302,3.541155,NA,4.8884571058
"M21953","H000008135","Prevenar","L66361",2015-08-07,18.749865,0.997722,9.871167,0.407442,374.833555,27.856968,29.998323,601.659292,27.758003,16.388419,18.707152,1307,9.920295,1.372558,2.23333,0.513,4,0.450155,513,119.086,-2.222886,1.364566,376.169943,514.480737,2.7175,NA,5.2453353373
"HF3322","H000011374","Prevenar","HA8567",2023-08-15,18.624497,1.012259,1.392363,0.211093,334.504132,24.364007,24.431696,593.9684,23.804349,15.477147,18.852813,1317,1.402699,1.504277,1.124876,0.509,4,-0.017223,509,119.012,-0.818239,1.48774,342.368567,503.186971,1.853456,NA,5.0276688595
"HN7779","H000019489","Prevenar","HL5290",2024-02-11,17.922652,0.974057,4.133895,0.022042,352.337761,25.675304,26.709351,563.962662,25.166809,14.896917,17.457682,1345,4.160325,1.449782,0.132927,0.498,4,0.487012,498,119.039,-2.278007,1.384423,359.456747,510.894297,0.767389,NA,NA
"M02679","H000006081","Prevenar","L33541",2015-07-22,17.267683,0.972576,-3.165191,-1.784303,355.815166,26.090673,28.015668,587.66816,27.032054,14.582479,16.794127,1471,-3.184066,1.314014,-10.562166,0.455,4,-1.310748,455,118.053,-4.264584,1.324089,343.424039,467.546267,-9.906759,NA,5.7639266862
"LE0996","H000013782","Prevenar","LD1196",2024-09-28,20.665207,0.926485,-1.665693,0.677491,367.023754,30.277407,28.71424,616.321334,27.92291,18.095636,19.14601,1287,-1.674564,1.532444,3.488249,0.521,4,2.196688,521,119.074,-2.891721,1.309378,397.971673,562.443174,3.99952,-51.662166,5.2544177129
"FJ5979","H000010932","Prevenar","EP5303",2021-09-19,18.003667,1.07081,2.03445,0.225273,370.012274,26.849715,27.092916,598.176775,27.57132,15.750196,19.278513,1317,2.045026,1.283514,1.139238,0.509,4,-1.049573,509,118.23,-1.530815,1.411338,360.328202,474.915999,1.650514,NA,NA
"FM6052","H000006081","Prevenar","FH2522",2022-01-01,18.815339,1.019628,0.724636,0.03289,359.069978,27.569253,27.727349,587.103926,26.805297,15.863962,19.18465,1332,0.727297,1.372994,0.153844,0.503,4,-0.336421,503,119.167,-2.083127,1.36115,369.303538,493.000782,0.519132,NA,5.0230123753
"LJ1145","H000019489","Prevenar","LL4955",2024-09-21,20.778572,0.922819,-3.090289,-0.282478,356.14588,28.550149,28.079444,620.902313,27.107189,18.672011,19.174863,1353,-3.105964,1.506374,-1.45727,0.495,4,1.321232,495,119.621,-1.932147,1.319853,375.104107,536.489006,-0.945245,-61.488691,NA
"MW1303","H000010932","Prevenar","MC9170",2025-08-08,18.153933,0.992111,7.777275,1.265446,352.039693,NA,NA,534.932027,NA,15.846252,18.010716,1324,7.811225,1.450164,7.037899,0.506,4,1.408664,506,118.532,-2.326679,1.372383,369.057166,510.515311,7.441949,-57.001879,5.3897693368
"T59967","H000008135","Prevenar","S63641",2017-08-24,19.717224,0.977796,17.685776,2.14249,332.856871,24.971946,26.634326,531.033098,24.943893,15.561266,19.279421,1275,17.764289,1.617071,11.107299,0.526,4,2.580294,526,119.295,0.102809,1.579389,333.231208,538.253146,11.500182,NA,4.74849591
"LC5371","H000013782","Prevenar","HT4769",2024-05-07,20.276882,1.031998,-0.467056,0.107617,358.513946,29.951471,29.669928,662.287585,29.816179,17.280036,20.925707,1327,-0.468973,1.363971,0.471022,0.505,4,-0.541209,505,119.279,-2.481073,1.401257,360.140711,489.002458,0.877852,NA,4.9926058963
"LX2594","H000010932","Prevenar","LK3087",2025-02-02,19.271123,1.100494,6.975773,1.363979,382.137205,30.020006,30.188993,618.94405,29.511432,17.374482,21.207748,1251,7.002901,1.275617,6.439984,0.536,4,-0.572646,536,118.38,-0.867317,1.380026,388.722619,487.460582,6.802419,-57.626503,NA
"MY7331","H000033648","Prevenar","MC9170",2025-08-19,18.153933,0.992111,7.777275,1.265446,352.039693,NA,NA,534.932027,NA,15.846252,18.010716,1324,7.811225,1.450164,7.037899,0.506,4,1.408664,506,118.532,-2.326679,1.372383,369.057166,510.515311,7.441949,-57.001879,NA
"S89886","H000006081","Prevenar","S18405",2017-06-25,18.25116,0.956343,2.531915,-0.137799,330.175205,25.11838,25.947521,539.82696,24.540848,15.942815,17.454372,1418,2.543751,1.495548,-0.757186,0.472,4,0.658989,472,118.638,-1.629934,1.397372,337.945372,493.792729,-0.288334,NA,5.0196132048
"AT6725","H000013782","Prevenar","AG6840",2019-04-14,17.037718,1.00587,1.440862,0.647004,308.441268,24.06569,23.492744,512.714681,22.716311,14.328978,17.137725,1424,1.448076,1.514868,3.828834,0.47,4,0.546998,470,119.954,-1.994431,1.438322,326.763093,467.247937,4.30795,NA,5.0955019388
"S93497","H000008135","Prevenar","R48339",2017-05-25,19.039331,1.070317,-4.856955,0.088574,354.055341,29.740296,28.154235,617.893978,28.849168,16.898102,20.378113,1327,-4.881291,1.331891,0.451747,0.505,4,-1.250208,505,118.638,-2.485664,1.382831,364.991837,471.563296,0.948041,NA,4.898180996
"M96866","H000006081","Prevenar","L59792",2015-12-17,18.192198,1.036647,1.523296,-0.337661,361.227008,26.459809,27.320735,632.56698,27.032358,16.364143,18.85888,1356,1.532981,1.319746,-1.720734,0.494,4,-1.004343,494,118.709,-2.180284,1.397714,353.576168,476.727958,-1.078118,NA,5.2301365878
"LH9175","H000028394","Prevenar","LD1195",2024-07-28,19.769274,1.058389,0.700234,1.108375,348.428935,30.114781,28.746341,629.339964,27.181944,17.558871,20.923586,1268,0.701972,1.434992,5.246053,0.529,4,-0.045936,529,118.212,-1.256065,1.370868,386.023198,499.992601,5.480633,-52.461811,NA
"LJ1132","H000019489","Prevenar","LD1194",2024-07-17,19.349786,1.026104,-1.216341,-0.300568,378.110048,29.135904,29.240276,622.418856,29.442943,17.385312,19.854902,1351,-1.224011,1.277527,-1.582236,0.496,4,-0.805684,496,119.552,-2.232329,1.32469,374.167007,483.045641,-0.945661,-55.003212,NA
"CL6644","H000006081","Prevenar","AH4748",2019-07-05,16.585268,1.040163,12.877446,0.53121,375.520845,24.907691,27.347801,536.690701,26.413623,13.490931,17.25138,1375,12.931716,1.247922,3.135103,0.487,4,-0.134901,487,118.672,-1.048891,1.376522,354.111096,468.620696,3.541606,NA,5.4448081198
"DL7372","H000010932","Prevenar","DH4016",2020-04-22,17.456766,1.071365,-3.02844,-0.129701,348.948891,45.12418,44.05604,616.885593,42.663321,15.216317,18.702569,1343,-3.042028,1.334128,-0.674916,0.499,4,-1.375503,499,118.274,-1.739045,1.351389,369.076579,465.54263,-0.225202,NA,5.2152807926
"DW4265","H000010932","Prevenar","DH4021",2020-06-06,16.706225,1.100612,-0.180486,0.035067,351.975074,26.067776,25.987629,580.375729,24.457142,13.823722,18.387067,1309,-0.181422,1.321362,0.126035,0.512,4,-1.645774,512,118.01,-1.290083,1.36445,375.154524,465.086498,0.641695,NA,NA
"FH7100","H000019489","Prevenar","EP5303",2021-10-03,18.003667,1.07081,2.03445,0.225273,370.012274,26.849715,27.092916,598.176775,27.57132,15.750196,19.278513,1317,2.045026,1.283514,1.139238,0.509,4,-1.049573,509,118.23,-1.530815,1.411338,360.328202,474.915999,1.650514,NA,NA
"HG4910","H000011044","Prevenar","HA8573",2023-09-16,17.976272,1.01534,7.350318,0.335138,372.924331,25.583004,26.984241,580.56508,26.820183,14.943868,18.252028,1309,7.386904,1.351938,1.909684,0.512,4,0.059383,512,118.328,-4.328875,1.439059,355.721821,504.170743,2.395508,NA,5.3087096774
"HR1612","H000032244","Prevenar","HL5287",2023-11-28,17.156972,0.982033,1.650259,0.063171,373.689852,24.710675,25.008932,560.562228,24.760194,14.219715,16.848711,1351,1.659684,1.350481,0.452689,0.496,3,0.371432,496,118.981,-2.562732,1.328874,372.9425,504.66098,1.017951,NA,NA
"HY4183","H000019489","Prevenar","HL6219",2024-03-19,20.286116,1.001298,5.548432,0.836551,387.862637,30.876598,31.315905,630.824686,31.358185,16.868995,20.31244,1282,5.567777,1.347437,4.144995,0.523,4,0.810227,523,118.224,-1.660325,1.370229,381.905992,522.62057,4.478042,NA,NA
"LT9674","H000033648","Prevenar","LH1894",2024-10-21,19.480882,0.972367,-2.418319,-0.808526,350.904641,26.896685,27.377096,637.684855,27.056092,17.194881,18.942563,1389,-2.430702,1.412589,-4.216838,0.482,4,-0.270207,482,119.259,-4.244925,1.381695,348.837209,495.683917,-3.68591,-53.756899,NA
"L30167","H000008135","Prevenar","L33539",2015-05-30,17.445741,1.071753,-3.231932,-0.229061,357.557571,28.220929,27.671601,622.468713,26.666919,15.249128,18.697529,1351,-3.247876,1.29525,-1.301346,0.496,4,-1.480849,496,119.46,-0.862502,1.311746,378.39418,463.126267,-0.804046,NA,4.86512895
"T19579","H000008135","Prevenar","S18405",2017-07-11,18.25116,0.956343,2.531915,-0.137799,330.175205,25.11838,25.947521,539.82696,24.540848,15.942815,17.454372,1418,2.543751,1.495548,-0.757186,0.472,4,0.658989,472,118.638,-1.629934,1.397372,337.945372,493.792729,-0.288334,NA,5.1952750422
"N90928","H000008135","Prevenar","N05555",2016-09-17,18.568947,1.010834,5.581822,1.784483,396.084568,30.454224,29.271211,537.09756,28.561818,16.736898,18.770132,1284,5.606063,1.304708,9.490623,0.522,4,1.583298,522,118.556,-0.999466,1.236892,422.32774,516.774673,9.88198,NA,5.0384059117
"T63420","H000006081","Prevenar","T02241",2017-09-08,17.321287,1.082634,6.175873,0.781661,370.469572,26.18536,26.707293,581.74735,26.252733,14.575061,18.752611,1280,6.203096,1.306497,4.20987,0.524,4,-0.649663,524,119.179,-4.128219,1.418097,369.518823,484.01726,4.630257,NA,4.9374640371
"AM5982","H000006081","Prevenar","X72415",2019-02-22,18.826001,1.001993,4.244333,0.006165,367.977649,27.657831,28.83379,622.081339,28.063916,15.57657,18.863515,1332,4.271554,1.365094,0.019743,0.503,4,-0.031349,503,119.404,-2.967931,1.387897,362.653011,502.323974,0.65687,NA,5.3436669529
"GD6692","H000014198","Prevenar","FT3238",2022-05-17,17.980498,1.037754,-9.405302,-1.261489,333.815586,26.66432,25.965248,648.250238,26.747462,14.987274,18.659341,1427,-9.423481,1.354578,-6.801729,0.469,4,-1.940332,469,119.706,-3.182741,1.410103,332.777951,452.179303,-6.595705,NA,5.3042237628
"HF3782","H000013782","Prevenar","HG6461",2023-11-03,18.343026,0.990715,5.215395,0.765187,371.307328,26.769196,27.061402,567.378866,25.561742,14.078713,18.172707,1287,5.238213,1.415701,4.146638,0.521,4,0.935506,521,119.214,-1.758127,1.339292,388.846681,525.659973,4.564171,NA,4.9032418398
"NX0588","H000008090","Prevenar","LY2112",2026-06-10,18.094585,0.98489,0.218948,-0.147072,347.758241,NA,NA,561.771835,NA,15.898074,17.821178,1364,0.219892,1.433191,-0.784409,0.491,4,0.126334,491,118.854,-1.988424,1.389544,353.262087,498.404117,-0.351838,-66.479849,5.1311991449
"R98841","H000010932","Prevenar","N16603",2016-11-14,16.996872,1.069755,-4.189768,-0.339704,370.502785,29.963219,29.250828,582.846281,26.87749,15.307747,18.182486,1356,-4.219081,1.24622,-1.841529,0.494,4,-1.525318,494,118.034,-1.565532,1.195857,413.039157,461.728147,-1.133941,NA,NA
"FP7059","H000019489","Prevenar","EP5310",2022-02-08,18.87129,0.997386,-5.767903,-1.002331,342.302624,27.417416,27.298564,617.164527,26.495285,16.999167,18.821958,1407,-5.786869,1.395026,-5.353379,0.476,4,-0.952999,476,117.74,-2.193023,1.344583,354.215972,477.521099,-5.008092,NA,NA
"GR3533","H000013782","Prevenar","GP0922",2023-04-11,18.093953,1.031022,0.494401,0.585568,391.112455,26.233836,25.546638,577.129486,26.521696,15.636671,18.655258,1275,0.497592,1.303259,3.117105,0.526,4,0.024262,526,119.585,-2.903731,1.358433,386.86742,509.720934,3.738439,NA,4.8168588404
"HF3754","H000010932","Prevenar","GR5836",2023-09-16,18.810387,1.049225,3.933829,0.776722,392.109892,30.600838,30.591987,607.637824,29.102346,16.47897,19.736323,1280,3.963853,1.274797,3.99278,0.524,4,-0.149214,524,119.422,-3.209464,1.272051,412.299794,499.860705,4.719995,NA,NA
"LK2060","H000017723","Prevenar","LD1196",2024-09-30,20.665207,0.926485,-1.665693,0.677491,367.023754,30.277407,28.71424,616.321334,27.92291,18.095636,19.14601,1287,-1.674564,1.532444,3.488249,0.521,4,2.196688,521,119.074,-2.891721,1.309378,397.971673,562.443174,3.99952,-51.662166,5.2319767322
"HN7334","H000010932","Prevenar","HL5287",2024-01-31,17.156972,0.982033,1.650259,0.063171,373.689852,24.710675,25.008932,560.562228,24.760194,14.219715,16.848711,1351,1.659684,1.350481,0.452689,0.496,3,0.371432,496,118.981,-2.562732,1.328874,372.9425,504.66098,1.017951,NA,NA
"L30209A","H000006081","Prevenar","L33540",2015-06-23,20.360137,0.901406,-8.311238,-0.676418,342.065771,29.678688,28.271554,630.589123,26.588683,15.622846,18.352751,1381,-8.35939,1.572824,-3.618163,0.485,4,1.330968,485,119.043,-1.403434,1.270143,381.818948,538.009288,-3.021303,NA,NA
"AP9217","H000008135","Prevenar","AH4747",2019-03-05,17.08314,1.052924,3.121891,0.390615,413.214444,28.655843,28.936248,577.090362,29.221445,14.269301,17.987255,1292,3.134833,1.192254,2.156307,0.519,4,-0.5135,519,119.652,-1.412736,1.280131,405.216382,492.656504,2.560251,NA,5.0439595427
"HN7634","H000011044","Prevenar","HL5291",2023-12-23,19.774892,1.01089,0.035593,-0.407619,336.988915,29.049735,29.632427,674.543647,27.534699,16.583414,19.990241,1361,0.035773,1.445647,-1.97007,0.492,4,-0.622967,492,119.064,-2.621986,1.385174,355.530989,487.166928,-1.457847,NA,5.0599785553
"M21959","H000008135","Prevenar","L94886",2015-09-03,19.576919,0.961023,-6.668061,-1.072639,362.250085,29.726748,29.406861,643.529043,27.923725,17.487614,18.81386,1409,-6.700101,1.364674,-5.62401,0.475,4,-0.30958,475,119.82,-2.454353,1.231937,385.640407,494.353314,-5.118907,NA,5.3
"N29008","H000006081","Prevenar","M35335",2016-07-28,19.851976,0.997139,-5.489168,-1.001652,349.861634,28.531135,28.411752,635.139514,28.654988,17.80812,19.795189,1404,-5.501525,1.366881,-5.083095,0.477,4,-0.944865,477,119.844,-1.647212,1.368887,348.349462,478.219129,-4.847057,NA,5.0824049966
"DW4269","H000010932","Prevenar","DH4021",2020-06-30,16.706225,1.100612,-0.180486,0.035067,351.975074,26.067776,25.987629,580.375729,24.457142,13.823722,18.387067,1309,-0.181422,1.321362,0.126035,0.512,4,-1.645774,512,118.01,-1.290083,1.36445,375.154524,465.086498,0.641695,NA,NA
"FD9112","H000019489","Prevenar","EP5303",2021-07-22,18.003667,1.07081,2.03445,0.225273,370.012274,26.849715,27.092916,598.176775,27.57132,15.750196,19.278513,1317,2.045026,1.283514,1.139238,0.509,4,-1.049573,509,118.23,-1.530815,1.411338,360.328202,474.915999,1.650514,NA,NA
"S51054","H000008135","Prevenar","R98657",2017-05-02,17.831326,1.068279,-0.374594,-0.598535,361.257507,28.470283,29.278642,662.477458,28.258018,14.782707,19.048825,1372,-0.377322,1.265251,-3.216631,0.488,4,-1.816034,488,118.94,-2.053657,1.341563,363.971145,457.081435,-2.47019,NA,5.2546434615
"FY2984","H000008135","Prevenar","FT3238",2022-04-27,17.980498,1.037754,-9.405302,-1.261489,333.815586,26.66432,25.965248,648.250238,26.747462,14.987274,18.659341,1427,-9.423481,1.354578,-6.801729,0.469,4,-1.940332,469,119.706,-3.182741,1.410103,332.777951,452.179303,-6.595705,NA,5.1437050642
"HN7734","H000013782","Prevenar","HL5290",2024-01-06,17.922652,0.974057,4.133895,0.022042,352.337761,25.675304,26.709351,563.962662,25.166809,14.896917,17.457682,1345,4.160325,1.449782,0.132927,0.498,4,0.487012,498,119.039,-2.278007,1.384423,359.456747,510.894297,0.767389,NA,5.0012943367
"HN7332","H000010932","Prevenar","HL5291",2024-01-12,19.774892,1.01089,0.035593,-0.407619,336.988915,29.049735,29.632427,674.543647,27.534699,16.583414,19.990241,1361,0.035773,1.445647,-1.97007,0.492,4,-0.622967,492,119.064,-2.621986,1.385174,355.530989,487.166928,-1.457847,NA,NA
"LX2593X","H000010932","Prevenar","LK2942",2025-01-27,20.685006,1.009626,13.202586,1.649652,350.294511,26.628136,28.059301,614.158325,27.572872,18.350087,20.884112,1231,13.249966,1.540535,7.875334,0.545,4,1.450545,545,118.494,-0.590061,1.610546,338.292294,539.640921,8.204761,-60.088144,NA
"AM5983","H000006081","Prevenar","X72415",2019-02-25,18.826001,1.001993,4.244333,0.006165,367.977649,27.657831,28.83379,622.081339,28.063916,15.57657,18.863515,1332,4.271554,1.365094,0.019743,0.503,4,-0.031349,503,119.404,-2.967931,1.387897,362.653011,502.323974,0.65687,NA,5.2100752791
"EL8876","H000010932","Prevenar","DN7212",2021-01-12,19.132775,0.9024,-2.852883,-0.221649,373.683436,26.934953,26.517749,580.210939,25.916302,16.713042,17.265412,1330,-2.869455,1.494239,-1.320523,0.504,4,1.645715,504,119.071,-1.732981,1.297406,388.371216,558.372229,-0.735368,NA,NA
"FA1611","H000010932","Prevenar","EF8589",2021-05-14,18.610689,1.012633,1.874448,0.460326,377.657204,26.512613,26.378595,609.337271,27.013038,15.402889,18.845796,1302,1.88311,1.346269,2.388597,0.515,4,0.225219,515,119.412,-1.449027,1.389008,370.660991,508.428181,2.83762,NA,NA
"HG8790","H000019489","Prevenar","HG6460",2023-09-24,16.236499,1.035493,-2.853245,-0.059713,340.711386,24.985877,24.347094,549.73465,23.923964,13.580441,16.812786,1389,-2.863213,1.364992,-0.306635,0.482,3,-0.636,482,118.068,-3.951626,1.353368,355.834534,465.068168,0.042561,NA,NA
"LX3398","H000013782","Prevenar","LK2943",2025-01-02,20.835515,0.983602,-2.562304,-0.184201,364.665354,30.502635,29.983084,665.808163,29.820673,18.599972,20.49386,1345,-2.572999,1.387171,-0.8697,0.498,4,0.157454,498,119.814,-2.688685,1.33392,373.004801,505.853371,-0.450392,-53.878952,5.4393932935
"LX2602","H000010932","Prevenar","LY2108",2025-05-11,18.791079,1.035236,3.26474,1.231599,353.629431,NA,NA,609.091523,NA,16.726455,19.453208,1249,3.285319,1.46728,6.317074,0.537,4,0.56947,537,119.149,-1.604777,1.473986,364.424521,518.873287,6.903913,-49.857614,4.7196555328
"R59734","H000011373","Prevenar","N16603",2016-11-18,16.996872,1.069755,-4.189768,-0.339704,370.502785,29.963219,29.250828,582.846281,26.87749,15.307747,18.182486,1356,-4.219081,1.24622,-1.841529,0.494,4,-1.525318,494,118.034,-1.565532,1.195857,413.039157,461.728147,-1.133941,NA,5.3312168002
"ER3844","H000019488","Prevenar","EG3845",2021-03-28,17.005251,1.047156,-2.441047,-0.758082,360.254793,25.196293,25.632266,588.585231,26.097174,14.302925,17.807159,1389,-2.453398,1.277691,-4.183702,0.482,4,-1.55999,482,119.829,-3.612091,1.349398,347.818707,460.294146,-3.659201,NA,NA
"FA1616","H000010932","Prevenar","EF8589",2021-06-08,18.610689,1.012633,1.874448,0.460326,377.657204,26.512613,26.378595,609.337271,27.013038,15.402889,18.845796,1302,1.88311,1.346269,2.388597,0.515,4,0.225219,515,119.412,-1.449027,1.389008,370.660991,508.428181,2.83762,NA,NA
"FG4136","H000019489","Prevenar","EP5303",2021-09-04,18.003667,1.07081,2.03445,0.225273,370.012274,26.849715,27.092916,598.176775,27.57132,15.750196,19.278513,1317,2.045026,1.283514,1.139238,0.509,4,-1.049573,509,118.23,-1.530815,1.411338,360.328202,474.915999,1.650514,NA,NA
"HF3770","H000011374","Prevenar","HA8571",2023-09-08,18.018809,1.021535,-3.101401,-0.559932,339.706123,25.905403,25.901245,605.358145,25.627132,15.268548,18.406838,1372,-3.11904,1.406253,-3.102991,0.488,4,-0.947961,488,119.33,-2.161694,1.421105,343.394805,477.712608,-2.519895,NA,4.8904720945
"M32477","H000008135","Prevenar","L59915",2015-10-01,20.298215,0.949437,3.650501,0.242705,371.397114,27.006603,27.636961,597.542786,28.003151,18.276441,19.271874,1317,3.668914,1.443242,1.334826,0.509,4,1.269046,509,119.888,-2.785782,1.42083,358.180199,536.015941,1.830001,NA,5.1780148823
"LJ1146","H000019489","Prevenar","LD1196",2024-10-12,20.665207,0.926485,-1.665693,0.677491,367.023754,30.277407,28.71424,616.321334,27.92291,18.095636,19.14601,1287,-1.674564,1.532444,3.488249,0.521,4,2.196688,521,119.074,-2.891721,1.309378,397.971673,562.443174,3.99952,-51.662166,NA
"LJ1088","H000013782","Prevenar","LD1196",2024-10-17,20.665207,0.926485,-1.665693,0.677491,367.023754,30.277407,28.71424,616.321334,27.92291,18.095636,19.14601,1287,-1.674564,1.532444,3.488249,0.521,4,2.196688,521,119.074,-2.891721,1.309378,397.971673,562.443174,3.99952,-51.662166,5.0534838443
"T82199","H000011373","Prevenar","T22157",2017-10-23,16.439411,1.042296,14.707379,1.362501,385.952485,26.092207,27.860597,535.669348,26.798227,13.508746,17.134732,1309,14.785892,1.27338,8.008425,0.512,4,0.667181,512,119.283,-2.023024,1.363152,375.784261,491.464236,8.4969,NA,5.173943232
"EL8863","H000010932","Prevenar","DN7212",2020-12-27,19.132775,0.9024,-2.852883,-0.221649,373.683436,26.934953,26.517749,580.210939,25.916302,16.713042,17.265412,1330,-2.869455,1.494239,-1.320523,0.504,4,1.645715,504,119.071,-1.732981,1.297406,388.371216,558.372229,-0.735368,NA,NA
"X37664","H000013782","Prevenar","W42955",2018-10-19,20.792107,0.869771,-8.195039,-0.906324,388.832228,30.836978,29.844767,630.991598,29.490606,17.497713,18.084366,1401,-8.22782,1.413499,-5.010219,0.478,4,1.801417,478,118.952,-1.519335,1.175742,406.584086,549.613933,-4.591851,NA,5.5084939997
"AJ6040","H000010932","Prevenar","W61772",2018-12-28,19.503624,1.006775,0.508504,-0.750038,327.723887,26.95625,28.107892,664.628537,26.519391,16.369608,19.635761,1386,0.5105,1.465122,-3.761764,0.483,4,-0.882175,483,117.924,-2.289038,1.451144,333.122546,480.155617,-3.356108,NA,NA
"GT1610","H000011373","Prevenar","GR5835",2023-05-26,17.724321,1.003027,-2.583446,0.47487,404.628349,27.937075,26.464596,579.954808,27.117819,15.510305,17.77797,1282,-2.592015,1.28973,2.678685,0.523,4,0.42122,523,119.834,-2.216217,1.255698,416.852575,521.861486,3.000427,NA,5.2254290172
"GG4396","H000013782","Prevenar","GD9435",2022-09-25,19.417985,1.001808,-4.307384,-0.481348,363.092738,27.85843,27.349329,670.206883,28.183617,17.286331,19.453093,1364,-4.333511,1.349519,-2.506055,0.491,4,-0.516456,491,118.98,-4.81288,1.36774,358.903314,490.000394,-1.888028,NA,5.3586919051
"LC5415","H000019252","Prevenar","HG6461",2024-05-11,18.343026,0.990715,5.215395,0.765187,371.307328,26.769196,27.061402,567.378866,25.561742,14.078713,18.172707,1287,5.238213,1.415701,4.146638,0.521,4,0.935506,521,119.214,-1.758127,1.339292,388.846681,525.659973,4.564171,NA,4.8471646055
"HN7331","H000010932","Prevenar","HL5291",2024-01-01,19.774892,1.01089,0.035593,-0.407619,336.988915,29.049735,29.632427,674.543647,27.534699,16.583414,19.990241,1361,0.035773,1.445647,-1.97007,0.492,4,-0.622967,492,119.064,-2.621986,1.385174,355.530989,487.166928,-1.457847,NA,NA
"M97252","H000008135","Prevenar","L59912",2016-03-01,17.004213,1.13025,7.71698,1.277864,369.899587,27.765772,28.062293,577.616112,25.985793,14.956015,19.219015,1227,7.7789,1.308202,6.710963,0.547,4,-0.936937,547,119.523,-1.064818,1.383808,395.237031,483.903473,7.453539,NA,5.0433023649
"GR3695","H000019489","Prevenar","GG0386",2023-01-30,19.12153,0.93333,-6.239369,-0.359501,370.132271,27.286494,26.146152,595.497723,26.68979,16.903737,17.846699,1359,-6.27894,1.427572,-2.099794,0.493,4,0.915331,493,118.077,-3.48719,1.303259,378.407317,528.390573,-1.456344,NA,NA
"HN7746","H000017723","Prevenar","HL5291",2023-12-12,19.774892,1.01089,0.035593,-0.407619,336.988915,29.049735,29.632427,674.543647,27.534699,16.583414,19.990241,1361,0.035773,1.445647,-1.97007,0.492,4,-0.622967,492,119.064,-2.621986,1.385174,355.530989,487.166928,-1.457847,NA,4.9521341555
"L36865","H000008135","Prevenar","J73075",2015-01-20,18.30182,1.046531,2.276173,-0.190687,356.421276,27.460525,28.372826,628.257476,26.850504,16.174258,19.153414,1348,2.285208,1.332528,-1.037019,0.497,4,-1.042281,497,118.983,-2.215351,1.363552,364.518865,474.941204,-0.637542,NA,5.2897612611
"N90841","H000008135","Prevenar","L94887",2016-06-19,17.776807,1.064414,-1.799968,-0.16093,375.507305,27.861689,27.611793,620.40985,27.729891,15.262212,18.92188,1340,-1.814082,1.25013,-0.917168,0.5,4,-1.306002,500,119.888,-0.890153,1.324361,377.292063,469.433017,-0.131992,NA,4.9296240538
"S26389","H000008135","Prevenar","N43436",2017-03-08,18.438769,0.988155,-1.284789,-0.41071,337.479441,28.33287,28.605165,591.982654,25.4169,16.472385,18.220359,1364,-1.290121,1.472317,-2.251176,0.491,4,-0.1923,491,118.838,-2.764341,1.305144,376.19699,496.876752,-1.828622,NA,5.0501623428
"EL8879","H000010932","Prevenar","DN7212",2021-01-26,19.132775,0.9024,-2.852883,-0.221649,373.683436,26.934953,26.517749,580.210939,25.916302,16.713042,17.265412,1330,-2.869455,1.494239,-1.320523,0.504,4,1.645715,504,119.071,-1.732981,1.297406,388.371216,558.372229,-0.735368,NA,NA
"EL8858","H000010932","Prevenar","DH4020",2021-03-17,18.067163,0.980341,-0.562233,-1.38623,362.791783,26.013027,27.924194,605.481783,26.570852,15.983291,17.71198,1433,-0.565349,1.313555,-7.91231,0.467,4,-1.031047,467,118.984,-3.632328,1.315346,355.175372,476.546948,-7.317556,NA,NA
"FY2981","H000006081","Prevenar","EP5310",2022-04-16,18.87129,0.997386,-5.767903,-1.002331,342.302624,27.417416,27.298564,617.164527,26.495285,16.999167,18.821958,1407,-5.786869,1.395026,-5.353379,0.476,4,-0.952999,476,117.74,-2.193023,1.344583,354.215972,477.521099,-5.008092,NA,5.3077215382
"EW0928","H000010932","Prevenar","EF8589",2021-05-04,18.610689,1.012633,1.874448,0.460326,377.657204,26.512613,26.378595,609.337271,27.013038,15.402889,18.845796,1302,1.88311,1.346269,2.388597,0.515,4,0.225219,515,119.412,-1.449027,1.389008,370.660991,508.428181,2.83762,NA,NA
"LX3400","H000013782","Prevenar","LK2942",2025-01-29,20.685006,1.009626,13.202586,1.649652,350.294511,26.628136,28.059301,614.158325,27.572872,18.350087,20.884112,1231,13.249966,1.540535,7.875334,0.545,4,1.450545,545,118.494,-0.590061,1.610546,338.292294,539.640921,8.204761,-60.088144,4.9353609428
"AK8998","H000008135","Prevenar","X72415",2019-01-13,18.826001,1.001993,4.244333,0.006165,367.977649,27.657831,28.83379,622.081339,28.063916,15.57657,18.863515,1332,4.271554,1.365094,0.019743,0.503,4,-0.031349,503,119.404,-2.967931,1.387897,362.653011,502.323974,0.65687,NA,5.4802268802
"L30174","H000008135","Prevenar","L33539",2015-06-02,17.445741,1.071753,-3.231932,-0.229061,357.557571,28.220929,27.671601,622.468713,26.666919,15.249128,18.697529,1351,-3.247876,1.29525,-1.301346,0.496,4,-1.480849,496,119.46,-0.862502,1.311746,378.39418,463.126267,-0.804046,NA,4.8716016924
"HM1398","H000010932","Prevenar","HG6460",2023-10-03,16.236499,1.035493,-2.853245,-0.059713,340.711386,24.985877,24.347094,549.73465,23.923964,13.580441,16.812786,1389,-2.863213,1.364992,-0.306635,0.482,3,-0.636,482,118.068,-3.951626,1.353368,355.834534,465.068168,0.042561,NA,NA
"HM8832","H000032244","Prevenar","HG6461",2023-10-21,18.343026,0.990715,5.215395,0.765187,371.307328,26.769196,27.061402,567.378866,25.561742,14.078713,18.172707,1287,5.238213,1.415701,4.146638,0.521,4,0.935506,521,119.214,-1.758127,1.339292,388.846681,525.659973,4.564171,NA,NA
"M02672","H000008135","Prevenar","L33540",2015-07-09,20.360137,0.901406,-8.311238,-0.676418,342.065771,29.678688,28.271554,630.589123,26.588683,15.622846,18.352751,1381,-8.35939,1.572824,-3.618163,0.485,4,1.330968,485,119.043,-1.403434,1.270143,381.818948,538.009288,-3.021303,NA,5.1352817626
"L30165","H000008135","Prevenar","L33539",2015-05-27,17.445741,1.071753,-3.231932,-0.229061,357.557571,28.220929,27.671601,622.468713,26.666919,15.249128,18.697529,1351,-3.247876,1.29525,-1.301346,0.496,4,-1.480849,496,119.46,-0.862502,1.311746,378.39418,463.126267,-0.804046,NA,4.7648014427
"M56322","H000008135","Prevenar","L59788",2015-11-06,19.596325,1.012387,18.425024,0.646995,382.649165,29.312729,33.795638,628.348091,29.373982,17.15577,19.839074,1292,18.501057,1.339144,3.207669,0.519,4,0.404246,519,119.762,-0.409544,1.358566,381.851234,512.422516,3.605455,NA,4.8660616685
"NM6371","H000010932","Prevenar","ME2370",2026-01-15,18.496324,1.052872,-4.759379,-0.608025,335.224494,NA,NA,636.584801,NA,16.339706,19.474265,1375,-4.778655,1.379295,-3.055045,0.487,4,-1.585967,487,119.741,-4.984137,1.417507,343.433907,462.373335,-2.639345,-69.276059,4.9441809267
"GF1171","H000017723","Prevenar","FH7120",2022-07-05,14.838879,1.000803,-5.092891,-0.784237,296.422546,21.724863,21.773128,490.255928,21.788034,12.429087,14.850793,1630,-5.113478,1.380829,-5.335641,0.41,3,-0.796151,410,117.368,-1.739624,1.385956,295.563113,409.308932,-4.911557,NA,5.2449241146
"GK7451","H000006081","Prevenar","GD9435",2022-10-28,19.417985,1.001808,-4.307384,-0.481348,363.092738,27.85843,27.349329,670.206883,28.183617,17.286331,19.453093,1364,-4.333511,1.349519,-2.506055,0.491,4,-0.516456,491,118.98,-4.81288,1.36774,358.903314,490.000394,-1.888028,NA,5.2756482045
"GX9418","H000010932","Prevenar","GP0922",2023-03-23,18.093953,1.031022,0.494401,0.585568,391.112455,26.233836,25.546638,577.129486,26.521696,15.636671,18.655258,1275,0.497592,1.303259,3.117105,0.526,4,0.024262,526,119.585,-2.903731,1.358433,386.86742,509.720934,3.738439,NA,NA
"M97105","H000006081","Prevenar","M35334",2016-07-11,17.722832,1.008909,-7.667529,-0.435157,356.061805,24.955704,23.636765,575.890918,25.381535,15.505829,17.880733,1353,-7.699447,1.377842,-2.414329,0.495,4,-0.593057,495,119.031,-2.027522,1.413838,350.088082,490.596844,-1.989767,NA,5.0308686643
"AW6506","H000008135","Prevenar","AG6840",2019-04-25,17.037718,1.00587,1.440862,0.647004,308.441268,24.06569,23.492744,512.714681,22.716311,14.328978,17.137725,1424,1.448076,1.514868,3.828834,0.47,4,0.546998,470,119.954,-1.994431,1.438322,326.763093,467.247937,4.30795,NA,NA
"GD0307","H000011373","Prevenar","GA0097",2022-07-12,19.321305,1.048493,1.288849,-0.286631,355.556792,26.856624,27.573235,633.737874,27.222859,17.470091,20.258258,1351,1.295405,1.329206,-1.372881,0.496,4,-1.223585,496,119.734,-1.392354,1.412668,350.773401,472.608187,-0.859826,NA,4.8182641738
"LX3439","H000033648","Prevenar","LK2943",2025-01-07,20.835515,0.983602,-2.562304,-0.184201,364.665354,30.502635,29.983084,665.808163,29.820673,18.599972,20.49386,1345,-2.572999,1.387171,-0.8697,0.498,4,0.157454,498,119.814,-2.688685,1.33392,373.004801,505.853371,-0.450392,-53.878952,NA
"N73146","H000010932","Prevenar","N16603",2016-11-02,16.996872,1.069755,-4.189768,-0.339704,370.502785,29.963219,29.250828,582.846281,26.87749,15.307747,18.182486,1356,-4.219081,1.24622,-1.841529,0.494,4,-1.525318,494,118.034,-1.565532,1.195857,413.039157,461.728147,-1.133941,NA,NA
"X06516","H000006081","Prevenar","W42955",2018-06-27,20.792107,0.869771,-8.195039,-0.906324,388.832228,30.836978,29.844767,630.991598,29.490606,17.497713,18.084366,1401,-8.22782,1.413499,-5.010219,0.478,4,1.801417,478,118.952,-1.519335,1.175742,406.584086,549.613933,-4.591851,NA,5.6405606588
"HG4914","H000011044","Prevenar","HH5428",2023-11-01,16.694672,1.0805,-0.623241,-0.44122,367.915691,26.843584,27.312532,579.582254,26.39035,13.932842,18.038591,1345,-0.625146,1.252698,-2.372111,0.498,4,-1.785139,498,119.234,-2.441053,1.330687,374.234351,460.887353,-2.060189,NA,5.3349914022
"MG4207","H000031244","Prevenar","LY2109",2025-06-04,17.055534,1.093927,2.466398,-0.440641,385.643768,29.233908,30.655689,599.145805,29.158069,15.395361,18.65751,1367,2.476789,1.162598,-2.386676,0.49,4,-2.042617,490,118.557,-2.237797,1.268498,386.646812,448.348757,-1.957146,-65.54847,NA
"W11604","H000010932","Prevenar","T61733",2018-02-13,17.568743,1.051394,0.451086,0.218563,355.682042,28.761015,28.559454,602.184456,25.800204,14.352653,18.471674,1322,0.452092,1.355681,1.152905,0.507,4,-0.684368,507,119.39,-2.349659,1.278621,396.499823,482.191308,1.372832,NA,NA
"ED8342","H000010932","Prevenar","DX8198",2020-10-31,16.959903,1.043518,0.776715,0.197639,369.058597,26.195233,26.097896,557.7369,25.480792,12.907126,17.69796,1330,0.791846,1.308638,1.163429,0.504,4,-0.540417,504,118.549,-2.180844,1.328342,379.406416,482.964109,3.052086,NA,NA
"S26213","H000008135","Prevenar","R25788",2017-02-11,16.570629,1.099216,2.239387,0.582964,342.592347,27.068343,26.803651,549.863784,25.548511,14.739518,18.214704,1340,2.246664,1.327529,3.22453,0.5,4,-1.061111,500,119.94,-1.993337,1.377308,362.972509,454.801211,3.537976,NA,4.9350375279
"T30273","H000008135","Prevenar","S63641",2017-08-09,19.717224,0.977796,17.685776,2.14249,332.856871,24.971946,26.634326,531.033098,24.943893,15.561266,19.279421,1275,17.764289,1.617071,11.107299,0.526,4,2.580294,526,119.295,0.102809,1.579389,333.231208,538.253146,11.500182,NA,4.4867086058
"CL3197","H000013782","Prevenar","AH4748",2019-07-19,16.585268,1.040163,12.877446,0.53121,375.520845,24.907691,27.347801,536.690701,26.413623,13.490931,17.25138,1375,12.931716,1.247922,3.135103,0.487,4,-0.134901,487,118.672,-1.048891,1.376522,354.111096,468.620696,3.541606,NA,5.3525900707
"NM6372","H000010932","Prevenar","ME2370",2026-05-14,18.496324,1.052872,-4.759379,-0.608025,335.224494,NA,NA,636.584801,NA,16.339706,19.474265,1375,-4.778655,1.379295,-3.055045,0.487,4,-1.585967,487,119.741,-4.984137,1.417507,343.433907,462.373335,-2.639345,-69.276059,4.8589386792
"CD4420","H000019488","Prevenar","AH4747",2019-05-08,17.08314,1.052924,3.121891,0.390615,413.214444,28.655843,28.936248,577.090362,29.221445,14.269301,17.987255,1292,3.134833,1.192254,2.156307,0.519,4,-0.5135,519,119.652,-1.412736,1.280131,405.216382,492.656504,2.560251,NA,NA
"AW6845","H000006081","Prevenar","AH4748",2019-05-12,16.585268,1.040163,12.877446,0.53121,375.520845,24.907691,27.347801,536.690701,26.413623,13.490931,17.25138,1375,12.931716,1.247922,3.135103,0.487,4,-0.134901,487,118.672,-1.048891,1.376522,354.111096,468.620696,3.541606,NA,5.1131816831
"FJ5974","H000011044","Prevenar","EF8589",2021-09-20,18.610689,1.012633,1.874448,0.460326,377.657204,26.512613,26.378595,609.337271,27.013038,15.402889,18.845796,1302,1.88311,1.346269,2.388597,0.515,4,0.225219,515,119.412,-1.449027,1.389008,370.660991,508.428181,2.83762,NA,5.1594734487
"ED8337","H000010932","Prevenar","DX8198",2020-10-10,16.959903,1.043518,0.776715,0.197639,369.058597,26.195233,26.097896,557.7369,25.480792,12.907126,17.69796,1330,0.791846,1.308638,1.163429,0.504,4,-0.540417,504,118.549,-2.180844,1.328342,379.406416,482.964109,3.052086,NA,NA
"GN0389","H000019489","Prevenar","GG0386",2022-11-17,19.12153,0.93333,-6.239369,-0.359501,370.132271,27.286494,26.146152,595.497723,26.68979,16.903737,17.846699,1359,-6.27894,1.427572,-2.099794,0.493,4,0.915331,493,118.077,-3.48719,1.303259,378.407317,528.390573,-1.456344,NA,NA
"GT1593","H000010932","Prevenar","GK0512",2023-04-07,17.74972,1.031201,-2.938898,-0.465119,344.980293,28.696445,28.564873,593.802696,25.881232,15.751218,18.303521,1361,-2.965591,1.383093,-2.507094,0.492,4,-1.018921,492,118.682,-3.659588,1.254822,382.505285,477.139799,-1.584436,NA,NA
"CJ4096","H000019489","Prevenar","AH4747",2019-08-18,17.08314,1.052924,3.121891,0.390615,413.214444,28.655843,28.936248,577.090362,29.221445,14.269301,17.987255,1292,3.134833,1.192254,2.156307,0.519,4,-0.5135,519,119.652,-1.412736,1.280131,405.216382,492.656504,2.560251,NA,NA
"AW6843","H000008090","Prevenar","AR4754",2019-07-30,17.388345,1.096412,-3.376494,1.193353,389.364579,31.915912,28.835236,559.972947,28.9709,14.427407,19.064782,1277,-3.388493,1.230864,6.263984,0.525,4,-0.483085,525,117.882,0.828694,1.225006,428.94511,479.254812,6.595933,NA,4.7744225369
"GE6476","H000017723","Prevenar","FT3238",2022-06-24,17.980498,1.037754,-9.405302,-1.261489,333.815586,26.66432,25.965248,648.250238,26.747462,14.987274,18.659341,1427,-9.423481,1.354578,-6.801729,0.469,4,-1.940332,469,119.706,-3.182741,1.410103,332.777951,452.179303,-6.595705,NA,5.046712466
"N31254","H000008135","Prevenar","L59930",2016-04-20,18.316421,0.978395,-2.756181,0.001753,385.823876,27.012273,26.273941,565.241755,27.65293,16.163281,17.920692,1348,-2.766396,1.317186,-0.033075,0.497,4,0.397481,497,119.029,-3.455676,1.319293,376.885192,508.201693,0.336308,NA,5.3136623913
"GH5586","H000010932","Prevenar","GA5078",2022-09-14,19.972257,1.029314,1.626797,-0.295756,358.299897,28.58446,29.473565,613.233838,28.290834,18.020164,20.557723,1353,1.63309,1.341671,-1.477358,0.495,4,-0.881222,495,118.229,-2.675684,1.366815,362.018642,480.720679,-1.086348,NA,NA
"HN7641","H000011044","Prevenar","HT4767",2024-04-07,19.523476,1.102429,5.968319,0.222911,359.524327,32.732479,34.37305,684.192348,31.274615,15.768571,21.52324,1314,6.019953,1.285645,1.007894,0.51,4,-1.776853,510,118.494,NA,1.354206,376.283534,462.22073,1.856965,NA,4.8883439117
"M97101","H000006081","Prevenar","L59915",2016-04-26,20.298215,0.949437,3.650501,0.242705,371.397114,27.006603,27.636961,597.542786,28.003151,18.276441,19.271874,1317,3.668914,1.443242,1.334826,0.509,4,1.269046,509,119.888,-2.785782,1.42083,358.180199,536.015941,1.830001,NA,4.7849291456
"M21975","H000006081","Prevenar","L78967",2015-08-30,17.319033,1.066072,17.696925,0.776576,374.48448,24.840943,28.196469,585.758632,26.435622,15.058753,18.463336,1280,17.753487,1.31153,4.245442,0.524,4,-0.367727,524,117.122,-2.172565,1.487943,351.894411,491.147654,4.550511,NA,5.2001594701
"EA9689","H000010932","Prevenar","DN7212",2020-08-15,19.132775,0.9024,-2.852883,-0.221649,373.683436,26.934953,26.517749,580.210939,25.916302,16.713042,17.265412,1330,-2.869455,1.494239,-1.320523,0.504,4,1.645715,504,119.071,-1.732981,1.297406,388.371216,558.372229,-0.735368,NA,NA
"MG0842","H000035016","Prevenar","LY2106",2025-05-12,17.659421,1.054283,3.304701,0.295935,361.069948,27.233595,27.706506,606.082369,27.147428,15.334365,18.618035,1317,3.312574,1.337843,1.576074,0.509,4,-0.662679,509,119.4,-2.338126,1.406003,362.215992,483.054942,1.81002,-53.193511,NA
"N90926","H000008135","Prevenar","M93304",2016-08-25,15.566474,1.004241,-10.509448,-1.098564,383.358337,25.683277,24.750363,566.540824,26.16688,11.289914,15.632487,1436,-10.573061,1.211233,-6.940684,0.466,3,-1.164577,466,118.273,-3.065531,1.239273,376.273304,464.336334,-6.29727,NA,5.6416988397
"GR2982","H000008135","Prevenar","GK0513",2023-02-12,17.027187,1.081808,-0.065193,0.50252,358.828926,28.050391,27.27733,607.233361,26.187475,14.993952,18.420139,1299,-0.065443,1.329207,2.690532,0.516,4,-0.890433,516,118.909,-4.516837,1.342447,384.35518,476.95778,3.062753,NA,5.1665800912
"GT1714","H000028394","Prevenar","GP0922",2023-04-04,18.093953,1.031022,0.494401,0.585568,391.112455,26.233836,25.546638,577.129486,26.521696,15.636671,18.655258,1275,0.497592,1.303259,3.117105,0.526,4,0.024262,526,119.585,-2.903731,1.358433,386.86742,509.720934,3.738439,NA,NA
"DN3838","H000010932","Prevenar","DH4021",2020-05-20,16.706225,1.100612,-0.180486,0.035067,351.975074,26.067776,25.987629,580.375729,24.457142,13.823722,18.387067,1309,-0.181422,1.321362,0.126035,0.512,4,-1.645774,512,118.01,-1.290083,1.36445,375.154524,465.086498,0.641695,NA,NA
"EL8871","H000010932","Prevenar","DN7212",2021-01-02,19.132775,0.9024,-2.852883,-0.221649,373.683436,26.934953,26.517749,580.210939,25.916302,16.713042,17.265412,1330,-2.869455,1.494239,-1.320523,0.504,4,1.645715,504,119.071,-1.732981,1.297406,388.371216,558.372229,-0.735368,NA,NA
"MC2205","H000031244","Prevenar","LY2103",2025-05-23,18.529559,1.032996,-3.045181,-0.419925,378.407535,29.71531,29.441254,646.66405,28.776721,16.237904,19.140965,1361,-3.063024,1.258949,-2.140751,0.492,4,-1.031331,492,118.909,-1.520066,1.259413,390.749782,476.395973,-1.545747,-61.852418,NA
"GR3511","H000010932","Prevenar","GK0513",2023-01-18,17.027187,1.081808,-0.065193,0.50252,358.828926,28.050391,27.27733,607.233361,26.187475,14.993952,18.420139,1299,-0.065443,1.329207,2.690532,0.516,4,-0.890433,516,118.909,-4.516837,1.342447,384.35518,476.95778,3.062753,NA,NA
"HP2980","H000029483","Prevenar","HA8572",NA,18.401918,0.941752,-1.438637,-0.271385,349.377693,24.843311,24.872629,567.979638,24.171102,15.390137,17.330046,1361,-1.444357,1.495317,-1.562368,0.492,4,0.800487,492,119.238,-2.184859,1.370115,359.094049,522.430452,-1.160136,NA,NA
"LX3429","H000031244","Prevenar","LK2943",2024-12-04,20.835515,0.983602,-2.562304,-0.184201,364.665354,30.502635,29.983084,665.808163,29.820673,18.599972,20.49386,1345,-2.572999,1.387171,-0.8697,0.498,4,0.157454,498,119.814,-2.688685,1.33392,373.004801,505.853371,-0.450392,-53.878952,NA
"HG8781","H000019489","Prevenar","GY0027",2023-07-23,19.365484,1.01153,4.800025,0.965379,393.609437,31.995068,31.976006,613.326468,30.92204,16.693622,19.588759,1270,4.817978,1.325835,4.877553,0.528,4,0.742104,528,118.167,-6.596356,1.296144,407.268104,521.861162,5.231987,NA,NA
"M97106","H000006081","Prevenar","M35334",2016-07-15,17.722832,1.008909,-7.667529,-0.435157,356.061805,24.955704,23.636765,575.890918,25.381535,15.505829,17.880733,1353,-7.699447,1.377842,-2.414329,0.495,4,-0.593057,495,119.031,-2.027522,1.413838,350.088082,490.596844,-1.989767,NA,5.1712799725
"S69940","H000011373","Prevenar","N43436",2017-04-28,18.438769,0.988155,-1.284789,-0.41071,337.479441,28.33287,28.605165,591.982654,25.4169,16.472385,18.220359,1364,-1.290121,1.472317,-2.251176,0.491,4,-0.1923,491,118.838,-2.764341,1.305144,376.19699,496.876752,-1.828622,NA,5.2656924291
"AM6028","H000010932","Prevenar","AK9658",2019-03-11,18.26853,0.954355,-2.730138,-0.741734,327.977849,25.465094,25.864172,565.300159,24.301752,15.173552,17.434656,1404,-2.742647,1.525147,-4.309803,0.477,4,0.092141,477,119.519,-3.149781,1.389037,343.678381,500.214539,-3.834046,NA,NA
"LE0995","H000013782","Prevenar","LD1195",2024-08-17,19.769274,1.058389,0.700234,1.108375,348.428935,30.114781,28.746341,629.339964,27.181944,17.558871,20.923586,1268,0.701972,1.434992,5.246053,0.529,4,-0.045936,529,118.212,-1.256065,1.370868,386.023198,499.992601,5.480633,-52.461811,4.9061020608
"CJ4095","H000019489","Prevenar","AK9659",2019-06-20,17.032278,1.049476,2.835153,0.47946,384.724915,27.292975,27.35329,548.336477,27.299287,14.429517,17.87497,1353,2.843559,1.226304,2.622567,0.495,4,-0.363232,495,118.638,-0.585898,1.287275,384.635966,471.789716,2.910458,NA,NA
"GW4593","H000013782","Prevenar","GR5836",2023-04-29,18.810387,1.049225,3.933829,0.776722,392.109892,30.600838,30.591987,607.637824,29.102346,16.47897,19.736323,1280,3.963853,1.274797,3.99278,0.524,4,-0.149214,524,119.422,-3.209464,1.272051,412.299794,499.860705,4.719995,NA,4.9864808023
"HT5057","H000010932","Prevenar","HG6460",2024-05-02,16.236499,1.035493,-2.853245,-0.059713,340.711386,24.985877,24.347094,549.73465,23.923964,13.580441,16.812786,1389,-2.863213,1.364992,-0.306635,0.482,3,-0.636,482,118.068,-3.951626,1.353368,355.834534,465.068168,0.042561,NA,5.0852765957
"LC5390","H000019489","Prevenar","HL6218",2024-06-08,18.212819,1.058744,3.963303,0.538439,356.015082,27.548572,27.88636,593.178763,26.820536,15.32247,19.282719,1294,3.989182,1.373437,2.763027,0.518,4,-0.531461,518,118.826,-1.411599,1.41569,365.679017,488.964397,3.393826,NA,NA
"L95556","H000006081","Prevenar","L33539",2015-05-28,17.445741,1.071753,-3.231932,-0.229061,357.557571,28.220929,27.671601,622.468713,26.666919,15.249128,18.697529,1351,-3.247876,1.29525,-1.301346,0.496,4,-1.480849,496,119.46,-0.862502,1.311746,378.39418,463.126267,-0.804046,NA,5.0431293661
"M02673","H000008135","Prevenar","L33541",2015-07-16,17.267683,0.972576,-3.165191,-1.784303,355.815166,26.090673,28.015668,587.66816,27.032054,14.582479,16.794127,1471,-3.184066,1.314014,-10.562166,0.455,4,-1.310748,455,118.053,-4.264584,1.324089,343.424039,467.546267,-9.906759,NA,5.7335437158
"LJ0993","H000010932","Prevenar","LD1193",2024-07-21,21.197904,1.013991,8.980951,1.72563,360.838749,28.77814,29.052665,629.800389,27.25559,18.868134,21.49448,1231,9.011376,1.490811,8.057441,0.545,4,1.429054,545,118.359,-0.504125,1.431691,380.995904,537.942266,8.367859,-56.842612,4.6197566244
"LL4096","H000010932","Prevenar","LH1892",2024-11-03,19.248219,1.04863,-2.17119,-0.857726,343.856837,27.40603,27.979584,689.166779,28.066443,16.623073,20.184255,1389,-2.18198,1.336741,-4.274784,0.482,4,-1.793762,482,118.206,-1.299376,1.435525,335.76576,459.647466,-3.759132,-61.464423,NA
"LX1726","H000013782","Prevenar","LH1892",2024-11-03,19.248219,1.04863,-2.17119,-0.857726,343.856837,27.40603,27.979584,689.166779,28.066443,16.623073,20.184255,1389,-2.18198,1.336741,-4.274784,0.482,4,-1.793762,482,118.206,-1.299376,1.435525,335.76576,459.647466,-3.759132,-61.464423,4.8866044341
"MG4665","H000035016","Prevenar","ME2368",2025-10-08,16.313821,1.074483,-3.922859,-0.800719,358.483824,NA,NA,615.732758,NA,14.47889,17.52892,1392,-3.946972,1.248752,-4.522717,0.481,4,-2.015818,481,119.64,-4.679331,1.262777,380.906461,447.657236,-3.884163,-69.639377,NA
"ED8338","H000010932","Prevenar","DX8198",2020-10-17,16.959903,1.043518,0.776715,0.197639,369.058597,26.195233,26.097896,557.7369,25.480792,12.907126,17.69796,1330,0.791846,1.308638,1.163429,0.504,4,-0.540417,504,118.549,-2.180844,1.328342,379.406416,482.964109,3.052086,NA,NA
"FA1609","H000010932","Prevenar","EF8589",2021-05-08,18.610689,1.012633,1.874448,0.460326,377.657204,26.512613,26.378595,609.337271,27.013038,15.402889,18.845796,1302,1.88311,1.346269,2.388597,0.515,4,0.225219,515,119.412,-1.449027,1.389008,370.660991,508.428181,2.83762,NA,NA
"GX2797","H000010932","Prevenar","GR5838",2023-08-24,18.01501,1.17802,8.988677,2.174185,375.497749,29.696573,29.341049,627.089378,28.830719,15.760423,21.222034,1199,9.034973,1.265859,10.232161,0.56,4,-1.032839,560,118.337,-0.635813,1.447728,386.77483,475.327149,10.692141,NA,NA
"M56333","H000006081","Prevenar","L59792",2015-11-20,18.192198,1.036647,1.523296,-0.337661,361.227008,26.459809,27.320735,632.56698,27.032358,16.364143,18.85888,1356,1.532981,1.319746,-1.720734,0.494,4,-1.004343,494,118.709,-2.180284,1.397714,353.576168,476.727958,-1.078118,NA,5.1893958392
"T63423","H000010932","Prevenar","S85345",2017-09-12,17.905945,1.003326,1.771031,-0.178311,312.614987,52.814965,54.28782,603.096552,46.476806,14.503816,17.965499,1345,1.779927,1.586334,-1.008782,0.498,4,-0.237865,498,119.644,-1.142885,1.400606,355.247081,495.911792,-0.503936,NA,NA
"LJ1019","H000011374","Prevenar","LD1196",2024-09-29,20.665207,0.926485,-1.665693,0.677491,367.023754,30.277407,28.71424,616.321334,27.92291,18.095636,19.14601,1287,-1.674564,1.532444,3.488249,0.521,4,2.196688,521,119.074,-2.891721,1.309378,397.971673,562.443174,3.99952,-51.662166,5.0131112585
"LX3447","H000035016","Prevenar","LK2943",2025-01-04,20.835515,0.983602,-2.562304,-0.184201,364.665354,30.502635,29.983084,665.808163,29.820673,18.599972,20.49386,1345,-2.572999,1.387171,-0.8697,0.498,4,0.157454,498,119.814,-2.688685,1.33392,373.004801,505.853371,-0.450392,-53.878952,NA
"MC1716","H000035016","Prevenar","LK2943",2025-01-13,20.835515,0.983602,-2.562304,-0.184201,364.665354,30.502635,29.983084,665.808163,29.820673,18.599972,20.49386,1345,-2.572999,1.387171,-0.8697,0.498,4,0.157454,498,119.814,-2.688685,1.33392,373.004801,505.853371,-0.450392,-53.878952,NA
"DA1903","H000010932","Prevenar","CM4656",2019-12-23,15.966676,0.882429,4.804669,1.060683,373.995763,25.342144,24.981622,530.281292,24.810482,13.739319,16.841333,1348,4.825704,1.260057,6.248323,0.497,4,0.186026,497,119.329,-2.483699,1.3012,382.010091,471.25588,6.656973,NA,4.7855579643
"FP0882","H000013782","Prevenar","FH2522",2021-12-09,18.815339,1.019628,0.724636,0.03289,359.069978,27.569253,27.727349,587.103926,26.805297,15.863962,19.18465,1332,0.727297,1.372994,0.153844,0.503,4,-0.336421,503,119.167,-2.083127,1.36115,369.303538,493.000782,0.519132,NA,5.1757374594
"HN7776","H000019489","Prevenar","HL6220",2024-01-29,19.452601,1.02103,4.258631,0.638059,379.352015,29.56412,29.87894,633.014768,30.386803,15.972151,19.86169,1294,4.275158,1.338521,3.210286,0.518,4,0.22897,518,118.377,-1.684586,1.404701,369.081552,507.770783,3.584467,NA,NA
"LL4097","H000010932","Prevenar","LH1892",2024-11-09,19.248219,1.04863,-2.17119,-0.857726,343.856837,27.40603,27.979584,689.166779,28.066443,16.623073,20.184255,1389,-2.18198,1.336741,-4.274784,0.482,4,-1.793762,482,118.206,-1.299376,1.435525,335.76576,459.647466,-3.759132,-61.464423,NA
"LX2598","H000010932","Prevenar","LK3087",2025-02-10,19.271123,1.100494,6.975773,1.363979,382.137205,30.020006,30.188993,618.94405,29.511432,17.374482,21.207748,1251,7.002901,1.275617,6.439984,0.536,4,-0.572646,536,118.38,-0.867317,1.380026,388.722619,487.460582,6.802419,-57.626503,4.8492512573
"R59717","H000008135","Prevenar","N16602",2016-10-26,17.505564,0.99436,2.275267,0.543706,341.633382,26.661475,26.453539,519.176877,24.952036,15.907247,17.406837,1404,2.31059,1.404246,3.090501,0.477,4,0.642433,477,118.8,-3.92443,1.306799,365.03835,479.737248,4.572001,NA,5.2118228423
"S51058","H000008135","Prevenar","N43436",2017-05-09,18.438769,0.988155,-1.284789,-0.41071,337.479441,28.33287,28.605165,591.982654,25.4169,16.472385,18.220359,1364,-1.290121,1.472317,-2.251176,0.491,4,-0.1923,491,118.838,-2.764341,1.305144,376.19699,496.876752,-1.828622,NA,5.3579872277
"AP9875","H000013782","Prevenar","AH4747",2019-03-04,17.08314,1.052924,3.121891,0.390615,413.214444,28.655843,28.936248,577.090362,29.221445,14.269301,17.987255,1292,3.134833,1.192254,2.156307,0.519,4,-0.5135,519,119.652,-1.412736,1.280131,405.216382,492.656504,2.560251,NA,5.110962935
"CM3336","H000010932","Prevenar","AR4750",2019-08-10,16.762178,1.082567,3.1316,-0.54368,369.619205,27.64336,29.346835,585.122014,27.126234,14.008392,18.14618,1375,3.144737,1.218297,-3.017591,0.487,4,-1.927681,487,118.472,-2.877822,1.294215,376.665519,450.305837,-2.587237,NA,NA
"GW4599","H000028394","Prevenar","GP0922",2023-04-08,18.093953,1.031022,0.494401,0.585568,391.112455,26.233836,25.546638,577.129486,26.521696,15.636671,18.655258,1275,0.497592,1.303259,3.117105,0.526,4,0.024262,526,119.585,-2.903731,1.358433,386.86742,509.720934,3.738439,NA,NA
"LE0999","H000017723","Prevenar","LD1196",2024-10-03,20.665207,0.926485,-1.665693,0.677491,367.023754,30.277407,28.71424,616.321334,27.92291,18.095636,19.14601,1287,-1.674564,1.532444,3.488249,0.521,4,2.196688,521,119.074,-2.891721,1.309378,397.971673,562.443174,3.99952,-51.662166,5.0551729767
"W11603","H000010932","Prevenar","T22145",2018-02-07,17.257286,1.037399,4.080862,0.74226,358.654964,26.690087,26.689756,539.251933,26.305682,14.052817,17.90269,1353,4.100016,1.329611,4.101256,0.495,4,0.096855,495,119.513,-0.278189,1.359471,363.895982,476.871678,4.549267,NA,NA
"GW4145","H000010932","Prevenar","GR5836",2023-05-09,18.810387,1.049225,3.933829,0.776722,392.109892,30.600838,30.591987,607.637824,29.102346,16.47897,19.736323,1280,3.963853,1.274797,3.99278,0.524,4,-0.149214,524,119.422,-3.209464,1.272051,412.299794,499.860705,4.719995,NA,NA
"AW6823","H000013782","Prevenar","AG6840",2019-04-18,17.037718,1.00587,1.440862,0.647004,308.441268,24.06569,23.492744,512.714681,22.716311,14.328978,17.137725,1424,1.448076,1.514868,3.828834,0.47,4,0.546998,470,119.954,-1.994431,1.438322,326.763093,467.247937,4.30795,NA,5.1841550305
"CM3332","H000008090","Prevenar","AH4747",2019-10-26,17.08314,1.052924,3.121891,0.390615,413.214444,28.655843,28.936248,577.090362,29.221445,14.269301,17.987255,1292,3.134833,1.192254,2.156307,0.519,4,-0.5135,519,119.652,-1.412736,1.280131,405.216382,492.656504,2.560251,NA,5.2664794719
"CK6541","H000008090","Prevenar","AR4751",2019-09-18,18.671864,0.962272,1.74243,0.170722,398.018488,29.700997,29.921324,582.660863,28.4086,15.718516,17.967403,1322,1.749549,1.323243,1.007731,0.507,4,0.875183,507,118.751,-0.786712,1.217912,416.125605,526.675177,1.410519,NA,5.434458587
"ED8347","H000010932","Prevenar","DX8198",2020-11-20,16.959903,1.043518,0.776715,0.197639,369.058597,26.195233,26.097896,557.7369,25.480792,12.907126,17.69796,1330,0.791846,1.308638,1.163429,0.504,4,-0.540417,504,118.549,-2.180844,1.328342,379.406416,482.964109,3.052086,NA,NA
"LL4198","H000019489","Prevenar","HL6218",2024-11-08,18.212819,1.058744,3.963303,0.538439,356.015082,27.548572,27.88636,593.178763,26.820536,15.32247,19.282719,1294,3.989182,1.373437,2.763027,0.518,4,-0.531461,518,118.826,-1.411599,1.41569,365.679017,488.964397,3.393826,NA,NA
"N31259","H000008135","Prevenar","L59915",2016-04-21,20.298215,0.949437,3.650501,0.242705,371.397114,27.006603,27.636961,597.542786,28.003151,18.276441,19.271874,1317,3.668914,1.443242,1.334826,0.509,4,1.269046,509,119.888,-2.785782,1.42083,358.180199,536.015941,1.830001,NA,5.1093523929
"GR3685","H000019489","Prevenar","GG0386",2023-01-18,19.12153,0.93333,-6.239369,-0.359501,370.132271,27.286494,26.146152,595.497723,26.68979,16.903737,17.846699,1359,-6.27894,1.427572,-2.099794,0.493,4,0.915331,493,118.077,-3.48719,1.303259,378.407317,528.390573,-1.456344,NA,NA
"MG4264","H000035016","Prevenar","LY2106",2025-06-28,17.659421,1.054283,3.304701,0.295935,361.069948,27.233595,27.706506,606.082369,27.147428,15.334365,18.618035,1317,3.312574,1.337843,1.576074,0.509,4,-0.662679,509,119.4,-2.338126,1.406003,362.215992,483.054942,1.81002,-53.193511,NA
"MG4220","H000031244","Prevenar","LY2112",2025-06-13,18.094585,0.98489,0.218948,-0.147072,347.758241,NA,NA,561.771835,NA,15.898074,17.821178,1364,0.219892,1.433191,-0.784409,0.491,4,0.126334,491,118.854,-1.988424,1.389544,353.262087,498.404117,-0.351838,-66.479849,NA
"HX9141","H000011044","Prevenar","HT4768",NA,21.149796,0.982841,-2.702718,-0.622547,342.756892,30.630831,30.70829,687.790789,29.390805,18.085809,20.786892,1375,-2.710654,1.445258,-2.963532,0.487,4,-0.259643,487,119.64,-2.260684,1.362955,357.218135,495.372287,-2.662058,NA,NA
"M97250","H000008135","Prevenar","L59912",2016-02-26,17.004213,1.13025,7.71698,1.277864,369.899587,27.765772,28.062293,577.616112,25.985793,14.956015,19.219015,1227,7.7789,1.308202,6.710963,0.547,4,-0.936937,547,119.523,-1.064818,1.383808,395.237031,483.903473,7.453539,NA,4.885097544
"LJ1086","H000013782","Prevenar","LK2941",2024-11-21,21.669052,0.877312,5.652496,0.029018,378.80287,27.420443,28.950767,613.357135,28.754422,18.971183,19.010518,1332,5.675455,1.512977,0.094493,0.503,4,2.687551,503,119.813,-1.037476,1.391928,361.229392,573.120111,0.498649,-60.478062,5.0595960687
"J56523","H000002634","Prevenar","H01006",2014-09-04,14.069568,1.052762,-6.247171,-1.415393,303.077778,22.864261,23.530488,498.728172,21.745288,10.788471,14.811908,1588,-6.582254,1.319553,-9.496089,0.421,3,-2.157732,421,118.39,-4.502163,1.321189,318.673615,399.927054,-3.921978,NA,5.4409400933
"HN5212","H000011044","Prevenar","HH5428",2023-11-18,16.694672,1.0805,-0.623241,-0.44122,367.915691,26.843584,27.312532,579.582254,26.39035,13.932842,18.038591,1345,-0.625146,1.252698,-2.372111,0.498,4,-1.785139,498,119.234,-2.441053,1.330687,374.234351,460.887353,-2.060189,NA,4.9189637954
"AT6724","H000013782","Prevenar","AK9659",2019-04-02,17.032278,1.049476,2.835153,0.47946,384.724915,27.292975,27.35329,548.336477,27.299287,14.429517,17.87497,1353,2.843559,1.226304,2.622567,0.495,4,-0.363232,495,118.638,-0.585898,1.287275,384.635966,471.789716,2.910458,NA,4.9939046236
"GX2938","H000013782","Prevenar","GR5836",2023-05-16,18.810387,1.049225,3.933829,0.776722,392.109892,30.600838,30.591987,607.637824,29.102346,16.47897,19.736323,1280,3.963853,1.274797,3.99278,0.524,4,-0.149214,524,119.422,-3.209464,1.272051,412.299794,499.860705,4.719995,NA,4.8853638483
"LC5369","H000013782","Prevenar","HA8572",2024-05-09,18.401918,0.941752,-1.438637,-0.271385,349.377693,24.843311,24.872629,567.979638,24.171102,15.390137,17.330046,1361,-1.444357,1.495317,-1.562368,0.492,4,0.800487,492,119.238,-2.184859,1.370115,359.094049,522.430452,-1.160136,NA,5.1382062193
"LX3427","H000031244","Prevenar","LK2942",2024-12-01,20.685006,1.009626,13.202586,1.649652,350.294511,26.628136,28.059301,614.158325,27.572872,18.350087,20.884112,1231,13.249966,1.540535,7.875334,0.545,4,1.450545,545,118.494,-0.590061,1.610546,338.292294,539.640921,8.204761,-60.088144,NA
"LX2603","H000010932","Prevenar","LY2108",2025-05-14,18.791079,1.035236,3.26474,1.231599,353.629431,NA,NA,609.091523,NA,16.726455,19.453208,1249,3.285319,1.46728,6.317074,0.537,4,0.56947,537,119.149,-1.604777,1.473986,364.424521,518.873287,6.903913,-49.857614,4.8382503579
"LJ1155","H000028394","Prevenar","LD1196",2024-09-26,20.665207,0.926485,-1.665693,0.677491,367.023754,30.277407,28.71424,616.321334,27.92291,18.095636,19.14601,1287,-1.674564,1.532444,3.488249,0.521,4,2.196688,521,119.074,-2.891721,1.309378,397.971673,562.443174,3.99952,-51.662166,NA
"LJ1149","H000028394","Prevenar","LH1777",2024-08-21,18.664666,1.022425,-10.269432,-2.15426,318.160488,29.086586,29.386303,687.491758,27.605772,16.813695,19.09487,1480,-10.331142,1.388659,-11.361574,0.452,4,-2.584464,452,119.753,-5.856031,1.347517,335.22708,441.816515,-10.696389,-61.297295,NA
"GX2928","H000006081","Prevenar","GJ3290",2023-05-09,17.037019,1.024861,-7.407271,-0.745609,357.406145,27.205463,26.361452,586.394589,24.976448,15.143494,17.460571,1389,-7.442738,1.315317,-4.34038,0.482,4,-1.169162,482,119.864,-3.84948,1.23757,389.302748,470.10249,-3.843157,NA,5.1546484037
"N39531","H000006081","Prevenar","M35335",2016-07-23,19.851976,0.997139,-5.489168,-1.001652,349.861634,28.531135,28.411752,635.139514,28.654988,17.80812,19.795189,1404,-5.501525,1.366881,-5.083095,0.477,4,-0.944865,477,119.844,-1.647212,1.368887,348.349462,478.219129,-4.847057,NA,5.2822411044
"X65740","H000011612","Prevenar","W42955",2018-07-19,20.792107,0.869771,-8.195039,-0.906324,388.832228,30.836978,29.844767,630.991598,29.490606,17.497713,18.084366,1401,-8.22782,1.413499,-5.010219,0.478,4,1.801417,478,118.952,-1.519335,1.175742,406.584086,549.613933,-4.591851,NA,5.4742517453
"EC6018","H000013782","Prevenar","DL7790",2020-10-05,16.01137,1.014834,-3.875458,-0.757775,340.83045,24.2913,24.466163,549.751703,23.378941,13.846306,16.248886,1445,-3.896464,1.338096,-4.616325,0.463,3,-0.99529,463,118.236,-2.804443,1.306942,354.131293,456.063695,-4.052322,NA,4.9511795074
"N31634","H000011612","Prevenar","L59912",2016-02-22,17.004213,1.13025,7.71698,1.277864,369.899587,27.765772,28.062293,577.616112,25.985793,14.956015,19.219015,1227,7.7789,1.308202,6.710963,0.547,4,-0.936937,547,119.523,-1.064818,1.383808,395.237031,483.903473,7.453539,NA,4.9902624309
"MX1262","H000032244","Prevenar","ME2368",2025-10-25,16.313821,1.074483,-3.922859,-0.800719,358.483824,NA,NA,615.732758,NA,14.47889,17.52892,1392,-3.946972,1.248752,-4.522717,0.481,4,-2.015818,481,119.64,-4.679331,1.262777,380.906461,447.657236,-3.884163,-69.639377,NA
"ER3798","H000010932","Prevenar","DN7212",2021-03-28,19.132775,0.9024,-2.852883,-0.221649,373.683436,26.934953,26.517749,580.210939,25.916302,16.713042,17.265412,1330,-2.869455,1.494239,-1.320523,0.504,4,1.645715,504,119.071,-1.732981,1.297406,388.371216,558.372229,-0.735368,NA,NA
"LL4189","H000019489","Prevenar","LD1196",2024-10-23,20.665207,0.926485,-1.665693,0.677491,367.023754,30.277407,28.71424,616.321334,27.92291,18.095636,19.14601,1287,-1.674564,1.532444,3.488249,0.521,4,2.196688,521,119.074,-2.891721,1.309378,397.971673,562.443174,3.99952,-51.662166,NA
"HR4692","H000011044","Prevenar","HT4767",2024-04-13,19.523476,1.102429,5.968319,0.222911,359.524327,32.732479,34.37305,684.192348,31.274615,15.768571,21.52324,1314,6.019953,1.285645,1.007894,0.51,4,-1.776853,510,118.494,NA,1.354206,376.283534,462.22073,1.856965,NA,4.8351580452
"LJ1090","H000013782","Prevenar","LD1196",2024-10-05,20.665207,0.926485,-1.665693,0.677491,367.023754,30.277407,28.71424,616.321334,27.92291,18.095636,19.14601,1287,-1.674564,1.532444,3.488249,0.521,4,2.196688,521,119.074,-2.891721,1.309378,397.971673,562.443174,3.99952,-51.662166,5.3089300586
"RE8407","H000035016","Prevenar","MG9895",2026-04-25,19.898358,1.091312,-5.974062,-0.440971,350.347056,NA,NA,691.936551,NA,17.836851,21.71531,1361,-5.995127,1.286284,-2.021333,0.492,4,-2.257922,492,119.465,-1.998311,1.309128,375.666118,450.645951,-1.662862,-65.818911,NA
"W45481","H000010932","Prevenar","T61733",2018-03-22,17.568743,1.051394,0.451086,0.218563,355.682042,28.761015,28.559454,602.184456,25.800204,14.352653,18.471674,1322,0.452092,1.355681,1.152905,0.507,4,-0.684368,507,119.39,-2.349659,1.278621,396.499823,482.191308,1.372832,NA,NA
"HA2735","H000013782","Prevenar","GR5837",2023-07-02,17.937282,1.052864,2.778089,0.261325,394.415293,27.917431,28.319966,587.17135,28.699502,15.865007,18.885525,1314,2.796991,1.229267,1.355117,0.51,4,-0.686919,510,119.58,-2.419766,1.330509,383.667346,484.841805,2.021741,NA,4.8027854295
"FT6721","H000019252","Prevenar","FT3236",2022-04-26,16.856738,1.082957,9.626658,2.594907,360.756024,25.997375,24.817009,529.016575,24.517619,13.920349,18.255127,1238,9.671735,1.387737,14.212062,0.542,4,1.196518,542,119.243,-1.913044,1.417318,382.529378,500.634632,14.611886,NA,NA
"GC1484","H000006081","Prevenar","GA5078",2022-08-06,19.972257,1.029314,1.626797,-0.295756,358.299897,28.58446,29.473565,613.233838,28.290834,18.020164,20.557723,1353,1.63309,1.341671,-1.477358,0.495,4,-0.881222,495,118.229,-2.675684,1.366815,362.018642,480.720679,-1.086348,NA,5.2623592908
"HN7633","H000011044","Prevenar","HL5291",2023-12-14,19.774892,1.01089,0.035593,-0.407619,336.988915,29.049735,29.632427,674.543647,27.534699,16.583414,19.990241,1361,0.035773,1.445647,-1.97007,0.492,4,-0.622967,492,119.064,-2.621986,1.385174,355.530989,487.166928,-1.457847,NA,4.9147451018
"HN7636","H000011044","Prevenar","HL5291",2023-12-27,19.774892,1.01089,0.035593,-0.407619,336.988915,29.049735,29.632427,674.543647,27.534699,16.583414,19.990241,1361,0.035773,1.445647,-1.97007,0.492,4,-0.622967,492,119.064,-2.621986,1.385174,355.530989,487.166928,-1.457847,NA,5.2736866334
"L67174","H000006081","Prevenar","L33540",2015-06-12,20.360137,0.901406,-8.311238,-0.676418,342.065771,29.678688,28.271554,630.589123,26.588683,15.622846,18.352751,1381,-8.35939,1.572824,-3.618163,0.485,4,1.330968,485,119.043,-1.403434,1.270143,381.818948,538.009288,-3.021303,NA,5.2391917588
"DL7369","H000010932","Prevenar","AR4756",2020-02-27,17.081505,1.049267,5.726021,-0.017821,408.85568,27.455537,29.039496,621.518096,27.898214,13.369377,17.923058,1337,5.747204,1.168586,-0.021975,0.501,4,-0.859375,501,118.708,-2.257776,1.245929,402.368123,477.783058,0.346676,NA,NA
"GX2952","H000019489","Prevenar","GR5836",2023-05-26,18.810387,1.049225,3.933829,0.776722,392.109892,30.600838,30.591987,607.637824,29.102346,16.47897,19.736323,1280,3.963853,1.274797,3.99278,0.524,4,-0.149214,524,119.422,-3.209464,1.272051,412.299794,499.860705,4.719995,NA,NA
"HN7736","H000013782","Prevenar","HL5291",2024-01-11,19.774892,1.01089,0.035593,-0.407619,336.988915,29.049735,29.632427,674.543647,27.534699,16.583414,19.990241,1361,0.035773,1.445647,-1.97007,0.492,4,-0.622967,492,119.064,-2.621986,1.385174,355.530989,487.166928,-1.457847,NA,4.9506818182
"W28199","H000008135","Prevenar","T61733",2018-04-08,17.568743,1.051394,0.451086,0.218563,355.682042,28.761015,28.559454,602.184456,25.800204,14.352653,18.471674,1322,0.452092,1.355681,1.152905,0.507,4,-0.684368,507,119.39,-2.349659,1.278621,396.499823,482.191308,1.372832,NA,5.1397121915
"S25792","H000008135","Prevenar","N43434",2017-01-04,16.89788,0.963352,-2.973987,-0.758482,331.141574,24.512971,24.936224,548.325496,23.260245,14.737713,16.278599,1449,-2.994933,1.448026,-4.721583,0.462,4,-0.139201,462,118.046,-2.272574,1.32367,348.975857,479.501705,-3.989159,NA,5.264505569
"T30275","H000008135","Prevenar","S63641",2017-08-19,19.717224,0.977796,17.685776,2.14249,332.856871,24.971946,26.634326,531.033098,24.943893,15.561266,19.279421,1275,17.764289,1.617071,11.107299,0.526,4,2.580294,526,119.295,0.102809,1.579389,333.231208,538.253146,11.500182,NA,4.7891853639
"X23346","H000010932","Prevenar","W42955",2018-08-01,20.792107,0.869771,-8.195039,-0.906324,388.832228,30.836978,29.844767,630.991598,29.490606,17.497713,18.084366,1401,-8.22782,1.413499,-5.010219,0.478,4,1.801417,478,118.952,-1.519335,1.175742,406.584086,549.613933,-4.591851,NA,NA
"CK6580","H000013782","Prevenar","AH4748",2019-07-11,16.585268,1.040163,12.877446,0.53121,375.520845,24.907691,27.347801,536.690701,26.413623,13.490931,17.25138,1375,12.931716,1.247922,3.135103,0.487,4,-0.134901,487,118.672,-1.048891,1.376522,354.111096,468.620696,3.541606,NA,5.3214068855
"DK2113","H000011044","Prevenar","CM4660",2020-03-08,19.891682,0.927859,-5.357195,-1.165078,318.719862,26.091348,26.33867,611.159205,24.756891,18.035553,18.456672,1415,-5.392334,1.600706,-6.340244,0.473,4,0.269932,473,119.262,-3.042347,1.409266,335.899638,510.176727,-5.647288,NA,5.487944305
"FJ2041","H000011373","Prevenar","DY9985",2021-10-13,16.633219,0.973404,-2.429739,-0.613074,363.353414,26.296134,26.660402,539.18438,26.373824,14.272438,16.190846,1467,-2.436722,1.290199,-3.821976,0.456,3,-0.170702,456,119.643,-2.901142,1.259595,362.283079,468.798158,-3.52445,NA,4.9235447106
"L22465","H000006081","Prevenar","J43681",2015-01-13,16.412159,1.053558,14.567685,0.610385,382.568572,25.418715,28.244658,550.98304,26.788192,13.779824,17.291166,1332,14.650625,1.248127,3.533058,0.503,4,-0.268622,503,119.576,-2.253504,1.385821,363.010748,477.493982,4.079177,NA,5.0857187927
"M97232","H000008135","Prevenar","L59792",2015-12-07,18.192198,1.036647,1.523296,-0.337661,361.227008,26.459809,27.320735,632.56698,27.032358,16.364143,18.85888,1356,1.532981,1.319746,-1.720734,0.494,4,-1.004343,494,118.709,-2.180284,1.397714,353.576168,476.727958,-1.078118,NA,5.0641594618
"LL4201","H000019489","Prevenar","LD1196",2024-10-31,20.665207,0.926485,-1.665693,0.677491,367.023754,30.277407,28.71424,616.321334,27.92291,18.095636,19.14601,1287,-1.674564,1.532444,3.488249,0.521,4,2.196688,521,119.074,-2.891721,1.309378,397.971673,562.443174,3.99952,-51.662166,NA
"LC5373","H000013782","Prevenar","HT4775",2024-05-29,19.399244,1.039088,2.491714,0.680814,356.445313,27.713075,27.455116,620.640154,27.112771,16.094032,20.157523,1289,2.502597,1.403226,3.433421,0.52,4,-0.077465,520,119.247,-2.795401,1.426491,364.337382,500.173326,3.853348,NA,4.9347400733
"LC5376","H000013782","Prevenar","HT4781",2024-06-14,18.79491,1.006838,-4.599062,-0.964625,392.388706,30.3252,30.490869,641.40633,30.368603,15.558431,18.923435,1401,-4.61783,1.209114,-5.164136,0.478,4,-1.093149,478,118.769,-3.830033,1.219125,391.827905,474.442656,-4.73673,-60.023885,4.8678407563
"L30241","H000006081","Prevenar","J43681",2015-01-15,16.412159,1.053558,14.567685,0.610385,382.568572,25.418715,28.244658,550.98304,26.788192,13.779824,17.291166,1332,14.650625,1.248127,3.533058,0.503,4,-0.268622,503,119.576,-2.253504,1.385821,363.010748,477.493982,4.079177,NA,5.3393989291
"N41744","H000010932","Prevenar","L59916",2016-03-12,18.229414,1.040881,-6.848058,-1.234807,335.474967,28.079235,27.978144,655.11313,26.724838,16.137669,18.974643,1418,-6.886174,1.351504,-6.526151,0.472,4,-1.980036,472,119.757,-4.617697,1.338899,352.476617,453.395628,-5.936515,NA,NA
"T19577","H000008135","Prevenar","R98657",2017-06-22,17.831326,1.068279,-0.374594,-0.598535,361.257507,28.470283,29.278642,662.477458,28.258018,14.782707,19.048825,1372,-0.377322,1.265251,-3.216631,0.488,4,-1.816034,488,118.94,-2.053657,1.341563,363.971145,457.081435,-2.47019,NA,5.0314342583
"FF8654","H000008135","Prevenar","DY9985",2021-10-26,16.633219,0.973404,-2.429739,-0.613074,363.353414,26.296134,26.660402,539.18438,26.373824,14.272438,16.190846,1467,-2.436722,1.290199,-3.821976,0.456,3,-0.170702,456,119.643,-2.901142,1.259595,362.283079,468.798158,-3.52445,NA,5.4205469678
"M97258","H000008135","Prevenar","L59916",2016-04-01,18.229414,1.040881,-6.848058,-1.234807,335.474967,28.079235,27.978144,655.11313,26.724838,16.137669,18.974643,1418,-6.886174,1.351504,-6.526151,0.472,4,-1.980036,472,119.757,-4.617697,1.338899,352.476617,453.395628,-5.936515,NA,5.1986464862
"S09143","H000008135","Prevenar","N16603",2016-11-26,16.996872,1.069755,-4.189768,-0.339704,370.502785,29.963219,29.250828,582.846281,26.87749,15.307747,18.182486,1356,-4.219081,1.24622,-1.841529,0.494,4,-1.525318,494,118.034,-1.565532,1.195857,413.039157,461.728147,-1.133941,NA,5.179340369
"RL1688","H000033648","Prevenar","NC7048",2026-07-19,18.278142,1.072019,-0.88384,-0.33424,354.308253,NA,NA,625.991384,NA,16.175477,19.59452,1356,-0.888301,1.300855,-1.704382,0.494,4,-1.650619,494,118.894,-1.501207,1.316182,375.402196,460.903789,-1.193584,-57.859894,NA
"CM3339","H000010932","Prevenar","AR4750",2019-09-03,16.762178,1.082567,3.1316,-0.54368,369.619205,27.64336,29.346835,585.122014,27.126234,14.008392,18.14618,1375,3.144737,1.218297,-3.017591,0.487,4,-1.927681,487,118.472,-2.877822,1.294215,376.665519,450.305837,-2.587237,NA,NA
"EL8877","H000010932","Prevenar","DN7212",2021-01-18,19.132775,0.9024,-2.852883,-0.221649,373.683436,26.934953,26.517749,580.210939,25.916302,16.713042,17.265412,1330,-2.869455,1.494239,-1.320523,0.504,4,1.645715,504,119.071,-1.732981,1.297406,388.371216,558.372229,-0.735368,NA,NA
"ER3799","H000010932","Prevenar","EF8589",2021-03-31,18.610689,1.012633,1.874448,0.460326,377.657204,26.512613,26.378595,609.337271,27.013038,15.402889,18.845796,1302,1.88311,1.346269,2.388597,0.515,4,0.225219,515,119.412,-1.449027,1.389008,370.660991,508.428181,2.83762,NA,NA
"GF1169","H000013782","Prevenar","GD9433",2022-09-20,20.519706,0.96679,-3.769687,-0.056281,369.042241,30.227446,29.175852,629.152052,28.403961,17.902845,19.838248,1337,-3.786877,1.403768,-0.307938,0.501,4,0.625177,501,119.037,-3.898322,1.275278,392.734109,518.049677,0.147381,NA,5.3214659688
"J35307","H000002634","Prevenar","H01004",2014-08-31,17.528313,0.979556,10.21958,NA,332.169866,24.745207,26.275408,515.113441,24.614046,13.408052,17.169962,1415,10.26135,1.45335,4.077523,0.473,3,NA,473,119.944,NA,1.416092,333.93991,482.759109,4.467986,NA,5.2469818817
"GT9408","H000019489","Prevenar","GG0386",2023-01-07,19.12153,0.93333,-6.239369,-0.359501,370.132271,27.286494,26.146152,595.497723,26.68979,16.903737,17.846699,1359,-6.27894,1.427572,-2.099794,0.493,4,0.915331,493,118.077,-3.48719,1.303259,378.407317,528.390573,-1.456344,NA,NA
"GX2941","H000013782","Prevenar","GR5836",2023-05-19,18.810387,1.049225,3.933829,0.776722,392.109892,30.600838,30.591987,607.637824,29.102346,16.47897,19.736323,1280,3.963853,1.274797,3.99278,0.524,4,-0.149214,524,119.422,-3.209464,1.272051,412.299794,499.860705,4.719995,NA,5.0277980223
"DL7373","H000010932","Prevenar","DH4016",2020-04-24,17.456766,1.071365,-3.02844,-0.129701,348.948891,45.12418,44.05604,616.885593,42.663321,15.216317,18.702569,1343,-3.042028,1.334128,-0.674916,0.499,4,-1.375503,499,118.274,-1.739045,1.351389,369.076579,465.54263,-0.225202,NA,NA
"EH7872","H000008135","Prevenar","DL7790",2020-10-01,16.01137,1.014834,-3.875458,-0.757775,340.83045,24.2913,24.466163,549.751703,23.378941,13.846306,16.248886,1445,-3.896464,1.338096,-4.616325,0.463,3,-0.99529,463,118.236,-2.804443,1.306942,354.131293,456.063695,-4.052322,NA,4.9584348118
"EL8917","H000010932","Prevenar","DN7212",2021-02-09,19.132775,0.9024,-2.852883,-0.221649,373.683436,26.934953,26.517749,580.210939,25.916302,16.713042,17.265412,1330,-2.869455,1.494239,-1.320523,0.504,4,1.645715,504,119.071,-1.732981,1.297406,388.371216,558.372229,-0.735368,NA,NA
"FY2983","H000008135","Prevenar","FT3238",2022-05-10,17.980498,1.037754,-9.405302,-1.261489,333.815586,26.66432,25.965248,648.250238,26.747462,14.987274,18.659341,1427,-9.423481,1.354578,-6.801729,0.469,4,-1.940332,469,119.706,-3.182741,1.410103,332.777951,452.179303,-6.595705,NA,4.9298426424
"LK2061","H000017723","Prevenar","LK2941",2024-11-27,21.669052,0.877312,5.652496,0.029018,378.80287,27.420443,28.950767,613.357135,28.754422,18.971183,19.010518,1332,5.675455,1.512977,0.094493,0.503,4,2.687551,503,119.813,-1.037476,1.391928,361.229392,573.120111,0.498649,-60.478062,5.3576794351
"S26211","H000008135","Prevenar","N70112",2017-01-25,19.469501,0.942094,-1.725019,-0.362608,354.272679,26.292451,26.352452,624.863362,25.624643,17.308759,18.342093,1364,-1.726342,1.469879,-1.95455,0.491,4,0.7648,491,118.62,-2.940092,1.349591,363.505441,520.737805,-1.876449,NA,5.2343928836
"T19589","H000013782","Prevenar","S63641",2017-08-04,19.717224,0.977796,17.685776,2.14249,332.856871,24.971946,26.634326,531.033098,24.943893,15.561266,19.279421,1275,17.764289,1.617071,11.107299,0.526,4,2.580294,526,119.295,0.102809,1.579389,333.231208,538.253146,11.500182,NA,4.7327910557
"X59069","H000010932","Prevenar","W61772",2018-09-08,19.503624,1.006775,0.508504,-0.750038,327.723887,26.95625,28.107892,664.628537,26.519391,16.369608,19.635761,1386,0.5105,1.465122,-3.761764,0.483,4,-0.882175,483,117.924,-2.289038,1.451144,333.122546,480.155617,-3.356108,NA,NA
"GH5620","H000019489","Prevenar","GG0386",2022-11-15,19.12153,0.93333,-6.239369,-0.359501,370.132271,27.286494,26.146152,595.497723,26.68979,16.903737,17.846699,1359,-6.27894,1.427572,-2.099794,0.493,4,0.915331,493,118.077,-3.48719,1.303259,378.407317,528.390573,-1.456344,NA,NA
"FR3857","H000008135","Prevenar","FT3238",2022-05-01,17.980498,1.037754,-9.405302,-1.261489,333.815586,26.66432,25.965248,648.250238,26.747462,14.987274,18.659341,1427,-9.423481,1.354578,-6.801729,0.469,4,-1.940332,469,119.706,-3.182741,1.410103,332.777951,452.179303,-6.595705,NA,5.2530317402
"HJ6205","H000017723","Prevenar","HA8565",2023-08-06,18.897041,0.969379,-1.495264,-0.157688,384.982765,28.006587,27.839854,589.271012,27.915894,16.665124,18.318392,1345,-1.502621,1.334889,-0.907283,0.498,4,0.420961,498,119.387,-2.220223,1.289822,386.233493,513.909127,-0.413223,NA,5.0917588101
"L44678","H000008135","Prevenar","L33539",2015-05-24,17.445741,1.071753,-3.231932,-0.229061,357.557571,28.220929,27.671601,622.468713,26.666919,15.249128,18.697529,1351,-3.247876,1.29525,-1.301346,0.496,4,-1.480849,496,119.46,-0.862502,1.311746,378.39418,463.126267,-0.804046,NA,5.2254249271
"L95545","H000008135","Prevenar","L33537",2015-05-17,16.748046,0.983397,-7.059154,-0.926324,323.301131,26.017976,25.634717,586.037989,23.162119,14.749732,16.469976,1407,-7.104147,1.497854,-5.631091,0.476,3,-0.648253,476,118.404,-3.6643,1.311303,363.163708,484.257791,-4.962101,NA,5.4406797931
"S89887","H000006081","Prevenar","S18405",2017-06-28,18.25116,0.956343,2.531915,-0.137799,330.175205,25.11838,25.947521,539.82696,24.540848,15.942815,17.454372,1418,2.543751,1.495548,-0.757186,0.472,4,0.658989,472,118.638,-1.629934,1.397372,337.945372,493.792729,-0.288334,NA,5.1963010625
"DK2067","H000010932","Prevenar","AR4756",2020-02-20,17.081505,1.049267,5.726021,-0.017821,408.85568,27.455537,29.039496,621.518096,27.898214,13.369377,17.923058,1337,5.747204,1.168586,-0.021975,0.501,4,-0.859375,501,118.708,-2.257776,1.245929,402.368123,477.783058,0.346676,NA,NA
"N90922","H000011612","Prevenar","M14485",2016-06-28,18.037329,0.977366,-4.538975,-1.194861,337.369453,26.367144,26.953587,605.029822,25.25228,16.110364,17.629079,1424,-4.55883,1.425824,-6.782973,0.47,4,-0.786612,470,118.275,-2.156589,1.334629,352.263992,481.029324,-6.317907,NA,5.542785674
"LE0960","H000010932","Prevenar","LD1188",2024-06-05,18.585519,1.053628,-1.773771,-0.289145,361.72723,28.98807,28.886231,667.760497,27.784755,15.473943,19.582216,1345,-1.791509,1.305614,-1.440193,0.498,4,-1.285842,498,118.161,-2.495041,1.318527,377.393082,472.276018,-0.435835,NA,NA
"S26382","H000011612","Prevenar","R25788",2017-03-09,16.570629,1.099216,2.239387,0.582964,342.592347,27.068343,26.803651,549.863784,25.548511,14.739518,18.214704,1340,2.246664,1.327529,3.22453,0.5,4,-1.061111,500,119.94,-1.993337,1.377308,362.972509,454.801211,3.537976,NA,5.3265003986
"M21962","H000006081","Prevenar","L59788",2015-11-18,19.596325,1.012387,18.425024,0.646995,382.649165,29.312729,33.795638,628.348091,29.373982,17.15577,19.839074,1292,18.501057,1.339144,3.207669,0.519,4,0.404246,519,119.762,-0.409544,1.358566,381.851234,512.422516,3.605455,NA,5.1632609376
"L36870","H000006081","Prevenar","J73075",2015-01-17,18.30182,1.046531,2.276173,-0.190687,356.421276,27.460525,28.372826,628.257476,26.850504,16.174258,19.153414,1348,2.285208,1.332528,-1.037019,0.497,4,-1.042281,497,118.983,-2.215351,1.363552,364.518865,474.941204,-0.637542,NA,4.9123324048
"LE1015","H000031244","Prevenar","HP3397",2024-04-03,18.946133,1.014522,-2.337572,0.217151,399.449401,30.687243,29.626744,599.124186,30.215868,15.427986,19.221271,1319,-2.346556,1.252522,1.109273,0.508,4,-0.057987,508,118.86,-0.890871,1.251193,405.680915,500.319343,1.487913,NA,NA
"EP6169","H000010932","Prevenar","DN7212",2021-02-06,19.132775,0.9024,-2.852883,-0.221649,373.683436,26.934953,26.517749,580.210939,25.916302,16.713042,17.265412,1330,-2.869455,1.494239,-1.320523,0.504,4,1.645715,504,119.071,-1.732981,1.297406,388.371216,558.372229,-0.735368,NA,NA
"FM6063","H000011044","Prevenar","FH2522",2021-12-16,18.815339,1.019628,0.724636,0.03289,359.069978,27.569253,27.727349,587.103926,26.805297,15.863962,19.18465,1332,0.727297,1.372994,0.153844,0.503,4,-0.336421,503,119.167,-2.083127,1.36115,369.303538,493.000782,0.519132,NA,4.9760724565
"GW4595","H000013782","Prevenar","GJ3290",2023-04-20,17.037019,1.024861,-7.407271,-0.745609,357.406145,27.205463,26.361452,586.394589,24.976448,15.143494,17.460571,1389,-7.442738,1.315317,-4.34038,0.482,4,-1.169162,482,119.864,-3.84948,1.23757,389.302748,470.10249,-3.843157,NA,5.2035420395
"HY4199","H000028394","Prevenar","HP3397",2024-03-23,18.946133,1.014522,-2.337572,0.217151,399.449401,30.687243,29.626744,599.124186,30.215868,15.427986,19.221271,1319,-2.346556,1.252522,1.109273,0.508,4,-0.057987,508,118.86,-0.890871,1.251193,405.680915,500.319343,1.487913,NA,NA
"LC5397","H000019489","Prevenar","HT4781",2024-06-15,18.79491,1.006838,-4.599062,-0.964625,392.388706,30.3252,30.490869,641.40633,30.368603,15.558431,18.923435,1401,-4.61783,1.209114,-5.164136,0.478,4,-1.093149,478,118.769,-3.830033,1.219125,391.827905,474.442656,-4.73673,-60.023885,NA
"MG0844","H000035016","Prevenar","LY2106",2025-05-07,17.659421,1.054283,3.304701,0.295935,361.069948,27.233595,27.706506,606.082369,27.147428,15.334365,18.618035,1317,3.312574,1.337843,1.576074,0.509,4,-0.662679,509,119.4,-2.338126,1.406003,362.215992,483.054942,1.81002,-53.193511,NA
"LE1003","H000019489","Prevenar","LD1193",2024-07-08,21.197904,1.013991,8.980951,1.72563,360.838749,28.77814,29.052665,629.800389,27.25559,18.868134,21.49448,1231,9.011376,1.490811,8.057441,0.545,4,1.429054,545,118.359,-0.504125,1.431691,380.995904,537.942266,8.367859,-56.842612,NA
"CG3545","H000006081","Prevenar","AH4748",2019-05-23,16.585268,1.040163,12.877446,0.53121,375.520845,24.907691,27.347801,536.690701,26.413623,13.490931,17.25138,1375,12.931716,1.247922,3.135103,0.487,4,-0.134901,487,118.672,-1.048891,1.376522,354.111096,468.620696,3.541606,NA,5.4015412884
"LP5294","H000010932","Prevenar","LH1893",2024-11-15,17.581909,1.04381,4.105801,0.005525,375.913311,26.874183,27.969315,583.910993,27.656393,15.602422,18.352165,1335,4.120404,1.279057,0.045373,0.502,4,-0.764731,502,118.413,-3.515601,1.373951,365.281305,480.814457,0.39961,-68.877276,NA
"FP0917","H000011044","Prevenar","FH2522",2022-01-07,18.815339,1.019628,0.724636,0.03289,359.069978,27.569253,27.727349,587.103926,26.805297,15.863962,19.18465,1332,0.727297,1.372994,0.153844,0.503,4,-0.336421,503,119.167,-2.083127,1.36115,369.303538,493.000782,0.519132,NA,5.017846423
"M71350","H000008135","Prevenar","L59788",2015-11-22,19.596325,1.012387,18.425024,0.646995,382.649165,29.312729,33.795638,628.348091,29.373982,17.15577,19.839074,1292,18.501057,1.339144,3.207669,0.519,4,0.404246,519,119.762,-0.409544,1.358566,381.851234,512.422516,3.605455,NA,5.0736555607
"HY4186","H000019489","Prevenar","HT4768",2024-04-29,21.149796,0.982841,-2.702718,-0.622547,342.756892,30.630831,30.70829,687.790789,29.390805,18.085809,20.786892,1375,-2.710654,1.445258,-2.963532,0.487,4,-0.259643,487,119.64,-2.260684,1.362955,357.218135,495.372287,-2.662058,NA,NA
"MC2048","H000035016","Prevenar","LK2944",2025-01-25,20.602336,0.986093,6.177578,1.519456,388.625773,29.104642,28.733397,611.863001,29.540517,18.283289,20.315817,1233,6.224365,1.420793,7.499916,0.544,4,1.805976,544,118.191,-0.890808,1.422015,382.891542,552.156623,8.195217,-53.370596,NA
"N29002","H000006081","Prevenar","M35334",2016-07-05,17.722832,1.008909,-7.667529,-0.435157,356.061805,24.955704,23.636765,575.890918,25.381535,15.505829,17.880733,1353,-7.699447,1.377842,-2.414329,0.495,4,-0.593057,495,119.031,-2.027522,1.413838,350.088082,490.596844,-1.989767,NA,4.923239899
"HG4909","H000011044","Prevenar","HA8567",2023-08-18,18.624497,1.012259,1.392363,0.211093,334.504132,24.364007,24.431696,593.9684,23.804349,15.477147,18.852813,1317,1.402699,1.504277,1.124876,0.509,4,-0.017223,509,119.012,-0.818239,1.48774,342.368567,503.186971,1.853456,NA,5.1686476587
"HF3773","H000013782","Prevenar","HG6461",2023-11-06,18.343026,0.990715,5.215395,0.765187,371.307328,26.769196,27.061402,567.378866,25.561742,14.078713,18.172707,1287,5.238213,1.415701,4.146638,0.521,4,0.935506,521,119.214,-1.758127,1.339292,388.846681,525.659973,4.564171,NA,5.0501261128
"HN7326","H000010932","Prevenar","HL5291",2024-01-04,19.774892,1.01089,0.035593,-0.407619,336.988915,29.049735,29.632427,674.543647,27.534699,16.583414,19.990241,1361,0.035773,1.445647,-1.97007,0.492,4,-0.622967,492,119.064,-2.621986,1.385174,355.530989,487.166928,-1.457847,NA,NA
"HN7337","H000010932","Prevenar","HL6218",2024-02-10,18.212819,1.058744,3.963303,0.538439,356.015082,27.548572,27.88636,593.178763,26.820536,15.32247,19.282719,1294,3.989182,1.373437,2.763027,0.518,4,-0.531461,518,118.826,-1.411599,1.41569,365.679017,488.964397,3.393826,NA,NA
"FT0545","H000008135","Prevenar","FH2522",2021-12-21,18.815339,1.019628,0.724636,0.03289,359.069978,27.569253,27.727349,587.103926,26.805297,15.863962,19.18465,1332,0.727297,1.372994,0.153844,0.503,4,-0.336421,503,119.167,-2.083127,1.36115,369.303538,493.000782,0.519132,NA,5.0646034758
"GG9473","H000028394","Prevenar","GA5078",2022-08-14,19.972257,1.029314,1.626797,-0.295756,358.299897,28.58446,29.473565,613.233838,28.290834,18.020164,20.557723,1353,1.63309,1.341671,-1.477358,0.495,4,-0.881222,495,118.229,-2.675684,1.366815,362.018642,480.720679,-1.086348,NA,NA
"NF9403","H000010932","Prevenar","ME2369",2025-11-06,16.625445,1.134876,0.69558,0.349466,370.322911,NA,NA,600.498226,NA,14.548216,18.867816,1205,0.699129,1.218263,1.770617,0.557,4,-1.892905,512,118.585,-1.811721,1.359566,376.590656,451.15067,2.269334,-63.089411,4.6191639524
"AM5975","H000008135","Prevenar","X72415",2019-02-12,18.826001,1.001993,4.244333,0.006165,367.977649,27.657831,28.83379,622.081339,28.063916,15.57657,18.863515,1332,4.271554,1.365094,0.019743,0.503,4,-0.031349,503,119.404,-2.967931,1.387897,362.653011,502.323974,0.65687,NA,5.4741424501
"CL3156","H000019488","Prevenar","AK9659",2019-07-14,17.032278,1.049476,2.835153,0.47946,384.724915,27.292975,27.35329,548.336477,27.299287,14.429517,17.87497,1353,2.843559,1.226304,2.622567,0.495,4,-0.363232,495,118.638,-0.585898,1.287275,384.635966,471.789716,2.910458,NA,NA
"LX2646","H000011374","Prevenar","MC9170",2025-08-13,18.153933,0.992111,7.777275,1.265446,352.039693,NA,NA,534.932027,NA,15.846252,18.010716,1324,7.811225,1.450164,7.037899,0.506,4,1.408664,506,118.532,-2.326679,1.372383,369.057166,510.515311,7.441949,-57.001879,4.8334825311
"GW4597","H000019489","Prevenar","GJ3290",2023-04-13,17.037019,1.024861,-7.407271,-0.745609,357.406145,27.205463,26.361452,586.394589,24.976448,15.143494,17.460571,1389,-7.442738,1.315317,-4.34038,0.482,4,-1.169162,482,119.864,-3.84948,1.23757,389.302748,470.10249,-3.843157,NA,NA
"H81496","H000002634","Prevenar","H01004",2014-01-26,17.528313,0.979556,10.21958,NA,332.169866,24.745207,26.275408,515.113441,24.614046,13.408052,17.169962,1415,10.26135,1.45335,4.077523,0.473,3,NA,473,119.944,NA,1.416092,333.93991,482.759109,4.467986,NA,5.3538251637
"LC5388","H000019489","Prevenar","HA8572",2024-05-14,18.401918,0.941752,-1.438637,-0.271385,349.377693,24.843311,24.872629,567.979638,24.171102,15.390137,17.330046,1361,-1.444357,1.495317,-1.562368,0.492,4,0.800487,492,119.238,-2.184859,1.370115,359.094049,522.430452,-1.160136,NA,NA
"HN7774","H000019489","Prevenar","HL6218",2024-01-12,18.212819,1.058744,3.963303,0.538439,356.015082,27.548572,27.88636,593.178763,26.820536,15.32247,19.282719,1294,3.989182,1.373437,2.763027,0.518,4,-0.531461,518,118.826,-1.411599,1.41569,365.679017,488.964397,3.393826,NA,NA
"HN7770","H000019489","Prevenar","HL6218",2024-02-01,18.212819,1.058744,3.963303,0.538439,356.015082,27.548572,27.88636,593.178763,26.820536,15.32247,19.282719,1294,3.989182,1.373437,2.763027,0.518,4,-0.531461,518,118.826,-1.411599,1.41569,365.679017,488.964397,3.393826,NA,NA
"HT5056","H000010932","Prevenar","HT4762",2024-04-10,17.319266,1.002523,-1.270183,-0.195129,369.600509,26.754793,26.698468,584.656803,26.034857,14.411779,17.362971,1351,-1.275063,1.339553,-1.064541,0.496,4,-0.238834,496,119.778,-4.909661,1.306797,379.820983,495.099538,-0.677688,NA,4.9676892048
"DN3837","H000010932","Prevenar","DH4016",2020-05-13,17.456766,1.071365,-3.02844,-0.129701,348.948891,45.12418,44.05604,616.885593,42.663321,15.216317,18.702569,1343,-3.042028,1.334128,-0.674916,0.499,4,-1.375503,499,118.274,-1.739045,1.351389,369.076579,465.54263,-0.225202,NA,NA
"HC7746","H000019489","Prevenar","GJ3290",2023-04-18,17.037019,1.024861,-7.407271,-0.745609,357.406145,27.205463,26.361452,586.394589,24.976448,15.143494,17.460571,1389,-7.442738,1.315317,-4.34038,0.482,4,-1.169162,482,119.864,-3.84948,1.23757,389.302748,470.10249,-3.843157,NA,NA
"W28235","H000011612","Prevenar","T22145",2018-01-31,17.257286,1.037399,4.080862,0.74226,358.654964,26.690087,26.689756,539.251933,26.305682,14.052817,17.90269,1353,4.100016,1.329611,4.101256,0.495,4,0.096855,495,119.513,-0.278189,1.359471,363.895982,476.871678,4.549267,NA,5.2874901371
"S10670","H000008135","Prevenar","N16603",2016-12-25,16.996872,1.069755,-4.189768,-0.339704,370.502785,29.963219,29.250828,582.846281,26.87749,15.307747,18.182486,1356,-4.219081,1.24622,-1.841529,0.494,4,-1.525318,494,118.034,-1.565532,1.195857,413.039157,461.728147,-1.133941,NA,5.3422328946
"DK2064","H000011373","Prevenar","CM4660",2020-03-11,19.891682,0.927859,-5.357195,-1.165078,318.719862,26.091348,26.33867,611.159205,24.756891,18.035553,18.456672,1415,-5.392334,1.600706,-6.340244,0.473,4,0.269932,473,119.262,-3.042347,1.409266,335.899638,510.176727,-5.647288,NA,5.2816004526
"HF3775","H000013782","Prevenar","HH5429",2023-11-22,18.24828,1.002792,0.674583,0.082097,374.102012,26.764395,26.83856,571.270667,26.698373,15.252268,18.299238,1324,0.678573,1.348405,0.401471,0.506,4,0.03114,506,118.23,-3.405324,1.348835,375.02712,504.441,0.987167,NA,5.1929338329
"M97236","H000008135","Prevenar","L59792",2016-01-02,18.192198,1.036647,1.523296,-0.337661,361.227008,26.459809,27.320735,632.56698,27.032358,16.364143,18.85888,1356,1.532981,1.319746,-1.720734,0.494,4,-1.004343,494,118.709,-2.180284,1.397714,353.576168,476.727958,-1.078118,NA,5.0550827234
"GR3658","H000028394","Prevenar","GP0922",2023-03-23,18.093953,1.031022,0.494401,0.585568,391.112455,26.233836,25.546638,577.129486,26.521696,15.636671,18.655258,1275,0.497592,1.303259,3.117105,0.526,4,0.024262,526,119.585,-2.903731,1.358433,386.86742,509.720934,3.738439,NA,NA
"HF3761","H000010932","Prevenar","HG6461",2023-10-25,18.343026,0.990715,5.215395,0.765187,371.307328,26.769196,27.061402,567.378866,25.561742,14.078713,18.172707,1287,5.238213,1.415701,4.146638,0.521,4,0.935506,521,119.214,-1.758127,1.339292,388.846681,525.659973,4.564171,NA,NA
"LH8149","H000011374","Prevenar","HT4769",2024-05-15,20.276882,1.031998,-0.467056,0.107617,358.513946,29.951471,29.669928,662.287585,29.816179,17.280036,20.925707,1327,-0.468973,1.363971,0.471022,0.505,4,-0.541209,505,119.279,-2.481073,1.401257,360.140711,489.002458,0.877852,NA,5.0958987495
"N90865","H000008135","Prevenar","M14486",2016-06-30,19.18272,0.975316,4.633427,-0.489929,363.459611,38.260843,41.042431,595.969312,42.005499,17.166216,18.709221,1367,4.656645,1.380931,-2.61342,0.49,4,-0.01643,490,119.05,-7.529848,1.478663,331.058347,501.912714,-2.101789,NA,5.1358716264
"T37737","H000010932","Prevenar","T02233",2017-08-11,17.827239,1.026017,3.890207,0.093621,351.513345,25.994197,26.860787,577.642739,25.513548,14.784696,18.291051,1309,3.907082,1.418244,0.573301,0.512,4,-0.370191,512,119.269,-2.062925,1.428236,358.135492,498.531532,1.002714,NA,NA
"AW6821","H000013782","Prevenar","AG6840",2019-04-15,17.037718,1.00587,1.440862,0.647004,308.441268,24.06569,23.492744,512.714681,22.716311,14.328978,17.137725,1424,1.448076,1.514868,3.828834,0.47,4,0.546998,470,119.954,-1.994431,1.438322,326.763093,467.247937,4.30795,NA,4.9882181755
"LC5395","H000019489","Prevenar","HT4775",2024-06-02,19.399244,1.039088,2.491714,0.680814,356.445313,27.713075,27.455116,620.640154,27.112771,16.094032,20.157523,1289,2.502597,1.403226,3.433421,0.52,4,-0.077465,520,119.247,-2.795401,1.426491,364.337382,500.173326,3.853348,NA,NA
"LJ1079","H000013782","Prevenar","LK2941",2024-11-23,21.669052,0.877312,5.652496,0.029018,378.80287,27.420443,28.950767,613.357135,28.754422,18.971183,19.010518,1332,5.675455,1.512977,0.094493,0.503,4,2.687551,503,119.813,-1.037476,1.391928,361.229392,573.120111,0.498649,-60.478062,5.3028458797
"LL4095","H000010932","Prevenar","LH1778",2024-10-02,19.80913,1.021199,-12.319932,-0.899094,346.333762,30.400181,28.015857,706.968131,29.692234,17.525698,20.229057,1404,-12.283036,1.349476,-4.43991,0.477,4,-1.319021,477,118.959,-3.044945,1.34599,354.591343,467.36897,-4.75363,-52.233736,NA
"L36867","H000008135","Prevenar","H01006",2015-01-07,14.069568,1.052762,-6.247171,-1.415393,303.077778,22.864261,23.530488,498.728172,21.745288,10.788471,14.811908,1588,-6.582254,1.319553,-9.496089,0.421,3,-2.157732,421,118.39,-4.502163,1.321189,318.673615,399.927054,-3.921978,NA,5.4715248347
"HH7687","H000031244","Prevenar","HG6461",2023-11-06,18.343026,0.990715,5.215395,0.765187,371.307328,26.769196,27.061402,567.378866,25.561742,14.078713,18.172707,1287,5.238213,1.415701,4.146638,0.521,4,0.935506,521,119.214,-1.758127,1.339292,388.846681,525.659973,4.564171,NA,NA
"LX2591","H000010932","Prevenar","LK2943",2025-01-18,20.835515,0.983602,-2.562304,-0.184201,364.665354,30.502635,29.983084,665.808163,29.820673,18.599972,20.49386,1345,-2.572999,1.387171,-0.8697,0.498,4,0.157454,498,119.814,-2.688685,1.33392,373.004801,505.853371,-0.450392,-53.878952,NA
"FD1930","H000019489","Prevenar","EP5303",2021-07-13,18.003667,1.07081,2.03445,0.225273,370.012274,26.849715,27.092916,598.176775,27.57132,15.750196,19.278513,1317,2.045026,1.283514,1.139238,0.509,4,-1.049573,509,118.23,-1.530815,1.411338,360.328202,474.915999,1.650514,NA,NA
"CL3157","H000019488","Prevenar","AH4748",2019-08-09,16.585268,1.040163,12.877446,0.53121,375.520845,24.907691,27.347801,536.690701,26.413623,13.490931,17.25138,1375,12.931716,1.247922,3.135103,0.487,4,-0.134901,487,118.672,-1.048891,1.376522,354.111096,468.620696,3.541606,NA,NA
"EL8860","H000010932","Prevenar","DX8198",2020-12-16,16.959903,1.043518,0.776715,0.197639,369.058597,26.195233,26.097896,557.7369,25.480792,12.907126,17.69796,1330,0.791846,1.308638,1.163429,0.504,4,-0.540417,504,118.549,-2.180844,1.328342,379.406416,482.964109,3.052086,NA,NA
"GE6465","H000006081","Prevenar","GA5078",2022-08-11,19.972257,1.029314,1.626797,-0.295756,358.299897,28.58446,29.473565,613.233838,28.290834,18.020164,20.557723,1353,1.63309,1.341671,-1.477358,0.495,4,-0.881222,495,118.229,-2.675684,1.366815,362.018642,480.720679,-1.086348,NA,5.2379887133
"HF3771","H000011374","Prevenar","HG6460",2023-09-21,16.236499,1.035493,-2.853245,-0.059713,340.711386,24.985877,24.347094,549.73465,23.923964,13.580441,16.812786,1389,-2.863213,1.364992,-0.306635,0.482,3,-0.636,482,118.068,-3.951626,1.353368,355.834534,465.068168,0.042561,NA,5.0122400444
"HY4180","H000019489","Prevenar","HT4762",2024-03-30,17.319266,1.002523,-1.270183,-0.195129,369.600509,26.754793,26.698468,584.656803,26.034857,14.411779,17.362971,1351,-1.275063,1.339553,-1.064541,0.496,4,-0.238834,496,119.778,-4.909661,1.306797,379.820983,495.099538,-0.677688,NA,NA
"LE1000","H000019489","Prevenar","HT4781",2024-06-20,18.79491,1.006838,-4.599062,-0.964625,392.388706,30.3252,30.490869,641.40633,30.368603,15.558431,18.923435,1401,-4.61783,1.209114,-5.164136,0.478,4,-1.093149,478,118.769,-3.830033,1.219125,391.827905,474.442656,-4.73673,-60.023885,NA
"AW6837","H000010932","Prevenar","AM9046",2019-05-04,17.291073,1.026038,10.887642,-0.505057,384.728585,28.520604,32.448987,588.882642,27.528794,14.107219,17.741292,1370,10.947655,1.238332,-2.826186,0.489,4,-0.955276,489,119.47,-2.52965,1.226391,398.589635,476.421714,-2.262516,NA,5.3823489313
"L30182","H000008135","Prevenar","L33539",2015-06-05,17.445741,1.071753,-3.231932,-0.229061,357.557571,28.220929,27.671601,622.468713,26.666919,15.249128,18.697529,1351,-3.247876,1.29525,-1.301346,0.496,4,-1.480849,496,119.46,-0.862502,1.311746,378.39418,463.126267,-0.804046,NA,4.7871595034
"M21955","H000008135","Prevenar","L78969",2015-08-14,16.71547,1.102665,10.758697,0.546703,354.97372,24.672266,26.599453,594.781533,25.761593,14.916076,18.431562,1294,10.812874,1.322852,3.001726,0.518,4,-1.169389,518,118.269,-2.129997,1.523065,339.963685,469.577663,3.487726,NA,5.2063831025
"GE7257","H000019489","Prevenar","EP5310",2022-05-31,18.87129,0.997386,-5.767903,-1.002331,342.302624,27.417416,27.298564,617.164527,26.495285,16.999167,18.821958,1407,-5.786869,1.395026,-5.353379,0.476,4,-0.952999,476,117.74,-2.193023,1.344583,354.215972,477.521099,-5.008092,NA,NA
"RE8411","H000035016","Prevenar","MT7935",2026-07-06,16.541616,1.083083,5.863262,0.658228,367.342321,NA,NA,544.25472,NA,14.547303,17.915949,1348,5.888725,1.249523,3.628908,0.497,4,-0.716104,497,118.208,-3.548605,1.362152,364.96515,459.002676,4.045612,-58.686449,NA
"MC1720","H000035016","Prevenar","LY2106",2025-06-02,17.659421,1.054283,3.304701,0.295935,361.069948,27.233595,27.706506,606.082369,27.147428,15.334365,18.618035,1317,3.312574,1.337843,1.576074,0.509,4,-0.662679,509,119.4,-2.338126,1.406003,362.215992,483.054942,1.81002,-53.193511,NA
"DX7817","H000010932","Prevenar","DH4021",2020-07-10,16.706225,1.100612,-0.180486,0.035067,351.975074,26.067776,25.987629,580.375729,24.457142,13.823722,18.387067,1309,-0.181422,1.321362,0.126035,0.512,4,-1.645774,512,118.01,-1.290083,1.36445,375.154524,465.086498,0.641695,NA,NA
"EC6041","H000010932","Prevenar","DN7212",2020-08-24,19.132775,0.9024,-2.852883,-0.221649,373.683436,26.934953,26.517749,580.210939,25.916302,16.713042,17.265412,1330,-2.869455,1.494239,-1.320523,0.504,4,1.645715,504,119.071,-1.732981,1.297406,388.371216,558.372229,-0.735368,NA,NA
"FM6227","H000011044","Prevenar","FH2522",2021-12-14,18.815339,1.019628,0.724636,0.03289,359.069978,27.569253,27.727349,587.103926,26.805297,15.863962,19.18465,1332,0.727297,1.372994,0.153844,0.503,4,-0.336421,503,119.167,-2.083127,1.36115,369.303538,493.000782,0.519132,NA,5.013903722
"HC6256","H000017723","Prevenar","GJ3290",2023-05-11,17.037019,1.024861,-7.407271,-0.745609,357.406145,27.205463,26.361452,586.394589,24.976448,15.143494,17.460571,1389,-7.442738,1.315317,-4.34038,0.482,4,-1.169162,482,119.864,-3.84948,1.23757,389.302748,470.10249,-3.843157,NA,5.2524449016
"HG8785","H000019489","Prevenar","GY0026",2023-10-12,18.401246,1.000567,-2.797554,-0.662557,356.594162,28.095079,28.291771,602.517877,27.76051,16.227445,18.411673,1378,-2.815707,1.361258,-3.515799,0.486,4,-0.672984,486,118.708,-2.517624,1.34581,360.891829,485.41669,-2.848427,NA,NA
"HF3319","H000010932","Prevenar","HA8568",2023-09-03,19.033165,1.048794,5.048277,0.911103,357.962879,26.226249,26.348413,629.659797,26.434917,16.013236,19.961873,1272,5.081595,1.404713,4.615786,0.527,4,-0.017605,527,118.885,-2.555154,1.484977,355.137243,502.835079,5.241194,NA,NA
"FG5401","H000017723","Prevenar","DN7212",2021-10-07,19.132775,0.9024,-2.852883,-0.221649,373.683436,26.934953,26.517749,580.210939,25.916302,16.713042,17.265412,1330,-2.869455,1.494239,-1.320523,0.504,4,1.645715,504,119.071,-1.732981,1.297406,388.371216,558.372229,-0.735368,NA,5.2355746509
"AM6082","H000017723","Prevenar","X72415",2019-02-14,18.826001,1.001993,4.244333,0.006165,367.977649,27.657831,28.83379,622.081339,28.063916,15.57657,18.863515,1332,4.271554,1.365094,0.019743,0.503,4,-0.031349,503,119.404,-2.967931,1.387897,362.653011,502.323974,0.65687,NA,5.3139806563
"HN7328","H000010932","Prevenar","HL5291",2023-12-28,19.774892,1.01089,0.035593,-0.407619,336.988915,29.049735,29.632427,674.543647,27.534699,16.583414,19.990241,1361,0.035773,1.445647,-1.97007,0.492,4,-0.622967,492,119.064,-2.621986,1.385174,355.530989,487.166928,-1.457847,NA,NA
"HN9190","H000010932","Prevenar","HG6461",2023-12-23,18.343026,0.990715,5.215395,0.765187,371.307328,26.769196,27.061402,567.378866,25.561742,14.078713,18.172707,1287,5.238213,1.415701,4.146638,0.521,4,0.935506,521,119.214,-1.758127,1.339292,388.846681,525.659973,4.564171,NA,NA
"GX2971","H000028394","Prevenar","GR5837",2023-06-23,17.937282,1.052864,2.778089,0.261325,394.415293,27.917431,28.319966,587.17135,28.699502,15.865007,18.885525,1314,2.796991,1.229267,1.355117,0.51,4,-0.686919,510,119.58,-2.419766,1.330509,383.667346,484.841805,2.021741,NA,NA
"HF3768","H000011374","Prevenar","HA8573",2023-08-23,17.976272,1.01534,7.350318,0.335138,372.924331,25.583004,26.984241,580.56508,26.820183,14.943868,18.252028,1309,7.386904,1.351938,1.909684,0.512,4,0.059383,512,118.328,-4.328875,1.439059,355.721821,504.170743,2.395508,NA,5.387161365
"HF3776","H000013782","Prevenar","HG6461",2023-10-31,18.343026,0.990715,5.215395,0.765187,371.307328,26.769196,27.061402,567.378866,25.561742,14.078713,18.172707,1287,5.238213,1.415701,4.146638,0.521,4,0.935506,521,119.214,-1.758127,1.339292,388.846681,525.659973,4.564171,NA,4.9965441304
"CK5676","H000010932","Prevenar","AG6840",2019-06-24,17.037718,1.00587,1.440862,0.647004,308.441268,24.06569,23.492744,512.714681,22.716311,14.328978,17.137725,1424,1.448076,1.514868,3.828834,0.47,4,0.546998,470,119.954,-1.994431,1.438322,326.763093,467.247937,4.30795,NA,NA
"L22464","H000006081","Prevenar","H01006",2015-01-09,14.069568,1.052762,-6.247171,-1.415393,303.077778,22.864261,23.530488,498.728172,21.745288,10.788471,14.811908,1588,-6.582254,1.319553,-9.496089,0.421,3,-2.157732,421,118.39,-4.502163,1.321189,318.673615,399.927054,-3.921978,NA,5.1917343721
"LJ1157","H000028394","Prevenar","LH1892",2024-11-10,19.248219,1.04863,-2.17119,-0.857726,343.856837,27.40603,27.979584,689.166779,28.066443,16.623073,20.184255,1389,-2.18198,1.336741,-4.274784,0.482,4,-1.793762,482,118.206,-1.299376,1.435525,335.76576,459.647466,-3.759132,-61.464423,NA
"AP9876","H000013782","Prevenar","AH4747",2019-03-06,17.08314,1.052924,3.121891,0.390615,413.214444,28.655843,28.936248,577.090362,29.221445,14.269301,17.987255,1292,3.134833,1.192254,2.156307,0.519,4,-0.5135,519,119.652,-1.412736,1.280131,405.216382,492.656504,2.560251,NA,5.2910345521
"S26360","H000011373","Prevenar","R25788",2017-03-17,16.570629,1.099216,2.239387,0.582964,342.592347,27.068343,26.803651,549.863784,25.548511,14.739518,18.214704,1340,2.246664,1.327529,3.22453,0.5,4,-1.061111,500,119.94,-1.993337,1.377308,362.972509,454.801211,3.537976,NA,5.0506511081
"FL8875","H000006081","Prevenar","DY9985",2021-11-05,16.633219,0.973404,-2.429739,-0.613074,363.353414,26.296134,26.660402,539.18438,26.373824,14.272438,16.190846,1467,-2.436722,1.290199,-3.821976,0.456,3,-0.170702,456,119.643,-2.901142,1.259595,362.283079,468.798158,-3.52445,NA,5.2803719453
"LJ1168","H000032244","Prevenar","HT4770",2024-06-30,16.466512,0.988511,-5.194225,-0.903454,358.068281,23.225361,23.296638,546.855023,24.452494,14.096573,16.277327,1467,-5.215465,1.288643,-5.522355,0.456,4,-0.714268,456,119.233,-2.639212,1.341142,340.098856,461.422249,-5.0926,-56.126294,NA
"M56319","H000008135","Prevenar","L59788",2015-10-28,19.596325,1.012387,18.425024,0.646995,382.649165,29.312729,33.795638,628.348091,29.373982,17.15577,19.839074,1292,18.501057,1.339144,3.207669,0.519,4,0.404246,519,119.762,-0.409544,1.358566,381.851234,512.422516,3.605455,NA,4.893898244
"EL8859","H000010932","Prevenar","DN7212",2020-12-30,19.132775,0.9024,-2.852883,-0.221649,373.683436,26.934953,26.517749,580.210939,25.916302,16.713042,17.265412,1330,-2.869455,1.494239,-1.320523,0.504,4,1.645715,504,119.071,-1.732981,1.297406,388.371216,558.372229,-0.735368,NA,NA
"FH7106","H000019489","Prevenar","EP5310",2021-10-24,18.87129,0.997386,-5.767903,-1.002331,342.302624,27.417416,27.298564,617.164527,26.495285,16.999167,18.821958,1407,-5.786869,1.395026,-5.353379,0.476,4,-0.952999,476,117.74,-2.193023,1.344583,354.215972,477.521099,-5.008092,NA,NA
"GR3690","H000019489","Prevenar","GG0386",2023-01-23,19.12153,0.93333,-6.239369,-0.359501,370.132271,27.286494,26.146152,595.497723,26.68979,16.903737,17.846699,1359,-6.27894,1.427572,-2.099794,0.493,4,0.915331,493,118.077,-3.48719,1.303259,378.407317,528.390573,-1.456344,NA,NA
"GT1611","H000011374","Prevenar","GP0922",2023-03-28,18.093953,1.031022,0.494401,0.585568,391.112455,26.233836,25.546638,577.129486,26.521696,15.636671,18.655258,1275,0.497592,1.303259,3.117105,0.526,4,0.024262,526,119.585,-2.903731,1.358433,386.86742,509.720934,3.738439,NA,NA
"LL4172","H000013782","Prevenar","LH1892",2024-11-08,19.248219,1.04863,-2.17119,-0.857726,343.856837,27.40603,27.979584,689.166779,28.066443,16.623073,20.184255,1389,-2.18198,1.336741,-4.274784,0.482,4,-1.793762,482,118.206,-1.299376,1.435525,335.76576,459.647466,-3.759132,-61.464423,4.8204434073
"M02678","H000006081","Prevenar","L33541",2015-07-13,17.267683,0.972576,-3.165191,-1.784303,355.815166,26.090673,28.015668,587.66816,27.032054,14.582479,16.794127,1471,-3.184066,1.314014,-10.562166,0.455,4,-1.310748,455,118.053,-4.264584,1.324089,343.424039,467.546267,-9.906759,NA,5.6667649762
"MA5246","H000031244","Prevenar","LK2943",2024-12-26,20.835515,0.983602,-2.562304,-0.184201,364.665354,30.502635,29.983084,665.808163,29.820673,18.599972,20.49386,1345,-2.572999,1.387171,-0.8697,0.498,4,0.157454,498,119.814,-2.688685,1.33392,373.004801,505.853371,-0.450392,-53.878952,NA
"N28999","H000006081","Prevenar","M14485",2016-06-25,18.037329,0.977366,-4.538975,-1.194861,337.369453,26.367144,26.953587,605.029822,25.25228,16.110364,17.629079,1424,-4.55883,1.425824,-6.782973,0.47,4,-0.786612,470,118.275,-2.156589,1.334629,352.263992,481.029324,-6.317907,NA,5.3699621897
"ED8346","H000010932","Prevenar","DX8198",2020-11-17,16.959903,1.043518,0.776715,0.197639,369.058597,26.195233,26.097896,557.7369,25.480792,12.907126,17.69796,1330,0.791846,1.308638,1.163429,0.504,4,-0.540417,504,118.549,-2.180844,1.328342,379.406416,482.964109,3.052086,NA,NA
"AM5979","H000006081","Prevenar","X72415",2019-02-20,18.826001,1.001993,4.244333,0.006165,367.977649,27.657831,28.83379,622.081339,28.063916,15.57657,18.863515,1332,4.271554,1.365094,0.019743,0.503,4,-0.031349,503,119.404,-2.967931,1.387897,362.653011,502.323974,0.65687,NA,5.449917634
"DC8074","H000010932","Prevenar","AR4751",2020-01-09,18.671864,0.962272,1.74243,0.170722,398.018488,29.700997,29.921324,582.660863,28.4086,15.718516,17.967403,1322,1.749549,1.323243,1.007731,0.507,4,0.875183,507,118.751,-0.786712,1.217912,416.125605,526.675177,1.410519,NA,4.9530340067
"GR2984","H000008135","Prevenar","GP0922",2023-03-22,18.093953,1.031022,0.494401,0.585568,391.112455,26.233836,25.546638,577.129486,26.521696,15.636671,18.655258,1275,0.497592,1.303259,3.117105,0.526,4,0.024262,526,119.585,-2.903731,1.358433,386.86742,509.720934,3.738439,NA,4.804138253
"M56320","H000008135","Prevenar","L59788",2015-11-03,19.596325,1.012387,18.425024,0.646995,382.649165,29.312729,33.795638,628.348091,29.373982,17.15577,19.839074,1292,18.501057,1.339144,3.207669,0.519,4,0.404246,519,119.762,-0.409544,1.358566,381.851234,512.422516,3.605455,NA,4.8972210815
"M96867","H000006081","Prevenar","L59792",2015-12-21,18.192198,1.036647,1.523296,-0.337661,361.227008,26.459809,27.320735,632.56698,27.032358,16.364143,18.85888,1356,1.532981,1.319746,-1.720734,0.494,4,-1.004343,494,118.709,-2.180284,1.397714,353.576168,476.727958,-1.078118,NA,5.2917675049
"LL9784","H000031244","Prevenar","LD1194",2024-07-20,19.349786,1.026104,-1.216341,-0.300568,378.110048,29.135904,29.240276,622.418856,29.442943,17.385312,19.854902,1351,-1.224011,1.277527,-1.582236,0.496,4,-0.805684,496,119.552,-2.232329,1.32469,374.167007,483.045641,-0.945661,-55.003212,NA
"HG8782","H000019489","Prevenar","HA8571",2023-09-07,18.018809,1.021535,-3.101401,-0.559932,339.706123,25.905403,25.901245,605.358145,25.627132,15.268548,18.406838,1372,-3.11904,1.406253,-3.102991,0.488,4,-0.947961,488,119.33,-2.161694,1.421105,343.394805,477.712608,-2.519895,NA,NA
"RE8365","H000010932","Prevenar","MT7937",2026-06-25,16.787946,1.050487,-2.178096,-0.446674,352.030067,NA,NA,562.344473,NA,14.239858,17.635515,1386,-2.188092,1.30622,-2.595645,0.483,4,-1.294243,483,119.97,-4.040366,1.372885,351.845868,459.82875,-2.126982,-59.520582,5.3049277288
"FD1841","H000019489","Prevenar","EP5303",2021-06-07,18.003667,1.07081,2.03445,0.225273,370.012274,26.849715,27.092916,598.176775,27.57132,15.750196,19.278513,1317,2.045026,1.283514,1.139238,0.509,4,-1.049573,509,118.23,-1.530815,1.411338,360.328202,474.915999,1.650514,NA,NA
"CM3338","H000010932","Prevenar","AR4750",2019-08-22,16.762178,1.082567,3.1316,-0.54368,369.619205,27.64336,29.346835,585.122014,27.126234,14.008392,18.14618,1375,3.144737,1.218297,-3.017591,0.487,4,-1.927681,487,118.472,-2.877822,1.294215,376.665519,450.305837,-2.587237,NA,NA
"L90656","H000008135","Prevenar","L33537",2015-05-03,16.748046,0.983397,-7.059154,-0.926324,323.301131,26.017976,25.634717,586.037989,23.162119,14.749732,16.469976,1407,-7.104147,1.497854,-5.631091,0.476,3,-0.648253,476,118.404,-3.6643,1.311303,363.163708,484.257791,-4.962101,NA,5.2663721062
"M45741","H000008135","Prevenar","L94887",2015-09-14,17.776807,1.064414,-1.799968,-0.16093,375.507305,27.861689,27.611793,620.40985,27.729891,15.262212,18.92188,1340,-1.814082,1.25013,-0.917168,0.5,4,-1.306002,500,119.888,-0.890153,1.324361,377.292063,469.433017,-0.131992,NA,5.2231768074
"N73145","H000010932","Prevenar","M14485",2016-06-18,18.037329,0.977366,-4.538975,-1.194861,337.369453,26.367144,26.953587,605.029822,25.25228,16.110364,17.629079,1424,-4.55883,1.425824,-6.782973,0.47,4,-0.786612,470,118.275,-2.156589,1.334629,352.263992,481.029324,-6.317907,NA,NA
"HY4200","H000028394","Prevenar","HT4762",2024-04-03,17.319266,1.002523,-1.270183,-0.195129,369.600509,26.754793,26.698468,584.656803,26.034857,14.411779,17.362971,1351,-1.275063,1.339553,-1.064541,0.496,4,-0.238834,496,119.778,-4.909661,1.306797,379.820983,495.099538,-0.677688,NA,NA
"HX9341","H000017723","Prevenar","HT4763",2024-04-16,19.648201,0.976486,-0.708735,-1.094408,370.870706,29.623756,31.082055,673.564601,30.540901,16.549014,19.186201,1407,-0.713155,1.3141,-5.635891,0.476,4,-0.632408,476,119.309,-2.997244,1.322928,359.733437,487.361173,-4.981122,NA,5.1885136446
"LE1001","H000019489","Prevenar","LD1196",2024-09-24,20.665207,0.926485,-1.665693,0.677491,367.023754,30.277407,28.71424,616.321334,27.92291,18.095636,19.14601,1287,-1.674564,1.532444,3.488249,0.521,4,2.196688,521,119.074,-2.891721,1.309378,397.971673,562.443174,3.99952,-51.662166,NA
"T19580","H000008135","Prevenar","S66433",2017-07-14,16.413214,0.973164,-5.287773,-0.668714,316.860919,24.586439,24.32801,560.385436,22.510386,14.712245,15.972746,1418,-5.309343,1.531944,-4.258237,0.472,3,-0.228246,472,119.629,-3.050968,1.364948,346.083878,485.413198,-3.834684,NA,5.725652854
"J80521","H000002634","Prevenar","H01006",2014-10-27,14.069568,1.052762,-6.247171,-1.415393,303.077778,22.864261,23.530488,498.728172,21.745288,10.788471,14.811908,1588,-6.582254,1.319553,-9.496089,0.421,3,-2.157732,421,118.39,-4.502163,1.321189,318.673615,399.927054,-3.921978,NA,5.2725371493
"LY5604","H000031244","Prevenar","LY2103",2025-05-16,18.529559,1.032996,-3.045181,-0.419925,378.407535,29.71531,29.441254,646.66405,28.776721,16.237904,19.140965,1361,-3.063024,1.258949,-2.140751,0.492,4,-1.031331,492,118.909,-1.520066,1.259413,390.749782,476.395973,-1.545747,-61.852418,NA
"S51049","H000008135","Prevenar","N43436",2017-04-19,18.438769,0.988155,-1.284789,-0.41071,337.479441,28.33287,28.605165,591.982654,25.4169,16.472385,18.220359,1364,-1.290121,1.472317,-2.251176,0.491,4,-0.1923,491,118.838,-2.764341,1.305144,376.19699,496.876752,-1.828622,NA,5.4461338231
"R59728","H000008135","Prevenar","N16603",2016-11-29,16.996872,1.069755,-4.189768,-0.339704,370.502785,29.963219,29.250828,582.846281,26.87749,15.307747,18.182486,1356,-4.219081,1.24622,-1.841529,0.494,4,-1.525318,494,118.034,-1.565532,1.195857,413.039157,461.728147,-1.133941,NA,5.2692111583
"HA2708","H000010932","Prevenar","FT3236",2023-06-07,16.856738,1.082957,9.626658,2.594907,360.756024,25.997375,24.817009,529.016575,24.517619,13.920349,18.255127,1238,9.671735,1.387737,14.212062,0.542,4,1.196518,542,119.243,-1.913044,1.417318,382.529378,500.634632,14.611886,NA,NA
"GH5589","H000010932","Prevenar","GD9434",2022-11-04,18.836144,1.032384,-3.743169,0.004248,395.274875,31.318087,30.119764,620.714605,29.279637,16.746636,19.446127,1335,-3.758482,1.230538,0.067817,0.502,4,-0.605736,502,119.301,-3.411759,1.187699,422.793942,486.400597,0.474965,NA,NA
"AM5978","H000006081","Prevenar","X72415",2019-02-17,18.826001,1.001993,4.244333,0.006165,367.977649,27.657831,28.83379,622.081339,28.063916,15.57657,18.863515,1332,4.271554,1.365094,0.019743,0.503,4,-0.031349,503,119.404,-2.967931,1.387897,362.653011,502.323974,0.65687,NA,5.4221716436
"H87642","H000002634","Prevenar","H01006",2014-01-23,14.069568,1.052762,-6.247171,-1.415393,303.077778,22.864261,23.530488,498.728172,21.745288,10.788471,14.811908,1588,-6.582254,1.319553,-9.496089,0.421,3,-2.157732,421,118.39,-4.502163,1.321189,318.673615,399.927054,-3.921978,NA,5.2736533694
"HY4202","H000028394","Prevenar","HT4775",2024-05-23,19.399244,1.039088,2.491714,0.680814,356.445313,27.713075,27.455116,620.640154,27.112771,16.094032,20.157523,1289,2.502597,1.403226,3.433421,0.52,4,-0.077465,520,119.247,-2.795401,1.426491,364.337382,500.173326,3.853348,NA,NA
"MW1319","H000013782","Prevenar","ME2368",2025-10-14,16.313821,1.074483,-3.922859,-0.800719,358.483824,NA,NA,615.732758,NA,14.47889,17.52892,1392,-3.946972,1.248752,-4.522717,0.481,4,-2.015818,481,119.64,-4.679331,1.262777,380.906461,447.657236,-3.884163,-69.639377,5.2634864643
"W08088","H000010932","Prevenar","T22145",2017-11-13,17.257286,1.037399,4.080862,0.74226,358.654964,26.690087,26.689756,539.251933,26.305682,14.052817,17.90269,1353,4.100016,1.329611,4.101256,0.495,4,0.096855,495,119.513,-0.278189,1.359471,363.895982,476.871678,4.549267,NA,NA
"FL8877","H000006081","Prevenar","DY9985",2021-11-15,16.633219,0.973404,-2.429739,-0.613074,363.353414,26.296134,26.660402,539.18438,26.373824,14.272438,16.190846,1467,-2.436722,1.290199,-3.821976,0.456,3,-0.170702,456,119.643,-2.901142,1.259595,362.283079,468.798158,-3.52445,NA,5.223792683
"LX3432","H000031244","Prevenar","LK2944",2025-01-21,20.602336,0.986093,6.177578,1.519456,388.625773,29.104642,28.733397,611.863001,29.540517,18.283289,20.315817,1233,6.224365,1.420793,7.499916,0.544,4,1.805976,544,118.191,-0.890808,1.422015,382.891542,552.156623,8.195217,-53.370596,NA
"X56196","H000010932","Prevenar","W61747",2018-08-10,18.124815,1.047331,16.432192,1.075851,384.806066,27.531548,30.529879,562.250829,28.055718,15.118923,18.982681,1277,16.515979,1.302723,5.62545,0.525,4,0.217985,525,118.791,-0.196732,1.390358,377.616658,501.29566,6.104221,NA,NA
"EL8921","H000010932","Prevenar","DN7212",2021-03-22,19.132775,0.9024,-2.852883,-0.221649,373.683436,26.934953,26.517749,580.210939,25.916302,16.713042,17.265412,1330,-2.869455,1.494239,-1.320523,0.504,4,1.645715,504,119.071,-1.732981,1.297406,388.371216,558.372229,-0.735368,NA,NA
"N33860","H000008135","Prevenar","L94887",2016-05-23,17.776807,1.064414,-1.799968,-0.16093,375.507305,27.861689,27.611793,620.40985,27.729891,15.262212,18.92188,1340,-1.814082,1.25013,-0.917168,0.5,4,-1.306002,500,119.888,-0.890153,1.324361,377.292063,469.433017,-0.131992,NA,5.3594962903
"LJ1138","H000019489","Prevenar","LH1777",2024-08-22,18.664666,1.022425,-10.269432,-2.15426,318.160488,29.086586,29.386303,687.491758,27.605772,16.813695,19.09487,1480,-10.331142,1.388659,-11.361574,0.452,4,-2.584464,452,119.753,-5.856031,1.347517,335.22708,441.816515,-10.696389,-61.297295,NA
"LJ1158","H000028394","Prevenar","LH1892",2024-11-15,19.248219,1.04863,-2.17119,-0.857726,343.856837,27.40603,27.979584,689.166779,28.066443,16.623073,20.184255,1389,-2.18198,1.336741,-4.274784,0.482,4,-1.793762,482,118.206,-1.299376,1.435525,335.76576,459.647466,-3.759132,-61.464423,NA
"CM3333","H000008090","Prevenar","AH4747",2019-11-10,17.08314,1.052924,3.121891,0.390615,413.214444,28.655843,28.936248,577.090362,29.221445,14.269301,17.987255,1292,3.134833,1.192254,2.156307,0.519,4,-0.5135,519,119.652,-1.412736,1.280131,405.216382,492.656504,2.560251,NA,5.0575988323
"NT6407","H000013782","Prevenar","NP5494",NA,16.946634,1.098534,0.190458,0.372687,376.842092,NA,NA,565.108897,NA,14.777233,18.616446,1327,0.190127,1.219409,1.983026,0.505,4,-1.297125,505,118.768,-2.729436,1.325932,380.715845,459.524616,1.812654,-66.763755,4.8738984338
"M97249","H000008135","Prevenar","L59912",2016-02-16,17.004213,1.13025,7.71698,1.277864,369.899587,27.765772,28.062293,577.616112,25.985793,14.956015,19.219015,1227,7.7789,1.308202,6.710963,0.547,4,-0.936937,547,119.523,-1.064818,1.383808,395.237031,483.903473,7.453539,NA,5.0833954892
"FA1618","H000010932","Prevenar","EF8589",2021-06-10,18.610689,1.012633,1.874448,0.460326,377.657204,26.512613,26.378595,609.337271,27.013038,15.402889,18.845796,1302,1.88311,1.346269,2.388597,0.515,4,0.225219,515,119.412,-1.449027,1.389008,370.660991,508.428181,2.83762,NA,NA
"M56321","H000008135","Prevenar","L59788",2015-11-01,19.596325,1.012387,18.425024,0.646995,382.649165,29.312729,33.795638,628.348091,29.373982,17.15577,19.839074,1292,18.501057,1.339144,3.207669,0.519,4,0.404246,519,119.762,-0.409544,1.358566,381.851234,512.422516,3.605455,NA,4.814423654
"NM6369","H000010932","Prevenar","MC9171",2025-12-05,18.643621,1.004427,-0.40984,-0.197402,372.823524,NA,NA,599.590476,NA,16.741721,18.726147,1348,-0.412041,1.328373,-0.985126,0.497,4,-0.279929,497,118.741,-2.713483,1.296091,383.801044,495.248803,-0.44582,-55.265315,5.0965779587
"GX2946","H000019489","Prevenar","GR5839",2023-06-05,18.836613,1.03587,2.663731,0.567053,372.135778,28.896148,28.812267,631.631993,27.795801,16.850322,19.512283,1297,2.672391,1.340254,2.962677,0.517,4,-0.108617,517,118.092,-2.867595,1.335462,386.867444,498.75635,3.277135,NA,NA
"HT5058","H000010932","Prevenar","HG6460",2024-05-05,16.236499,1.035493,-2.853245,-0.059713,340.711386,24.985877,24.347094,549.73465,23.923964,13.580441,16.812786,1389,-2.863213,1.364992,-0.306635,0.482,3,-0.636,482,118.068,-3.951626,1.353368,355.834534,465.068168,0.042561,NA,5.1003993453
"M32475","H000008135","Prevenar","L59788",2015-09-21,19.596325,1.012387,18.425024,0.646995,382.649165,29.312729,33.795638,628.348091,29.373982,17.15577,19.839074,1292,18.501057,1.339144,3.207669,0.519,4,0.404246,519,119.762,-0.409544,1.358566,381.851234,512.422516,3.605455,NA,5.1238987533
"N58142","H000010932","Prevenar","L59916",2016-03-25,18.229414,1.040881,-6.848058,-1.234807,335.474967,28.079235,27.978144,655.11313,26.724838,16.137669,18.974643,1418,-6.886174,1.351504,-6.526151,0.472,4,-1.980036,472,119.757,-4.617697,1.338899,352.476617,453.395628,-5.936515,NA,NA
"N90897","H000006081","Prevenar","M93303",2016-08-18,17.411449,1.104167,6.821801,0.680273,348.274182,28.695725,29.637773,566.695708,26.069146,15.220938,19.225143,1289,6.873081,1.350952,3.590196,0.52,4,-1.133422,520,118.629,-2.433083,1.35514,383.364312,470.501767,4.309509,NA,5.00074077
"T19588","H000013782","Prevenar","S46092",2017-07-27,18.702717,0.986259,7.493214,1.234655,316.063572,24.309084,24.504464,553.897384,23.739429,16.555796,18.445724,1284,7.514598,1.673714,6.710866,0.522,4,1.491647,522,118.937,-2.576155,1.612033,323.647887,529,6.976331,NA,5.2478461537
"AM6027","H000010932","Prevenar","X72415",2019-02-19,18.826001,1.001993,4.244333,0.006165,367.977649,27.657831,28.83379,622.081339,28.063916,15.57657,18.863515,1332,4.271554,1.365094,0.019743,0.503,4,-0.031349,503,119.404,-2.967931,1.387897,362.653011,502.323974,0.65687,NA,NA
"GD6979","H000017723","Prevenar","FH7120",2022-06-11,14.838879,1.000803,-5.092891,-0.784237,296.422546,21.724863,21.773128,490.255928,21.788034,12.429087,14.850793,1630,-5.113478,1.380829,-5.335641,0.41,3,-0.796151,410,117.368,-1.739624,1.385956,295.563113,409.308932,-4.911557,NA,5.1843604005
"FT9264","H000019489","Prevenar","EP5310",2022-05-13,18.87129,0.997386,-5.767903,-1.002331,342.302624,27.417416,27.298564,617.164527,26.495285,16.999167,18.821958,1407,-5.786869,1.395026,-5.353379,0.476,4,-0.952999,476,117.74,-2.193023,1.344583,354.215972,477.521099,-5.008092,NA,NA
"GX2936","H000013782","Prevenar","GJ3290",2023-05-14,17.037019,1.024861,-7.407271,-0.745609,357.406145,27.205463,26.361452,586.394589,24.976448,15.143494,17.460571,1389,-7.442738,1.315317,-4.34038,0.482,4,-1.169162,482,119.864,-3.84948,1.23757,389.302748,470.10249,-3.843157,NA,5.1939412117
"HG4912","H000011044","Prevenar","GR5836",2023-10-06,18.810387,1.049225,3.933829,0.776722,392.109892,30.600838,30.591987,607.637824,29.102346,16.47897,19.736323,1280,3.963853,1.274797,3.99278,0.524,4,-0.149214,524,119.422,-3.209464,1.272051,412.299794,499.860705,4.719995,NA,5.229666275
"M97246","H000008135","Prevenar","L59792",2016-02-07,18.192198,1.036647,1.523296,-0.337661,361.227008,26.459809,27.320735,632.56698,27.032358,16.364143,18.85888,1356,1.532981,1.319746,-1.720734,0.494,4,-1.004343,494,118.709,-2.180284,1.397714,353.576168,476.727958,-1.078118,NA,5.2946689546
"LL4176","H000013782","Prevenar","LH1892",2024-11-19,19.248219,1.04863,-2.17119,-0.857726,343.856837,27.40603,27.979584,689.166779,28.066443,16.623073,20.184255,1389,-2.18198,1.336741,-4.274784,0.482,4,-1.793762,482,118.206,-1.299376,1.435525,335.76576,459.647466,-3.759132,-61.464423,4.9365428024
"NM6523","H000033648","Prevenar","LY2105",2026-03-16,18.815197,0.979766,-3.045376,-0.725631,373.371465,30.212336,30.494042,613.327054,29.213653,16.537481,18.434489,1386,-3.059262,1.321044,-3.991684,0.483,4,-0.344923,483,119.016,-2.89265,1.251529,386.135344,493.239972,-3.51969,-52.803629,NA
"DL7370","H000010932","Prevenar","AR4756",2020-03-03,17.081505,1.049267,5.726021,-0.017821,408.85568,27.455537,29.039496,621.518096,27.898214,13.369377,17.923058,1337,5.747204,1.168586,-0.021975,0.501,4,-0.859375,501,118.708,-2.257776,1.245929,402.368123,477.783058,0.346676,NA,NA
"HX9162","H000013782","Prevenar","HT4768",2024-04-24,21.149796,0.982841,-2.702718,-0.622547,342.756892,30.630831,30.70829,687.790789,29.390805,18.085809,20.786892,1375,-2.710654,1.445258,-2.963532,0.487,4,-0.259643,487,119.64,-2.260684,1.362955,357.218135,495.372287,-2.662058,NA,5.181882831
"HF3756","H000010932","Prevenar","GR5836",2023-09-25,18.810387,1.049225,3.933829,0.776722,392.109892,30.600838,30.591987,607.637824,29.102346,16.47897,19.736323,1280,3.963853,1.274797,3.99278,0.524,4,-0.149214,524,119.422,-3.209464,1.272051,412.299794,499.860705,4.719995,NA,NA
"HR4694","H000011044","Prevenar","HT4767",2024-04-15,19.523476,1.102429,5.968319,0.222911,359.524327,32.732479,34.37305,684.192348,31.274615,15.768571,21.52324,1314,6.019953,1.285645,1.007894,0.51,4,-1.776853,510,118.494,NA,1.354206,376.283534,462.22073,1.856965,NA,4.8269341544
"LX2592","H000010932","Prevenar","LK2943",2025-01-23,20.835515,0.983602,-2.562304,-0.184201,364.665354,30.502635,29.983084,665.808163,29.820673,18.599972,20.49386,1345,-2.572999,1.387171,-0.8697,0.498,4,0.157454,498,119.814,-2.688685,1.33392,373.004801,505.853371,-0.450392,-53.878952,NA
"MW1300","H000010932","Prevenar","ME2368",2025-09-29,16.313821,1.074483,-3.922859,-0.800719,358.483824,NA,NA,615.732758,NA,14.47889,17.52892,1392,-3.946972,1.248752,-4.522717,0.481,4,-2.015818,481,119.64,-4.679331,1.262777,380.906461,447.657236,-3.884163,-69.639377,5.3749419954
"DN4736","H000008135","Prevenar","CW3274",2020-04-12,17.696134,1.017616,6.712655,0.157912,344.85618,54.767289,57.985468,565.096711,53.30167,15.360343,18.007873,1337,6.736169,1.428898,0.860074,0.501,4,-0.153826,501,119.236,-0.935141,1.415157,354.338585,492.764181,1.206152,NA,5.0914172663
"FN4196","H000008135","Prevenar","DY9985",2021-10-31,16.633219,0.973404,-2.429739,-0.613074,363.353414,26.296134,26.660402,539.18438,26.373824,14.272438,16.190846,1467,-2.436722,1.290199,-3.821976,0.456,3,-0.170702,456,119.643,-2.901142,1.259595,362.283079,468.798158,-3.52445,NA,5.3637015986
"FY2990","H000014198","Prevenar","FT3236",2022-04-22,16.856738,1.082957,9.626658,2.594907,360.756024,25.997375,24.817009,529.016575,24.517619,13.920349,18.255127,1238,9.671735,1.387737,14.212062,0.542,4,1.196518,542,119.243,-1.913044,1.417318,382.529378,500.634632,14.611886,NA,NA
"M97244","H000008135","Prevenar","L59792",2016-01-29,18.192198,1.036647,1.523296,-0.337661,361.227008,26.459809,27.320735,632.56698,27.032358,16.364143,18.85888,1356,1.532981,1.319746,-1.720734,0.494,4,-1.004343,494,118.709,-2.180284,1.397714,353.576168,476.727958,-1.078118,NA,5.0570715683
"LJ1141","H000019489","Prevenar","LD1197",2024-09-01,17.96743,1.084934,-0.81602,0.284378,355.472066,29.881934,29.221771,611.4324,27.102325,15.920986,19.493479,1314,-0.820152,1.322276,1.389087,0.51,4,-1.241671,510,119.343,-1.515517,1.301138,391.929204,470.032225,1.885894,-57.381117,NA
"LH8150","H000011374","Prevenar","HT4769",2024-05-24,20.276882,1.031998,-0.467056,0.107617,358.513946,29.951471,29.669928,662.287585,29.816179,17.280036,20.925707,1327,-0.468973,1.363971,0.471022,0.505,4,-0.541209,505,119.279,-2.481073,1.401257,360.140711,489.002458,0.877852,NA,4.89356768
"LC5375","H000013782","Prevenar","HT4781",2024-06-11,18.79491,1.006838,-4.599062,-0.964625,392.388706,30.3252,30.490869,641.40633,30.368603,15.558431,18.923435,1401,-4.61783,1.209114,-5.164136,0.478,4,-1.093149,478,118.769,-3.830033,1.219125,391.827905,474.442656,-4.73673,-60.023885,5.3565654336
"M21961","H000006081","Prevenar","L59788",2015-11-14,19.596325,1.012387,18.425024,0.646995,382.649165,29.312729,33.795638,628.348091,29.373982,17.15577,19.839074,1292,18.501057,1.339144,3.207669,0.519,4,0.404246,519,119.762,-0.409544,1.358566,381.851234,512.422516,3.605455,NA,4.9399794924
"FC1572","H000010932","Prevenar","EF8589",2021-05-12,18.610689,1.012633,1.874448,0.460326,377.657204,26.512613,26.378595,609.337271,27.013038,15.402889,18.845796,1302,1.88311,1.346269,2.388597,0.515,4,0.225219,515,119.412,-1.449027,1.389008,370.660991,508.428181,2.83762,NA,NA
"GG9457","H000028394","Prevenar","GA0098",2022-08-02,17.512503,1.052647,0.778421,0.457161,361.817656,26.669836,26.235174,597.420557,25.468491,15.066167,18.43448,1302,0.781365,1.351235,2.411154,0.515,4,-0.464817,515,117.392,-2.362318,1.358303,378.884544,488.900773,2.778769,NA,NA
"MC2227","H000033648","Prevenar","LY2103",2025-04-07,18.529559,1.032996,-3.045181,-0.419925,378.407535,29.71531,29.441254,646.66405,28.776721,16.237904,19.140965,1361,-3.063024,1.258949,-2.140751,0.492,4,-1.031331,492,118.909,-1.520066,1.259413,390.749782,476.395973,-1.545747,-61.852418,NA
"MG0830","H000031244","Prevenar","LK3087",2025-03-28,19.271123,1.100494,6.975773,1.363979,382.137205,30.020006,30.188993,618.94405,29.511432,17.374482,21.207748,1251,7.002901,1.275617,6.439984,0.536,4,-0.572646,536,118.38,-0.867317,1.380026,388.722619,487.460582,6.802419,-57.626503,NA
"HE3214","H000006081","Prevenar","HG6460",2023-09-14,16.236499,1.035493,-2.853245,-0.059713,340.711386,24.985877,24.347094,549.73465,23.923964,13.580441,16.812786,1389,-2.863213,1.364992,-0.306635,0.482,3,-0.636,482,118.068,-3.951626,1.353368,355.834534,465.068168,0.042561,NA,5.2861290322
"N33862","H000008135","Prevenar","L94887",2016-05-19,17.776807,1.064414,-1.799968,-0.16093,375.507305,27.861689,27.611793,620.40985,27.729891,15.262212,18.92188,1340,-1.814082,1.25013,-0.917168,0.5,4,-1.306002,500,119.888,-0.890153,1.324361,377.292063,469.433017,-0.131992,NA,5.2003190913
"S26215","H000008135","Prevenar","R25788",2017-03-02,16.570629,1.099216,2.239387,0.582964,342.592347,27.068343,26.803651,549.863784,25.548511,14.739518,18.214704,1340,2.246664,1.327529,3.22453,0.5,4,-1.061111,500,119.94,-1.993337,1.377308,362.972509,454.801211,3.537976,NA,5.175526779
"HE3375","H000017723","Prevenar","GR5840",2023-06-27,18.426948,1.008471,9.433909,0.533126,391.731134,27.060941,28.841001,577.68155,27.483263,16.055522,18.583045,1277,9.500351,1.329507,2.922384,0.525,4,0.377029,525,119.187,-3.124608,1.361694,385.711592,520.809266,3.601312,NA,4.9672875851
"HD8388","H000006081","Prevenar","GY0027",2023-07-13,19.365484,1.01153,4.800025,0.965379,393.609437,31.995068,31.976006,613.326468,30.92204,16.693622,19.588759,1270,4.817978,1.325835,4.877553,0.528,4,0.742104,528,118.167,-6.596356,1.296144,407.268104,521.861162,5.231987,NA,4.82744824
"M02668","H000008135","Prevenar","L33540",2015-06-16,20.360137,0.901406,-8.311238,-0.676418,342.065771,29.678688,28.271554,630.589123,26.588683,15.622846,18.352751,1381,-8.35939,1.572824,-3.618163,0.485,4,1.330968,485,119.043,-1.403434,1.270143,381.818948,538.009288,-3.021303,NA,5.4486361644
"L30198","H000008135","Prevenar","L33540",2015-06-15,20.360137,0.901406,-8.311238,-0.676418,342.065771,29.678688,28.271554,630.589123,26.588683,15.622846,18.352751,1381,-8.35939,1.572824,-3.618163,0.485,4,1.330968,485,119.043,-1.403434,1.270143,381.818948,538.009288,-3.021303,NA,5.1818935784
"LJ1017","H000011374","Prevenar","LD1193",2024-07-07,21.197904,1.013991,8.980951,1.72563,360.838749,28.77814,29.052665,629.800389,27.25559,18.868134,21.49448,1231,9.011376,1.490811,8.057441,0.545,4,1.429054,545,118.359,-0.504125,1.431691,380.995904,537.942266,8.367859,-56.842612,4.9780027962
"LJ1154","H000028394","Prevenar","LL4955",2024-09-24,20.778572,0.922819,-3.090289,-0.282478,356.14588,28.550149,28.079444,620.902313,27.107189,18.672011,19.174863,1353,-3.105964,1.506374,-1.45727,0.495,4,1.321232,495,119.621,-1.932147,1.319853,375.104107,536.489006,-0.945245,-61.488691,NA
"GC1641","H000011374","Prevenar","FT3238",2022-06-07,17.980498,1.037754,-9.405302,-1.261489,333.815586,26.66432,25.965248,648.250238,26.747462,14.987274,18.659341,1427,-9.423481,1.354578,-6.801729,0.469,4,-1.940332,469,119.706,-3.182741,1.410103,332.777951,452.179303,-6.595705,NA,5.101153615
"EP6167","H000010932","Prevenar","DN7212",2021-01-15,19.132775,0.9024,-2.852883,-0.221649,373.683436,26.934953,26.517749,580.210939,25.916302,16.713042,17.265412,1330,-2.869455,1.494239,-1.320523,0.504,4,1.645715,504,119.071,-1.732981,1.297406,388.371216,558.372229,-0.735368,NA,NA
"MG4223","H000031244","Prevenar","LY2112",2025-07-07,18.094585,0.98489,0.218948,-0.147072,347.758241,NA,NA,561.771835,NA,15.898074,17.821178,1364,0.219892,1.433191,-0.784409,0.491,4,0.126334,491,118.854,-1.988424,1.389544,353.262087,498.404117,-0.351838,-66.479849,NA
"HN5217","H000011044","Prevenar","HL5287",2023-11-28,17.156972,0.982033,1.650259,0.063171,373.689852,24.710675,25.008932,560.562228,24.760194,14.219715,16.848711,1351,1.659684,1.350481,0.452689,0.496,3,0.371432,496,118.981,-2.562732,1.328874,372.9425,504.66098,1.017951,NA,5.1749094883
"L30213","H000006081","Prevenar","L33540",2015-06-26,20.360137,0.901406,-8.311238,-0.676418,342.065771,29.678688,28.271554,630.589123,26.588683,15.622846,18.352751,1381,-8.35939,1.572824,-3.618163,0.485,4,1.330968,485,119.043,-1.403434,1.270143,381.818948,538.009288,-3.021303,NA,5.1648654258
"X06752","H000013782","Prevenar","W42955",2018-07-04,20.792107,0.869771,-8.195039,-0.906324,388.832228,30.836978,29.844767,630.991598,29.490606,17.497713,18.084366,1401,-8.22782,1.413499,-5.010219,0.478,4,1.801417,478,118.952,-1.519335,1.175742,406.584086,549.613933,-4.591851,NA,5.2979774769
"CM6725","H000013782","Prevenar","AK9657",2019-08-09,17.339829,1.035906,15.729109,1.16717,368.757528,25.282788,27.644834,519.169889,26.646507,14.464695,17.962441,1370,15.809863,1.281417,6.467356,0.489,4,0.544558,489,119.96,-0.713786,1.399027,349.885198,472.532013,6.945102,NA,5.0023536109
"CM3337","H000010932","Prevenar","AR4750",2019-08-25,16.762178,1.082567,3.1316,-0.54368,369.619205,27.64336,29.346835,585.122014,27.126234,14.008392,18.14618,1375,3.144737,1.218297,-3.017591,0.487,4,-1.927681,487,118.472,-2.877822,1.294215,376.665519,450.305837,-2.587237,NA,NA
"N29001","H000006081","Prevenar","M14486",2016-07-02,19.18272,0.975316,4.633427,-0.489929,363.459611,38.260843,41.042431,595.969312,42.005499,17.166216,18.709221,1367,4.656645,1.380931,-2.61342,0.49,4,-0.01643,490,119.05,-7.529848,1.478663,331.058347,501.912714,-2.101789,NA,5.1436168709
"S26390","H000008135","Prevenar","N43436",2017-03-22,18.438769,0.988155,-1.284789,-0.41071,337.479441,28.33287,28.605165,591.982654,25.4169,16.472385,18.220359,1364,-1.290121,1.472317,-2.251176,0.491,4,-0.1923,491,118.838,-2.764341,1.305144,376.19699,496.876752,-1.828622,NA,5.1658868767
"AW6844","H000006081","Prevenar","AH4748",2019-05-18,16.585268,1.040163,12.877446,0.53121,375.520845,24.907691,27.347801,536.690701,26.413623,13.490931,17.25138,1375,12.931716,1.247922,3.135103,0.487,4,-0.134901,487,118.672,-1.048891,1.376522,354.111096,468.620696,3.541606,NA,5.038865611
"EL8855","H000010932","Prevenar","CM4660",2020-12-07,19.891682,0.927859,-5.357195,-1.165078,318.719862,26.091348,26.33867,611.159205,24.756891,18.035553,18.456672,1415,-5.392334,1.600706,-6.340244,0.473,4,0.269932,473,119.262,-3.042347,1.409266,335.899638,510.176727,-5.647288,NA,NA
"EA9686","H000010932","Prevenar","DH4017",2020-08-01,17.39175,1.033507,-1.096128,-0.598476,339.446516,25.974797,26.553325,595.009107,25.086058,15.6803,17.974493,1375,-1.103941,1.389056,-3.331207,0.487,4,-1.18122,487,119.045,-0.316359,1.386479,351.472293,471.510098,-2.599852,NA,NA
"FY2985","H000011373","Prevenar","FT3238",2022-04-30,17.980498,1.037754,-9.405302,-1.261489,333.815586,26.66432,25.965248,648.250238,26.747462,14.987274,18.659341,1427,-9.423481,1.354578,-6.801729,0.469,4,-1.940332,469,119.706,-3.182741,1.410103,332.777951,452.179303,-6.595705,NA,5.0796643561
"GA8128","H000008135","Prevenar","FT3238",2022-05-19,17.980498,1.037754,-9.405302,-1.261489,333.815586,26.66432,25.965248,648.250238,26.747462,14.987274,18.659341,1427,-9.423481,1.354578,-6.801729,0.469,4,-1.940332,469,119.706,-3.182741,1.410103,332.777951,452.179303,-6.595705,NA,4.972787361
"GT1666","H000017723","Prevenar","GR5836",2023-05-29,18.810387,1.049225,3.933829,0.776722,392.109892,30.600838,30.591987,607.637824,29.102346,16.47897,19.736323,1280,3.963853,1.274797,3.99278,0.524,4,-0.149214,524,119.422,-3.209464,1.272051,412.299794,499.860705,4.719995,NA,5.0853659346
"LX2595","H000010932","Prevenar","LK2944",2025-02-05,20.602336,0.986093,6.177578,1.519456,388.625773,29.104642,28.733397,611.863001,29.540517,18.283289,20.315817,1233,6.224365,1.420793,7.499916,0.544,4,1.805976,544,118.191,-0.890808,1.422015,382.891542,552.156623,8.195217,-53.370596,NA
"T19581","H000008135","Prevenar","S46092",2017-07-16,18.702717,0.986259,7.493214,1.234655,316.063572,24.309084,24.504464,553.897384,23.739429,16.555796,18.445724,1284,7.514598,1.673714,6.710866,0.522,4,1.491647,522,118.937,-2.576155,1.612033,323.647887,529,6.976331,NA,5.0903058745
"X23343","H000010932","Prevenar","T61733",2018-05-16,17.568743,1.051394,0.451086,0.218563,355.682042,28.761015,28.559454,602.184456,25.800204,14.352653,18.471674,1322,0.452092,1.355681,1.152905,0.507,4,-0.684368,507,119.39,-2.349659,1.278621,396.499823,482.191308,1.372832,NA,NA
"FD0335","H000019489","Prevenar","EG3845",2021-05-07,17.005251,1.047156,-2.441047,-0.758082,360.254793,25.196293,25.632266,588.585231,26.097174,14.302925,17.807159,1389,-2.453398,1.277691,-4.183702,0.482,4,-1.55999,482,119.829,-3.612091,1.349398,347.818707,460.294146,-3.659201,NA,NA
"GR3606","H000011044","Prevenar","GP0922",2023-03-17,18.093953,1.031022,0.494401,0.585568,391.112455,26.233836,25.546638,577.129486,26.521696,15.636671,18.655258,1275,0.497592,1.303259,3.117105,0.526,4,0.024262,526,119.585,-2.903731,1.358433,386.86742,509.720934,3.738439,NA,5.0080634452
"LX3438","H000032244","Prevenar","LK2943",2024-12-29,20.835515,0.983602,-2.562304,-0.184201,364.665354,30.502635,29.983084,665.808163,29.820673,18.599972,20.49386,1345,-2.572999,1.387171,-0.8697,0.498,4,0.157454,498,119.814,-2.688685,1.33392,373.004801,505.853371,-0.450392,-53.878952,NA
"MY7332","H000011802","Prevenar","MC9170",2025-08-23,18.153933,0.992111,7.777275,1.265446,352.039693,NA,NA,534.932027,NA,15.846252,18.010716,1324,7.811225,1.450164,7.037899,0.506,4,1.408664,506,118.532,-2.326679,1.372383,369.057166,510.515311,7.441949,-57.001879,5.0479525256
"L95547","H000008135","Prevenar","L33539",2015-05-22,17.445741,1.071753,-3.231932,-0.229061,357.557571,28.220929,27.671601,622.468713,26.666919,15.249128,18.697529,1351,-3.247876,1.29525,-1.301346,0.496,4,-1.480849,496,119.46,-0.862502,1.311746,378.39418,463.126267,-0.804046,NA,5.1282529155
"LC5374","H000013782","Prevenar","LD1188",2024-06-03,18.585519,1.053628,-1.773771,-0.289145,361.72723,28.98807,28.886231,667.760497,27.784755,15.473943,19.582216,1345,-1.791509,1.305614,-1.440193,0.498,4,-1.285842,498,118.161,-2.495041,1.318527,377.393082,472.276018,-0.435835,NA,5.1443012258
"HJ3849","H000019489","Prevenar","HK6908",2023-11-24,18.119533,1.002871,-7.08385,-0.714066,348.756279,27.128208,26.283333,635.444839,27.506333,15.043059,18.171563,1386,-7.116776,1.381903,-4.002395,0.483,4,-0.766096,483,119.027,-2.727582,1.405188,343.961994,481.947196,-3.521223,NA,NA
"S25812","H000008135","Prevenar","N43435",2017-01-21,16.310725,1.04871,-6.39606,-0.979307,350.729051,26.410324,26.23705,556.218719,26.52655,13.365495,17.105213,1445,-6.422752,1.258599,-5.766669,0.463,4,-1.773796,463,118.674,-3.998947,1.325714,349.192337,441.42735,-5.327107,NA,5.3373081927
"S26392","H000008135","Prevenar","N43436",2017-03-18,18.438769,0.988155,-1.284789,-0.41071,337.479441,28.33287,28.605165,591.982654,25.4169,16.472385,18.220359,1364,-1.290121,1.472317,-2.251176,0.491,4,-0.1923,491,118.838,-2.764341,1.305144,376.19699,496.876752,-1.828622,NA,5.1627324656
"GF1170","H000014198","Prevenar","GA0098",2022-08-27,17.512503,1.052647,0.778421,0.457161,361.817656,26.669836,26.235174,597.420557,25.468491,15.066167,18.43448,1302,0.781365,1.351235,2.411154,0.515,4,-0.464817,515,117.392,-2.362318,1.358303,378.884544,488.900773,2.778769,NA,5.0304743584
"AR7679","H000006081","Prevenar","AK9659",2019-03-28,17.032278,1.049476,2.835153,0.47946,384.724915,27.292975,27.35329,548.336477,27.299287,14.429517,17.87497,1353,2.843559,1.226304,2.622567,0.495,4,-0.363232,495,118.638,-0.585898,1.287275,384.635966,471.789716,2.910458,NA,5.302011065
"M96867A","H000006081","Prevenar","L59792",2015-12-21,18.192198,1.036647,1.523296,-0.337661,361.227008,26.459809,27.320735,632.56698,27.032358,16.364143,18.85888,1356,1.532981,1.319746,-1.720734,0.494,4,-1.004343,494,118.709,-2.180284,1.397714,353.576168,476.727958,-1.078118,NA,NA
"FC0557","H000010932","Prevenar","EF8589",2021-04-17,18.610689,1.012633,1.874448,0.460326,377.657204,26.512613,26.378595,609.337271,27.013038,15.402889,18.845796,1302,1.88311,1.346269,2.388597,0.515,4,0.225219,515,119.412,-1.449027,1.389008,370.660991,508.428181,2.83762,NA,NA
"ND1817","H000011802","Prevenar","MC9169",2025-10-30,18.204497,1.032582,-3.842648,-0.598036,371.994306,NA,NA,612.332914,NA,16.118933,18.797644,1378,-3.856244,1.265968,-3.237562,0.486,4,-1.191182,486,119.903,-3.22446,1.284803,378.483758,470.932861,-2.873565,-65.370923,4.4153648228
"NJ4988","H000035016","Prevenar","ME2368",2025-11-07,16.313821,1.074483,-3.922859,-0.800719,358.483824,NA,NA,615.732758,NA,14.47889,17.52892,1392,-3.946972,1.248752,-4.522717,0.481,4,-2.015818,481,119.64,-4.679331,1.262777,380.906461,447.657236,-3.884163,-69.639377,NA
"GX2925","H000006081","Prevenar","GR5836",2023-05-04,18.810387,1.049225,3.933829,0.776722,392.109892,30.600838,30.591987,607.637824,29.102346,16.47897,19.736323,1280,3.963853,1.274797,3.99278,0.524,4,-0.149214,524,119.422,-3.209464,1.272051,412.299794,499.860705,4.719995,NA,5.0612219585
"FL8876","H000006081","Prevenar","DY9985",2021-11-11,16.633219,0.973404,-2.429739,-0.613074,363.353414,26.296134,26.660402,539.18438,26.373824,14.272438,16.190846,1467,-2.436722,1.290199,-3.821976,0.456,3,-0.170702,456,119.643,-2.901142,1.259595,362.283079,468.798158,-3.52445,NA,5.3087750398
"FJ5977","H000011044","Prevenar","EF8589",2021-09-27,18.610689,1.012633,1.874448,0.460326,377.657204,26.512613,26.378595,609.337271,27.013038,15.402889,18.845796,1302,1.88311,1.346269,2.388597,0.515,4,0.225219,515,119.412,-1.449027,1.389008,370.660991,508.428181,2.83762,NA,5.1168771807
"GE6422","H000011044","Prevenar","GA0097",2022-07-16,19.321305,1.048493,1.288849,-0.286631,355.556792,26.856624,27.573235,633.737874,27.222859,17.470091,20.258258,1351,1.295405,1.329206,-1.372881,0.496,4,-1.223585,496,119.734,-1.392354,1.412668,350.773401,472.608187,-0.859826,NA,4.8393312053
"HG8824","H000028394","Prevenar","HG6461",2023-10-25,18.343026,0.990715,5.215395,0.765187,371.307328,26.769196,27.061402,567.378866,25.561742,14.078713,18.172707,1287,5.238213,1.415701,4.146638,0.521,4,0.935506,521,119.214,-1.758127,1.339292,388.846681,525.659973,4.564171,NA,NA
"N90904","H000006081","Prevenar","N05554",2016-09-13,17.864963,1.016458,-1.98888,0.417989,394.876522,29.116905,27.84203,602.526408,28.138134,15.631843,18.158979,1302,-1.999871,1.282056,2.378598,0.515,4,0.123973,515,118.452,-4.480064,1.25935,408.612095,506.25373,2.915119,NA,5.202810732
"GG1742","H000028394","Prevenar","EP5310",2022-06-25,18.87129,0.997386,-5.767903,-1.002331,342.302624,27.417416,27.298564,617.164527,26.495285,16.999167,18.821958,1407,-5.786869,1.395026,-5.353379,0.476,4,-0.952999,476,117.74,-2.193023,1.344583,354.215972,477.521099,-5.008092,NA,NA
"FD0722","H000019489","Prevenar","EG3845",2021-05-22,17.005251,1.047156,-2.441047,-0.758082,360.254793,25.196293,25.632266,588.585231,26.097174,14.302925,17.807159,1389,-2.453398,1.277691,-4.183702,0.482,4,-1.55999,482,119.829,-3.612091,1.349398,347.818707,460.294146,-3.659201,NA,NA
"HG8830","H000028394","Prevenar","HH5428",2023-11-16,16.694672,1.0805,-0.623241,-0.44122,367.915691,26.843584,27.312532,579.582254,26.39035,13.932842,18.038591,1345,-0.625146,1.252698,-2.372111,0.498,4,-1.785139,498,119.234,-2.441053,1.330687,374.234351,460.887353,-2.060189,NA,NA
"R59727","H000008135","Prevenar","N16603",2016-11-22,16.996872,1.069755,-4.189768,-0.339704,370.502785,29.963219,29.250828,582.846281,26.87749,15.307747,18.182486,1356,-4.219081,1.24622,-1.841529,0.494,4,-1.525318,494,118.034,-1.565532,1.195857,413.039157,461.728147,-1.133941,NA,5.2556032689
"M57894","H000008135","Prevenar","L59788",2015-10-10,19.596325,1.012387,18.425024,0.646995,382.649165,29.312729,33.795638,628.348091,29.373982,17.15577,19.839074,1292,18.501057,1.339144,3.207669,0.519,4,0.404246,519,119.762,-0.409544,1.358566,381.851234,512.422516,3.605455,NA,5.1310268991
"N01866","H000008135","Prevenar","L59915",2016-05-01,20.298215,0.949437,3.650501,0.242705,371.397114,27.006603,27.636961,597.542786,28.003151,18.276441,19.271874,1317,3.668914,1.443242,1.334826,0.509,4,1.269046,509,119.888,-2.785782,1.42083,358.180199,536.015941,1.830001,NA,4.9142858307
"NR6335","H000008090","Prevenar","MC9171",2026-01-24,18.643621,1.004427,-0.40984,-0.197402,372.823524,NA,NA,599.590476,NA,16.741721,18.726147,1348,-0.412041,1.328373,-0.985126,0.497,4,-0.279929,497,118.741,-2.713483,1.296091,383.801044,495.248803,-0.44582,-55.265315,5.2617726616
"FC7913","H000010932","Prevenar","EF8589",2021-05-27,18.610689,1.012633,1.874448,0.460326,377.657204,26.512613,26.378595,609.337271,27.013038,15.402889,18.845796,1302,1.88311,1.346269,2.388597,0.515,4,0.225219,515,119.412,-1.449027,1.389008,370.660991,508.428181,2.83762,NA,NA
"HF3777","H000013782","Prevenar","HH5428",2023-11-14,16.694672,1.0805,-0.623241,-0.44122,367.915691,26.843584,27.312532,579.582254,26.39035,13.932842,18.038591,1345,-0.625146,1.252698,-2.372111,0.498,4,-1.785139,498,119.234,-2.441053,1.330687,374.234351,460.887353,-2.060189,NA,4.9839322402
"AP4915","H000011373","Prevenar","AG6840",2019-04-25,17.037718,1.00587,1.440862,0.647004,308.441268,24.06569,23.492744,512.714681,22.716311,14.328978,17.137725,1424,1.448076,1.514868,3.828834,0.47,4,0.546998,470,119.954,-1.994431,1.438322,326.763093,467.247937,4.30795,NA,5.2516394518
"M97095","H000006081","Prevenar","L59792",2015-12-28,18.192198,1.036647,1.523296,-0.337661,361.227008,26.459809,27.320735,632.56698,27.032358,16.364143,18.85888,1356,1.532981,1.319746,-1.720734,0.494,4,-1.004343,494,118.709,-2.180284,1.397714,353.576168,476.727958,-1.078118,NA,5.22602786
"EL8862","H000010932","Prevenar","DN7212",2020-12-22,19.132775,0.9024,-2.852883,-0.221649,373.683436,26.934953,26.517749,580.210939,25.916302,16.713042,17.265412,1330,-2.869455,1.494239,-1.320523,0.504,4,1.645715,504,119.071,-1.732981,1.297406,388.371216,558.372229,-0.735368,NA,NA
"AW6507","H000008135","Prevenar","AH4748",2019-04-28,16.585268,1.040163,12.877446,0.53121,375.520845,24.907691,27.347801,536.690701,26.413623,13.490931,17.25138,1375,12.931716,1.247922,3.135103,0.487,4,-0.134901,487,118.672,-1.048891,1.376522,354.111096,468.620696,3.541606,NA,5.3933126508
"GX2795","H000010932","Prevenar","GR5836",2023-06-02,18.810387,1.049225,3.933829,0.776722,392.109892,30.600838,30.591987,607.637824,29.102346,16.47897,19.736323,1280,3.963853,1.274797,3.99278,0.524,4,-0.149214,524,119.422,-3.209464,1.272051,412.299794,499.860705,4.719995,NA,NA
"H67905","H000002634","Prevenar","H16758",2014-01-28,18.639541,0.988452,-7.425054,-0.916598,363.684964,27.202811,26.543788,608.45983,26.990535,13.065303,18.424293,1395,-7.476966,1.334164,-5.054338,0.48,3,-0.70135,480,90.85,-3.657872,1.308467,366.545287,485.215556,-4.32496,NA,5.4525528488
"W08571","H000010932","Prevenar","T61726",2018-01-06,16.91148,1.030253,-0.873617,0.351342,402.275869,28.728918,27.892214,582.884279,28.020459,13.790104,17.423102,1312,-0.87633,1.234123,2.036082,0.511,4,-0.160281,511,118.159,-1.139781,1.240105,412.446862,496.458017,2.339375,NA,NA
"T19289","H000013782","Prevenar","S18405",2017-07-10,18.25116,0.956343,2.531915,-0.137799,330.175205,25.11838,25.947521,539.82696,24.540848,15.942815,17.454372,1418,2.543751,1.495548,-0.757186,0.472,4,0.658989,472,118.638,-1.629934,1.397372,337.945372,493.792729,-0.288334,NA,5.1394272146
"W45482","H000010932","Prevenar","T61733",2018-04-04,17.568743,1.051394,0.451086,0.218563,355.682042,28.761015,28.559454,602.184456,25.800204,14.352653,18.471674,1322,0.452092,1.355681,1.152905,0.507,4,-0.684368,507,119.39,-2.349659,1.278621,396.499823,482.191308,1.372832,NA,NA
"GR3611","H000011044","Prevenar","GP0922",2023-03-20,18.093953,1.031022,0.494401,0.585568,391.112455,26.233836,25.546638,577.129486,26.521696,15.636671,18.655258,1275,0.497592,1.303259,3.117105,0.526,4,0.024262,526,119.585,-2.903731,1.358433,386.86742,509.720934,3.738439,NA,4.9302913824
"HN7765","H000019489","Prevenar","HL5291",2023-12-08,19.774892,1.01089,0.035593,-0.407619,336.988915,29.049735,29.632427,674.543647,27.534699,16.583414,19.990241,1361,0.035773,1.445647,-1.97007,0.492,4,-0.622967,492,119.064,-2.621986,1.385174,355.530989,487.166928,-1.457847,NA,NA
"HN7643","H000011044","Prevenar","HT4763",2024-04-20,19.648201,0.976486,-0.708735,-1.094408,370.870706,29.623756,31.082055,673.564601,30.540901,16.549014,19.186201,1407,-0.713155,1.3141,-5.635891,0.476,4,-0.632408,476,119.309,-2.997244,1.322928,359.733437,487.361173,-4.981122,NA,5.3134902147
"FA1615","H000010932","Prevenar","EF8589",2021-05-30,18.610689,1.012633,1.874448,0.460326,377.657204,26.512613,26.378595,609.337271,27.013038,15.402889,18.845796,1302,1.88311,1.346269,2.388597,0.515,4,0.225219,515,119.412,-1.449027,1.389008,370.660991,508.428181,2.83762,NA,NA
"HA8608","H000011374","Prevenar","GP0922",2023-04-05,18.093953,1.031022,0.494401,0.585568,391.112455,26.233836,25.546638,577.129486,26.521696,15.636671,18.655258,1275,0.497592,1.303259,3.117105,0.526,4,0.024262,526,119.585,-2.903731,1.358433,386.86742,509.720934,3.738439,NA,4.8670842591
"EL8867","H000010932","Prevenar","DN7212",2021-01-08,19.132775,0.9024,-2.852883,-0.221649,373.683436,26.934953,26.517749,580.210939,25.916302,16.713042,17.265412,1330,-2.869455,1.494239,-1.320523,0.504,4,1.645715,504,119.071,-1.732981,1.297406,388.371216,558.372229,-0.735368,NA,NA
"FA1612","H000010932","Prevenar","EF8589",2021-05-17,18.610689,1.012633,1.874448,0.460326,377.657204,26.512613,26.378595,609.337271,27.013038,15.402889,18.845796,1302,1.88311,1.346269,2.388597,0.515,4,0.225219,515,119.412,-1.449027,1.389008,370.660991,508.428181,2.83762,NA,NA
"S69941","H000011373","Prevenar","R48339",2017-05-21,19.039331,1.070317,-4.856955,0.088574,354.055341,29.740296,28.154235,617.893978,28.849168,16.898102,20.378113,1327,-4.881291,1.331891,0.451747,0.505,4,-1.250208,505,118.638,-2.485664,1.382831,364.991837,471.563296,0.948041,NA,5.1107518327
"HG8823","H000028394","Prevenar","HG6461",2023-10-23,18.343026,0.990715,5.215395,0.765187,371.307328,26.769196,27.061402,567.378866,25.561742,14.078713,18.172707,1287,5.238213,1.415701,4.146638,0.521,4,0.935506,521,119.214,-1.758127,1.339292,388.846681,525.659973,4.564171,NA,NA
"CM3342","H000010932","Prevenar","AH4747",2019-10-29,17.08314,1.052924,3.121891,0.390615,413.214444,28.655843,28.936248,577.090362,29.221445,14.269301,17.987255,1292,3.134833,1.192254,2.156307,0.519,4,-0.5135,519,119.652,-1.412736,1.280131,405.216382,492.656504,2.560251,NA,5.2566016895
"HN7330","H000010932","Prevenar","HL5290",2024-01-23,17.922652,0.974057,4.133895,0.022042,352.337761,25.675304,26.709351,563.962662,25.166809,14.896917,17.457682,1345,4.160325,1.449782,0.132927,0.498,4,0.487012,498,119.039,-2.278007,1.384423,359.456747,510.894297,0.767389,NA,NA
"LJ1170","H000032244","Prevenar","LH1778",2024-09-19,19.80913,1.021199,-12.319932,-0.899094,346.333762,30.400181,28.015857,706.968131,29.692234,17.525698,20.229057,1404,-12.283036,1.349476,-4.43991,0.477,4,-1.319021,477,118.959,-3.044945,1.34599,354.591343,467.36897,-4.75363,-52.233736,NA
"FK1149","H000017723","Prevenar","DY9985",2021-11-21,16.633219,0.973404,-2.429739,-0.613074,363.353414,26.296134,26.660402,539.18438,26.373824,14.272438,16.190846,1467,-2.436722,1.290199,-3.821976,0.456,3,-0.170702,456,119.643,-2.901142,1.259595,362.283079,468.798158,-3.52445,NA,5.4058286767
"AW6824","H000013782","Prevenar","AK9657",2019-04-19,17.339829,1.035906,15.729109,1.16717,368.757528,25.282788,27.644834,519.169889,26.646507,14.464695,17.962441,1370,15.809863,1.281417,6.467356,0.489,4,0.544558,489,119.96,-0.713786,1.399027,349.885198,472.532013,6.945102,NA,5.0421759512
"GW4136","H000006081","Prevenar","GK0513",2023-05-07,17.027187,1.081808,-0.065193,0.50252,358.828926,28.050391,27.27733,607.233361,26.187475,14.993952,18.420139,1299,-0.065443,1.329207,2.690532,0.516,4,-0.890433,516,118.909,-4.516837,1.342447,384.35518,476.95778,3.062753,NA,5.1023295944
"AR7666","H000010932","Prevenar","AK9658",2019-03-24,18.26853,0.954355,-2.730138,-0.741734,327.977849,25.465094,25.864172,565.300159,24.301752,15.173552,17.434656,1404,-2.742647,1.525147,-4.309803,0.477,4,0.092141,477,119.519,-3.149781,1.389037,343.678381,500.214539,-3.834046,NA,5.3925569986
"S26212","H000008135","Prevenar","R25788",2017-02-11,16.570629,1.099216,2.239387,0.582964,342.592347,27.068343,26.803651,549.863784,25.548511,14.739518,18.214704,1340,2.246664,1.327529,3.22453,0.5,4,-1.061111,500,119.94,-1.993337,1.377308,362.972509,454.801211,3.537976,NA,5.2427447372
"HF3769","H000011374","Prevenar","HG6460",2023-09-15,16.236499,1.035493,-2.853245,-0.059713,340.711386,24.985877,24.347094,549.73465,23.923964,13.580441,16.812786,1389,-2.863213,1.364992,-0.306635,0.482,3,-0.636,482,118.068,-3.951626,1.353368,355.834534,465.068168,0.042561,NA,5.1130107526
"LC5364","H000017723","Prevenar","HT4770",2024-06-26,16.466512,0.988511,-5.194225,-0.903454,358.068281,23.225361,23.296638,546.855023,24.452494,14.096573,16.277327,1467,-5.215465,1.288643,-5.522355,0.456,4,-0.714268,456,119.233,-2.639212,1.341142,340.098856,461.422249,-5.0926,-56.126294,5.7396912899
"LL4203","H000019489","Prevenar","LK2941",2024-11-27,21.669052,0.877312,5.652496,0.029018,378.80287,27.420443,28.950767,613.357135,28.754422,18.971183,19.010518,1332,5.675455,1.512977,0.094493,0.503,4,2.687551,503,119.813,-1.037476,1.391928,361.229392,573.120111,0.498649,-60.478062,NA
"AW6836","H000010932","Prevenar","AG6840",2019-04-30,17.037718,1.00587,1.440862,0.647004,308.441268,24.06569,23.492744,512.714681,22.716311,14.328978,17.137725,1424,1.448076,1.514868,3.828834,0.47,4,0.546998,470,119.954,-1.994431,1.438322,326.763093,467.247937,4.30795,NA,NA
"M97257","H000008135","Prevenar","L59916",2016-03-26,18.229414,1.040881,-6.848058,-1.234807,335.474967,28.079235,27.978144,655.11313,26.724838,16.137669,18.974643,1418,-6.886174,1.351504,-6.526151,0.472,4,-1.980036,472,119.757,-4.617697,1.338899,352.476617,453.395628,-5.936515,NA,5.1057801788
"LJ1014","H000010932","Prevenar","LH1777",2024-08-12,18.664666,1.022425,-10.269432,-2.15426,318.160488,29.086586,29.386303,687.491758,27.605772,16.813695,19.09487,1480,-10.331142,1.388659,-11.361574,0.452,4,-2.584464,452,119.753,-5.856031,1.347517,335.22708,441.816515,-10.696389,-61.297295,NA
"ED8311","H000011373","Prevenar","DL7790",NA,16.01137,1.014834,-3.875458,-0.757775,340.83045,24.2913,24.466163,549.751703,23.378941,13.846306,16.248886,1445,-3.896464,1.338096,-4.616325,0.463,3,-0.99529,463,118.236,-2.804443,1.306942,354.131293,456.063695,-4.052322,NA,NA
"RE8410","H000035016","Prevenar","MG9896",2026-07-01,18.046709,1.082785,1.160455,0.366731,390.254281,NA,NA,640.737222,NA,15.910455,19.5407,1304,-25.221509,1.216376,2837.010578,0.514,4,-1.12726,514,119.682,-1.970829,1.268697,405.134943,474.695886,-25.931315,-58.038534,NA
"GW4596","H000019489","Prevenar","GJ3290",2023-04-11,17.037019,1.024861,-7.407271,-0.745609,357.406145,27.205463,26.361452,586.394589,24.976448,15.143494,17.460571,1389,-7.442738,1.315317,-4.34038,0.482,4,-1.169162,482,119.864,-3.84948,1.23757,389.302748,470.10249,-3.843157,NA,NA
"HN7755","H000017723","Prevenar","HL5291",2024-01-24,19.774892,1.01089,0.035593,-0.407619,336.988915,29.049735,29.632427,674.543647,27.534699,16.583414,19.990241,1361,0.035773,1.445647,-1.97007,0.492,4,-0.622967,492,119.064,-2.621986,1.385174,355.530989,487.166928,-1.457847,NA,5.1048930772
"RJ3537","H000033648","Prevenar","LY2112",2026-05-10,18.094585,0.98489,0.218948,-0.147072,347.758241,NA,NA,561.771835,NA,15.898074,17.821178,1364,0.219892,1.433191,-0.784409,0.491,4,0.126334,491,118.854,-1.988424,1.389544,353.262087,498.404117,-0.351838,-66.479849,NA
"FM6164","H000017723","Prevenar","FH2522",2022-01-18,18.815339,1.019628,0.724636,0.03289,359.069978,27.569253,27.727349,587.103926,26.805297,15.863962,19.18465,1332,0.727297,1.372994,0.153844,0.503,4,-0.336421,503,119.167,-2.083127,1.36115,369.303538,493.000782,0.519132,NA,4.9308568565
"HG4911","H000011044","Prevenar","HG6460",2023-10-01,16.236499,1.035493,-2.853245,-0.059713,340.711386,24.985877,24.347094,549.73465,23.923964,13.580441,16.812786,1389,-2.863213,1.364992,-0.306635,0.482,3,-0.636,482,118.068,-3.951626,1.353368,355.834534,465.068168,0.042561,NA,4.9277862594
"EL8918","H000010932","Prevenar","DN7212",2021-03-11,19.132775,0.9024,-2.852883,-0.221649,373.683436,26.934953,26.517749,580.210939,25.916302,16.713042,17.265412,1330,-2.869455,1.494239,-1.320523,0.504,4,1.645715,504,119.071,-1.732981,1.297406,388.371216,558.372229,-0.735368,NA,NA
"HA2749","H000019489","Prevenar","GR5835",2023-06-14,17.724321,1.003027,-2.583446,0.47487,404.628349,27.937075,26.464596,579.954808,27.117819,15.510305,17.77797,1282,-2.592015,1.28973,2.678685,0.523,4,0.42122,523,119.834,-2.216217,1.255698,416.852575,521.861486,3.000427,NA,NA
"H87641","H000002634","Prevenar","H01006",2014-01-22,14.069568,1.052762,-6.247171,-1.415393,303.077778,22.864261,23.530488,498.728172,21.745288,10.788471,14.811908,1588,-6.582254,1.319553,-9.496089,0.421,3,-2.157732,421,118.39,-4.502163,1.321189,318.673615,399.927054,-3.921978,NA,5.3629028623
"LJ1153","H000028394","Prevenar","LH1778",2024-09-13,19.80913,1.021199,-12.319932,-0.899094,346.333762,30.400181,28.015857,706.968131,29.692234,17.525698,20.229057,1404,-12.283036,1.349476,-4.43991,0.477,4,-1.319021,477,118.959,-3.044945,1.34599,354.591343,467.36897,-4.75363,-52.233736,NA
"DT7712","H000014198","Prevenar","CH7199",2020-04-24,17.996582,1.067752,1.833392,0.861143,349.059543,26.901359,26.198308,589.1497,24.350271,15.621461,19.215893,1275,1.843624,1.412273,4.457066,0.526,4,-0.358168,526,119.759,-4.762903,1.364956,385.62923,492.967216,4.987329,NA,4.7519721209
"CR3613","H000010932","Prevenar","AH4747",2019-11-13,17.08314,1.052924,3.121891,0.390615,413.214444,28.655843,28.936248,577.090362,29.221445,14.269301,17.987255,1292,3.134833,1.192254,2.156307,0.519,4,-0.5135,519,119.652,-1.412736,1.280131,405.216382,492.656504,2.560251,NA,NA
"HF3781","H000013782","Prevenar","GY0026",2023-10-09,18.401246,1.000567,-2.797554,-0.662557,356.594162,28.095079,28.291771,602.517877,27.76051,16.227445,18.411673,1378,-2.815707,1.361258,-3.515799,0.486,4,-0.672984,486,118.708,-2.517624,1.34581,360.891829,485.41669,-2.848427,NA,5.2540963573
"LX1727","H000013782","Prevenar","LH1892",2024-11-06,19.248219,1.04863,-2.17119,-0.857726,343.856837,27.40603,27.979584,689.166779,28.066443,16.623073,20.184255,1389,-2.18198,1.336741,-4.274784,0.482,4,-1.793762,482,118.206,-1.299376,1.435525,335.76576,459.647466,-3.759132,-61.464423,5.1269769427
"S69938","H000010932","Prevenar","N43436",2017-04-22,18.438769,0.988155,-1.284789,-0.41071,337.479441,28.33287,28.605165,591.982654,25.4169,16.472385,18.220359,1364,-1.290121,1.472317,-2.251176,0.491,4,-0.1923,491,118.838,-2.764341,1.305144,376.19699,496.876752,-1.828622,NA,NA
"N90900","H000006081","Prevenar","M93303",2016-08-21,17.411449,1.104167,6.821801,0.680273,348.274182,28.695725,29.637773,566.695708,26.069146,15.220938,19.225143,1289,6.873081,1.350952,3.590196,0.52,4,-1.133422,520,118.629,-2.433083,1.35514,383.364312,470.501767,4.309509,NA,5.0136195389
"LC5387","H000019489","Prevenar","HG6460",2024-05-01,16.236499,1.035493,-2.853245,-0.059713,340.711386,24.985877,24.347094,549.73465,23.923964,13.580441,16.812786,1389,-2.863213,1.364992,-0.306635,0.482,3,-0.636,482,118.068,-3.951626,1.353368,355.834534,465.068168,0.042561,NA,NA
"DN3839","H000010932","Prevenar","DH4021",2020-06-04,16.706225,1.100612,-0.180486,0.035067,351.975074,26.067776,25.987629,580.375729,24.457142,13.823722,18.387067,1309,-0.181422,1.321362,0.126035,0.512,4,-1.645774,512,118.01,-1.290083,1.36445,375.154524,465.086498,0.641695,NA,NA
"DN5224","H000010932","Prevenar","DH4016",2020-04-01,17.456766,1.071365,-3.02844,-0.129701,348.948891,45.12418,44.05604,616.885593,42.663321,15.216317,18.702569,1343,-3.042028,1.334128,-0.674916,0.499,4,-1.375503,499,118.274,-1.739045,1.351389,369.076579,465.54263,-0.225202,NA,NA
"L95543","H000008135","Prevenar","L33537",2015-05-11,16.748046,0.983397,-7.059154,-0.926324,323.301131,26.017976,25.634717,586.037989,23.162119,14.749732,16.469976,1407,-7.104147,1.497854,-5.631091,0.476,3,-0.648253,476,118.404,-3.6643,1.311303,363.163708,484.257791,-4.962101,NA,5.3301120032
"MG4224","H000031244","Prevenar","LY2112",2025-08-04,18.094585,0.98489,0.218948,-0.147072,347.758241,NA,NA,561.771835,NA,15.898074,17.821178,1364,0.219892,1.433191,-0.784409,0.491,4,0.126334,491,118.854,-1.988424,1.389544,353.262087,498.404117,-0.351838,-66.479849,NA
"EL8919","H000010932","Prevenar","DN7212",2021-03-15,19.132775,0.9024,-2.852883,-0.221649,373.683436,26.934953,26.517749,580.210939,25.916302,16.713042,17.265412,1330,-2.869455,1.494239,-1.320523,0.504,4,1.645715,504,119.071,-1.732981,1.297406,388.371216,558.372229,-0.735368,NA,NA
"J80522","H000002634","Prevenar","H01006",2014-11-04,14.069568,1.052762,-6.247171,-1.415393,303.077778,22.864261,23.530488,498.728172,21.745288,10.788471,14.811908,1588,-6.582254,1.319553,-9.496089,0.421,3,-2.157732,421,118.39,-4.502163,1.321189,318.673615,399.927054,-3.921978,NA,5.2418636519
"R59716","H000008135","Prevenar","N16602",2016-10-22,17.505564,0.99436,2.275267,0.543706,341.633382,26.661475,26.453539,519.176877,24.952036,15.907247,17.406837,1404,2.31059,1.404246,3.090501,0.477,4,0.642433,477,118.8,-3.92443,1.306799,365.03835,479.737248,4.572001,NA,5.1437841735
"NE0332","H000032244","Prevenar","ME2368",2025-11-13,16.313821,1.074483,-3.922859,-0.800719,358.483824,NA,NA,615.732758,NA,14.47889,17.52892,1392,-3.946972,1.248752,-4.522717,0.481,4,-2.015818,481,119.64,-4.679331,1.262777,380.906461,447.657236,-3.884163,-69.639377,NA
"S15121","H000008135","Prevenar","N70112",2017-01-18,19.469501,0.942094,-1.725019,-0.362608,354.272679,26.292451,26.352452,624.863362,25.624643,17.308759,18.342093,1364,-1.726342,1.469879,-1.95455,0.491,4,0.7648,491,118.62,-2.940092,1.349591,363.505441,520.737805,-1.876449,NA,5.2817078284
"MG3452","H000010932","Prevenar","LY2110",2025-08-05,18.155191,1.053995,-3.122082,-0.651175,369.681961,NA,NA,622.226655,NA,15.989035,19.135475,1378,-3.138028,1.247296,-3.440689,0.486,4,-1.631459,486,118.354,-4.859799,1.33745,363.378052,461.10288,-2.915072,-59.079891,5.3233383261
"LX3407","H000017723","Prevenar","LK2943",2024-12-31,20.835515,0.983602,-2.562304,-0.184201,364.665354,30.502635,29.983084,665.808163,29.820673,18.599972,20.49386,1345,-2.572999,1.387171,-0.8697,0.498,4,0.157454,498,119.814,-2.688685,1.33392,373.004801,505.853371,-0.450392,-53.878952,5.2160883796
"MG4227","H000031244","Prevenar","ME2368",2025-10-09,16.313821,1.074483,-3.922859,-0.800719,358.483824,NA,NA,615.732758,NA,14.47889,17.52892,1392,-3.946972,1.248752,-4.522717,0.481,4,-2.015818,481,119.64,-4.679331,1.262777,380.906461,447.657236,-3.884163,-69.639377,NA
"DW4267","H000010932","Prevenar","DH4021",2020-06-13,16.706225,1.100612,-0.180486,0.035067,351.975074,26.067776,25.987629,580.375729,24.457142,13.823722,18.387067,1309,-0.181422,1.321362,0.126035,0.512,4,-1.645774,512,118.01,-1.290083,1.36445,375.154524,465.086498,0.641695,NA,NA
"T19610","H000006081","Prevenar","S63641",2017-07-21,19.717224,0.977796,17.685776,2.14249,332.856871,24.971946,26.634326,531.033098,24.943893,15.561266,19.279421,1275,17.764289,1.617071,11.107299,0.526,4,2.580294,526,119.295,0.102809,1.579389,333.231208,538.253146,11.500182,NA,4.7898650452
"X06679","H000008135","Prevenar","W42955",2018-06-24,20.792107,0.869771,-8.195039,-0.906324,388.832228,30.836978,29.844767,630.991598,29.490606,17.497713,18.084366,1401,-8.22782,1.413499,-5.010219,0.478,4,1.801417,478,118.952,-1.519335,1.175742,406.584086,549.613933,-4.591851,NA,5.3905164574
"N90898","H000006081","Prevenar","M93303",2016-08-14,17.411449,1.104167,6.821801,0.680273,348.274182,28.695725,29.637773,566.695708,26.069146,15.220938,19.225143,1289,6.873081,1.350952,3.590196,0.52,4,-1.133422,520,118.629,-2.433083,1.35514,383.364312,470.501767,4.309509,NA,5.261302457
"NJ4989","H000035016","Prevenar","ME2368",2025-11-09,16.313821,1.074483,-3.922859,-0.800719,358.483824,NA,NA,615.732758,NA,14.47889,17.52892,1392,-3.946972,1.248752,-4.522717,0.481,4,-2.015818,481,119.64,-4.679331,1.262777,380.906461,447.657236,-3.884163,-69.639377,NA
"S69942","H000011373","Prevenar","S63641",NA,19.717224,0.977796,17.685776,2.14249,332.856871,24.971946,26.634326,531.033098,24.943893,15.561266,19.279421,1275,17.764289,1.617071,11.107299,0.526,4,2.580294,526,119.295,0.102809,1.579389,333.231208,538.253146,11.500182,NA,NA
"FM6064","H000011044","Prevenar","FH2522",2021-12-29,18.815339,1.019628,0.724636,0.03289,359.069978,27.569253,27.727349,587.103926,26.805297,15.863962,19.18465,1332,0.727297,1.372994,0.153844,0.503,4,-0.336421,503,119.167,-2.083127,1.36115,369.303538,493.000782,0.519132,NA,5.0055810442
"GT1707","H000019489","Prevenar","GK0512",2023-03-12,17.74972,1.031201,-2.938898,-0.465119,344.980293,28.696445,28.564873,593.802696,25.881232,15.751218,18.303521,1361,-2.965591,1.383093,-2.507094,0.492,4,-1.018921,492,118.682,-3.659588,1.254822,382.505285,477.139799,-1.584436,NA,NA
"HH6723","H000013782","Prevenar","HA8566",2023-07-28,19.485957,1.056507,-2.425097,0.630173,357.375496,29.012514,27.423609,627.143007,26.939021,17.085766,20.587053,1294,-2.437725,1.373078,3.038893,0.518,4,-0.470924,518,118.005,-2.447918,1.346989,384.882635,490.704302,3.541155,NA,4.8586008938
"J80523","H000002634","Prevenar","H01006",2014-11-12,14.069568,1.052762,-6.247171,-1.415393,303.077778,22.864261,23.530488,498.728172,21.745288,10.788471,14.811908,1588,-6.582254,1.319553,-9.496089,0.421,3,-2.157732,421,118.39,-4.502163,1.321189,318.673615,399.927054,-3.921978,NA,5.3060027417
"LC5406","H000032244","Prevenar","HT4775",2024-05-25,19.399244,1.039088,2.491714,0.680814,356.445313,27.713075,27.455116,620.640154,27.112771,16.094032,20.157523,1289,2.502597,1.403226,3.433421,0.52,4,-0.077465,520,119.247,-2.795401,1.426491,364.337382,500.173326,3.853348,NA,NA
"NA0070","H000010932","Prevenar","MC9169",2025-09-24,18.204497,1.032582,-3.842648,-0.598036,371.994306,NA,NA,612.332914,NA,16.118933,18.797644,1378,-3.856244,1.265968,-3.237562,0.486,4,-1.191182,486,119.903,-3.22446,1.284803,378.483758,470.932861,-2.873565,-65.370923,4.9576566125
"FM6162","H000017723","Prevenar","FH2522",2021-12-07,18.815339,1.019628,0.724636,0.03289,359.069978,27.569253,27.727349,587.103926,26.805297,15.863962,19.18465,1332,0.727297,1.372994,0.153844,0.503,4,-0.336421,503,119.167,-2.083127,1.36115,369.303538,493.000782,0.519132,NA,5.0373795856
"GG9472","H000019489","Prevenar","GA0098",2022-08-08,17.512503,1.052647,0.778421,0.457161,361.817656,26.669836,26.235174,597.420557,25.468491,15.066167,18.43448,1302,0.781365,1.351235,2.411154,0.515,4,-0.464817,515,117.392,-2.362318,1.358303,378.884544,488.900773,2.778769,NA,NA
"HP2981","H000029483","Prevenar","HG6460",NA,16.236499,1.035493,-2.853245,-0.059713,340.711386,24.985877,24.347094,549.73465,23.923964,13.580441,16.812786,1389,-2.863213,1.364992,-0.306635,0.482,3,-0.636,482,118.068,-3.951626,1.353368,355.834534,465.068168,0.042561,NA,NA
"AM1636","H000011373","Prevenar","AH4747",2019-02-02,17.08314,1.052924,3.121891,0.390615,413.214444,28.655843,28.936248,577.090362,29.221445,14.269301,17.987255,1292,3.134833,1.192254,2.156307,0.519,4,-0.5135,519,119.652,-1.412736,1.280131,405.216382,492.656504,2.560251,NA,5.3189857893
"FP0772","H000011374","Prevenar","FH2522",2022-01-05,18.815339,1.019628,0.724636,0.03289,359.069978,27.569253,27.727349,587.103926,26.805297,15.863962,19.18465,1332,0.727297,1.372994,0.153844,0.503,4,-0.336421,503,119.167,-2.083127,1.36115,369.303538,493.000782,0.519132,NA,4.8596502988
"X06681","H000008135","Prevenar","W42955",2018-06-30,20.792107,0.869771,-8.195039,-0.906324,388.832228,30.836978,29.844767,630.991598,29.490606,17.497713,18.084366,1401,-8.22782,1.413499,-5.010219,0.478,4,1.801417,478,118.952,-1.519335,1.175742,406.584086,549.613933,-4.591851,NA,5.3918983938
"ED8349","H000010932","Prevenar","CM4660",2020-12-04,19.891682,0.927859,-5.357195,-1.165078,318.719862,26.091348,26.33867,611.159205,24.756891,18.035553,18.456672,1415,-5.392334,1.600706,-6.340244,0.473,4,0.269932,473,119.262,-3.042347,1.409266,335.899638,510.176727,-5.647288,NA,NA
"CM3341","H000010932","Prevenar","AR4751",2019-10-08,18.671864,0.962272,1.74243,0.170722,398.018488,29.700997,29.921324,582.660863,28.4086,15.718516,17.967403,1322,1.749549,1.323243,1.007731,0.507,4,0.875183,507,118.751,-0.786712,1.217912,416.125605,526.675177,1.410519,NA,NA
"GW4132","H000006081","Prevenar","GJ3290",2023-04-29,17.037019,1.024861,-7.407271,-0.745609,357.406145,27.205463,26.361452,586.394589,24.976448,15.143494,17.460571,1389,-7.442738,1.315317,-4.34038,0.482,4,-1.169162,482,119.864,-3.84948,1.23757,389.302748,470.10249,-3.843157,NA,5.1958881456
"HN7751","H000017723","Prevenar","HL5290",2024-01-03,17.922652,0.974057,4.133895,0.022042,352.337761,25.675304,26.709351,563.962662,25.166809,14.896917,17.457682,1345,4.160325,1.449782,0.132927,0.498,4,0.487012,498,119.039,-2.278007,1.384423,359.456747,510.894297,0.767389,NA,5.0148336974
"L30217","H000006081","Prevenar","L33540",2015-07-03,20.360137,0.901406,-8.311238,-0.676418,342.065771,29.678688,28.271554,630.589123,26.588683,15.622846,18.352751,1381,-8.35939,1.572824,-3.618163,0.485,4,1.330968,485,119.043,-1.403434,1.270143,381.818948,538.009288,-3.021303,NA,4.8686237673
"M97245","H000008135","Prevenar","L59792",2016-01-30,18.192198,1.036647,1.523296,-0.337661,361.227008,26.459809,27.320735,632.56698,27.032358,16.364143,18.85888,1356,1.532981,1.319746,-1.720734,0.494,4,-1.004343,494,118.709,-2.180284,1.397714,353.576168,476.727958,-1.078118,NA,5.1358339746
"S93507","H000011612","Prevenar","S46092",2017-07-15,18.702717,0.986259,7.493214,1.234655,316.063572,24.309084,24.504464,553.897384,23.739429,16.555796,18.445724,1284,7.514598,1.673714,6.710866,0.522,4,1.491647,522,118.937,-2.576155,1.612033,323.647887,529,6.976331,NA,5.1008949908
"GW4143","H000010932","Prevenar","GJ3290",2023-04-13,17.037019,1.024861,-7.407271,-0.745609,357.406145,27.205463,26.361452,586.394589,24.976448,15.143494,17.460571,1389,-7.442738,1.315317,-4.34038,0.482,4,-1.169162,482,119.864,-3.84948,1.23757,389.302748,470.10249,-3.843157,NA,NA
"HN7773","H000019489","Prevenar","HL6220",2024-02-03,19.452601,1.02103,4.258631,0.638059,379.352015,29.56412,29.87894,633.014768,30.386803,15.972151,19.86169,1294,4.275158,1.338521,3.210286,0.518,4,0.22897,518,118.377,-1.684586,1.404701,369.081552,507.770783,3.584467,NA,NA
"LC5396","H000019489","Prevenar","HT4781",2024-06-13,18.79491,1.006838,-4.599062,-0.964625,392.388706,30.3252,30.490869,641.40633,30.368603,15.558431,18.923435,1401,-4.61783,1.209114,-5.164136,0.478,4,-1.093149,478,118.769,-3.830033,1.219125,391.827905,474.442656,-4.73673,-60.023885,NA
"J80524","H000002634","Prevenar","H01006",2014-11-16,14.069568,1.052762,-6.247171,-1.415393,303.077778,22.864261,23.530488,498.728172,21.745288,10.788471,14.811908,1588,-6.582254,1.319553,-9.496089,0.421,3,-2.157732,421,118.39,-4.502163,1.321189,318.673615,399.927054,-3.921978,NA,5.3508361495
"MC2207","H000031244","Prevenar","LY2105",2025-04-21,18.815197,0.979766,-3.045376,-0.725631,373.371465,30.212336,30.494042,613.327054,29.213653,16.537481,18.434489,1386,-3.059262,1.321044,-3.991684,0.483,4,-0.344923,483,119.016,-2.89265,1.251529,386.135344,493.239972,-3.51969,-52.803629,NA
"GN0387","H000019489","Prevenar","GG0386",2022-10-25,19.12153,0.93333,-6.239369,-0.359501,370.132271,27.286494,26.146152,595.497723,26.68979,16.903737,17.846699,1359,-6.27894,1.427572,-2.099794,0.493,4,0.915331,493,118.077,-3.48719,1.303259,378.407317,528.390573,-1.456344,NA,NA
"N29005","H000006081","Prevenar","M35335",2016-08-08,19.851976,0.997139,-5.489168,-1.001652,349.861634,28.531135,28.411752,635.139514,28.654988,17.80812,19.795189,1404,-5.501525,1.366881,-5.083095,0.477,4,-0.944865,477,119.844,-1.647212,1.368887,348.349462,478.219129,-4.847057,NA,5.1832208588
"M32478","H000008135","Prevenar","L59792",2015-09-30,18.192198,1.036647,1.523296,-0.337661,361.227008,26.459809,27.320735,632.56698,27.032358,16.364143,18.85888,1356,1.532981,1.319746,-1.720734,0.494,4,-1.004343,494,118.709,-2.180284,1.397714,353.576168,476.727958,-1.078118,NA,5.0862202605
"L30184","H000008135","Prevenar","L33539",2015-06-10,17.445741,1.071753,-3.231932,-0.229061,357.557571,28.220929,27.671601,622.468713,26.666919,15.249128,18.697529,1351,-3.247876,1.29525,-1.301346,0.496,4,-1.480849,496,119.46,-0.862502,1.311746,378.39418,463.126267,-0.804046,NA,4.7838761292
"MW1322","H000031244","Prevenar","ME2368",2025-11-02,16.313821,1.074483,-3.922859,-0.800719,358.483824,NA,NA,615.732758,NA,14.47889,17.52892,1392,-3.946972,1.248752,-4.522717,0.481,4,-2.015818,481,119.64,-4.679331,1.262777,380.906461,447.657236,-3.884163,-69.639377,NA
"GX2942","H000013782","Prevenar","GA5078",2023-06-01,19.972257,1.029314,1.626797,-0.295756,358.299897,28.58446,29.473565,613.233838,28.290834,18.020164,20.557723,1353,1.63309,1.341671,-1.477358,0.495,4,-0.881222,495,118.229,-2.675684,1.366815,362.018642,480.720679,-1.086348,NA,5.1829563183
"HX9142","H000011044","Prevenar","HT4768",NA,21.149796,0.982841,-2.702718,-0.622547,342.756892,30.630831,30.70829,687.790789,29.390805,18.085809,20.786892,1375,-2.710654,1.445258,-2.963532,0.487,4,-0.259643,487,119.64,-2.260684,1.362955,357.218135,495.372287,-2.662058,NA,NA
"NM6370","H000010932","Prevenar","MC9170",2025-12-11,18.153933,0.992111,7.777275,1.265446,352.039693,NA,NA,534.932027,NA,15.846252,18.010716,1324,7.811225,1.450164,7.037899,0.506,4,1.408664,506,118.532,-2.326679,1.372383,369.057166,510.515311,7.441949,-57.001879,4.9899130435
"HF3812","H000019489","Prevenar","HA8566",2023-07-30,19.485957,1.056507,-2.425097,0.630173,357.375496,29.012514,27.423609,627.143007,26.939021,17.085766,20.587053,1294,-2.437725,1.373078,3.038893,0.518,4,-0.470924,518,118.005,-2.447918,1.346989,384.882635,490.704302,3.541155,NA,NA
"HX9340","H000017723","Prevenar","HT4767",2024-04-13,19.523476,1.102429,5.968319,0.222911,359.524327,32.732479,34.37305,684.192348,31.274615,15.768571,21.52324,1314,6.019953,1.285645,1.007894,0.51,4,-1.776853,510,118.494,NA,1.354206,376.283534,462.22073,1.856965,NA,5.1589427872
"S26391","H000008135","Prevenar","N43436",2017-04-08,18.438769,0.988155,-1.284789,-0.41071,337.479441,28.33287,28.605165,591.982654,25.4169,16.472385,18.220359,1364,-1.290121,1.472317,-2.251176,0.491,4,-0.1923,491,118.838,-2.764341,1.305144,376.19699,496.876752,-1.828622,NA,5.2306504064
"LL4204","H000019489","Prevenar","LK2941",2024-11-25,21.669052,0.877312,5.652496,0.029018,378.80287,27.420443,28.950767,613.357135,28.754422,18.971183,19.010518,1332,5.675455,1.512977,0.094493,0.503,4,2.687551,503,119.813,-1.037476,1.391928,361.229392,573.120111,0.498649,-60.478062,NA
"EL8861","H000010932","Prevenar","CM4660",2020-12-19,19.891682,0.927859,-5.357195,-1.165078,318.719862,26.091348,26.33867,611.159205,24.756891,18.035553,18.456672,1415,-5.392334,1.600706,-6.340244,0.473,4,0.269932,473,119.262,-3.042347,1.409266,335.899638,510.176727,-5.647288,NA,NA
"CG1801","H000008135","Prevenar","AG6840",2019-05-08,17.037718,1.00587,1.440862,0.647004,308.441268,24.06569,23.492744,512.714681,22.716311,14.328978,17.137725,1424,1.448076,1.514868,3.828834,0.47,4,0.546998,470,119.954,-1.994431,1.438322,326.763093,467.247937,4.30795,NA,5.0260383722
"EC6043","H000010932","Prevenar","DN7212",2020-08-31,19.132775,0.9024,-2.852883,-0.221649,373.683436,26.934953,26.517749,580.210939,25.916302,16.713042,17.265412,1330,-2.869455,1.494239,-1.320523,0.504,4,1.645715,504,119.071,-1.732981,1.297406,388.371216,558.372229,-0.735368,NA,NA
"HN7729","H000011374","Prevenar","HL6219",2024-03-16,20.286116,1.001298,5.548432,0.836551,387.862637,30.876598,31.315905,630.824686,31.358185,16.868995,20.31244,1282,5.567777,1.347437,4.144995,0.523,4,0.810227,523,118.224,-1.660325,1.370229,381.905992,522.62057,4.478042,NA,5.1823674968
"LC5377","H000013782","Prevenar","HT4781",2024-06-20,18.79491,1.006838,-4.599062,-0.964625,392.388706,30.3252,30.490869,641.40633,30.368603,15.558431,18.923435,1401,-4.61783,1.209114,-5.164136,0.478,4,-1.093149,478,118.769,-3.830033,1.219125,391.827905,474.442656,-4.73673,-60.023885,5.7460090359
"W28190","H000006081","Prevenar","T61733",2018-03-07,17.568743,1.051394,0.451086,0.218563,355.682042,28.761015,28.559454,602.184456,25.800204,14.352653,18.471674,1322,0.452092,1.355681,1.152905,0.507,4,-0.684368,507,119.39,-2.349659,1.278621,396.499823,482.191308,1.372832,NA,5.2456504809
"AJ7175","H000017723","Prevenar","X37509",2018-11-29,17.208262,1.056415,1.171362,-0.06855,356.753052,26.387455,26.78955,579.818597,26.090359,14.244953,18.17906,1317,1.178149,1.351552,-0.345662,0.509,4,-1.039348,509,119.448,-0.517652,1.411724,360.815469,482.170423,0.232395,NA,5.2915592679
"LJ1156","H000028394","Prevenar","LD1196",2024-10-09,20.665207,0.926485,-1.665693,0.677491,367.023754,30.277407,28.71424,616.321334,27.92291,18.095636,19.14601,1287,-1.674564,1.532444,3.488249,0.521,4,2.196688,521,119.074,-2.891721,1.309378,397.971673,562.443174,3.99952,-51.662166,NA
"LE0998","H000013782","Prevenar","LH1780",2024-11-12,16.477391,1.144941,3.657529,0.627879,361.40056,24.919124,25.018185,581.271673,25.160717,14.608075,18.86564,1289,3.680515,1.257815,3.282987,0.52,4,-1.76037,520,119.4,-1.18457,1.454086,357.930392,454.574973,3.887025,-54.121818,5.0029503834
"HN7749","H000017723","Prevenar","HL5291",2023-12-31,19.774892,1.01089,0.035593,-0.407619,336.988915,29.049735,29.632427,674.543647,27.534699,16.583414,19.990241,1361,0.035773,1.445647,-1.97007,0.492,4,-0.622967,492,119.064,-2.621986,1.385174,355.530989,487.166928,-1.457847,NA,5.2382372498
"FP0676","H000006081","Prevenar","FT3238",2022-05-05,17.980498,1.037754,-9.405302,-1.261489,333.815586,26.66432,25.965248,648.250238,26.747462,14.987274,18.659341,1427,-9.423481,1.354578,-6.801729,0.469,4,-1.940332,469,119.706,-3.182741,1.410103,332.777951,452.179303,-6.595705,NA,5.1410653046
"GX4678","H000019489","Prevenar","GK0513",2023-03-09,17.027187,1.081808,-0.065193,0.50252,358.828926,28.050391,27.27733,607.233361,26.187475,14.993952,18.420139,1299,-0.065443,1.329207,2.690532,0.516,4,-0.890433,516,118.909,-4.516837,1.342447,384.35518,476.95778,3.062753,NA,NA
"R59712","H000008135","Prevenar","N05555",2016-10-17,18.568947,1.010834,5.581822,1.784483,396.084568,30.454224,29.271211,537.09756,28.561818,16.736898,18.770132,1284,5.606063,1.304708,9.490623,0.522,4,1.583298,522,118.556,-0.999466,1.236892,422.32774,516.774673,9.88198,NA,5.1541306583
"MG4263","H000035016","Prevenar","LY2106",2025-06-25,17.659421,1.054283,3.304701,0.295935,361.069948,27.233595,27.706506,606.082369,27.147428,15.334365,18.618035,1317,3.312574,1.337843,1.576074,0.509,4,-0.662679,509,119.4,-2.338126,1.406003,362.215992,483.054942,1.81002,-53.193511,NA
"GR3510","H000010932","Prevenar","GD9435",2023-01-05,19.417985,1.001808,-4.307384,-0.481348,363.092738,27.85843,27.349329,670.206883,28.183617,17.286331,19.453093,1364,-4.333511,1.349519,-2.506055,0.491,4,-0.516456,491,118.98,-4.81288,1.36774,358.903314,490.000394,-1.888028,NA,NA
"EC6042","H000010932","Prevenar","DN7212",2020-08-29,19.132775,0.9024,-2.852883,-0.221649,373.683436,26.934953,26.517749,580.210939,25.916302,16.713042,17.265412,1330,-2.869455,1.494239,-1.320523,0.504,4,1.645715,504,119.071,-1.732981,1.297406,388.371216,558.372229,-0.735368,NA,NA
"DN3806","H000011373","Prevenar","CW3274",2020-04-19,17.696134,1.017616,6.712655,0.157912,344.85618,54.767289,57.985468,565.096711,53.30167,15.360343,18.007873,1337,6.736169,1.428898,0.860074,0.501,4,-0.153826,501,119.236,-0.935141,1.415157,354.338585,492.764181,1.206152,NA,5.0007920164
"N90864","H000008135","Prevenar","M14485",2016-06-16,18.037329,0.977366,-4.538975,-1.194861,337.369453,26.367144,26.953587,605.029822,25.25228,16.110364,17.629079,1424,-4.55883,1.425824,-6.782973,0.47,4,-0.786612,470,118.275,-2.156589,1.334629,352.263992,481.029324,-6.317907,NA,5.0491752786
"W07868","H000010932","Prevenar","T32911",2017-11-09,17.190634,1.022569,2.3136,-1.246384,389.520044,26.532578,29.054642,598.497198,28.853964,14.234231,17.578606,1427,2.326234,1.178258,-7.179303,0.469,4,-1.634356,469,118.806,-2.790615,1.310265,358.182011,458.955153,-6.59721,NA,5.1898089704
"FF8238","H000019489","Prevenar","EP5303",2021-08-23,18.003667,1.07081,2.03445,0.225273,370.012274,26.849715,27.092916,598.176775,27.57132,15.750196,19.278513,1317,2.045026,1.283514,1.139238,0.509,4,-1.049573,509,118.23,-1.530815,1.411338,360.328202,474.915999,1.650514,NA,NA
"ED8341","H000010932","Prevenar","DX8198",2020-10-23,16.959903,1.043518,0.776715,0.197639,369.058597,26.195233,26.097896,557.7369,25.480792,12.907126,17.69796,1330,0.791846,1.308638,1.163429,0.504,4,-0.540417,504,118.549,-2.180844,1.328342,379.406416,482.964109,3.052086,NA,NA
"FD1885","H000019489","Prevenar","EP5303",2021-07-08,18.003667,1.07081,2.03445,0.225273,370.012274,26.849715,27.092916,598.176775,27.57132,15.750196,19.278513,1317,2.045026,1.283514,1.139238,0.509,4,-1.049573,509,118.23,-1.530815,1.411338,360.328202,474.915999,1.650514,NA,NA
"LX3431","H000031244","Prevenar","LK2944",2025-01-18,20.602336,0.986093,6.177578,1.519456,388.625773,29.104642,28.733397,611.863001,29.540517,18.283289,20.315817,1233,6.224365,1.420793,7.499916,0.544,4,1.805976,544,118.191,-0.890808,1.422015,382.891542,552.156623,8.195217,-53.370596,NA
"S51050","H000008135","Prevenar","N43436",2017-04-25,18.438769,0.988155,-1.284789,-0.41071,337.479441,28.33287,28.605165,591.982654,25.4169,16.472385,18.220359,1364,-1.290121,1.472317,-2.251176,0.491,4,-0.1923,491,118.838,-2.764341,1.305144,376.19699,496.876752,-1.828622,NA,5.1773006882
"HH7685","H000031244","Prevenar","GY0027",2023-08-12,19.365484,1.01153,4.800025,0.965379,393.609437,31.995068,31.976006,613.326468,30.92204,16.693622,19.588759,1270,4.817978,1.325835,4.877553,0.528,4,0.742104,528,118.167,-6.596356,1.296144,407.268104,521.861162,5.231987,NA,NA
"HA9961","H000019489","Prevenar","GP0922",2023-03-31,18.093953,1.031022,0.494401,0.585568,391.112455,26.233836,25.546638,577.129486,26.521696,15.636671,18.655258,1275,0.497592,1.303259,3.117105,0.526,4,0.024262,526,119.585,-2.903731,1.358433,386.86742,509.720934,3.738439,NA,NA
"N90925","H000008135","Prevenar","M35335",2016-08-03,19.851976,0.997139,-5.489168,-1.001652,349.861634,28.531135,28.411752,635.139514,28.654988,17.80812,19.795189,1404,-5.501525,1.366881,-5.083095,0.477,4,-0.944865,477,119.844,-1.647212,1.368887,348.349462,478.219129,-4.847057,NA,5.2011829852
"HG8791","H000019489","Prevenar","HG6460",2023-09-26,16.236499,1.035493,-2.853245,-0.059713,340.711386,24.985877,24.347094,549.73465,23.923964,13.580441,16.812786,1389,-2.863213,1.364992,-0.306635,0.482,3,-0.636,482,118.068,-3.951626,1.353368,355.834534,465.068168,0.042561,NA,NA
"HN7336","H000010932","Prevenar","HL5291",2024-01-28,19.774892,1.01089,0.035593,-0.407619,336.988915,29.049735,29.632427,674.543647,27.534699,16.583414,19.990241,1361,0.035773,1.445647,-1.97007,0.492,4,-0.622967,492,119.064,-2.621986,1.385174,355.530989,487.166928,-1.457847,NA,NA
"M02671","H000008135","Prevenar","L33540",2015-07-05,20.360137,0.901406,-8.311238,-0.676418,342.065771,29.678688,28.271554,630.589123,26.588683,15.622846,18.352751,1381,-8.35939,1.572824,-3.618163,0.485,4,1.330968,485,119.043,-1.403434,1.270143,381.818948,538.009288,-3.021303,NA,5.2865304084
"MC2209","H000032244","Prevenar","LY2106",2025-06-19,17.659421,1.054283,3.304701,0.295935,361.069948,27.233595,27.706506,606.082369,27.147428,15.334365,18.618035,1317,3.312574,1.337843,1.576074,0.509,4,-0.662679,509,119.4,-2.338126,1.406003,362.215992,483.054942,1.81002,-53.193511,NA
"T30312","H000013782","Prevenar","S63641",2017-08-26,19.717224,0.977796,17.685776,2.14249,332.856871,24.971946,26.634326,531.033098,24.943893,15.561266,19.279421,1275,17.764289,1.617071,11.107299,0.526,4,2.580294,526,119.295,0.102809,1.579389,333.231208,538.253146,11.500182,NA,4.8209714514
"MW1302","H000010932","Prevenar","ME2368",2025-10-31,16.313821,1.074483,-3.922859,-0.800719,358.483824,NA,NA,615.732758,NA,14.47889,17.52892,1392,-3.946972,1.248752,-4.522717,0.481,4,-2.015818,481,119.64,-4.679331,1.262777,380.906461,447.657236,-3.884163,-69.639377,5.629590149
"HN5226","H000011044","Prevenar","HL5288",2023-12-04,16.134701,0.998559,-5.719795,-0.445386,355.611516,23.492386,22.800048,538.212178,23.355632,13.982114,16.111455,1452,-5.751969,1.298885,-2.804895,0.461,3,-0.42214,461,119.091,-4.583815,1.289464,357.693724,461.898468,-2.229852,NA,5.4157113593
"LJ1012","H000010932","Prevenar","LD1195",2024-08-09,19.769274,1.058389,0.700234,1.108375,348.428935,30.114781,28.746341,629.339964,27.181944,17.558871,20.923586,1268,0.701972,1.434992,5.246053,0.529,4,-0.045936,529,118.212,-1.256065,1.370868,386.023198,499.992601,5.480633,-52.461811,NA
"HE4012","H000011044","Prevenar","HA8568",2023-07-30,19.033165,1.048794,5.048277,0.911103,357.962879,26.226249,26.348413,629.659797,26.434917,16.013236,19.961873,1272,5.081595,1.404713,4.615786,0.527,4,-0.017605,527,118.885,-2.555154,1.484977,355.137243,502.835079,5.241194,NA,4.9582585837
"M02669","H000008135","Prevenar","L33540",2015-06-26,20.360137,0.901406,-8.311238,-0.676418,342.065771,29.678688,28.271554,630.589123,26.588683,15.622846,18.352751,1381,-8.35939,1.572824,-3.618163,0.485,4,1.330968,485,119.043,-1.403434,1.270143,381.818948,538.009288,-3.021303,NA,5.1573459673
"LE1011","H000028394","Prevenar","LD1192",2024-06-22,18.30222,1.033463,-2.982476,0.525826,417.9786,29.509098,27.784802,599.599874,29.87679,15.071727,18.914675,1297,-2.998424,1.19691,2.844847,0.517,4,-0.08663,517,119.616,-2.272876,1.252376,412.834567,500.282974,3.361605,NA,NA
"MW1304","H000010932","Prevenar","MC9171",2025-09-07,18.643621,1.004427,-0.40984,-0.197402,372.823524,NA,NA,599.590476,NA,16.741721,18.726147,1348,-0.412041,1.328373,-0.985126,0.497,4,-0.279929,497,118.741,-2.713483,1.296091,383.801044,495.248803,-0.44582,-55.265315,5.4691339989
"M71352","H000008135","Prevenar","L59788",2015-11-10,19.596325,1.012387,18.425024,0.646995,382.649165,29.312729,33.795638,628.348091,29.373982,17.15577,19.839074,1292,18.501057,1.339144,3.207669,0.519,4,0.404246,519,119.762,-0.409544,1.358566,381.851234,512.422516,3.605455,NA,4.8154276223
"LJ1150","H000028394","Prevenar","LD1197",2024-09-03,17.96743,1.084934,-0.81602,0.284378,355.472066,29.881934,29.221771,611.4324,27.102325,15.920986,19.493479,1314,-0.820152,1.322276,1.389087,0.51,4,-1.241671,510,119.343,-1.515517,1.301138,391.929204,470.032225,1.885894,-57.381117,NA
"GM8236","H000010932","Prevenar","GD9435",2022-11-24,19.417985,1.001808,-4.307384,-0.481348,363.092738,27.85843,27.349329,670.206883,28.183617,17.286331,19.453093,1364,-4.333511,1.349519,-2.506055,0.491,4,-0.516456,491,118.98,-4.81288,1.36774,358.903314,490.000394,-1.888028,NA,NA
"GD0318","H000013782","Prevenar","FH7120",2022-05-28,14.838879,1.000803,-5.092891,-0.784237,296.422546,21.724863,21.773128,490.255928,21.788034,12.429087,14.850793,1630,-5.113478,1.380829,-5.335641,0.41,3,-0.796151,410,117.368,-1.739624,1.385956,295.563113,409.308932,-4.911557,NA,4.9119339411
"LH9174","H000028394","Prevenar","LD1193",2024-07-15,21.197904,1.013991,8.980951,1.72563,360.838749,28.77814,29.052665,629.800389,27.25559,18.868134,21.49448,1231,9.011376,1.490811,8.057441,0.545,4,1.429054,545,118.359,-0.504125,1.431691,380.995904,537.942266,8.367859,-56.842612,NA
"HN5225","H000011044","Prevenar","HL5287",2023-11-30,17.156972,0.982033,1.650259,0.063171,373.689852,24.710675,25.008932,560.562228,24.760194,14.219715,16.848711,1351,1.659684,1.350481,0.452689,0.496,3,0.371432,496,118.981,-2.562732,1.328874,372.9425,504.66098,1.017951,NA,5.3411799652
"HA2748","H000019489","Prevenar","GR5835",2023-06-11,17.724321,1.003027,-2.583446,0.47487,404.628349,27.937075,26.464596,579.954808,27.117819,15.510305,17.77797,1282,-2.592015,1.28973,2.678685,0.523,4,0.42122,523,119.834,-2.216217,1.255698,416.852575,521.861486,3.000427,NA,NA
"HF3774","H000013782","Prevenar","HG6461",2023-10-24,18.343026,0.990715,5.215395,0.765187,371.307328,26.769196,27.061402,567.378866,25.561742,14.078713,18.172707,1287,5.238213,1.415701,4.146638,0.521,4,0.935506,521,119.214,-1.758127,1.339292,388.846681,525.659973,4.564171,NA,4.9198357121
"HN7338","H000010932","Prevenar","HL6220",2024-02-14,19.452601,1.02103,4.258631,0.638059,379.352015,29.56412,29.87894,633.014768,30.386803,15.972151,19.86169,1294,4.275158,1.338521,3.210286,0.518,4,0.22897,518,118.377,-1.684586,1.404701,369.081552,507.770783,3.584467,NA,4.8610597908
"HA2701","H000006081","Prevenar","HH5428",2023-11-04,16.694672,1.0805,-0.623241,-0.44122,367.915691,26.843584,27.312532,579.582254,26.39035,13.932842,18.038591,1345,-0.625146,1.252698,-2.372111,0.498,4,-1.785139,498,119.234,-2.441053,1.330687,374.234351,460.887353,-2.060189,NA,5.233731454
"HN7782","H000032244","Prevenar","HL5290",2024-01-26,17.922652,0.974057,4.133895,0.022042,352.337761,25.675304,26.709351,563.962662,25.166809,14.896917,17.457682,1345,4.160325,1.449782,0.132927,0.498,4,0.487012,498,119.039,-2.278007,1.384423,359.456747,510.894297,0.767389,NA,NA
"ED8334","H000010932","Prevenar","DX8198",2020-09-12,16.959903,1.043518,0.776715,0.197639,369.058597,26.195233,26.097896,557.7369,25.480792,12.907126,17.69796,1330,0.791846,1.308638,1.163429,0.504,4,-0.540417,504,118.549,-2.180844,1.328342,379.406416,482.964109,3.052086,NA,NA
"S51056","H000008135","Prevenar","N43436",2017-04-13,18.438769,0.988155,-1.284789,-0.41071,337.479441,28.33287,28.605165,591.982654,25.4169,16.472385,18.220359,1364,-1.290121,1.472317,-2.251176,0.491,4,-0.1923,491,118.838,-2.764341,1.305144,376.19699,496.876752,-1.828622,NA,5.3357969391
"M32480","H000006081","Prevenar","L94886",2015-09-23,19.576919,0.961023,-6.668061,-1.072639,362.250085,29.726748,29.406861,643.529043,27.923725,17.487614,18.81386,1409,-6.700101,1.364674,-5.62401,0.475,4,-0.30958,475,119.82,-2.454353,1.231937,385.640407,494.353314,-5.118907,NA,5.4303241897
"LH9176","H000028394","Prevenar","LH1777",2024-08-19,18.664666,1.022425,-10.269432,-2.15426,318.160488,29.086586,29.386303,687.491758,27.605772,16.813695,19.09487,1480,-10.331142,1.388659,-11.361574,0.452,4,-2.584464,452,119.753,-5.856031,1.347517,335.22708,441.816515,-10.696389,-61.297295,NA
"LX3437","H000032244","Prevenar","LK2943",2024-12-21,20.835515,0.983602,-2.562304,-0.184201,364.665354,30.502635,29.983084,665.808163,29.820673,18.599972,20.49386,1345,-2.572999,1.387171,-0.8697,0.498,4,0.157454,498,119.814,-2.688685,1.33392,373.004801,505.853371,-0.450392,-53.878952,NA
"AR7667","H000010932","Prevenar","AK9659",2019-03-30,17.032278,1.049476,2.835153,0.47946,384.724915,27.292975,27.35329,548.336477,27.299287,14.429517,17.87497,1353,2.843559,1.226304,2.622567,0.495,4,-0.363232,495,118.638,-0.585898,1.287275,384.635966,471.789716,2.910458,NA,NA
"HY4218","H000032244","Prevenar","HT4767",2024-04-10,19.523476,1.102429,5.968319,0.222911,359.524327,32.732479,34.37305,684.192348,31.274615,15.768571,21.52324,1314,6.019953,1.285645,1.007894,0.51,4,-1.776853,510,118.494,NA,1.354206,376.283534,462.22073,1.856965,NA,NA
"HN5216","H000011044","Prevenar","HK6908",2023-11-25,18.119533,1.002871,-7.08385,-0.714066,348.756279,27.128208,26.283333,635.444839,27.506333,15.043059,18.171563,1386,-7.116776,1.381903,-4.002395,0.483,4,-0.766096,483,119.027,-2.727582,1.405188,343.961994,481.947196,-3.521223,NA,5.1136267168
"AM5976","H000008135","Prevenar","X72415",2019-02-16,18.826001,1.001993,4.244333,0.006165,367.977649,27.657831,28.83379,622.081339,28.063916,15.57657,18.863515,1332,4.271554,1.365094,0.019743,0.503,4,-0.031349,503,119.404,-2.967931,1.387897,362.653011,502.323974,0.65687,NA,5.2676130904
"AR7665","H000010932","Prevenar","AK9658",2019-03-16,18.26853,0.954355,-2.730138,-0.741734,327.977849,25.465094,25.864172,565.300159,24.301752,15.173552,17.434656,1404,-2.742647,1.525147,-4.309803,0.477,4,0.092141,477,119.519,-3.149781,1.389037,343.678381,500.214539,-3.834046,NA,NA
"GN0388","H000019489","Prevenar","GG0386",2022-11-07,19.12153,0.93333,-6.239369,-0.359501,370.132271,27.286494,26.146152,595.497723,26.68979,16.903737,17.846699,1359,-6.27894,1.427572,-2.099794,0.493,4,0.915331,493,118.077,-3.48719,1.303259,378.407317,528.390573,-1.456344,NA,NA
"HF3766","H000011374","Prevenar","HA8566",2023-09-02,19.485957,1.056507,-2.425097,0.630173,357.375496,29.012514,27.423609,627.143007,26.939021,17.085766,20.587053,1294,-2.437725,1.373078,3.038893,0.518,4,-0.470924,518,118.005,-2.447918,1.346989,384.882635,490.704302,3.541155,NA,4.868643025
"CK6540","H000008090","Prevenar","AR4751",2019-09-28,18.671864,0.962272,1.74243,0.170722,398.018488,29.700997,29.921324,582.660863,28.4086,15.718516,17.967403,1322,1.749549,1.323243,1.007731,0.507,4,0.875183,507,118.751,-0.786712,1.217912,416.125605,526.675177,1.410519,NA,5.3748016972
"ER3800","H000010932","Prevenar","EF8589",2021-04-04,18.610689,1.012633,1.874448,0.460326,377.657204,26.512613,26.378595,609.337271,27.013038,15.402889,18.845796,1302,1.88311,1.346269,2.388597,0.515,4,0.225219,515,119.412,-1.449027,1.389008,370.660991,508.428181,2.83762,NA,NA
"M56315","H000008135","Prevenar","L59788",2015-10-13,19.596325,1.012387,18.425024,0.646995,382.649165,29.312729,33.795638,628.348091,29.373982,17.15577,19.839074,1292,18.501057,1.339144,3.207669,0.519,4,0.404246,519,119.762,-0.409544,1.358566,381.851234,512.422516,3.605455,NA,4.8478336709
"J35309","H000002634","Prevenar","H01006",2014-09-03,14.069568,1.052762,-6.247171,-1.415393,303.077778,22.864261,23.530488,498.728172,21.745288,10.788471,14.811908,1588,-6.582254,1.319553,-9.496089,0.421,3,-2.157732,421,118.39,-4.502163,1.321189,318.673615,399.927054,-3.921978,NA,5.4223040404
"LL4199","H000019489","Prevenar","LH1894",2024-10-29,19.480882,0.972367,-2.418319,-0.808526,350.904641,26.896685,27.377096,637.684855,27.056092,17.194881,18.942563,1389,-2.430702,1.412589,-4.216838,0.482,4,-0.270207,482,119.259,-4.244925,1.381695,348.837209,495.683917,-3.68591,-53.756899,NA
"HF3807","H000019489","Prevenar","GY0028",2023-07-21,15.251483,1.140192,6.353395,0.608237,361.79858,27.603762,28.397099,550.098367,27.061693,13.371891,17.389626,1343,6.354478,1.209946,3.480461,0.499,4,-1.529906,499,117.824,-1.626861,1.352479,369.04571,437.756572,3.496918,NA,NA
"HG8788","H000019489","Prevenar","HG6460",2023-09-19,16.236499,1.035493,-2.853245,-0.059713,340.711386,24.985877,24.347094,549.73465,23.923964,13.580441,16.812786,1389,-2.863213,1.364992,-0.306635,0.482,3,-0.636,482,118.068,-3.951626,1.353368,355.834534,465.068168,0.042561,NA,NA
"N34094","H000008135","Prevenar","L94887",2016-06-07,17.776807,1.064414,-1.799968,-0.16093,375.507305,27.861689,27.611793,620.40985,27.729891,15.262212,18.92188,1340,-1.814082,1.25013,-0.917168,0.5,4,-1.306002,500,119.888,-0.890153,1.324361,377.292063,469.433017,-0.131992,NA,5.3291457287
"LX3425","H000031244","Prevenar","LK2943",2024-12-13,20.835515,0.983602,-2.562304,-0.184201,364.665354,30.502635,29.983084,665.808163,29.820673,18.599972,20.49386,1345,-2.572999,1.387171,-0.8697,0.498,4,0.157454,498,119.814,-2.688685,1.33392,373.004801,505.853371,-0.450392,-53.878952,NA
"DK2065","H000010932","Prevenar","AR4756",2020-02-15,17.081505,1.049267,5.726021,-0.017821,408.85568,27.455537,29.039496,621.518096,27.898214,13.369377,17.923058,1337,5.747204,1.168586,-0.021975,0.501,4,-0.859375,501,118.708,-2.257776,1.245929,402.368123,477.783058,0.346676,NA,NA
"EH7861","H000010932","Prevenar","DX8198",2020-09-26,16.959903,1.043518,0.776715,0.197639,369.058597,26.195233,26.097896,557.7369,25.480792,12.907126,17.69796,1330,0.791846,1.308638,1.163429,0.504,4,-0.540417,504,118.549,-2.180844,1.328342,379.406416,482.964109,3.052086,NA,NA
"HF3753","H000010932","Prevenar","HA8573",2023-09-10,17.976272,1.01534,7.350318,0.335138,372.924331,25.583004,26.984241,580.56508,26.820183,14.943868,18.252028,1309,7.386904,1.351938,1.909684,0.512,4,0.059383,512,118.328,-4.328875,1.439059,355.721821,504.170743,2.395508,NA,NA
"M02670","H000008135","Prevenar","L33540",2015-06-30,20.360137,0.901406,-8.311238,-0.676418,342.065771,29.678688,28.271554,630.589123,26.588683,15.622846,18.352751,1381,-8.35939,1.572824,-3.618163,0.485,4,1.330968,485,119.043,-1.403434,1.270143,381.818948,538.009288,-3.021303,NA,5.0693688442
"HE3365","H000011044","Prevenar","GR5838",2023-06-20,18.01501,1.17802,8.988677,2.174185,375.497749,29.696573,29.341049,627.089378,28.830719,15.760423,21.222034,1199,9.034973,1.265859,10.232161,0.56,4,-1.032839,560,118.337,-0.635813,1.447728,386.77483,475.327149,10.692141,NA,4.5434829978
"LJ1163","H000031244","Prevenar","HT4770",2024-06-24,16.466512,0.988511,-5.194225,-0.903454,358.068281,23.225361,23.296638,546.855023,24.452494,14.096573,16.277327,1467,-5.215465,1.288643,-5.522355,0.456,4,-0.714268,456,119.233,-2.639212,1.341142,340.098856,461.422249,-5.0926,-56.126294,NA
"S26395","H000008135","Prevenar","N43436",2017-04-05,18.438769,0.988155,-1.284789,-0.41071,337.479441,28.33287,28.605165,591.982654,25.4169,16.472385,18.220359,1364,-1.290121,1.472317,-2.251176,0.491,4,-0.1923,491,118.838,-2.764341,1.305144,376.19699,496.876752,-1.828622,NA,5.2006610108
"N33858","H000008135","Prevenar","L94887",2016-05-11,17.776807,1.064414,-1.799968,-0.16093,375.507305,27.861689,27.611793,620.40985,27.729891,15.262212,18.92188,1340,-1.814082,1.25013,-0.917168,0.5,4,-1.306002,500,119.888,-0.890153,1.324361,377.292063,469.433017,-0.131992,NA,5.1813794706
"M32479","H000008135","Prevenar","L59912",NA,17.004213,1.13025,7.71698,1.277864,369.899587,27.765772,28.062293,577.616112,25.985793,14.956015,19.219015,1227,7.7789,1.308202,6.710963,0.547,4,-0.936937,547,119.523,-1.064818,1.383808,395.237031,483.903473,7.453539,NA,NA
"LJ1002","H000010932","Prevenar","LD1195",2024-07-28,19.769274,1.058389,0.700234,1.108375,348.428935,30.114781,28.746341,629.339964,27.181944,17.558871,20.923586,1268,0.701972,1.434992,5.246053,0.529,4,-0.045936,529,118.212,-1.256065,1.370868,386.023198,499.992601,5.480633,-52.461811,NA
"HF3806","H000019489","Prevenar","GY0028",2023-07-18,15.251483,1.140192,6.353395,0.608237,361.79858,27.603762,28.397099,550.098367,27.061693,13.371891,17.389626,1343,6.354478,1.209946,3.480461,0.499,4,-1.529906,499,117.824,-1.626861,1.352479,369.04571,437.756572,3.496918,NA,NA
"LE0997","H000013782","Prevenar","LD1196",2024-10-11,20.665207,0.926485,-1.665693,0.677491,367.023754,30.277407,28.71424,616.321334,27.92291,18.095636,19.14601,1287,-1.674564,1.532444,3.488249,0.521,4,2.196688,521,119.074,-2.891721,1.309378,397.971673,562.443174,3.99952,-51.662166,4.9719814794
"FA1610","H000010932","Prevenar","EF8589",2021-05-10,18.610689,1.012633,1.874448,0.460326,377.657204,26.512613,26.378595,609.337271,27.013038,15.402889,18.845796,1302,1.88311,1.346269,2.388597,0.515,4,0.225219,515,119.412,-1.449027,1.389008,370.660991,508.428181,2.83762,NA,NA
"LE0992","H000011374","Prevenar","HT4768",2024-05-12,21.149796,0.982841,-2.702718,-0.622547,342.756892,30.630831,30.70829,687.790789,29.390805,18.085809,20.786892,1375,-2.710654,1.445258,-2.963532,0.487,4,-0.259643,487,119.64,-2.260684,1.362955,357.218135,495.372287,-2.662058,NA,5.1655085129
"M71358","H000008135","Prevenar","L59792",2015-11-27,18.192198,1.036647,1.523296,-0.337661,361.227008,26.459809,27.320735,632.56698,27.032358,16.364143,18.85888,1356,1.532981,1.319746,-1.720734,0.494,4,-1.004343,494,118.709,-2.180284,1.397714,353.576168,476.727958,-1.078118,NA,5.1342821888
"GT1670","H000017723","Prevenar","GJ3290",2023-04-26,17.037019,1.024861,-7.407271,-0.745609,357.406145,27.205463,26.361452,586.394589,24.976448,15.143494,17.460571,1389,-7.442738,1.315317,-4.34038,0.482,4,-1.169162,482,119.864,-3.84948,1.23757,389.302748,470.10249,-3.843157,NA,5.2523792488
"GT1711","H000019489","Prevenar","GP0922",2023-03-27,18.093953,1.031022,0.494401,0.585568,391.112455,26.233836,25.546638,577.129486,26.521696,15.636671,18.655258,1275,0.497592,1.303259,3.117105,0.526,4,0.024262,526,119.585,-2.903731,1.358433,386.86742,509.720934,3.738439,NA,NA
"GH5587","H000010932","Prevenar","GD9434",2022-10-17,18.836144,1.032384,-3.743169,0.004248,395.274875,31.318087,30.119764,620.714605,29.279637,16.746636,19.446127,1335,-3.758482,1.230538,0.067817,0.502,4,-0.605736,502,119.301,-3.411759,1.187699,422.793942,486.400597,0.474965,NA,NA
"L30209","H000006081","Prevenar","L33540",2015-06-23,20.360137,0.901406,-8.311238,-0.676418,342.065771,29.678688,28.271554,630.589123,26.588683,15.622846,18.352751,1381,-8.35939,1.572824,-3.618163,0.485,4,1.330968,485,119.043,-1.403434,1.270143,381.818948,538.009288,-3.021303,NA,5.4063907823
"MG4228","H000032244","Prevenar","LY2112",2025-07-20,18.094585,0.98489,0.218948,-0.147072,347.758241,NA,NA,561.771835,NA,15.898074,17.821178,1364,0.219892,1.433191,-0.784409,0.491,4,0.126334,491,118.854,-1.988424,1.389544,353.262087,498.404117,-0.351838,-66.479849,NA
"FK0328","H000011044","Prevenar","DY9985",2021-10-09,16.633219,0.973404,-2.429739,-0.613074,363.353414,26.296134,26.660402,539.18438,26.373824,14.272438,16.190846,1467,-2.436722,1.290199,-3.821976,0.456,3,-0.170702,456,119.643,-2.901142,1.259595,362.283079,468.798158,-3.52445,NA,5.4943286788
"J56526","H000002634","Prevenar","H01004",2014-08-28,17.528313,0.979556,10.21958,NA,332.169866,24.745207,26.275408,515.113441,24.614046,13.408052,17.169962,1415,10.26135,1.45335,4.077523,0.473,3,NA,473,119.944,NA,1.416092,333.93991,482.759109,4.467986,NA,5.2946252273
"AM6074","H000011612","Prevenar","X37509",2019-02-13,17.208262,1.056415,1.171362,-0.06855,356.753052,26.387455,26.78955,579.818597,26.090359,14.244953,18.17906,1317,1.178149,1.351552,-0.345662,0.509,4,-1.039348,509,119.448,-0.517652,1.411724,360.815469,482.170423,0.232395,NA,5.2496980057
"M97235","H000008135","Prevenar","L59792",2016-01-01,18.192198,1.036647,1.523296,-0.337661,361.227008,26.459809,27.320735,632.56698,27.032358,16.364143,18.85888,1356,1.532981,1.319746,-1.720734,0.494,4,-1.004343,494,118.709,-2.180284,1.397714,353.576168,476.727958,-1.078118,NA,5.0534612919
"DC8077","H000010932","Prevenar","AR4751",2020-01-14,18.671864,0.962272,1.74243,0.170722,398.018488,29.700997,29.921324,582.660863,28.4086,15.718516,17.967403,1322,1.749549,1.323243,1.007731,0.507,4,0.875183,507,118.751,-0.786712,1.217912,416.125605,526.675177,1.410519,NA,NA
"LJ1151","H000028394","Prevenar","LD1197",2024-09-06,17.96743,1.084934,-0.81602,0.284378,355.472066,29.881934,29.221771,611.4324,27.102325,15.920986,19.493479,1314,-0.820152,1.322276,1.389087,0.51,4,-1.241671,510,119.343,-1.515517,1.301138,391.929204,470.032225,1.885894,-57.381117,NA
"GC1481","H000006081","Prevenar","FT3238",2022-05-15,17.980498,1.037754,-9.405302,-1.261489,333.815586,26.66432,25.965248,648.250238,26.747462,14.987274,18.659341,1427,-9.423481,1.354578,-6.801729,0.469,4,-1.940332,469,119.706,-3.182741,1.410103,332.777951,452.179303,-6.595705,NA,4.9821024583
"AK9145","H000010932","Prevenar","X37509",2019-01-11,17.208262,1.056415,1.171362,-0.06855,356.753052,26.387455,26.78955,579.818597,26.090359,14.244953,18.17906,1317,1.178149,1.351552,-0.345662,0.509,4,-1.039348,509,119.448,-0.517652,1.411724,360.815469,482.170423,0.232395,NA,NA
"AM6026","H000010932","Prevenar","X72415",2019-02-01,18.826001,1.001993,4.244333,0.006165,367.977649,27.657831,28.83379,622.081339,28.063916,15.57657,18.863515,1332,4.271554,1.365094,0.019743,0.503,4,-0.031349,503,119.404,-2.967931,1.387897,362.653011,502.323974,0.65687,NA,NA
"HN7778","H000019489","Prevenar","HL6220",2024-02-08,19.452601,1.02103,4.258631,0.638059,379.352015,29.56412,29.87894,633.014768,30.386803,15.972151,19.86169,1294,4.275158,1.338521,3.210286,0.518,4,0.22897,518,118.377,-1.684586,1.404701,369.081552,507.770783,3.584467,NA,NA
"GF1156","H000008135","Prevenar","GA0098",2022-08-02,17.512503,1.052647,0.778421,0.457161,361.817656,26.669836,26.235174,597.420557,25.468491,15.066167,18.43448,1302,0.781365,1.351235,2.411154,0.515,4,-0.464817,515,117.392,-2.362318,1.358303,378.884544,488.900773,2.778769,NA,5.0806939092
"HF3788","H000017723","Prevenar","HG6460",2023-10-18,16.236499,1.035493,-2.853245,-0.059713,340.711386,24.985877,24.347094,549.73465,23.923964,13.580441,16.812786,1389,-2.863213,1.364992,-0.306635,0.482,3,-0.636,482,118.068,-3.951626,1.353368,355.834534,465.068168,0.042561,NA,5.1226229507
"HE3392","H000019489","Prevenar","GR5840",2023-07-05,18.426948,1.008471,9.433909,0.533126,391.731134,27.060941,28.841001,577.68155,27.483263,16.055522,18.583045,1277,9.500351,1.329507,2.922384,0.525,4,0.377029,525,119.187,-3.124608,1.361694,385.711592,520.809266,3.601312,NA,NA
"M15327","H000008135","Prevenar","L33541",2015-07-25,17.267683,0.972576,-3.165191,-1.784303,355.815166,26.090673,28.015668,587.66816,27.032054,14.582479,16.794127,1471,-3.184066,1.314014,-10.562166,0.455,4,-1.310748,455,118.053,-4.264584,1.324089,343.424039,467.546267,-9.906759,NA,5.6481298237
"AJ9193","H000010932","Prevenar","X37509",2018-11-28,17.208262,1.056415,1.171362,-0.06855,356.753052,26.387455,26.78955,579.818597,26.090359,14.244953,18.17906,1317,1.178149,1.351552,-0.345662,0.509,4,-1.039348,509,119.448,-0.517652,1.411724,360.815469,482.170423,0.232395,NA,NA
"LL9786","H000031244","Prevenar","LD1197",2024-08-23,17.96743,1.084934,-0.81602,0.284378,355.472066,29.881934,29.221771,611.4324,27.102325,15.920986,19.493479,1314,-0.820152,1.322276,1.389087,0.51,4,-1.241671,510,119.343,-1.515517,1.301138,391.929204,470.032225,1.885894,-57.381117,NA
"GW4144","H000010932","Prevenar","GJ3290",2023-04-19,17.037019,1.024861,-7.407271,-0.745609,357.406145,27.205463,26.361452,586.394589,24.976448,15.143494,17.460571,1389,-7.442738,1.315317,-4.34038,0.482,4,-1.169162,482,119.864,-3.84948,1.23757,389.302748,470.10249,-3.843157,NA,NA
"FY2980","H000006081","Prevenar","FH7120",2022-04-13,14.838879,1.000803,-5.092891,-0.784237,296.422546,21.724863,21.773128,490.255928,21.788034,12.429087,14.850793,1630,-5.113478,1.380829,-5.335641,0.41,3,-0.796151,410,117.368,-1.739624,1.385956,295.563113,409.308932,-4.911557,NA,5.1075847393
"FM6161","H000014198","Prevenar","FH2522",2022-01-15,18.815339,1.019628,0.724636,0.03289,359.069978,27.569253,27.727349,587.103926,26.805297,15.863962,19.18465,1332,0.727297,1.372994,0.153844,0.503,4,-0.336421,503,119.167,-2.083127,1.36115,369.303538,493.000782,0.519132,NA,5.0437761392
"GT1605","H000011044","Prevenar","GR5836",2023-05-22,18.810387,1.049225,3.933829,0.776722,392.109892,30.600838,30.591987,607.637824,29.102346,16.47897,19.736323,1280,3.963853,1.274797,3.99278,0.524,4,-0.149214,524,119.422,-3.209464,1.272051,412.299794,499.860705,4.719995,NA,4.7120638938
"HD8386","H000006081","Prevenar","HA8568",2023-08-15,19.033165,1.048794,5.048277,0.911103,357.962879,26.226249,26.348413,629.659797,26.434917,16.013236,19.961873,1272,5.081595,1.404713,4.615786,0.527,4,-0.017605,527,118.885,-2.555154,1.484977,355.137243,502.835079,5.241194,NA,5.0562594819
"LJ1140","H000019489","Prevenar","LD1197",2024-08-30,17.96743,1.084934,-0.81602,0.284378,355.472066,29.881934,29.221771,611.4324,27.102325,15.920986,19.493479,1314,-0.820152,1.322276,1.389087,0.51,4,-1.241671,510,119.343,-1.515517,1.301138,391.929204,470.032225,1.885894,-57.381117,NA
"S25795","H000008135","Prevenar","N43435",2017-01-14,16.310725,1.04871,-6.39606,-0.979307,350.729051,26.410324,26.23705,556.218719,26.52655,13.365495,17.105213,1445,-6.422752,1.258599,-5.766669,0.463,4,-1.773796,463,118.674,-3.998947,1.325714,349.192337,441.42735,-5.327107,NA,5.3945181788
"W07367","H000010932","Prevenar","T22157",2017-12-03,16.439411,1.042296,14.707379,1.362501,385.952485,26.092207,27.860597,535.669348,26.798227,13.508746,17.134732,1309,14.785892,1.27338,8.008425,0.512,4,0.667181,512,119.283,-2.023024,1.363152,375.784261,491.464236,8.4969,NA,NA
"CK6542","H000008090","Prevenar","AR4754",2019-08-06,17.388345,1.096412,-3.376494,1.193353,389.364579,31.915912,28.835236,559.972947,28.9709,14.427407,19.064782,1277,-3.388493,1.230864,6.263984,0.525,4,-0.483085,525,117.882,0.828694,1.225006,428.94511,479.254812,6.595933,NA,4.7228337161
"EW0926","H000010932","Prevenar","EF8589",2021-04-27,18.610689,1.012633,1.874448,0.460326,377.657204,26.512613,26.378595,609.337271,27.013038,15.402889,18.845796,1302,1.88311,1.346269,2.388597,0.515,4,0.225219,515,119.412,-1.449027,1.389008,370.660991,508.428181,2.83762,NA,NA
"HA2709","H000010932","Prevenar","GY0028",2023-08-28,15.251483,1.140192,6.353395,0.608237,361.79858,27.603762,28.397099,550.098367,27.061693,13.371891,17.389626,1343,6.354478,1.209946,3.480461,0.499,4,-1.529906,499,117.824,-1.626861,1.352479,369.04571,437.756572,3.496918,NA,NA
"J23072","H000002634","Prevenar","J43680",2014-11-20,15.881442,1.086226,-2.858414,0.014479,358.137856,25.53867,24.782211,569.994255,24.564002,14.025371,17.250828,1332,-2.877144,1.292561,0.084871,0.503,4,-1.354907,503,119.216,-1.804348,1.350429,372.348308,462.914916,0.73531,NA,5.0986396327
"LX3434","H000031244","Prevenar","LK2943",2025-01-16,20.835515,0.983602,-2.562304,-0.184201,364.665354,30.502635,29.983084,665.808163,29.820673,18.599972,20.49386,1345,-2.572999,1.387171,-0.8697,0.498,4,0.157454,498,119.814,-2.688685,1.33392,373.004801,505.853371,-0.450392,-53.878952,NA
"MG4221","H000031244","Prevenar","LY2112",2025-06-17,18.094585,0.98489,0.218948,-0.147072,347.758241,NA,NA,561.771835,NA,15.898074,17.821178,1364,0.219892,1.433191,-0.784409,0.491,4,0.126334,491,118.854,-1.988424,1.389544,353.262087,498.404117,-0.351838,-66.479849,NA
"S93498","H000008135","Prevenar","R48339",2017-05-28,19.039331,1.070317,-4.856955,0.088574,354.055341,29.740296,28.154235,617.893978,28.849168,16.898102,20.378113,1327,-4.881291,1.331891,0.451747,0.505,4,-1.250208,505,118.638,-2.485664,1.382831,364.991837,471.563296,0.948041,NA,4.9679924862
"HA2711","H000010932","Prevenar","HA8568",2023-08-10,19.033165,1.048794,5.048277,0.911103,357.962879,26.226249,26.348413,629.659797,26.434917,16.013236,19.961873,1272,5.081595,1.404713,4.615786,0.527,4,-0.017605,527,118.885,-2.555154,1.484977,355.137243,502.835079,5.241194,NA,NA
"FA1613","H000010932","Prevenar","EF8589",2021-05-19,18.610689,1.012633,1.874448,0.460326,377.657204,26.512613,26.378595,609.337271,27.013038,15.402889,18.845796,1302,1.88311,1.346269,2.388597,0.515,4,0.225219,515,119.412,-1.449027,1.389008,370.660991,508.428181,2.83762,NA,NA
"FP0771","H000011374","Prevenar","FH2522",2021-12-03,18.815339,1.019628,0.724636,0.03289,359.069978,27.569253,27.727349,587.103926,26.805297,15.863962,19.18465,1332,0.727297,1.372994,0.153844,0.503,4,-0.336421,503,119.167,-2.083127,1.36115,369.303538,493.000782,0.519132,NA,5.0465294828
"GM8433","H000028394","Prevenar","GG0386",2022-12-20,19.12153,0.93333,-6.239369,-0.359501,370.132271,27.286494,26.146152,595.497723,26.68979,16.903737,17.846699,1359,-6.27894,1.427572,-2.099794,0.493,4,0.915331,493,118.077,-3.48719,1.303259,378.407317,528.390573,-1.456344,NA,NA
"HE3393","H000019489","Prevenar","GR5840",2023-07-08,18.426948,1.008471,9.433909,0.533126,391.731134,27.060941,28.841001,577.68155,27.483263,16.055522,18.583045,1277,9.500351,1.329507,2.922384,0.525,4,0.377029,525,119.187,-3.124608,1.361694,385.711592,520.809266,3.601312,NA,NA
"ED8345","H000010932","Prevenar","DX8198",2020-11-14,16.959903,1.043518,0.776715,0.197639,369.058597,26.195233,26.097896,557.7369,25.480792,12.907126,17.69796,1330,0.791846,1.308638,1.163429,0.504,4,-0.540417,504,118.549,-2.180844,1.328342,379.406416,482.964109,3.052086,NA,NA
"GW4134","H000006081","Prevenar","GP0922",2023-03-29,18.093953,1.031022,0.494401,0.585568,391.112455,26.233836,25.546638,577.129486,26.521696,15.636671,18.655258,1275,0.497592,1.303259,3.117105,0.526,4,0.024262,526,119.585,-2.903731,1.358433,386.86742,509.720934,3.738439,NA,4.818524054
"M21958","H000008135","Prevenar","L94889",2015-08-31,18.679738,0.977021,-7.152493,0.354576,368.280368,28.647016,26.053221,615.487616,25.860009,16.235072,18.250496,1307,-7.189268,1.424461,1.86506,0.513,4,0.783818,513,119.076,-0.468174,1.25633,407.970987,524.601062,2.367041,NA,5.4557907267
"MW1324","H000035016","Prevenar","ME2368",2025-09-17,16.313821,1.074483,-3.922859,-0.800719,358.483824,NA,NA,615.732758,NA,14.47889,17.52892,1392,-3.946972,1.248752,-4.522717,0.481,4,-2.015818,481,119.64,-4.679331,1.262777,380.906461,447.657236,-3.884163,-69.639377,NA
"S10671","H000008135","Prevenar","N16603",2016-12-19,16.996872,1.069755,-4.189768,-0.339704,370.502785,29.963219,29.250828,582.846281,26.87749,15.307747,18.182486,1356,-4.219081,1.24622,-1.841529,0.494,4,-1.525318,494,118.034,-1.565532,1.195857,413.039157,461.728147,-1.133941,NA,5.3412069324
"T30392","H000010932","Prevenar","R98657",2017-06-16,17.831326,1.068279,-0.374594,-0.598535,361.257507,28.470283,29.278642,662.477458,28.258018,14.782707,19.048825,1372,-0.377322,1.265251,-3.216631,0.488,4,-1.816034,488,118.94,-2.053657,1.341563,363.971145,457.081435,-2.47019,NA,NA
"N29004","H000006081","Prevenar","M35334",2016-07-08,17.722832,1.008909,-7.667529,-0.435157,356.061805,24.955704,23.636765,575.890918,25.381535,15.505829,17.880733,1353,-7.699447,1.377842,-2.414329,0.495,4,-0.593057,495,119.031,-2.027522,1.413838,350.088082,490.596844,-1.989767,NA,5.2293175692
"RH4678","H000033648","Prevenar","LY2112",2026-04-12,18.094585,0.98489,0.218948,-0.147072,347.758241,NA,NA,561.771835,NA,15.898074,17.821178,1364,0.219892,1.433191,-0.784409,0.491,4,0.126334,491,118.854,-1.988424,1.389544,353.262087,498.404117,-0.351838,-66.479849,NA
"HT5055","H000010932","Prevenar","HT4762",2024-04-08,17.319266,1.002523,-1.270183,-0.195129,369.600509,26.754793,26.698468,584.656803,26.034857,14.411779,17.362971,1351,-1.275063,1.339553,-1.064541,0.496,4,-0.238834,496,119.778,-4.909661,1.306797,379.820983,495.099538,-0.677688,NA,5.1883664153
"R59687","H000006081","Prevenar","N16603",2016-11-26,16.996872,1.069755,-4.189768,-0.339704,370.502785,29.963219,29.250828,582.846281,26.87749,15.307747,18.182486,1356,-4.219081,1.24622,-1.841529,0.494,4,-1.525318,494,118.034,-1.565532,1.195857,413.039157,461.728147,-1.133941,NA,5.3354977354
"MC2232","H000033648","Prevenar","LY2106",2025-04-18,17.659421,1.054283,3.304701,0.295935,361.069948,27.233595,27.706506,606.082369,27.147428,15.334365,18.618035,1317,3.312574,1.337843,1.576074,0.509,4,-0.662679,509,119.4,-2.338126,1.406003,362.215992,483.054942,1.81002,-53.193511,NA
"LX3436","H000032244","Prevenar","LK2943",2024-12-17,20.835515,0.983602,-2.562304,-0.184201,364.665354,30.502635,29.983084,665.808163,29.820673,18.599972,20.49386,1345,-2.572999,1.387171,-0.8697,0.498,4,0.157454,498,119.814,-2.688685,1.33392,373.004801,505.853371,-0.450392,-53.878952,NA
"HN7335","H000010932","Prevenar","HL5288",2024-02-05,16.134701,0.998559,-5.719795,-0.445386,355.611516,23.492386,22.800048,538.212178,23.355632,13.982114,16.111455,1452,-5.751969,1.298885,-2.804895,0.461,3,-0.42214,461,119.091,-4.583815,1.289464,357.693724,461.898468,-2.229852,NA,NA
"GH5615","H000019489","Prevenar","GD9435",2022-09-23,19.417985,1.001808,-4.307384,-0.481348,363.092738,27.85843,27.349329,670.206883,28.183617,17.286331,19.453093,1364,-4.333511,1.349519,-2.506055,0.491,4,-0.516456,491,118.98,-4.81288,1.36774,358.903314,490.000394,-1.888028,NA,NA
"X06518","H000006081","Prevenar","W42955",2018-07-06,20.792107,0.869771,-8.195039,-0.906324,388.832228,30.836978,29.844767,630.991598,29.490606,17.497713,18.084366,1401,-8.22782,1.413499,-5.010219,0.478,4,1.801417,478,118.952,-1.519335,1.175742,406.584086,549.613933,-4.591851,NA,5.2485465866
"LE0962","H000010932","Prevenar","HT4770",2024-07-11,16.466512,0.988511,-5.194225,-0.903454,358.068281,23.225361,23.296638,546.855023,24.452494,14.096573,16.277327,1467,-5.215465,1.288643,-5.522355,0.456,4,-0.714268,456,119.233,-2.639212,1.341142,340.098856,461.422249,-5.0926,-56.126294,NA
"MW1299","H000010932","Prevenar","MC9171",2025-09-21,18.643621,1.004427,-0.40984,-0.197402,372.823524,NA,NA,599.590476,NA,16.741721,18.726147,1348,-0.412041,1.328373,-0.985126,0.497,4,-0.279929,497,118.741,-2.713483,1.296091,383.801044,495.248803,-0.44582,-55.265315,5.2621725017
"RE8363","H000010932","Prevenar","MG9894",2026-05-30,17.936442,1.007679,1.940075,0.242408,355.82202,NA,NA,574.443405,NA,16.029448,18.074168,1312,1.944346,1.424847,1.264978,0.511,4,0.104681,511,119.424,-1.263424,1.434406,356.165006,506.992099,1.481835,-60.915944,4.8255164723
"CG9828","H000013782","Prevenar","AG6840",2019-05-14,17.037718,1.00587,1.440862,0.647004,308.441268,24.06569,23.492744,512.714681,22.716311,14.328978,17.137725,1424,1.448076,1.514868,3.828834,0.47,4,0.546998,470,119.954,-1.994431,1.438322,326.763093,467.247937,4.30795,NA,4.888477898
"MC2196","H000013782","Prevenar","LY2112",2025-06-21,18.094585,0.98489,0.218948,-0.147072,347.758241,NA,NA,561.771835,NA,15.898074,17.821178,1364,0.219892,1.433191,-0.784409,0.491,4,0.126334,491,118.854,-1.988424,1.389544,353.262087,498.404117,-0.351838,-66.479849,4.9440316503
"GT1669","H000017723","Prevenar","GP0922",2023-03-10,18.093953,1.031022,0.494401,0.585568,391.112455,26.233836,25.546638,577.129486,26.521696,15.636671,18.655258,1275,0.497592,1.303259,3.117105,0.526,4,0.024262,526,119.585,-2.903731,1.358433,386.86742,509.720934,3.738439,NA,4.9313758761
"T19576","H000008135","Prevenar","S18405",2017-07-06,18.25116,0.956343,2.531915,-0.137799,330.175205,25.11838,25.947521,539.82696,24.540848,15.942815,17.454372,1418,2.543751,1.495548,-0.757186,0.472,4,0.658989,472,118.638,-1.629934,1.397372,337.945372,493.792729,-0.288334,NA,5.1775944165
"GT1664","H000017723","Prevenar","GK0513",2023-02-11,17.027187,1.081808,-0.065193,0.50252,358.828926,28.050391,27.27733,607.233361,26.187475,14.993952,18.420139,1299,-0.065443,1.329207,2.690532,0.516,4,-0.890433,516,118.909,-4.516837,1.342447,384.35518,476.95778,3.062753,NA,5.0903131017
"LC5391","H000019489","Prevenar","HT4775",2024-05-28,19.399244,1.039088,2.491714,0.680814,356.445313,27.713075,27.455116,620.640154,27.112771,16.094032,20.157523,1289,2.502597,1.403226,3.433421,0.52,4,-0.077465,520,119.247,-2.795401,1.426491,364.337382,500.173326,3.853348,NA,NA
"LM4796","H000010932","Prevenar","LD1194",2024-07-25,19.349786,1.026104,-1.216341,-0.300568,378.110048,29.135904,29.240276,622.418856,29.442943,17.385312,19.854902,1351,-1.224011,1.277527,-1.582236,0.496,4,-0.805684,496,119.552,-2.232329,1.32469,374.167007,483.045641,-0.945661,-55.003212,NA
"HD8395","H000006081","Prevenar","GY0027",2023-08-05,19.365484,1.01153,4.800025,0.965379,393.609437,31.995068,31.976006,613.326468,30.92204,16.693622,19.588759,1270,4.817978,1.325835,4.877553,0.528,4,0.742104,528,118.167,-6.596356,1.296144,407.268104,521.861162,5.231987,NA,5.0804098874
"HJ3850","H000019489","Prevenar","HH5429",2023-11-19,18.24828,1.002792,0.674583,0.082097,374.102012,26.764395,26.83856,571.270667,26.698373,15.252268,18.299238,1324,0.678573,1.348405,0.401471,0.506,4,0.03114,506,118.23,-3.405324,1.348835,375.02712,504.441,0.987167,NA,NA
"LJ1134","H000019489","Prevenar","LD1195",2024-07-22,19.769274,1.058389,0.700234,1.108375,348.428935,30.114781,28.746341,629.339964,27.181944,17.558871,20.923586,1268,0.701972,1.434992,5.246053,0.529,4,-0.045936,529,118.212,-1.256065,1.370868,386.023198,499.992601,5.480633,-52.461811,NA
"S25794","H000008135","Prevenar","N43434",2017-01-05,16.89788,0.963352,-2.973987,-0.758482,331.141574,24.512971,24.936224,548.325496,23.260245,14.737713,16.278599,1449,-2.994933,1.448026,-4.721583,0.462,4,-0.139201,462,118.046,-2.272574,1.32367,348.975857,479.501705,-3.989159,NA,5.4063965679
"HN7639","H000011044","Prevenar","HL5290",2024-02-13,17.922652,0.974057,4.133895,0.022042,352.337761,25.675304,26.709351,563.962662,25.166809,14.896917,17.457682,1345,4.160325,1.449782,0.132927,0.498,4,0.487012,498,119.039,-2.278007,1.384423,359.456747,510.894297,0.767389,NA,5.1393903637
"HN7754","H000017723","Prevenar","HL5290",2024-01-18,17.922652,0.974057,4.133895,0.022042,352.337761,25.675304,26.709351,563.962662,25.166809,14.896917,17.457682,1345,4.160325,1.449782,0.132927,0.498,4,0.487012,498,119.039,-2.278007,1.384423,359.456747,510.894297,0.767389,NA,4.9428756928
"HG4913","H000011044","Prevenar","HH5428",2023-10-30,16.694672,1.0805,-0.623241,-0.44122,367.915691,26.843584,27.312532,579.582254,26.39035,13.932842,18.038591,1345,-0.625146,1.252698,-2.372111,0.498,4,-1.785139,498,119.234,-2.441053,1.330687,374.234351,460.887353,-2.060189,NA,5.2567734699
"ED8336","H000010932","Prevenar","DX8198",2020-10-01,16.959903,1.043518,0.776715,0.197639,369.058597,26.195233,26.097896,557.7369,25.480792,12.907126,17.69796,1330,0.791846,1.308638,1.163429,0.504,4,-0.540417,504,118.549,-2.180844,1.328342,379.406416,482.964109,3.052086,NA,NA
"LJ1147","H000019489","Prevenar","LD1196",2024-10-18,20.665207,0.926485,-1.665693,0.677491,367.023754,30.277407,28.71424,616.321334,27.92291,18.095636,19.14601,1287,-1.674564,1.532444,3.488249,0.521,4,2.196688,521,119.074,-2.891721,1.309378,397.971673,562.443174,3.99952,-51.662166,NA
"M97256","H000008135","Prevenar","L59916",2016-03-23,18.229414,1.040881,-6.848058,-1.234807,335.474967,28.079235,27.978144,655.11313,26.724838,16.137669,18.974643,1418,-6.886174,1.351504,-6.526151,0.472,4,-1.980036,472,119.757,-4.617697,1.338899,352.476617,453.395628,-5.936515,NA,5.1635960087
"CG3541","H000008135","Prevenar","AG6840",2019-05-26,17.037718,1.00587,1.440862,0.647004,308.441268,24.06569,23.492744,512.714681,22.716311,14.328978,17.137725,1424,1.448076,1.514868,3.828834,0.47,4,0.546998,470,119.954,-1.994431,1.438322,326.763093,467.247937,4.30795,NA,NA
"DX7815","H000010932","Prevenar","DH4021",2020-07-08,16.706225,1.100612,-0.180486,0.035067,351.975074,26.067776,25.987629,580.375729,24.457142,13.823722,18.387067,1309,-0.181422,1.321362,0.126035,0.512,4,-1.645774,512,118.01,-1.290083,1.36445,375.154524,465.086498,0.641695,NA,NA
"HN7327","H000010932","Prevenar","HA8569",2024-02-15,12.816101,1.025739,-0.698537,-0.139292,272.831937,17.483709,17.563528,442.426892,17.577848,10.936832,13.145978,1721,-0.70061,1.387453,-1.157144,0.388,3,-0.469169,388,118.441,-2.247211,1.430828,271.37078,378.541597,-0.85784,NA,NA
"M97234","H000008135","Prevenar","L59792",2015-12-10,18.192198,1.036647,1.523296,-0.337661,361.227008,26.459809,27.320735,632.56698,27.032358,16.364143,18.85888,1356,1.532981,1.319746,-1.720734,0.494,4,-1.004343,494,118.709,-2.180284,1.397714,353.576168,476.727958,-1.078118,NA,5.1654478453
"HX9161","H000013782","Prevenar","HT4768",2024-05-06,21.149796,0.982841,-2.702718,-0.622547,342.756892,30.630831,30.70829,687.790789,29.390805,18.085809,20.786892,1375,-2.710654,1.445258,-2.963532,0.487,4,-0.259643,487,119.64,-2.260684,1.362955,357.218135,495.372287,-2.662058,NA,4.9983207855
"HG8787","H000019489","Prevenar","GY0026",2023-10-20,18.401246,1.000567,-2.797554,-0.662557,356.594162,28.095079,28.291771,602.517877,27.76051,16.227445,18.411673,1378,-2.815707,1.361258,-3.515799,0.486,4,-0.672984,486,118.708,-2.517624,1.34581,360.891829,485.41669,-2.848427,NA,NA
"L22463","H000006081","Prevenar","H01006",2014-12-18,14.069568,1.052762,-6.247171,-1.415393,303.077778,22.864261,23.530488,498.728172,21.745288,10.788471,14.811908,1588,-6.582254,1.319553,-9.496089,0.421,3,-2.157732,421,118.39,-4.502163,1.321189,318.673615,399.927054,-3.921978,NA,5.2581309187
"LH9169","H000017723","Prevenar","LH1894",2024-10-30,19.480882,0.972367,-2.418319,-0.808526,350.904641,26.896685,27.377096,637.684855,27.056092,17.194881,18.942563,1389,-2.430702,1.412589,-4.216838,0.482,4,-0.270207,482,119.259,-4.244925,1.381695,348.837209,495.683917,-3.68591,-53.756899,5.3344757204
"FK1150","H000017723","Prevenar","DY9985",2021-10-19,16.633219,0.973404,-2.429739,-0.613074,363.353414,26.296134,26.660402,539.18438,26.373824,14.272438,16.190846,1467,-2.436722,1.290199,-3.821976,0.456,3,-0.170702,456,119.643,-2.901142,1.259595,362.283079,468.798158,-3.52445,NA,5.2984797298
"R59709","H000008135","Prevenar","N05555",2016-09-22,18.568947,1.010834,5.581822,1.784483,396.084568,30.454224,29.271211,537.09756,28.561818,16.736898,18.770132,1284,5.606063,1.304708,9.490623,0.522,4,1.583298,522,118.556,-0.999466,1.236892,422.32774,516.774673,9.88198,NA,5.2046660781
"GH5626","H000028394","Prevenar","GA5078",2022-10-07,19.972257,1.029314,1.626797,-0.295756,358.299897,28.58446,29.473565,613.233838,28.290834,18.020164,20.557723,1353,1.63309,1.341671,-1.477358,0.495,4,-0.881222,495,118.229,-2.675684,1.366815,362.018642,480.720679,-1.086348,NA,NA
"MC2195","H000013782","Prevenar","LY2112",2025-06-10,18.094585,0.98489,0.218948,-0.147072,347.758241,NA,NA,561.771835,NA,15.898074,17.821178,1364,0.219892,1.433191,-0.784409,0.491,4,0.126334,491,118.854,-1.988424,1.389544,353.262087,498.404117,-0.351838,-66.479849,4.9180798762
"FF8240","H000019489","Prevenar","EP5303",2021-07-30,18.003667,1.07081,2.03445,0.225273,370.012274,26.849715,27.092916,598.176775,27.57132,15.750196,19.278513,1317,2.045026,1.283514,1.139238,0.509,4,-1.049573,509,118.23,-1.530815,1.411338,360.328202,474.915999,1.650514,NA,NA
"X23345","H000010932","Prevenar","W42955",2018-07-25,20.792107,0.869771,-8.195039,-0.906324,388.832228,30.836978,29.844767,630.991598,29.490606,17.497713,18.084366,1401,-8.22782,1.413499,-5.010219,0.478,4,1.801417,478,118.952,-1.519335,1.175742,406.584086,549.613933,-4.591851,NA,5.2856481955
"FG4115","H000013782","Prevenar","EF8590",2021-10-05,17.208948,1.053329,-1.159032,-0.458634,335.092678,24.561761,24.908754,587.273497,24.243677,14.274816,18.126686,1367,-1.165146,1.388839,-2.577884,0.49,4,-1.376372,490,119.451,-3.829354,1.443959,339.489182,465.389638,-2.039617,NA,5.2320300752
"HA2710","H000010932","Prevenar","HA8565",2023-08-08,18.897041,0.969379,-1.495264,-0.157688,384.982765,28.006587,27.839854,589.271012,27.915894,16.665124,18.318392,1345,-1.502621,1.334889,-0.907283,0.498,4,0.420961,498,119.387,-2.220223,1.289822,386.233493,513.909127,-0.413223,NA,NA
"GH5588","H000010932","Prevenar","GD9435",2022-10-28,19.417985,1.001808,-4.307384,-0.481348,363.092738,27.85843,27.349329,670.206883,28.183617,17.286331,19.453093,1364,-4.333511,1.349519,-2.506055,0.491,4,-0.516456,491,118.98,-4.81288,1.36774,358.903314,490.000394,-1.888028,NA,NA
"M97104","H000006081","Prevenar","L94887",2016-06-15,17.776807,1.064414,-1.799968,-0.16093,375.507305,27.861689,27.611793,620.40985,27.729891,15.262212,18.92188,1340,-1.814082,1.25013,-0.917168,0.5,4,-1.306002,500,119.888,-0.890153,1.324361,377.292063,469.433017,-0.131992,NA,5.219542282
"DN3797","H000008135","Prevenar","CW3274",2020-03-14,17.696134,1.017616,6.712655,0.157912,344.85618,54.767289,57.985468,565.096711,53.30167,15.360343,18.007873,1337,6.736169,1.428898,0.860074,0.501,4,-0.153826,501,119.236,-0.935141,1.415157,354.338585,492.764181,1.206152,NA,5.2675180623
"GH5617","H000019489","Prevenar","GD9435",2022-09-30,19.417985,1.001808,-4.307384,-0.481348,363.092738,27.85843,27.349329,670.206883,28.183617,17.286331,19.453093,1364,-4.333511,1.349519,-2.506055,0.491,4,-0.516456,491,118.98,-4.81288,1.36774,358.903314,490.000394,-1.888028,NA,NA
"HN7330","H000010932","Prevenar","HL5290",2024-01-26,NA,NA,NA,NA,NA,NA,NA,NA,NA,NA,NA,NA,NA,NA,NA,NA,NA,NA,NA,NA,NA,NA,NA,NA,NA,NA,4.7998912649
"HN7328","H000010932","Prevenar","HL5291",2023-12-31,NA,NA,NA,NA,NA,NA,NA,NA,NA,NA,NA,NA,NA,NA,NA,NA,NA,NA,NA,NA,NA,NA,NA,NA,NA,NA,5.2098777429
"GW4144","H000010932","Prevenar","GJ3290",2023-04-21,NA,NA,NA,NA,NA,NA,NA,NA,NA,NA,NA,NA,NA,NA,NA,NA,NA,NA,NA,NA,NA,NA,NA,NA,NA,NA,4.4822540252
"GX2795","H000010932","Prevenar","GR5836",2023-06-04,NA,NA,NA,NA,NA,NA,NA,NA,NA,NA,NA,NA,NA,NA,NA,NA,NA,NA,NA,NA,NA,NA,NA,NA,NA,NA,5.1159653385
"HN7336","H000010932","Prevenar","HL5291",2024-01-30,NA,NA,NA,NA,NA,NA,NA,NA,NA,NA,NA,NA,NA,NA,NA,NA,NA,NA,NA,NA,NA,NA,NA,NA,NA,NA,5.1497991134
"FC0557","H000010932","Prevenar","EF8589",2021-04-18,NA,NA,NA,NA,NA,NA,NA,NA,NA,NA,NA,NA,NA,NA,NA,NA,NA,NA,NA,NA,NA,NA,NA,NA,NA,NA,5.1963214901
"HN7332","H000010932","Prevenar","HL5291",2024-01-14,NA,NA,NA,NA,NA,NA,NA,NA,NA,NA,NA,NA,NA,NA,NA,NA,NA,NA,NA,NA,NA,NA,NA,NA,NA,NA,4.8279545455
"N73146","H000010932","Prevenar","N16603",2016-11-04,NA,NA,NA,NA,NA,NA,NA,NA,NA,NA,NA,NA,NA,NA,NA,NA,NA,NA,NA,NA,NA,NA,NA,NA,NA,NA,5.2146387746
"GW4145","H000010932","Prevenar","GR5836",2023-05-10,NA,NA,NA,NA,NA,NA,NA,NA,NA,NA,NA,NA,NA,NA,NA,NA,NA,NA,NA,NA,NA,NA,NA,NA,NA,NA,5.0760708289
"W11603","H000010932","Prevenar","T22145",2018-02-13,NA,NA,NA,NA,NA,NA,NA,NA,NA,NA,NA,NA,NA,NA,NA,NA,NA,NA,NA,NA,NA,NA,NA,NA,NA,NA,5.113888889
"X23343","H000010932","Prevenar","T61733",2018-05-22,NA,NA,NA,NA,NA,NA,NA,NA,NA,NA,NA,NA,NA,NA,NA,NA,NA,NA,NA,NA,NA,NA,NA,NA,NA,NA,5.0673460981
"DL7370","H000010932","Prevenar","AR4756",2020-03-06,NA,NA,NA,NA,NA,NA,NA,NA,NA,NA,NA,NA,NA,NA,NA,NA,NA,NA,NA,NA,NA,NA,NA,NA,NA,NA,5.0950087821
"GH5586","H000010932","Prevenar","GA5078",2022-09-16,NA,NA,NA,NA,NA,NA,NA,NA,NA,NA,NA,NA,NA,NA,NA,NA,NA,NA,NA,NA,NA,NA,NA,NA,NA,NA,4.8389064778
"N41744","H000010932","Prevenar","L59916",2016-03-14,NA,NA,NA,NA,NA,NA,NA,NA,NA,NA,NA,NA,NA,NA,NA,NA,NA,NA,NA,NA,NA,NA,NA,NA,NA,NA,5.1756633893
"GX2797","H000010932","Prevenar","GR5838",2023-08-27,NA,NA,NA,NA,NA,NA,NA,NA,NA,NA,NA,NA,NA,NA,NA,NA,NA,NA,NA,NA,NA,NA,NA,NA,NA,NA,4.3503954119
"W08571","H000010932","Prevenar","T61726",2018-01-09,NA,NA,NA,NA,NA,NA,NA,NA,NA,NA,NA,NA,NA,NA,NA,NA,NA,NA,NA,NA,NA,NA,NA,NA,NA,NA,5.3835107834
"EL8871","H000010932","Prevenar","DN7212",2021-01-04,NA,NA,NA,NA,NA,NA,NA,NA,NA,NA,NA,NA,NA,NA,NA,NA,NA,NA,NA,NA,NA,NA,NA,NA,NA,NA,5.2391337939
"EW0926","H000010932","Prevenar","EF8589",2021-05-01,NA,NA,NA,NA,NA,NA,NA,NA,NA,NA,NA,NA,NA,NA,NA,NA,NA,NA,NA,NA,NA,NA,NA,NA,NA,NA,5.1961969765
"LE0960","H000010932","Prevenar","LD1188",2024-06-07,NA,NA,NA,NA,NA,NA,NA,NA,NA,NA,NA,NA,NA,NA,NA,NA,NA,NA,NA,NA,NA,NA,NA,NA,NA,NA,5.2858949211
"EA9688","H000010932","Prevenar","DN7212",2020-08-12,NA,NA,NA,NA,NA,NA,NA,NA,NA,NA,NA,NA,NA,NA,NA,NA,NA,NA,NA,NA,NA,NA,NA,NA,NA,NA,5.2428871312
"FJ5979","H000010932","Prevenar","EP5303",2021-09-22,NA,NA,NA,NA,NA,NA,NA,NA,NA,NA,NA,NA,NA,NA,NA,NA,NA,NA,NA,NA,NA,NA,NA,NA,NA,NA,5.0974946896
"EL8859","H000010932","Prevenar","DN7212",2021-01-01,NA,NA,NA,NA,NA,NA,NA,NA,NA,NA,NA,NA,NA,NA,NA,NA,NA,NA,NA,NA,NA,NA,NA,NA,NA,NA,5.0588390501
"CR3613","H000010932","Prevenar","AH4747",2019-11-19,NA,NA,NA,NA,NA,NA,NA,NA,NA,NA,NA,NA,NA,NA,NA,NA,NA,NA,NA,NA,NA,NA,NA,NA,NA,NA,4.7747554626
"HF3319","H000010932","Prevenar","HA8568",2023-09-06,NA,NA,NA,NA,NA,NA,NA,NA,NA,NA,NA,NA,NA,NA,NA,NA,NA,NA,NA,NA,NA,NA,NA,NA,NA,NA,4.8638657092
"ED8349","H000010932","Prevenar","CM4660",2020-12-07,NA,NA,NA,NA,NA,NA,NA,NA,NA,NA,NA,NA,NA,NA,NA,NA,NA,NA,NA,NA,NA,NA,NA,NA,NA,NA,5.3156209015
"DW4266","H000010932","Prevenar","DH4021",2020-06-12,NA,NA,NA,NA,NA,NA,NA,NA,NA,NA,NA,NA,NA,NA,NA,NA,NA,NA,NA,NA,NA,NA,NA,NA,NA,NA,4.7337908879
"GT1593","H000010932","Prevenar","GK0512",2023-04-09,NA,NA,NA,NA,NA,NA,NA,NA,NA,NA,NA,NA,NA,NA,NA,NA,NA,NA,NA,NA,NA,NA,NA,NA,NA,NA,5.2914082905
"HF3762","H000010932","Prevenar","GY0028",2023-11-09,NA,NA,NA,NA,NA,NA,NA,NA,NA,NA,NA,NA,NA,NA,NA,NA,NA,NA,NA,NA,NA,NA,NA,NA,NA,NA,4.8261275964
"EP6169","H000010932","Prevenar","DN7212",2021-02-08,NA,NA,NA,NA,NA,NA,NA,NA,NA,NA,NA,NA,NA,NA,NA,NA,NA,NA,NA,NA,NA,NA,NA,NA,NA,NA,5.2888629681
"GW4143","H000010932","Prevenar","GJ3290",2023-04-15,NA,NA,NA,NA,NA,NA,NA,NA,NA,NA,NA,NA,NA,NA,NA,NA,NA,NA,NA,NA,NA,NA,NA,NA,NA,NA,5.1470178254
"X06702","H000010932","Prevenar","T61726",2018-05-18,NA,NA,NA,NA,NA,NA,NA,NA,NA,NA,NA,NA,NA,NA,NA,NA,NA,NA,NA,NA,NA,NA,NA,NA,NA,NA,5.5570665712
"HN7331","H000010932","Prevenar","HL5291",2024-01-02,NA,NA,NA,NA,NA,NA,NA,NA,NA,NA,NA,NA,NA,NA,NA,NA,NA,NA,NA,NA,NA,NA,NA,NA,NA,NA,5.1520753569
"GX9418","H000010932","Prevenar","GP0922",2023-03-28,NA,NA,NA,NA,NA,NA,NA,NA,NA,NA,NA,NA,NA,NA,NA,NA,NA,NA,NA,NA,NA,NA,NA,NA,NA,NA,4.7537879494
"ED8346","H000010932","Prevenar","DX8198",2020-11-19,NA,NA,NA,NA,NA,NA,NA,NA,NA,NA,NA,NA,NA,NA,NA,NA,NA,NA,NA,NA,NA,NA,NA,NA,NA,NA,5.0669405723
"W45482","H000010932","Prevenar","T61733",2018-04-05,NA,NA,NA,NA,NA,NA,NA,NA,NA,NA,NA,NA,NA,NA,NA,NA,NA,NA,NA,NA,NA,NA,NA,NA,NA,NA,5.1620652454
"EL8876","H000010932","Prevenar","DN7212",2021-01-14,NA,NA,NA,NA,NA,NA,NA,NA,NA,NA,NA,NA,NA,NA,NA,NA,NA,NA,NA,NA,NA,NA,NA,NA,NA,NA,5.2606427688
"AW6839","H000010932","Prevenar","AG6840",2019-05-31,NA,NA,NA,NA,NA,NA,NA,NA,NA,NA,NA,NA,NA,NA,NA,NA,NA,NA,NA,NA,NA,NA,NA,NA,NA,NA,5.0565063671
"FA1610","H000010932","Prevenar","EF8589",2021-05-11,NA,NA,NA,NA,NA,NA,NA,NA,NA,NA,NA,NA,NA,NA,NA,NA,NA,NA,NA,NA,NA,NA,NA,NA,NA,NA,5.2003313609
"FA1615","H000010932","Prevenar","EF8589",2021-06-04,NA,NA,NA,NA,NA,NA,NA,NA,NA,NA,NA,NA,NA,NA,NA,NA,NA,NA,NA,NA,NA,NA,NA,NA,NA,NA,4.9540318771
"W88032","H000010932","Prevenar","T96871",2018-05-10,NA,NA,NA,NA,NA,NA,NA,NA,NA,NA,NA,NA,NA,NA,NA,NA,NA,NA,NA,NA,NA,NA,NA,NA,NA,NA,5.3239612809
"EW0927","H000010932","Prevenar","EF8589",2021-05-03,NA,NA,NA,NA,NA,NA,NA,NA,NA,NA,NA,NA,NA,NA,NA,NA,NA,NA,NA,NA,NA,NA,NA,NA,NA,NA,5.2784715791
"S69938","H000010932","Prevenar","N43436",2017-04-25,NA,NA,NA,NA,NA,NA,NA,NA,NA,NA,NA,NA,NA,NA,NA,NA,NA,NA,NA,NA,NA,NA,NA,NA,NA,NA,5.4056460188
"HX9142","H000013782","Prevenar","HT4768",2024-04-28,NA,NA,NA,NA,NA,NA,NA,NA,NA,NA,NA,NA,NA,NA,NA,NA,NA,NA,NA,NA,NA,NA,NA,NA,NA,NA,4.6958521353
"EL8915","H000010932","Prevenar","DN7212",2021-02-02,NA,NA,NA,NA,NA,NA,NA,NA,NA,NA,NA,NA,NA,NA,NA,NA,NA,NA,NA,NA,NA,NA,NA,NA,NA,NA,5.2888629681
"X59069","H000010932","Prevenar","W61772",2018-09-11,NA,NA,NA,NA,NA,NA,NA,NA,NA,NA,NA,NA,NA,NA,NA,NA,NA,NA,NA,NA,NA,NA,NA,NA,NA,NA,4.8660869714
"N58142","H000010932","Prevenar","L59916",2016-03-28,NA,NA,NA,NA,NA,NA,NA,NA,NA,NA,NA,NA,NA,NA,NA,NA,NA,NA,NA,NA,NA,NA,NA,NA,NA,NA,5.2285759593
"CG3541","H000008135","Prevenar","AG6840",2019-06-20,NA,NA,NA,NA,NA,NA,NA,NA,NA,NA,NA,NA,NA,NA,NA,NA,NA,NA,NA,NA,NA,NA,NA,NA,NA,NA,5.1115489373
"ED8338","H000010932","Prevenar","DX8198",2020-10-21,NA,NA,NA,NA,NA,NA,NA,NA,NA,NA,NA,NA,NA,NA,NA,NA,NA,NA,NA,NA,NA,NA,NA,NA,NA,NA,5.2311918591
"CK5676","H000010932","Prevenar","AG6840",2019-06-25,NA,NA,NA,NA,NA,NA,NA,NA,NA,NA,NA,NA,NA,NA,NA,NA,NA,NA,NA,NA,NA,NA,NA,NA,NA,NA,5.0772031331
"EL8879","H000010932","Prevenar","DN7212",2021-01-27,NA,NA,NA,NA,NA,NA,NA,NA,NA,NA,NA,NA,NA,NA,NA,NA,NA,NA,NA,NA,NA,NA,NA,NA,NA,NA,5.3470288937
"DL7373","H000010932","Prevenar","DH4016",2020-04-25,NA,NA,NA,NA,NA,NA,NA,NA,NA,NA,NA,NA,NA,NA,NA,NA,NA,NA,NA,NA,NA,NA,NA,NA,NA,NA,5.1393780012
"DC8076","H000010932","Prevenar","AR4751",2020-01-12,NA,NA,NA,NA,NA,NA,NA,NA,NA,NA,NA,NA,NA,NA,NA,NA,NA,NA,NA,NA,NA,NA,NA,NA,NA,NA,5.3195708932
"HM1398","H000010932","Prevenar","HG6460",2023-10-04,NA,NA,NA,NA,NA,NA,NA,NA,NA,NA,NA,NA,NA,NA,NA,NA,NA,NA,NA,NA,NA,NA,NA,NA,NA,NA,5.4088202116
"HF3754","H000010932","Prevenar","GR5836",2023-09-19,NA,NA,NA,NA,NA,NA,NA,NA,NA,NA,NA,NA,NA,NA,NA,NA,NA,NA,NA,NA,NA,NA,NA,NA,NA,NA,4.9624731182
"FA1612","H000010932","Prevenar","EF8589",2021-05-19,NA,NA,NA,NA,NA,NA,NA,NA,NA,NA,NA,NA,NA,NA,NA,NA,NA,NA,NA,NA,NA,NA,NA,NA,NA,NA,5.2420402109
"HF3759","H000010932","Prevenar","GY0026",2023-12-15,NA,NA,NA,NA,NA,NA,NA,NA,NA,NA,NA,NA,NA,NA,NA,NA,NA,NA,NA,NA,NA,NA,NA,NA,NA,NA,4.9046125353
"HN9190","H000010932","Prevenar","HG6461",2023-12-26,NA,NA,NA,NA,NA,NA,NA,NA,NA,NA,NA,NA,NA,NA,NA,NA,NA,NA,NA,NA,NA,NA,NA,NA,NA,NA,5.0361757633
"HN7329","H000010932","Prevenar","HL5290",2024-01-28,NA,NA,NA,NA,NA,NA,NA,NA,NA,NA,NA,NA,NA,NA,NA,NA,NA,NA,NA,NA,NA,NA,NA,NA,NA,NA,5.2142854016
"CM3336","H000010932","Prevenar","AR4750",2019-08-12,NA,NA,NA,NA,NA,NA,NA,NA,NA,NA,NA,NA,NA,NA,NA,NA,NA,NA,NA,NA,NA,NA,NA,NA,NA,NA,5.3325950347
"DL7369","H000010932","Prevenar","AR4756",2020-02-29,NA,NA,NA,NA,NA,NA,NA,NA,NA,NA,NA,NA,NA,NA,NA,NA,NA,NA,NA,NA,NA,NA,NA,NA,NA,NA,5.1005697608
"R98841","H000010932","Prevenar","N16603",2016-11-17,NA,NA,NA,NA,NA,NA,NA,NA,NA,NA,NA,NA,NA,NA,NA,NA,NA,NA,NA,NA,NA,NA,NA,NA,NA,NA,5.1744591946
"AK9145","H000010932","Prevenar","X37509",2019-01-13,NA,NA,NA,NA,NA,NA,NA,NA,NA,NA,NA,NA,NA,NA,NA,NA,NA,NA,NA,NA,NA,NA,NA,NA,NA,NA,5.3853486015
"EL8877","H000010932","Prevenar","DN7212",2021-01-22,NA,NA,NA,NA,NA,NA,NA,NA,NA,NA,NA,NA,NA,NA,NA,NA,NA,NA,NA,NA,NA,NA,NA,NA,NA,NA,5.1912815329
"DA1901","H000010932","Prevenar","AH4747",2019-12-05,NA,NA,NA,NA,NA,NA,NA,NA,NA,NA,NA,NA,NA,NA,NA,NA,NA,NA,NA,NA,NA,NA,NA,NA,NA,NA,5.1734416836
"EL8862","H000010932","Prevenar","DN7212",2020-12-27,NA,NA,NA,NA,NA,NA,NA,NA,NA,NA,NA,NA,NA,NA,NA,NA,NA,NA,NA,NA,NA,NA,NA,NA,NA,NA,5.2347886692
"EL8867","H000010932","Prevenar","DN7212",2021-01-12,NA,NA,NA,NA,NA,NA,NA,NA,NA,NA,NA,NA,NA,NA,NA,NA,NA,NA,NA,NA,NA,NA,NA,NA,NA,NA,5.1126823238
"FC7913","H000010932","Prevenar","EF8589",2021-05-29,NA,NA,NA,NA,NA,NA,NA,NA,NA,NA,NA,NA,NA,NA,NA,NA,NA,NA,NA,NA,NA,NA,NA,NA,NA,NA,5.2372299448
"FA1613","H000010932","Prevenar","EF8589",2021-05-21,NA,NA,NA,NA,NA,NA,NA,NA,NA,NA,NA,NA,NA,NA,NA,NA,NA,NA,NA,NA,NA,NA,NA,NA,NA,NA,5.1392551087
"ED8311","H000006081","Prevenar","DL7790",2020-10-07,NA,NA,NA,NA,NA,NA,NA,NA,NA,NA,NA,NA,NA,NA,NA,NA,NA,NA,NA,NA,NA,NA,NA,NA,NA,NA,4.9098967433
"EH7861","H000010932","Prevenar","DX8198",2020-09-28,NA,NA,NA,NA,NA,NA,NA,NA,NA,NA,NA,NA,NA,NA,NA,NA,NA,NA,NA,NA,NA,NA,NA,NA,NA,NA,5.0505357841
"DN3837","H000010932","Prevenar","DH4016",2020-05-14,NA,NA,NA,NA,NA,NA,NA,NA,NA,NA,NA,NA,NA,NA,NA,NA,NA,NA,NA,NA,NA,NA,NA,NA,NA,NA,5.0675944411
"ED8334","H000010932","Prevenar","DX8198",2020-09-14,NA,NA,NA,NA,NA,NA,NA,NA,NA,NA,NA,NA,NA,NA,NA,NA,NA,NA,NA,NA,NA,NA,NA,NA,NA,NA,4.9606261475
"HP2980","H000006081","Prevenar","HA8572",2024-01-16,NA,NA,NA,NA,NA,NA,NA,NA,NA,NA,NA,NA,NA,NA,NA,NA,NA,NA,NA,NA,NA,NA,NA,NA,NA,NA,5.1221155978
"LL4095","H000010932","Prevenar","LH1778",2024-10-05,NA,NA,NA,NA,NA,NA,NA,NA,NA,NA,NA,NA,NA,NA,NA,NA,NA,NA,NA,NA,NA,NA,NA,NA,NA,NA,5.3126300052
"HN7334","H000010932","Prevenar","HL5287",2024-02-01,NA,NA,NA,NA,NA,NA,NA,NA,NA,NA,NA,NA,NA,NA,NA,NA,NA,NA,NA,NA,NA,NA,NA,NA,NA,NA,5.2749783788
"S69942","H000006081","Prevenar","S63641",2017-08-12,NA,NA,NA,NA,NA,NA,NA,NA,NA,NA,NA,NA,NA,NA,NA,NA,NA,NA,NA,NA,NA,NA,NA,NA,NA,NA,4.6787233494
"LJ1012","H000010932","Prevenar","LD1195",2024-08-12,NA,NA,NA,NA,NA,NA,NA,NA,NA,NA,NA,NA,NA,NA,NA,NA,NA,NA,NA,NA,NA,NA,NA,NA,NA,NA,4.9300977434
"ER3806","H000010932","Prevenar","EF8589",2021-04-11,NA,NA,NA,NA,NA,NA,NA,NA,NA,NA,NA,NA,NA,NA,NA,NA,NA,NA,NA,NA,NA,NA,NA,NA,NA,NA,5.1674115629
"ED8337","H000010932","Prevenar","DX8198",2020-10-11,NA,NA,NA,NA,NA,NA,NA,NA,NA,NA,NA,NA,NA,NA,NA,NA,NA,NA,NA,NA,NA,NA,NA,NA,NA,NA,5.0707488583
"CM3338","H000010932","Prevenar","AR4750",2019-08-26,NA,NA,NA,NA,NA,NA,NA,NA,NA,NA,NA,NA,NA,NA,NA,NA,NA,NA,NA,NA,NA,NA,NA,NA,NA,NA,5.1498971068
"HX9141","H000013782","Prevenar","HT4768",2024-04-26,NA,NA,NA,NA,NA,NA,NA,NA,NA,NA,NA,NA,NA,NA,NA,NA,NA,NA,NA,NA,NA,NA,NA,NA,NA,NA,4.758674456
"CM3339","H000010932","Prevenar","AR4750",2019-09-05,NA,NA,NA,NA,NA,NA,NA,NA,NA,NA,NA,NA,NA,NA,NA,NA,NA,NA,NA,NA,NA,NA,NA,NA,NA,NA,5.1284040063
"LX2597","H000010932","Prevenar","LK2944",2025-02-09,NA,NA,NA,NA,NA,NA,NA,NA,NA,NA,NA,NA,NA,NA,NA,NA,NA,NA,NA,NA,NA,NA,NA,NA,NA,NA,5.3394098471
"GR3511","H000010932","Prevenar","GK0513",2023-01-21,NA,NA,NA,NA,NA,NA,NA,NA,NA,NA,NA,NA,NA,NA,NA,NA,NA,NA,NA,NA,NA,NA,NA,NA,NA,NA,5.2408955224
"DK2067","H000010932","Prevenar","AR4756",2020-02-21,NA,NA,NA,NA,NA,NA,NA,NA,NA,NA,NA,NA,NA,NA,NA,NA,NA,NA,NA,NA,NA,NA,NA,NA,NA,NA,5.1134946815
"LM4796","H000010932","Prevenar","LD1194",2024-07-26,NA,NA,NA,NA,NA,NA,NA,NA,NA,NA,NA,NA,NA,NA,NA,NA,NA,NA,NA,NA,NA,NA,NA,NA,NA,NA,5.2721670937
"GH5589","H000010932","Prevenar","GD9434",2022-11-05,NA,NA,NA,NA,NA,NA,NA,NA,NA,NA,NA,NA,NA,NA,NA,NA,NA,NA,NA,NA,NA,NA,NA,NA,NA,NA,5.2104912742
"LP5294","H000010932","Prevenar","LH1893",2024-11-18,NA,NA,NA,NA,NA,NA,NA,NA,NA,NA,NA,NA,NA,NA,NA,NA,NA,NA,NA,NA,NA,NA,NA,NA,NA,NA,5.2058624362
"HF3756","H000010932","Prevenar","GR5836",2023-09-26,NA,NA,NA,NA,NA,NA,NA,NA,NA,NA,NA,NA,NA,NA,NA,NA,NA,NA,NA,NA,NA,NA,NA,NA,NA,NA,5.188556416
"ED8340","H000010932","Prevenar","DX8198",2020-10-24,NA,NA,NA,NA,NA,NA,NA,NA,NA,NA,NA,NA,NA,NA,NA,NA,NA,NA,NA,NA,NA,NA,NA,NA,NA,NA,5.201653791
"ER3799","H000010932","Prevenar","EF8589",2021-04-01,NA,NA,NA,NA,NA,NA,NA,NA,NA,NA,NA,NA,NA,NA,NA,NA,NA,NA,NA,NA,NA,NA,NA,NA,NA,NA,5.1646634156
"FA1616","H000010932","Prevenar","EF8589",2021-06-09,NA,NA,NA,NA,NA,NA,NA,NA,NA,NA,NA,NA,NA,NA,NA,NA,NA,NA,NA,NA,NA,NA,NA,NA,NA,NA,5.1165717747
"CM3340","H000010932","Prevenar","AR4751",2019-09-12,NA,NA,NA,NA,NA,NA,NA,NA,NA,NA,NA,NA,NA,NA,NA,NA,NA,NA,NA,NA,NA,NA,NA,NA,NA,NA,5.2348727605
"X70406","H000010932","Prevenar","W42955",2018-10-06,NA,NA,NA,NA,NA,NA,NA,NA,NA,NA,NA,NA,NA,NA,NA,NA,NA,NA,NA,NA,NA,NA,NA,NA,NA,NA,5.5971907501
"X23344","H000010932","Prevenar","W42955",2018-07-22,NA,NA,NA,NA,NA,NA,NA,NA,NA,NA,NA,NA,NA,NA,NA,NA,NA,NA,NA,NA,NA,NA,NA,NA,NA,NA,5.5503210763
"FA1618","H000010932","Prevenar","EF8589",2021-06-12,NA,NA,NA,NA,NA,NA,NA,NA,NA,NA,NA,NA,NA,NA,NA,NA,NA,NA,NA,NA,NA,NA,NA,NA,NA,NA,5.1470987281
"GH5587","H000010932","Prevenar","GD9434",2022-10-19,NA,NA,NA,NA,NA,NA,NA,NA,NA,NA,NA,NA,NA,NA,NA,NA,NA,NA,NA,NA,NA,NA,NA,NA,NA,NA,5.0810703213
"ED8341","H000010932","Prevenar","DX8198",2020-10-26,NA,NA,NA,NA,NA,NA,NA,NA,NA,NA,NA,NA,NA,NA,NA,NA,NA,NA,NA,NA,NA,NA,NA,NA,NA,NA,5.0824083606
"X37663","H000010932","Prevenar","W61747",2018-08-11,NA,NA,NA,NA,NA,NA,NA,NA,NA,NA,NA,NA,NA,NA,NA,NA,NA,NA,NA,NA,NA,NA,NA,NA,NA,NA,5.138659561
"HA2710","H000010932","Prevenar","HA8565",2023-08-09,NA,NA,NA,NA,NA,NA,NA,NA,NA,NA,NA,NA,NA,NA,NA,NA,NA,NA,NA,NA,NA,NA,NA,NA,NA,NA,5.0045181477
"LX2595","H000010932","Prevenar","LK2944",2025-02-06,NA,NA,NA,NA,NA,NA,NA,NA,NA,NA,NA,NA,NA,NA,NA,NA,NA,NA,NA,NA,NA,NA,NA,NA,NA,NA,5.1917922247
"DN3835","H000010932","Prevenar","DH4016",2020-05-07,NA,NA,NA,NA,NA,NA,NA,NA,NA,NA,NA,NA,NA,NA,NA,NA,NA,NA,NA,NA,NA,NA,NA,NA,NA,NA,5.2616767369
"GH5588","H000010932","Prevenar","GD9435",2022-10-29,NA,NA,NA,NA,NA,NA,NA,NA,NA,NA,NA,NA,NA,NA,NA,NA,NA,NA,NA,NA,NA,NA,NA,NA,NA,NA,5.1209920876
"EL8920","H000010932","Prevenar","EC5369",2021-03-24,NA,NA,NA,NA,NA,NA,NA,NA,NA,NA,NA,NA,NA,NA,NA,NA,NA,NA,NA,NA,NA,NA,NA,NA,NA,NA,4.8293696136
"ER3800","H000010932","Prevenar","EF8589",2021-04-06,NA,NA,NA,NA,NA,NA,NA,NA,NA,NA,NA,NA,NA,NA,NA,NA,NA,NA,NA,NA,NA,NA,NA,NA,NA,NA,5.1961722648
"AH5749","H000010932","Prevenar","X37509",2018-12-28,NA,NA,NA,NA,NA,NA,NA,NA,NA,NA,NA,NA,NA,NA,NA,NA,NA,NA,NA,NA,NA,NA,NA,NA,NA,NA,5.1430741541
"FA1611","H000010932","Prevenar","EF8589",2021-05-16,NA,NA,NA,NA,NA,NA,NA,NA,NA,NA,NA,NA,NA,NA,NA,NA,NA,NA,NA,NA,NA,NA,NA,NA,NA,NA,4.8803889255
"EC6042","H000010932","Prevenar","DN7212",2020-09-01,NA,NA,NA,NA,NA,NA,NA,NA,NA,NA,NA,NA,NA,NA,NA,NA,NA,NA,NA,NA,NA,NA,NA,NA,NA,NA,5.1628529946
"T63423","H000010932","Prevenar","S85345",2017-09-13,NA,NA,NA,NA,NA,NA,NA,NA,NA,NA,NA,NA,NA,NA,NA,NA,NA,NA,NA,NA,NA,NA,NA,NA,NA,NA,4.9928079094
"W07367","H000010932","Prevenar","T22157",2017-12-06,NA,NA,NA,NA,NA,NA,NA,NA,NA,NA,NA,NA,NA,NA,NA,NA,NA,NA,NA,NA,NA,NA,NA,NA,NA,NA,5.4093231846
"EW0925","H000010932","Prevenar","EF8589",2021-04-28,NA,NA,NA,NA,NA,NA,NA,NA,NA,NA,NA,NA,NA,NA,NA,NA,NA,NA,NA,NA,NA,NA,NA,NA,NA,NA,5.1945821054
"LE0962","H000010932","Prevenar","HT4770",2024-07-15,NA,NA,NA,NA,NA,NA,NA,NA,NA,NA,NA,NA,NA,NA,NA,NA,NA,NA,NA,NA,NA,NA,NA,NA,NA,NA,5.7076457885
"X23346","H000010932","Prevenar","W42955",2018-08-05,NA,NA,NA,NA,NA,NA,NA,NA,NA,NA,NA,NA,NA,NA,NA,NA,NA,NA,NA,NA,NA,NA,NA,NA,NA,NA,5.3691589395
"ER3798","H000010932","Prevenar","DN7212",2021-03-30,NA,NA,NA,NA,NA,NA,NA,NA,NA,NA,NA,NA,NA,NA,NA,NA,NA,NA,NA,NA,NA,NA,NA,NA,NA,NA,5.1751153788
"LL4093","H000010932","Prevenar","LH1778",2024-09-03,NA,NA,NA,NA,NA,NA,NA,NA,NA,NA,NA,NA,NA,NA,NA,NA,NA,NA,NA,NA,NA,NA,NA,NA,NA,NA,5.2744817793
"LX2593","H000010932","Prevenar","LK2942",2025-01-29,NA,NA,NA,NA,NA,NA,NA,NA,NA,NA,NA,NA,NA,NA,NA,NA,NA,NA,NA,NA,NA,NA,NA,NA,NA,NA,5.1130823374
"EL8863","H000010932","Prevenar","DN7212",2020-12-30,NA,NA,NA,NA,NA,NA,NA,NA,NA,NA,NA,NA,NA,NA,NA,NA,NA,NA,NA,NA,NA,NA,NA,NA,NA,NA,5.2579868327
"EL8918","H000010932","Prevenar","DN7212",2021-03-15,NA,NA,NA,NA,NA,NA,NA,NA,NA,NA,NA,NA,NA,NA,NA,NA,NA,NA,NA,NA,NA,NA,NA,NA,NA,NA,5.3155248506
"DN5224","H000010932","Prevenar","DH4016",2020-04-04,NA,NA,NA,NA,NA,NA,NA,NA,NA,NA,NA,NA,NA,NA,NA,NA,NA,NA,NA,NA,NA,NA,NA,NA,NA,NA,5.0753771231
"FA1614","H000010932","Prevenar","EF8589",2021-05-27,NA,NA,NA,NA,NA,NA,NA,NA,NA,NA,NA,NA,NA,NA,NA,NA,NA,NA,NA,NA,NA,NA,NA,NA,NA,NA,4.939474296
"N73145","H000010932","Prevenar","M14485",2016-06-19,NA,NA,NA,NA,NA,NA,NA,NA,NA,NA,NA,NA,NA,NA,NA,NA,NA,NA,NA,NA,NA,NA,NA,NA,NA,NA,5.2313081767
"FC1572","H000010932","Prevenar","EF8589",2021-05-13,NA,NA,NA,NA,NA,NA,NA,NA,NA,NA,NA,NA,NA,NA,NA,NA,NA,NA,NA,NA,NA,NA,NA,NA,NA,NA,5.2250938568
"CM3341","H000010932","Prevenar","AR4751",2019-10-14,NA,NA,NA,NA,NA,NA,NA,NA,NA,NA,NA,NA,NA,NA,NA,NA,NA,NA,NA,NA,NA,NA,NA,NA,NA,NA,5.1417073613
"HN7326","H000010932","Prevenar","HL5291",2024-01-06,NA,NA,NA,NA,NA,NA,NA,NA,NA,NA,NA,NA,NA,NA,NA,NA,NA,NA,NA,NA,NA,NA,NA,NA,NA,NA,5.160831889
"GX2798","H000010932","Prevenar","FT3236",2023-06-25,NA,NA,NA,NA,NA,NA,NA,NA,NA,NA,NA,NA,NA,NA,NA,NA,NA,NA,NA,NA,NA,NA,NA,NA,NA,NA,5.0460079767
"EL8921","H000010932","Prevenar","DN7212",2021-03-26,NA,NA,NA,NA,NA,NA,NA,NA,NA,NA,NA,NA,NA,NA,NA,NA,NA,NA,NA,NA,NA,NA,NA,NA,NA,NA,5.0071995739
"EL8878","H000010932","Prevenar","DN7212",2021-01-25,NA,NA,NA,NA,NA,NA,NA,NA,NA,NA,NA,NA,NA,NA,NA,NA,NA,NA,NA,NA,NA,NA,NA,NA,NA,NA,5.3172556064
"DN3838","H000010932","Prevenar","DH4021",2020-05-23,NA,NA,NA,NA,NA,NA,NA,NA,NA,NA,NA,NA,NA,NA,NA,NA,NA,NA,NA,NA,NA,NA,NA,NA,NA,NA,5.1962908592
"EC6041","H000010932","Prevenar","DN7212",2020-08-26,NA,NA,NA,NA,NA,NA,NA,NA,NA,NA,NA,NA,NA,NA,NA,NA,NA,NA,NA,NA,NA,NA,NA,NA,NA,NA,5.2411887338
"AM6028","H000010932","Prevenar","AK9658",2019-03-12,NA,NA,NA,NA,NA,NA,NA,NA,NA,NA,NA,NA,NA,NA,NA,NA,NA,NA,NA,NA,NA,NA,NA,NA,NA,NA,5.2691056521
"HP2982","H000006081","Prevenar","HG6461",2024-01-20,NA,NA,NA,NA,NA,NA,NA,NA,NA,NA,NA,NA,NA,NA,NA,NA,NA,NA,NA,NA,NA,NA,NA,NA,NA,NA,4.9650120276
"AW6836","H000010932","Prevenar","AG6840",2019-05-01,NA,NA,NA,NA,NA,NA,NA,NA,NA,NA,NA,NA,NA,NA,NA,NA,NA,NA,NA,NA,NA,NA,NA,NA,NA,NA,5.2717469006
"AR7665","H000010932","Prevenar","AK9658",2019-03-17,NA,NA,NA,NA,NA,NA,NA,NA,NA,NA,NA,NA,NA,NA,NA,NA,NA,NA,NA,NA,NA,NA,NA,NA,NA,NA,5.1929165339
"X56196","H000010932","Prevenar","W61747",2018-08-13,NA,NA,NA,NA,NA,NA,NA,NA,NA,NA,NA,NA,NA,NA,NA,NA,NA,NA,NA,NA,NA,NA,NA,NA,NA,NA,5.240476611
"HA2709","H000010932","Prevenar","GY0028",2023-08-29,NA,NA,NA,NA,NA,NA,NA,NA,NA,NA,NA,NA,NA,NA,NA,NA,NA,NA,NA,NA,NA,NA,NA,NA,NA,NA,4.8374471064
"DN3836","H000010932","Prevenar","DH4021",2020-05-17,NA,NA,NA,NA,NA,NA,NA,NA,NA,NA,NA,NA,NA,NA,NA,NA,NA,NA,NA,NA,NA,NA,NA,NA,NA,NA,5.1257154041
"AJ6040","H000010932","Prevenar","W61772",2018-12-31,NA,NA,NA,NA,NA,NA,NA,NA,NA,NA,NA,NA,NA,NA,NA,NA,NA,NA,NA,NA,NA,NA,NA,NA,NA,NA,4.9431101512
"EA9687","H000010932","Prevenar","DH4017",2020-08-10,NA,NA,NA,NA,NA,NA,NA,NA,NA,NA,NA,NA,NA,NA,NA,NA,NA,NA,NA,NA,NA,NA,NA,NA,NA,NA,4.9828627928
"EA9686","H000010932","Prevenar","DH4017",2020-08-04,NA,NA,NA,NA,NA,NA,NA,NA,NA,NA,NA,NA,NA,NA,NA,NA,NA,NA,NA,NA,NA,NA,NA,NA,NA,NA,5.054913078
"EC6043","H000010932","Prevenar","DN7212",2020-09-03,NA,NA,NA,NA,NA,NA,NA,NA,NA,NA,NA,NA,NA,NA,NA,NA,NA,NA,NA,NA,NA,NA,NA,NA,NA,NA,4.8712289756
"AJ9193","H000010932","Prevenar","X37509",2018-11-29,NA,NA,NA,NA,NA,NA,NA,NA,NA,NA,NA,NA,NA,NA,NA,NA,NA,NA,NA,NA,NA,NA,NA,NA,NA,NA,5.2352341266
"HP2981","H000006081","Prevenar","HG6460",2024-01-13,NA,NA,NA,NA,NA,NA,NA,NA,NA,NA,NA,NA,NA,NA,NA,NA,NA,NA,NA,NA,NA,NA,NA,NA,NA,NA,5.0823685191
"HA2708","H000010932","Prevenar","FT3236",2023-06-11,NA,NA,NA,NA,NA,NA,NA,NA,NA,NA,NA,NA,NA,NA,NA,NA,NA,NA,NA,NA,NA,NA,NA,NA,NA,NA,4.9820929464
"DC8077","H000010932","Prevenar","AR4751",2020-01-17,NA,NA,NA,NA,NA,NA,NA,NA,NA,NA,NA,NA,NA,NA,NA,NA,NA,NA,NA,NA,NA,NA,NA,NA,NA,NA,5.0197583646
"EC6036","H000010932","Prevenar","DN7212",2020-08-23,NA,NA,NA,NA,NA,NA,NA,NA,NA,NA,NA,NA,NA,NA,NA,NA,NA,NA,NA,NA,NA,NA,NA,NA,NA,NA,5.1535323382
"HN7327","H000010932","Prevenar","HA8569",2024-02-17,NA,NA,NA,NA,NA,NA,NA,NA,NA,NA,NA,NA,NA,NA,NA,NA,NA,NA,NA,NA,NA,NA,NA,NA,NA,NA,5.1952136838
"DW4267","H000010932","Prevenar","DH4021",2020-06-16,NA,NA,NA,NA,NA,NA,NA,NA,NA,NA,NA,NA,NA,NA,NA,NA,NA,NA,NA,NA,NA,NA,NA,NA,NA,NA,4.713551402
"LL4094","H000010932","Prevenar","LH1779",2024-10-14,NA,NA,NA,NA,NA,NA,NA,NA,NA,NA,NA,NA,NA,NA,NA,NA,NA,NA,NA,NA,NA,NA,NA,NA,NA,NA,4.8224865831
"EL8861","H000010932","Prevenar","CM4660",2020-12-23,NA,NA,NA,NA,NA,NA,NA,NA,NA,NA,NA,NA,NA,NA,NA,NA,NA,NA,NA,NA,NA,NA,NA,NA,NA,NA,5.0871039652
"HA2711","H000010932","Prevenar","HA8568",2023-08-12,NA,NA,NA,NA,NA,NA,NA,NA,NA,NA,NA,NA,NA,NA,NA,NA,NA,NA,NA,NA,NA,NA,NA,NA,NA,NA,4.9683792241
"HN7730","H000011374","Prevenar","HP3397",2024-04-03,NA,NA,NA,NA,NA,NA,NA,NA,NA,NA,NA,NA,NA,NA,NA,NA,NA,NA,NA,NA,NA,NA,NA,NA,NA,NA,4.9955336285
"EL8916","H000010932","Prevenar","DN7212",2021-02-04,NA,NA,NA,NA,NA,NA,NA,NA,NA,NA,NA,NA,NA,NA,NA,NA,NA,NA,NA,NA,NA,NA,NA,NA,NA,NA,5.3628696536
"EL8919","H000010932","Prevenar","DN7212",2021-03-18,NA,NA,NA,NA,NA,NA,NA,NA,NA,NA,NA,NA,NA,NA,NA,NA,NA,NA,NA,NA,NA,NA,NA,NA,NA,NA,5.283368736
"AM6027","H000010932","Prevenar","X72415",2019-02-20,NA,NA,NA,NA,NA,NA,NA,NA,NA,NA,NA,NA,NA,NA,NA,NA,NA,NA,NA,NA,NA,NA,NA,NA,NA,NA,5.1982877785
"T30392","H000010932","Prevenar","R98657",2017-06-17,NA,NA,NA,NA,NA,NA,NA,NA,NA,NA,NA,NA,NA,NA,NA,NA,NA,NA,NA,NA,NA,NA,NA,NA,NA,NA,5.2977605872
"ED8347","H000010932","Prevenar","DX8198",2020-11-21,NA,NA,NA,NA,NA,NA,NA,NA,NA,NA,NA,NA,NA,NA,NA,NA,NA,NA,NA,NA,NA,NA,NA,NA,NA,NA,5.0487820983
"LX2591","H000010932","Prevenar","LK2943",2025-01-19,NA,NA,NA,NA,NA,NA,NA,NA,NA,NA,NA,NA,NA,NA,NA,NA,NA,NA,NA,NA,NA,NA,NA,NA,NA,NA,5.4611399683
"HN7335","H000010932","Prevenar","HL5288",2024-02-08,NA,NA,NA,NA,NA,NA,NA,NA,NA,NA,NA,NA,NA,NA,NA,NA,NA,NA,NA,NA,NA,NA,NA,NA,NA,NA,5.3476007865
"W08088","H000010932","Prevenar","T22145",2017-11-15,NA,NA,NA,NA,NA,NA,NA,NA,NA,NA,NA,NA,NA,NA,NA,NA,NA,NA,NA,NA,NA,NA,NA,NA,NA,NA,5.1677705252
"ED8336","H000010932","Prevenar","DX8198",2020-10-03,NA,NA,NA,NA,NA,NA,NA,NA,NA,NA,NA,NA,NA,NA,NA,NA,NA,NA,NA,NA,NA,NA,NA,NA,NA,NA,5.2054047712
"DN3839","H000010932","Prevenar","DH4021",2020-06-05,NA,NA,NA,NA,NA,NA,NA,NA,NA,NA,NA,NA,NA,NA,NA,NA,NA,NA,NA,NA,NA,NA,NA,NA,NA,NA,4.9969259906
"EL8858","H000010932","Prevenar","DH4020",2021-03-21,NA,NA,NA,NA,NA,NA,NA,NA,NA,NA,NA,NA,NA,NA,NA,NA,NA,NA,NA,NA,NA,NA,NA,NA,NA,NA,5.5834924728
"DK2065","H000010932","Prevenar","AR4756",2020-02-16,NA,NA,NA,NA,NA,NA,NA,NA,NA,NA,NA,NA,NA,NA,NA,NA,NA,NA,NA,NA,NA,NA,NA,NA,NA,NA,5.2252716318
"LJ1014","H000010932","Prevenar","LH1777",2024-08-13,NA,NA,NA,NA,NA,NA,NA,NA,NA,NA,NA,NA,NA,NA,NA,NA,NA,NA,NA,NA,NA,NA,NA,NA,NA,NA,5.2255433086
"W11604","H000010932","Prevenar","T61733",2018-02-15,NA,NA,NA,NA,NA,NA,NA,NA,NA,NA,NA,NA,NA,NA,NA,NA,NA,NA,NA,NA,NA,NA,NA,NA,NA,NA,5.0643413898
"HF3753","H000010932","Prevenar","HA8573",2023-09-12,NA,NA,NA,NA,NA,NA,NA,NA,NA,NA,NA,NA,NA,NA,NA,NA,NA,NA,NA,NA,NA,NA,NA,NA,NA,NA,5.2861290322
"DJ2716","H000010932","Prevenar","AR4751",2020-02-11,NA,NA,NA,NA,NA,NA,NA,NA,NA,NA,NA,NA,NA,NA,NA,NA,NA,NA,NA,NA,NA,NA,NA,NA,NA,NA,5.0107548355
"DA1902","H000010932","Prevenar","AH4747",2019-12-21,NA,NA,NA,NA,NA,NA,NA,NA,NA,NA,NA,NA,NA,NA,NA,NA,NA,NA,NA,NA,NA,NA,NA,NA,NA,NA,5.1069252482
"LX2592","H000010932","Prevenar","LK2943",2025-01-25,NA,NA,NA,NA,NA,NA,NA,NA,NA,NA,NA,NA,NA,NA,NA,NA,NA,NA,NA,NA,NA,NA,NA,NA,NA,NA,5.0378574708
"GR3510","H000010932","Prevenar","GD9435",2023-01-07,NA,NA,NA,NA,NA,NA,NA,NA,NA,NA,NA,NA,NA,NA,NA,NA,NA,NA,NA,NA,NA,NA,NA,NA,NA,NA,4.9927265804
"GM8236","H000010932","Prevenar","GD9435",2022-11-27,NA,NA,NA,NA,NA,NA,NA,NA,NA,NA,NA,NA,NA,NA,NA,NA,NA,NA,NA,NA,NA,NA,NA,NA,NA,NA,5.0730189348
"EL8860","H000010932","Prevenar","DX8198",2020-12-20,NA,NA,NA,NA,NA,NA,NA,NA,NA,NA,NA,NA,NA,NA,NA,NA,NA,NA,NA,NA,NA,NA,NA,NA,NA,NA,5.0124415054
"EW0928","H000010932","Prevenar","EF8589",2021-05-05,NA,NA,NA,NA,NA,NA,NA,NA,NA,NA,NA,NA,NA,NA,NA,NA,NA,NA,NA,NA,NA,NA,NA,NA,NA,NA,5.1388285194
"HF3761","H000010932","Prevenar","HG6461",2023-10-27,NA,NA,NA,NA,NA,NA,NA,NA,NA,NA,NA,NA,NA,NA,NA,NA,NA,NA,NA,NA,NA,NA,NA,NA,NA,NA,5.0974762597
"LX2596","H000010932","Prevenar","LK3087",2025-01-31,NA,NA,NA,NA,NA,NA,NA,NA,NA,NA,NA,NA,NA,NA,NA,NA,NA,NA,NA,NA,NA,NA,NA,NA,NA,NA,4.8332656735
"AM6026","H000010932","Prevenar","X72415",2019-02-03,NA,NA,NA,NA,NA,NA,NA,NA,NA,NA,NA,NA,NA,NA,NA,NA,NA,NA,NA,NA,NA,NA,NA,NA,NA,NA,5.359273189
"DX7817","H000010932","Prevenar","DH4021",2020-07-12,NA,NA,NA,NA,NA,NA,NA,NA,NA,NA,NA,NA,NA,NA,NA,NA,NA,NA,NA,NA,NA,NA,NA,NA,NA,NA,4.759030837
"DL7371","H000010932","Prevenar","CM4660",2020-03-13,NA,NA,NA,NA,NA,NA,NA,NA,NA,NA,NA,NA,NA,NA,NA,NA,NA,NA,NA,NA,NA,NA,NA,NA,NA,NA,5.346889413
"GH5502","H000010932","Prevenar","GA5078",2022-09-12,NA,NA,NA,NA,NA,NA,NA,NA,NA,NA,NA,NA,NA,NA,NA,NA,NA,NA,NA,NA,NA,NA,NA,NA,NA,NA,4.973702808
"DX7815","H000010932","Prevenar","DH4021",2020-07-09,NA,NA,NA,NA,NA,NA,NA,NA,NA,NA,NA,NA,NA,NA,NA,NA,NA,NA,NA,NA,NA,NA,NA,NA,NA,NA,4.8700440529
"DW4265","H000010932","Prevenar","DH4021",2020-06-08,NA,NA,NA,NA,NA,NA,NA,NA,NA,NA,NA,NA,NA,NA,NA,NA,NA,NA,NA,NA,NA,NA,NA,NA,NA,NA,4.7843896029
"HF3760","H000010932","Prevenar","HG6461",2023-10-06,NA,NA,NA,NA,NA,NA,NA,NA,NA,NA,NA,NA,NA,NA,NA,NA,NA,NA,NA,NA,NA,NA,NA,NA,NA,NA,5.2093078732
"EA9689","H000010932","Prevenar","DN7212",2020-08-17,NA,NA,NA,NA,NA,NA,NA,NA,NA,NA,NA,NA,NA,NA,NA,NA,NA,NA,NA,NA,NA,NA,NA,NA,NA,NA,5.1848756217
"ED8342","H000010932","Prevenar","DX8198",2020-11-02,NA,NA,NA,NA,NA,NA,NA,NA,NA,NA,NA,NA,NA,NA,NA,NA,NA,NA,NA,NA,NA,NA,NA,NA,NA,NA,4.7966361072
"T37737","H000010932","Prevenar","T02233",2017-08-13,NA,NA,NA,NA,NA,NA,NA,NA,NA,NA,NA,NA,NA,NA,NA,NA,NA,NA,NA,NA,NA,NA,NA,NA,NA,NA,5.1009391304
"LL4097","H000010932","Prevenar","LH1892",2024-11-12,NA,NA,NA,NA,NA,NA,NA,NA,NA,NA,NA,NA,NA,NA,NA,NA,NA,NA,NA,NA,NA,NA,NA,NA,NA,NA,4.9217855622
"DW4269","H000010932","Prevenar","DH4021",2020-07-03,NA,NA,NA,NA,NA,NA,NA,NA,NA,NA,NA,NA,NA,NA,NA,NA,NA,NA,NA,NA,NA,NA,NA,NA,NA,NA,4.8423012551
"LJ1002","H000010932","Prevenar","LD1195",2024-07-29,NA,NA,NA,NA,NA,NA,NA,NA,NA,NA,NA,NA,NA,NA,NA,NA,NA,NA,NA,NA,NA,NA,NA,NA,NA,NA,4.9170983427
"W45481","H000010932","Prevenar","T61733",2018-03-23,NA,NA,NA,NA,NA,NA,NA,NA,NA,NA,NA,NA,NA,NA,NA,NA,NA,NA,NA,NA,NA,NA,NA,NA,NA,NA,5.1474732291
"EL8917","H000010932","Prevenar","DN7212",2021-02-13,NA,NA,NA,NA,NA,NA,NA,NA,NA,NA,NA,NA,NA,NA,NA,NA,NA,NA,NA,NA,NA,NA,NA,NA,NA,NA,4.7605619147
"LX2594","H000010932","Prevenar","LK3087",2025-02-04,NA,NA,NA,NA,NA,NA,NA,NA,NA,NA,NA,NA,NA,NA,NA,NA,NA,NA,NA,NA,NA,NA,NA,NA,NA,NA,4.8143591421
"ED8343","H000010932","Prevenar","DX8198",2020-10-05,NA,NA,NA,NA,NA,NA,NA,NA,NA,NA,NA,NA,NA,NA,NA,NA,NA,NA,NA,NA,NA,NA,NA,NA,NA,NA,4.9546197377
"W72981","H000010932","Prevenar","T61726",2018-05-03,NA,NA,NA,NA,NA,NA,NA,NA,NA,NA,NA,NA,NA,NA,NA,NA,NA,NA,NA,NA,NA,NA,NA,NA,NA,NA,5.3057924182
"FA1609","H000010932","Prevenar","EF8589",2021-05-09,NA,NA,NA,NA,NA,NA,NA,NA,NA,NA,NA,NA,NA,NA,NA,NA,NA,NA,NA,NA,NA,NA,NA,NA,NA,NA,5.0443476064
"HN7337","H000010932","Prevenar","HL6218",2024-02-12,NA,NA,NA,NA,NA,NA,NA,NA,NA,NA,NA,NA,NA,NA,NA,NA,NA,NA,NA,NA,NA,NA,NA,NA,NA,NA,4.7494690264
"AR7667","H000010932","Prevenar","AK9659",2019-04-02,NA,NA,NA,NA,NA,NA,NA,NA,NA,NA,NA,NA,NA,NA,NA,NA,NA,NA,NA,NA,NA,NA,NA,NA,NA,NA,5.072866573
"EL8855","H000010932","Prevenar","CM4660",2020-12-10,NA,NA,NA,NA,NA,NA,NA,NA,NA,NA,NA,NA,NA,NA,NA,NA,NA,NA,NA,NA,NA,NA,NA,NA,NA,NA,5.1533173729
"ED8345","H000010932","Prevenar","DX8198",2020-11-17,NA,NA,NA,NA,NA,NA,NA,NA,NA,NA,NA,NA,NA,NA,NA,NA,NA,NA,NA,NA,NA,NA,NA,NA,NA,NA,5.0996258254
"LL4096","H000010932","Prevenar","LH1892",2024-11-06,NA,NA,NA,NA,NA,NA,NA,NA,NA,NA,NA,NA,NA,NA,NA,NA,NA,NA,NA,NA,NA,NA,NA,NA,NA,NA,5.1357655452
"W07368","H000010932","Prevenar","T61733",2017-12-13,NA,NA,NA,NA,NA,NA,NA,NA,NA,NA,NA,NA,NA,NA,NA,NA,NA,NA,NA,NA,NA,NA,NA,NA,NA,NA,5.120325327
"M32479","H000008135","Prevenar","L59912",2015-10-04,NA,NA,NA,NA,NA,NA,NA,NA,NA,NA,NA,NA,NA,NA,NA,NA,NA,NA,NA,NA,NA,NA,NA,NA,NA,NA,5.0826246995
"EP6167","H000010932","Prevenar","DN7212",2021-01-19,NA,NA,NA,NA,NA,NA,NA,NA,NA,NA,NA,NA,NA,NA,NA,NA,NA,NA,NA,NA,NA,NA,NA,NA,NA,NA,5.4154966889
"W08570","H000010932","Prevenar","T61726",2018-01-04,NA,NA,NA,NA,NA,NA,NA,NA,NA,NA,NA,NA,NA,NA,NA,NA,NA,NA,NA,NA,NA,NA,NA,NA,NA,NA,5.2633253929
"CM3337","H000010932","Prevenar","AR4750",2019-08-29,NA,NA,NA,NA,NA,NA,NA,NA,NA,NA,NA,NA,NA,NA,NA,NA,NA,NA,NA,NA,NA,NA,NA,NA,NA,NA,5.3600153101
