"batch_number","material_number","product_name","mbc_batch_number","date_of_manufacture","S03 Diln_Fill [S0X] Saccharide yield {%} Weighted Value","S03 Diln_Fill [S0X] MBC Saccharide yield {%} Weighted Value","S03 Diln_Fill Q01 Protein Concentration [unrounded] {µg/mL} Weighted Value","S03 Diln_Fill Weight Filled into Product Bags {g} Weighted Value","S03 Diln_Fill Q01 Saccharide Concentration {µg/mL} Weighted Value","S03 Diln_Fill Number of Product Manifolds Filled Weighted Value","S03 Diln_Fill [S0X] Protein Concentration [unrounded] {µg/mL} Weighted Value","S03 Final_Conj_UFDF [P02] Saccharide Concentration [unrounded] {µg/mL} Weighted Value","S03 Diln_Fill [Q01] Saccharide yield {%} Weighted Value","S03 Final_Conj_UFDF [P02] Co-Lyo Protein Yield {%} Weighted Value","S03 Diln_Fill [S0X] Saccharide Ratio [unrounded] Weighted Value","S03 Diln_Fill Q01 Ratio (Saccharide:Protein) [unrounded] Weighted Value","S03 Diln_Fill S0X_P02_Sacc_Yield_Diff Weighted Value","S03 Diln_Fill [S0X] Saccharide Concentration [unrounded] {µg/mL} Weighted Value","S03 Diln_Fill Q01 Co-Lyo Protein Yield {%} Weighted Value","S03 Diln_Fill [S0X] Ratio (Saccharide:Protein) [unrounded] Weighted Value","S03 Diln_Fill [S0X] Co-Lyo Protein Yield {%} Weighted Value","S03 Recon Starting Conjugation Saccharide Input {GAI} Weighted Value","S03 Diln_Fill Q01_P02_Sacc_Yield_Diff Weighted Value","S03 Diln_Fill Saccharide Concentration for Filling (P02/Q01) {g/l} Weighted Value","S03 Total Antigenicity"
"HH7685","H000031244","Prevenar","HA3691",2023-08-12,32.508301,27.712391,534.547152,1299,516,5,497.360607,754.997649,32.719398,62.865078,1.006494,0.965691,0.802711,512.876751,66.867536,1.031197,62.2158,89.06,1.013809,0.516,NA
"FM6164","H000017723","Prevenar","ER8659",2022-01-18,32.320277,27.437385,499.666533,1353,495,5,501.001431,760.508282,32.467423,70.417311,1.004553,0.990979,-0.525934,492.915133,65.187278,0.98386,65.361431,87.693,-0.378787,0.495,4.4479011628
"NM6369","H000010932","Prevenar","ML0571",2025-12-05,33.977166,28.957824,511.945955,1294,518,5,511.128064,862.062722,36.496069,NA,1.074135,1.012028,-1.138393,482.34476,NA,0.943687,NA,88.371,1.38051,0.518,4.1290349844
"AH5729","H000011374","Prevenar","X72402",2018-12-12,35.701937,30.672129,513.996996,1224,548,5,494.324267,801.749135,37.19682,64.271195,1.041871,1.0664,1.822276,526.097795,66.762996,1.064277,64.207708,88.415,3.317158,0.548,4.2173654308
"ED8318","H000013782","Prevenar","DY9970",2020-10-29,32.501967,26.724274,493.947072,1327,505,4,501.870041,810.772549,32.63559,63.49669,1.004111,1.021936,0.131197,502.715717,63.437616,1.001685,64.455163,89.942,0.264821,0.505,4.307258764
"EY5103","H000013782","Prevenar","EP0209",2021-08-13,34.413722,29.062236,544.229391,1220,550,5,502.804919,768.534555,34.966476,71.608163,1.016062,1.010958,2.668332,541.495354,70.851808,1.076949,65.458864,88.902,3.221086,0.55,4.2627156049
"W61583","H000011374","Prevenar","T78048",2018-05-13,33.329131,28.225519,553.997699,1263,531,5,548.36707,805.155322,34.639497,71.671762,1.039316,0.959242,0.730552,511.315143,73.0519,0.932432,72.309427,89.517,2.040917,0.531,4.343727933
"AT6725","H000013782","Prevenar","AM9030",2019-04-14,33.469938,28.1335,543.037623,1370,489,5,555.685723,837.53978,32.402512,69.187094,0.968108,0.900029,0.362318,504.850541,67.822997,0.908518,69.402689,88.843,-0.705108,0.489,4.5158206842
"CL3161","H000008135","Prevenar","AL6316",2019-08-23,38.269591,33.237761,516.364136,1404,477,5,509.926441,858.638862,34.474041,71.920463,0.900821,0.923053,2.259063,529.108151,76.457813,1.037617,75.504586,89.453,-1.536487,0.477,4.5880839161
"H22357","H000007053","Prevenar","G16360",2014-01-29,NA,NA,488,1389,482,5,489.008427,871.465466,NA,NA,NA,0.987999,NA,461.042659,NA,0.942811,NA,NA,NA,0.482,4.6683808373
"GT1707","H000019489","Prevenar","GD9428",2023-03-12,35.670435,30.260224,527.929442,1289,520,5,519.88649,799.137641,35.266285,67.738999,0.98867,0.984079,1.749674,525.478134,70.832934,1.010756,69.753801,89.862,1.345524,0.52,NA
"FH0021","H000011044","Prevenar","EG3841",2021-07-16,32.903134,27.996564,456.792604,1381,485,5,474.499459,843.541495,34.10148,65.828132,1.03642,1.062135,-2.422454,468.125964,64.449094,0.986568,66.947363,88.281,-1.224108,0.485,4.4786084146
"ER3823","H000011044","Prevenar","EP0207",2021-03-19,33.605883,28.739924,508.17401,1322,507,5,503.838508,829.604217,35.315289,70.469261,1.050866,0.996997,-1.255556,482.124105,71.358036,0.956902,70.749243,89.163,0.45385,0.507,4.547245349
"GG9473","H000028394","Prevenar","FT3234",2022-08-14,34.281985,29.007039,530.711959,1364,491,5,514.839254,794.902817,32.805919,64.855292,0.956943,0.925857,0.985824,513.471787,69.363736,0.997344,67.289183,89.418,-0.490242,0.491,NA
"GX4678","H000019489","Prevenar","GD9428",2023-03-09,35.670435,30.260224,527.929442,1289,520,5,519.88649,799.137641,35.266285,67.738999,0.98867,0.984079,1.749674,525.478134,70.832934,1.010756,69.753801,89.862,1.345524,0.52,NA
"GW4594","H000013782","Prevenar","GR5831",2023-05-13,38.289933,32.325867,617.528597,1172,573,5,617.921935,875.930834,37.479999,78.092756,0.978847,0.92748,5.609944,585.122543,77.905679,0.94692,77.955301,89.396,4.80001,0.573,4.1870874341
"H36092","H000002634","Prevenar","G57867",2013-09-10,NA,NA,525.526932,1265,530,4,547.875265,677.392455,NA,NA,NA,1.008424,NA,518.223236,NA,0.945878,NA,NA,NA,0.53,4.5536811018
"GX2971","H000028394","Prevenar","GW0213",2023-06-23,33.966608,27.442478,560.795192,1280,524,5,566.75243,777.967186,34.557143,70.615358,1.017386,0.933977,1.055609,514.819406,69.724708,0.908367,70.465382,89.121,1.646143,0.524,NA
"HT5056","H000010932","Prevenar","HP3381",2024-04-10,36.869813,31.148489,479.865258,1314,510,5,482.883492,814.935701,35.060712,72.020806,0.950933,1.06203,2.510922,535.927983,70.919968,1.109849,71.366037,88.595,0.701821,0.51,4.4745369818
"M71358","H000008135","Prevenar","L78983",2015-11-27,31.666306,26.520123,619.878604,1312,511,5,607.101323,768.68407,33.069977,71.305175,1.044327,0.823918,-0.686393,489.050946,77.67291,0.805551,76.071873,89.729,0.717278,0.511,4.7340310331
"LE1002","H000019489","Prevenar","LD1763",2024-07-03,33.815657,28.678325,577.601848,1438,536,5,541.565645,767.357237,33.918463,68.342659,1.00304,0.927613,2.151078,534.167041,71.359649,0.986338,66.907567,88.776,2.253883,0.536,NA
"R59709","H000008135","Prevenar","M91475",2016-09-22,33.390557,25.658763,496.206949,1312,511,5,519.002715,814.243875,33.390619,65.338372,1.000002,1.030495,0.757447,511.337766,62.347286,0.985231,65.211523,89.05,0.757509,0.511,4.4033862434
"M97246","H000008135","Prevenar","M15162",2016-02-07,36.801454,30.901783,464.874858,1348,497,5,472.609252,893.006848,35.756091,70.282751,0.971595,1.069526,0.873903,511.731796,67.902342,1.08278,69.032073,89.48,-0.17146,0.497,4.2656882543
"S35278","H000011374","Prevenar","N48136",2017-01-09,36.391445,31.343582,462.839167,1322,507,5,461.000104,932.130106,36.260851,71.930379,0.996411,1.095507,0.761216,508.869471,65.774417,1.103838,65.513067,89.982,0.630621,0.507,4.370344288
"MW1300","H000010932","Prevenar","ML0570",2025-09-29,31.407444,26.05803,501.554574,1353,495,5,491.965896,767.703143,31.903319,NA,1.015788,0.985965,-0.873817,486.829104,NA,0.989559,NA,88.74,-0.377942,0.495,4.4399311378
"S26342","H000008090","Prevenar","N48139",2017-04-03,35.651912,30.878211,517.236001,1297,517,5,511.137496,869.030106,35.786495,70.051427,1.003775,1.000258,1.171283,515.423962,69.2845,1.008386,68.467597,88.839,1.305866,0.517,4.5159146457
"T37689","H000008090","Prevenar","T02219",2017-11-13,35.545915,30.606363,527.916251,1294,518,5,522.580054,841.710242,33.888157,73.309091,0.953363,0.981018,2.891367,543.229844,69.55905,1.039515,68.855944,89.861,1.233608,0.518,4.5165623697
"AW6841","H000008090","Prevenar","AL6315",2019-06-23,36.245892,27.624091,473.80856,1343,499,5,491.377819,900.207058,36.679584,70.683459,1.011965,1.054105,-0.373199,493.538507,69.970822,1.004397,72.565405,88.847,0.060493,0.499,NA
"DL7370","H000010932","Prevenar","CM4654",2020-03-03,37.75738,32.305048,517.930256,1299,516,5,495.800177,890.631804,36.671055,74.164796,0.971229,0.995915,2.312392,531.094831,70.069146,1.071187,67.075237,89.741,1.226067,0.516,NA
"S69943","H000011373","Prevenar","T02211",2017-09-16,31.311915,27.235722,522.655123,1330,504,5,510.690908,846.378657,33.074491,67.498425,1.056291,0.965032,-1.211885,477.499986,66.499371,0.935008,64.977119,88.83,0.550692,0.504,4.3863599694
"W28193","H000008090","Prevenar","T22133",2018-03-30,33.334381,28.770425,539.612024,1299,516,5,538.298972,827.201728,36.171339,75.692852,1.085106,0.955917,-1.282817,475.367667,73.628151,0.883092,73.44899,88.273,1.55414,0.516,4.2821836744
"ER3833","H000017723","Prevenar","EP0209",2021-06-20,34.413722,29.062236,544.229391,1220,550,5,502.804919,768.534555,34.966476,71.608163,1.016062,1.010958,2.668332,541.495354,70.851808,1.076949,65.458864,88.902,3.221086,0.55,4.1969767801
"FY2984","H000008135","Prevenar","FH2518",2022-04-27,37.689702,31.632993,528.20982,1272,527,6,530.383264,909.545187,38.090483,84.205828,1.010634,0.998054,1.672662,521.634844,78.593561,0.983505,78.916953,89.062,2.073443,0.527,4.4371918159
"HG4910","H000011044","Prevenar","HG6414",2023-09-16,33.43846,28.569844,555.731762,1282,523,5,547.030622,776.935921,33.365565,65.64124,0.99782,0.941472,1.056449,524.348993,66.440138,0.958537,65.399879,89.617,0.983554,0.523,4.7163467336
"HN7734","H000013782","Prevenar","HL5142",2024-01-06,35.814108,30.063159,575.103391,1235,543,5,545.440235,894.245555,35.554752,72.847397,0.992758,0.943884,3.178026,546.790443,72.263431,1.002475,68.536168,89.849,2.91867,0.543,4.1758886962
"M21955","H000008135","Prevenar","L78980",2015-08-14,38.019978,33.232234,508.933557,1272,527,5,506.910477,950.354057,39.31671,74.517319,1.034107,1.036202,0.669278,509.964626,74.801117,1.006025,74.503773,88.258,1.96601,0.527,4.3511852609
"M56265","H000004330","Prevenar","L78985",2015-11-23,37.317911,31.476702,510.412299,1348,497,5,512.257869,857.718172,37.323251,70.589263,1.000143,0.9733,1.617769,496.713308,75.58675,0.969655,75.86006,89.645,1.623109,0.497,4.4978713657
"MW1303","H000010932","Prevenar","LY2082",2025-08-08,31.549138,25.395454,510.635261,1359,493,4,438.898103,689.897645,29.912218,NA,0.948115,0.966377,1.116597,520.470465,NA,1.185857,NA,89.332,-0.520323,0.493,4.2785230902
"NM6489","H000032244","Prevenar","ML0571",2025-12-12,33.977166,28.957824,511.945955,1294,518,5,511.128064,862.062722,36.496069,NA,1.074135,1.012028,-1.138393,482.34476,NA,0.943687,NA,88.371,1.38051,0.518,NA
"S26208","H000011044","Prevenar","N48136",2017-01-18,36.391445,31.343582,462.839167,1322,507,5,461.000104,932.130106,36.260851,71.930379,0.996411,1.095507,0.761216,508.869471,65.774417,1.103838,65.513067,89.982,0.630621,0.507,4.2768407007
"L90655","H000008135","Prevenar","L03268",2015-04-29,32.609112,27.025634,550.062578,1351,496,5,533.434134,826.461693,32.82903,57.841248,1.006744,0.901884,-0.670707,492.769162,72.315902,0.923768,70.129785,88.855,-0.450789,0.496,4.5763965225
"AH5704","H000008135","Prevenar","X72402",2018-12-03,35.701937,30.672129,513.996996,1224,548,5,494.324267,801.749135,37.19682,64.271195,1.041871,1.0664,1.822276,526.097795,66.762996,1.064277,64.207708,88.415,3.317158,0.548,4.2179822383
"CR3638","H000013782","Prevenar","AL6316",2019-10-22,38.269591,33.237761,516.364136,1404,477,5,509.926441,858.638862,34.474041,71.920463,0.900821,0.923053,2.259063,529.108151,76.457813,1.037617,75.504586,89.453,-1.536487,0.477,4.6972412998
"DN3838","H000010932","Prevenar","DE6964",2020-05-20,34.732918,29.428254,532.032032,1345,498,5,512.808526,866.958179,33.764073,74.185393,0.972106,0.936937,0.711018,512.784171,73.02933,0.999953,70.390617,89.32,-0.257827,0.498,NA
"ED8334","H000010932","Prevenar","DN7200",2020-09-12,37.188444,31.131078,498.748044,1404,477,6,489.656177,938.103698,35.48329,67.926176,0.954148,0.957023,0.139155,500.250533,71.063044,1.021636,69.767609,89.118,-1.565999,0.477,NA
"HG8782","H000019489","Prevenar","HG6414",2023-09-07,33.43846,28.569844,555.731762,1282,523,5,547.030622,776.935921,33.365565,65.64124,0.99782,0.941472,1.056449,524.348993,66.440138,0.958537,65.399879,89.617,0.983554,0.523,NA
"HG4913","H000011044","Prevenar","HG6415",2023-10-30,36.645639,31.260859,501.675042,1297,517,5,488.105925,851.015617,37.785513,72.406355,1.031105,1.030047,0.251687,501.159926,74.33159,1.026744,72.321097,89.44,1.391561,0.517,4.4786562481
"HG8787","H000019489","Prevenar","HG6413",2023-10-20,37.205019,31.993989,528.488727,1220,550,5,516.140699,841.000819,39.621369,75.044351,1.064947,1.040463,1.10164,516.338172,76.347096,1.000383,74.563262,88.751,3.517991,0.55,NA
"HG8784","H000019489","Prevenar","HG6414",2023-09-30,33.43846,28.569844,555.731762,1282,523,5,547.030622,776.935921,33.365565,65.64124,0.99782,0.941472,1.056449,524.348993,66.440138,0.958537,65.399879,89.617,0.983554,0.523,NA
"HF3776","H000013782","Prevenar","HG6415",2023-10-31,36.645639,31.260859,501.675042,1297,517,5,488.105925,851.015617,37.785513,72.406355,1.031105,1.030047,0.251687,501.159926,74.33159,1.026744,72.321097,89.44,1.391561,0.517,4.244433965
"AM1636","H000011373","Prevenar","AG8243",2019-02-02,35.609349,30.493194,508.990318,1309,512,5,482.382091,808.3439,34.246216,65.908481,0.96172,1.005966,2.15051,532.407568,69.811027,1.103705,66.161552,89.11,0.787377,0.512,4.4374200809
"LX3438","H000032244","Prevenar","LK1422",2024-12-29,32.160612,27.756779,484.419942,1367,490,4,494.664194,760.409296,31.542108,64.069729,0.980768,1.010926,-0.101679,499.315348,66.244089,1.009227,67.644983,88.574,-0.720183,0.49,NA
"M97252","H000008135","Prevenar","M15162",2016-03-01,36.801454,30.901783,464.874858,1348,497,5,472.609252,893.006848,35.756091,70.282751,0.971595,1.069526,0.873903,511.731796,67.902342,1.08278,69.032073,89.48,-0.17146,0.497,4.3112236345
"ED8343","H000010932","Prevenar","DN7200",2020-10-03,37.188444,31.131078,498.748044,1404,477,6,489.656177,938.103698,35.48329,67.926176,0.954148,0.957023,0.139155,500.250533,71.063044,1.021636,69.767609,89.118,-1.565999,0.477,NA
"FA5692","H000008135","Prevenar","EG3840",2021-05-26,36.063926,30.531406,547.268126,1213,553,5,518.613996,782.08927,35.879661,61.262923,0.994891,1.010808,3.514434,556.024203,67.346696,1.072135,63.820525,88.652,3.330169,0.553,4.2434013305
"H20800","H000002634","Prevenar","G44649",2013-07-16,NA,NA,491.658568,1251,536,5,522.420549,816.645492,NA,NA,NA,1.091043,NA,544.492669,NA,1.04225,NA,NA,NA,0.536,4.768036807
"H32088","H000002634","Prevenar","G54765",2013-08-13,NA,NA,478.742264,1249,537,5,494.653751,883.602584,NA,NA,NA,1.120745,NA,493.266477,NA,0.997195,NA,NA,NA,0.537,4.283101379
"GG4395","H000013782","Prevenar","GD9424",2022-10-04,34.299261,29.810102,510.814815,1378,486,4,492.444674,768.143343,31.029423,66.967771,0.904667,0.951865,2.452652,537.464929,70.317862,1.091422,67.789061,89.71,-0.817186,0.486,4.9365070048
"GN0388","H000019489","Prevenar","GD9424",2022-11-07,34.299261,29.810102,510.814815,1378,486,4,492.444674,768.143343,31.029423,66.967771,0.904667,0.951865,2.452652,537.464929,70.317862,1.091422,67.789061,89.71,-0.817186,0.486,NA
"T37687","H000008090","Prevenar","T02219",2017-10-29,35.545915,30.606363,527.916251,1294,518,5,522.580054,841.710242,33.888157,73.309091,0.953363,0.981018,2.891367,543.229844,69.55905,1.039515,68.855944,89.861,1.233608,0.518,4.4002531901
"J70880","H000004331","Prevenar","J10436",2014-11-05,28.529759,24.506961,533.304436,1452,461,4,505.175308,765.892645,28.60389,60.921513,1.002598,0.863517,-2.506891,459.324005,64.089013,0.909237,60.70864,89.837,-2.43276,0.461,4.9325655369
"M02679","H000006081","Prevenar","L78980",2015-07-22,38.019978,33.232234,508.933557,1272,527,5,506.910477,950.354057,39.31671,74.517319,1.034107,1.036202,0.669278,509.964626,74.801117,1.006025,74.503773,88.258,1.96601,0.527,4.4414011099
"M57893","H000008135","Prevenar","L78984",2015-10-08,34.717175,29.505562,541.498791,1317,509,5,529.02884,836.584414,34.263645,68.08866,0.986936,0.939873,1.113224,515.676921,68.856599,0.974761,67.270929,89.419,0.659695,0.509,4.5152651848
"T19576","H000008135","Prevenar","S18360",2017-07-06,32.480233,28.509742,482.758621,1398,479,4,434.534323,809.354654,31.234249,63.073957,0.961639,0.992666,-0.139636,498.334777,63.809676,1.146825,57.435524,88.911,-1.385621,0.479,4.3697959763
"X23346","H000010932","Prevenar","W42918",2018-08-01,32.466455,28.060098,531.895589,1317,509,5,521.881838,830.620381,33.812776,72.88937,1.041468,0.95785,-0.661685,489.190426,71.709435,0.937359,70.359395,89.426,0.684636,0.509,NA
"CG3540","H000008135","Prevenar","AA0268",2019-05-21,34.166802,29.114855,497.588652,1319,508,5,487.453664,708.475453,34.838981,68.491775,1.019673,1.020933,-0.194347,498.203318,65.061604,1.022053,63.736416,88.291,0.477832,0.508,4.5422570205
"AP9216","H000008135","Prevenar","AG8243",2019-03-01,35.609349,30.493194,508.990318,1309,512,5,482.382091,808.3439,34.246216,65.908481,0.96172,1.005966,2.15051,532.407568,69.811027,1.103705,66.161552,89.11,0.787377,0.512,4.3866058692
"FT6520","H000011373","Prevenar","ER8660",2022-02-04,36.654264,31.149682,505.682606,1270,528,5,527.61406,781.900431,33.505522,68.183468,0.914096,1.044594,4.879484,577.874762,66.153745,1.09526,69.022833,89.706,1.730742,0.528,4.3136135792
"EC6036","H000010932","Prevenar","DH4001",2020-08-21,36.272011,30.942096,481.466113,1395,480,5,480.916141,862.281893,34.157778,64.338957,0.941712,0.996641,0.769932,509.549443,69.157677,1.059539,69.078679,89.837,-1.344301,0.48,NA
"ED8369","H000006081","Prevenar","DR8857",2020-11-09,36.548088,31.685155,527.460921,1319,508,5,464.153608,913.707909,38.403106,67.34125,1.050756,0.962845,-1.169101,483.331486,74.210984,1.041318,65.303977,88.935,0.685916,0.508,4.0470852985
"CW6537","H000011044","Prevenar","CA6594",2019-11-21,32.632791,28.057958,562.368753,1265,530,5,528.40666,983.81531,34.171746,77.78207,1.04716,0.942951,0.431951,506.404167,68.145452,0.958361,64.03007,89.23,1.970906,0.53,4.2160643164
"DA1867","H000008135","Prevenar","CH7196",2019-12-17,34.700561,29.456004,497.062195,1314,510,5,517.589766,864.098604,33.817721,72.60929,0.974558,1.026916,1.560611,523.766384,67.657224,1.011933,70.451318,88.903,0.677771,0.51,4.4249232061
"ED8347","H000010932","Prevenar","DY9970",2020-11-20,32.501967,26.724274,493.947072,1327,505,4,501.870041,810.772549,32.63559,63.49669,1.004111,1.021936,0.131197,502.715717,63.437616,1.001685,64.455163,89.942,0.264821,0.505,NA
"G89772","H000004331","Prevenar","G44647",2013-02-18,NA,NA,575.082875,1307,513,5,559.43219,867.836941,NA,NA,NA,0.892853,NA,534.369584,NA,0.9552,NA,NA,NA,0.513,4.2954685438
"HF3777","H000013782","Prevenar","HG6415",2023-11-14,36.645639,31.260859,501.675042,1297,517,5,488.105925,851.015617,37.785513,72.406355,1.031105,1.030047,0.251687,501.159926,74.33159,1.026744,72.321097,89.44,1.391561,0.517,4.4173063058
"LJ1134","H000019489","Prevenar","LD1764",2024-07-22,30.663297,25.585111,535.791938,1487,518,4,519.425087,684.046143,29.222733,59.543004,0.95302,0.966811,2.438456,543.545337,62.961734,1.046436,61.03844,88.454,0.997893,0.518,NA
"M02671","H000008135","Prevenar","L78980",2015-07-05,38.019978,33.232234,508.933557,1272,527,5,506.910477,950.354057,39.31671,74.517319,1.034107,1.036202,0.669278,509.964626,74.801117,1.006025,74.503773,88.258,1.96601,0.527,4.3013254047
"W72984","H000011373","Prevenar","T78048",2018-04-11,33.329131,28.225519,553.997699,1263,531,5,548.36707,805.155322,34.639497,71.671762,1.039316,0.959242,0.730552,511.315143,73.0519,0.932432,72.309427,89.517,2.040917,0.531,4.3155064609
"AH5724","H000008090","Prevenar","AF2642",2018-12-23,34.645425,29.956413,475.311017,1353,495,5,511.286996,819.019494,34.923296,72.123073,1.00802,1.041523,-0.693244,491.108569,67.576347,0.960534,72.691156,88.879,-0.415373,0.495,4.4345536959
"EL8877","H000010932","Prevenar","DX7884",2021-01-18,38.830663,33.677474,487.89144,1287,521,5,482.695811,866.72994,38.615012,71.576277,0.994446,1.067626,1.949144,523.794325,74.347349,1.085144,73.555613,88.624,1.733493,0.521,NA
"L36866","H000008135","Prevenar","J41700",2015-01-23,32.432006,27.899017,521.36007,1270,528,5,497.62817,810.082945,36.178123,67.927133,1.115507,1.011998,-1.754094,472.982805,69.587222,0.950474,66.419666,88.378,1.992023,0.528,4.1705523534
"LX3425","H000031244","Prevenar","LK1417",2024-12-13,37.440362,31.714646,529.717682,1392,481,5,488.721804,847.049784,33.541306,69.813997,0.895131,0.907673,2.544782,536.702963,71.388348,1.098177,65.863466,89.808,-1.354275,0.481,NA
"LX3442","H000033648","Prevenar","LX1720",2025-02-05,31.406578,27.199084,570.026613,1372,488,4,531.093842,716.924298,29.775645,68.308146,0.94807,0.855513,0.790117,514.376412,69.550339,0.96842,64.800057,88.523,-0.840816,0.488,NA
"NM6491","H000032244","Prevenar","MT7607",2026-05-03,35.740002,30.065935,497.597309,1375,487,5,505.486284,798.392524,32.812345,NA,0.918085,0.979454,2.235902,530.858978,NA,1.050195,NA,87.412,-0.691755,0.487,NA
"FM6227","H000011044","Prevenar","ER8659",2021-12-14,32.320277,27.437385,499.666533,1353,495,5,501.001431,760.508282,32.467423,70.417311,1.004553,0.990979,-0.525934,492.915133,65.187278,0.98386,65.361431,87.693,-0.378787,0.495,4.5943414952
"G32830","H000002634","Prevenar","G12095",2012-09-03,NA,NA,542.346542,1340,500,5,536.45662,804.926447,NA,NA,NA,0.921354,NA,516.232077,NA,0.9623,NA,NA,NA,0.5,4.3600863321
"GR3695","H000019489","Prevenar","GD9428",2023-01-30,35.670435,30.260224,527.929442,1289,520,5,519.88649,799.137641,35.266285,67.738999,0.98867,0.984079,1.749674,525.478134,70.832934,1.010756,69.753801,89.862,1.345524,0.52,NA
"HN5225","H000011044","Prevenar","HK5975",2023-11-30,35.323562,29.907083,508.237466,1309,512,5,504.216377,796.937887,33.920656,67.8203,0.960284,1.008094,2.188251,533.541448,68.660905,1.05816,68.117671,89.116,0.785345,0.512,4.4327097502
"L34339","H000008135","Prevenar","J41707",2014-12-27,36.969865,31.870508,552.553951,1218,551,5,521.332571,771.420557,35.780992,70.692855,0.967842,0.997572,4.466584,569.526982,72.320843,1.092445,68.234442,89.427,3.277712,0.551,4.1888494156
"MC2048","H000035016","Prevenar","LL2279",2025-01-25,34.15111,29.343126,513.458529,1507,511,5,539.827664,839.110777,34.927419,67.167673,1.022732,0.994272,NA,499.170736,66.940913,0.924685,70.378726,89.307,NA,0.511,NA
"NM6389","H000013782","Prevenar","ML0573",2026-01-08,34.513556,28.432687,522.690173,1235,543,5,517.167676,764.968414,33.301261,NA,0.964875,1.039444,3.858287,563.085814,NA,1.088788,NA,88.59,2.645991,0.543,4.3643540577
"HG4914","H000011044","Prevenar","HG6415",2023-11-01,36.645639,31.260859,501.675042,1297,517,5,488.105925,851.015617,37.785513,72.406355,1.031105,1.030047,0.251687,501.159926,74.33159,1.026744,72.321097,89.44,1.391561,0.517,4.4142764077
"HG8824","H000028394","Prevenar","HG6415",2023-10-25,36.645639,31.260859,501.675042,1297,517,5,488.105925,851.015617,37.785513,72.406355,1.031105,1.030047,0.251687,501.159926,74.33159,1.026744,72.321097,89.44,1.391561,0.517,NA
"L30184","H000008135","Prevenar","L45102",2015-06-10,35.802119,30.429686,520.333754,1235,543,5,561.014433,792.147024,35.79005,68.709195,0.999663,1.043851,2.86011,543.334164,67.818649,0.968485,73.120839,89.918,2.848041,0.543,4.1383452103
"MG0832","H000035016","Prevenar","LY2091",2025-03-23,30.805031,25.628628,504.01979,1427,540,5,518.306826,710.679491,32.488851,NA,1.054661,1.071649,0.768101,512.138695,NA,0.988099,NA,88.529,2.451921,0.54,NA
"W07868","H000010932","Prevenar","T02219",2017-11-09,35.545915,30.606363,527.916251,1294,518,5,522.580054,841.710242,33.888157,73.309091,0.953363,0.981018,2.891367,543.229844,69.55905,1.039515,68.855944,89.861,1.233608,0.518,4.4355742664
"DA1910","H000013782","Prevenar","CL6510",2020-01-21,37.060984,31.952388,515.340734,1322,507,5,472.915276,978.542885,36.071841,74.289078,0.97331,0.984486,1.457534,521.257896,74.138742,1.102223,68.035266,88.679,0.46839,0.507,4.3190576119
"GH5626","H000028394","Prevenar","FT3234",2022-10-07,34.281985,29.007039,530.711959,1364,491,5,514.839254,794.902817,32.805919,64.855292,0.956943,0.925857,0.985824,513.471787,69.363736,0.997344,67.289183,89.418,-0.490242,0.491,NA
"GM8340","H000006081","Prevenar","GG0364",2022-12-12,37.853613,32.825179,493.573446,1375,487,5,489.578249,885.652934,36.376408,72.571678,0.960976,0.987117,0.393145,507.000233,74.366498,1.035586,73.764543,89.403,-1.08406,0.487,4.5200744336
"M71350","H000008135","Prevenar","L78983",2015-11-22,31.666306,26.520123,619.878604,1312,511,5,607.101323,768.68407,33.069977,71.305175,1.044327,0.823918,-0.686393,489.050946,77.67291,0.805551,76.071873,89.729,0.717278,0.511,4.7283158959
"FA1613","H000010932","Prevenar","EC6010",2021-05-19,34.964142,30.083519,534.175011,1319,508,5,521.502976,862.987638,33.318744,68.24447,0.95294,0.950852,2.227402,533.004275,70.999759,1.022054,69.315458,89.103,0.582004,0.508,NA
"FJ5979","H000010932","Prevenar","EP0207",2021-09-19,33.605883,28.739924,508.17401,1322,507,5,503.838508,829.604217,35.315289,70.469261,1.050866,0.996997,-1.255556,482.124105,71.358036,0.956902,70.749243,89.163,0.45385,0.507,NA
"L30218","H000008090","Prevenar","L03264",2015-06-13,32.183019,27.871149,514.837398,1452,461,5,524.022094,863.489308,32.774261,65.112107,1.018371,0.895572,-3.40518,452.756451,72.344333,0.864003,73.634956,89.966,-2.813939,0.461,4.8123366152
"AL9829","H000006081","Prevenar","X37457",2019-01-31,34.453865,29.423984,546.111347,1340,500,5,539.736507,925.361388,35.185874,68.014046,1.021246,0.915416,-0.658066,489.518541,71.734616,0.906958,70.897246,89.439,0.073943,0.5,4.3946774401
"DA1891","H000006081","Prevenar","CH7196",2019-12-20,34.700561,29.456004,497.062195,1314,510,5,517.589766,864.098604,33.817721,72.60929,0.974558,1.026916,1.560611,523.766384,67.657224,1.011933,70.451318,88.903,0.677771,0.51,4.3908285108
"CM3332","H000008090","Prevenar","AL6316",2019-10-26,38.269591,33.237761,516.364136,1404,477,5,509.926441,858.638862,34.474041,71.920463,0.900821,0.923053,2.259063,529.108151,76.457813,1.037617,75.504586,89.453,-1.536487,0.477,4.5722448241
"J80548","H000008090","Prevenar","J41701",2014-11-19,32.540882,26.44803,578.069469,1135,592,5,558.438475,818.134774,35.165726,67.85301,1.080663,1.024316,3.097312,547.928501,68.429306,0.98118,66.105476,89.579,5.722156,0.592,4.1708027223
"NM6391","H000013782","Prevenar","MT7607",2026-01-30,35.740002,30.065935,497.597309,1375,487,5,505.486284,798.392524,32.812345,NA,0.918085,0.979454,2.235902,530.858978,NA,1.050195,NA,87.412,-0.691755,0.487,4.391307049
"W11585","H000008090","Prevenar","T49721",2018-03-10,29.746132,25.105329,518.786781,1386,483,4,516.151631,721.479993,30.202204,64.959656,1.015332,0.931976,-1.390688,476.1956,67.148379,0.922589,66.807302,70.278,-0.934616,0.483,4.7115409563
"T19583","H000008090","Prevenar","T02211",2017-10-02,31.311915,27.235722,522.655123,1330,504,5,510.690908,846.378657,33.074491,67.498425,1.056291,0.965032,-1.211885,477.499986,66.499371,0.935008,64.977119,88.83,0.550692,0.504,4.3682681349
"X70406","H000010932","Prevenar","X37455",2018-10-03,34.012337,29.144875,480.431849,1299,516,5,468.264044,866.76622,37.541291,71.755309,1.103755,1.073555,-2.469421,467.286802,70.906408,0.997913,69.110575,89.714,1.059533,0.516,NA
"T27331","H000011374","Prevenar","R48338",2017-06-17,34.786135,30.179128,436.342593,1353,495,5,436.266729,895.053158,34.691104,62.567241,0.997268,1.135558,-0.376706,496.849455,60.14373,1.138866,60.133273,89.34,-0.471738,0.495,4.0427127744
"H99616","H000004331","Prevenar","G85984",2013-12-20,NA,NA,588.326486,1280,524,4,567.045,716.806943,NA,NA,NA,0.890491,NA,521.29963,NA,0.919327,NA,NA,NA,0.524,4.6725318305
"HA2708","H000010932","Prevenar","GR5832",2023-06-07,38.353455,32.854194,506.321308,1314,510,5,520.58666,948.515386,39.383234,74.795763,1.02685,1.006689,-0.183433,496.380413,75.793227,0.953502,77.928664,89.884,0.846346,0.51,NA
"CM3336","H000010932","Prevenar","AM9028",2019-08-10,31.579869,26.85798,579.386159,1330,504,4,572.369343,796.054398,32.091052,72.995959,1.016187,0.870043,-0.30461,496.061059,71.177169,0.86668,70.315158,88.751,0.206573,0.504,NA
"M97244","H000008135","Prevenar","M15162",2016-01-29,36.801454,30.901783,464.874858,1348,497,5,472.609252,893.006848,35.756091,70.282751,0.971595,1.069526,0.873903,511.731796,67.902342,1.08278,69.032073,89.48,-0.17146,0.497,4.3473942811
"M97925","H000011044","Prevenar","M15162",2016-01-23,36.801454,30.901783,464.874858,1348,497,5,472.609252,893.006848,35.756091,70.282751,0.971595,1.069526,0.873903,511.731796,67.902342,1.08278,69.032073,89.48,-0.17146,0.497,4.148414456
"EM5562","H000008135","Prevenar","EC6010",2020-11-29,34.964142,30.083519,534.175011,1319,508,5,521.502976,862.987638,33.318744,68.24447,0.95294,0.950852,2.227402,533.004275,70.999759,1.022054,69.315458,89.103,0.582004,0.508,4.356900143
"FT0545","H000008135","Prevenar","ER8659",2021-12-21,32.320277,27.437385,499.666533,1353,495,5,501.001431,760.508282,32.467423,70.417311,1.004553,0.990979,-0.525934,492.915133,65.187278,0.98386,65.361431,87.693,-0.378787,0.495,4.4464548345
"GF1157","H000008135","Prevenar","GD9424",2022-09-27,34.299261,29.810102,510.814815,1378,486,4,492.444674,768.143343,31.029423,66.967771,0.904667,0.951865,2.452652,537.464929,70.317862,1.091422,67.789061,89.71,-0.817186,0.486,4.9381505322
"EL8919","H000010932","Prevenar","EE6081",2021-03-15,32.83954,28.082075,480.669197,1367,490,4,477.659788,802.615186,31.756221,63.345533,0.967012,1.018446,0.42954,506.235455,64.084619,1.059824,63.683393,88.947,-0.653779,0.49,NA
"LJ1168","H000032244","Prevenar","HY2160",2024-06-30,32.12101,27.049039,532.23991,1356,494,4,498.791311,805.529998,32.002028,67.215789,0.996296,0.928759,-0.31747,496.160511,67.112502,0.994726,62.894819,89.822,-0.436453,0.494,NA
"GW4597","H000019489","Prevenar","GR5829",2023-04-13,31.944061,27.201208,557.860765,1343,499,4,546.266469,807.874059,31.930121,72.20982,0.999564,0.894078,-0.180638,498.988645,72.026702,0.913453,70.529735,89.038,-0.194578,0.499,NA
"HE3213","H000006081","Prevenar","HA3691",2023-08-09,32.508301,27.712391,534.547152,1299,516,5,497.360607,754.997649,32.719398,62.865078,1.006494,0.965691,0.802711,512.876751,66.867536,1.031197,62.2158,89.06,1.013809,0.516,4.2476347308
"HF3753","H000010932","Prevenar","HA3693",2023-09-10,32.581306,28.099277,559.411146,1340,500,4,564.791002,736.777398,31.778835,68.105094,0.97537,0.893188,0.707025,512.276596,68.291921,0.90702,68.948684,88.442,-0.095445,0.5,NA
"M97095","H000006081","Prevenar","L78983",2015-12-28,31.666306,26.520123,619.878604,1312,511,5,607.101323,768.68407,33.069977,71.305175,1.044327,0.823918,-0.686393,489.050946,77.67291,0.805551,76.071873,89.729,0.717278,0.511,4.5863447593
"LE1001","H000019489","Prevenar","LL2273",2024-09-24,34.261785,29.156118,555.555556,1493,516,5,516.230189,861.265904,34.848681,65.146737,1.01713,0.928758,0.433633,507.286938,69.85206,0.982676,64.907536,88.319,1.02053,0.516,NA
"L76756","H000008135","Prevenar","J97625",2015-04-13,33.85923,28.553698,540.542636,1261,532,5,536.220154,800.801203,36.415029,74.220138,1.075483,0.984784,-0.365441,494.956865,75.543615,0.923048,74.939526,89.755,2.190358,0.532,4.1028089347
"L57955","H000004330","Prevenar","J97625",2015-03-30,33.85923,28.553698,540.542636,1261,532,5,536.220154,800.801203,36.415029,74.220138,1.075483,0.984784,-0.365441,494.956865,75.543615,0.923048,74.939526,89.755,2.190358,0.532,4.0982930936
"AH5710","H000008135","Prevenar","AF2642",2019-01-03,34.645425,29.956413,475.311017,1353,495,5,511.286996,819.019494,34.923296,72.123073,1.00802,1.041523,-0.693244,491.108569,67.576347,0.960534,72.691156,88.879,-0.415373,0.495,4.6709852452
"EP6169","H000010932","Prevenar","DY9971",2021-02-06,35.029005,29.63065,492.1875,1348,497,5,498.727038,833.975387,34.604304,70.23055,0.987876,1.01024,0.287917,503.329891,69.486894,1.009229,70.410144,89.303,-0.136785,0.497,NA
"EY5064","H000011374","Prevenar","EP0207",2021-04-24,33.605883,28.739924,508.17401,1322,507,5,503.838508,829.604217,35.315289,70.469261,1.050866,0.996997,-1.255556,482.124105,71.358036,0.956902,70.749243,89.163,0.45385,0.507,4.2935044084
"GR3608","H000011044","Prevenar","GM6508",2023-02-14,34.149896,29.022377,529.769481,1190,564,5,519.699871,755.227999,36.598109,63.264006,1.07169,1.065461,1.712557,526.690328,67.489541,1.013451,66.206731,88.913,4.160769,0.564,4.1061573001
"FF8653","H000008135","Prevenar","EP0208",2021-08-29,34.382482,29.228655,510.913559,1302,515,5,494.064027,776.838421,33.806633,70.61127,0.983252,1.008111,1.740972,523.830707,69.11764,1.060249,66.838194,88.67,1.165123,0.515,4.5481878027
"GD0321","H000013782","Prevenar","FX7964",2022-07-18,42.920051,37.318969,446.346524,1289,520,5,461.206861,917.605217,39.043957,70.857037,0.90969,1.164633,5.43259,571.436088,65.943178,1.239002,68.138642,89.137,1.556496,0.52,4.3745452764
"J13979","H000004331","Prevenar","G53268",2014-04-09,NA,NA,523.103749,1412,474,4,516.147636,838.13546,NA,NA,NA,0.905829,NA,470.976382,NA,0.912484,NA,NA,NA,0.474,4.7694160418
"N41744","H000010932","Prevenar","M35797",2016-03-12,35.947023,31.504544,483.390119,1386,483,5,470.534641,973.813589,36.556957,68.343804,1.016968,0.999694,-1.817976,475.179353,71.85408,1.009871,69.943163,89.624,-1.208043,0.483,NA
"S26214","H000008135","Prevenar","N48138",2017-02-15,37.840677,30.732315,507.819482,1340,500,5,484.056306,900.027812,37.802699,79.780811,0.998996,0.983731,0.127108,500.059816,75.709026,1.033061,72.166257,89.729,0.089129,0.5,4.3090512914
"S69938","H000010932","Prevenar","R25774",2017-04-22,34.843757,29.009998,478.412158,1299,516,5,432.267054,815.753865,35.643607,70.029334,1.022955,1.079514,0.268645,504.863185,72.101024,1.167943,65.146541,88.385,1.068495,0.516,NA
"EC6050","H000008135","Prevenar","DN7200",2020-09-15,37.188444,31.131078,498.748044,1404,477,6,489.656177,938.103698,35.48329,67.926176,0.954148,0.957023,0.139155,500.250533,71.063044,1.021636,69.767609,89.118,-1.565999,0.477,4.369166971
"ED8298","H000008135","Prevenar","DN7200",2020-10-26,37.188444,31.131078,498.748044,1404,477,6,489.656177,938.103698,35.48329,67.926176,0.954148,0.957023,0.139155,500.250533,71.063044,1.021636,69.767609,89.118,-1.565999,0.477,4.4447947067
"FH7100","H000019489","Prevenar","EP0207",2021-10-03,33.605883,28.739924,508.17401,1322,507,5,503.838508,829.604217,35.315289,70.469261,1.050866,0.996997,-1.255556,482.124105,71.358036,0.956902,70.749243,89.163,0.45385,0.507,NA
"GH5804","H000017723","Prevenar","GD9427",2022-10-16,33.859219,28.377892,538.875103,1272,527,5,522.102252,813.787333,33.923922,70.709609,1.001911,0.977343,1.61089,525.661446,68.637452,1.006817,66.501065,89.734,1.675593,0.527,4.3396568059
"LJ1156","H000028394","Prevenar","LL2273",2024-10-09,34.261785,29.156118,555.555556,1493,516,5,516.230189,861.265904,34.848681,65.146737,1.01713,0.928758,0.433633,507.286938,69.85206,0.982676,64.907536,88.319,1.02053,0.516,NA
"L52161","H000008135","Prevenar","J53524",2015-03-05,35.257854,30.060065,571.73095,1231,545,5,552.716756,777.40499,35.443293,69.903407,1.00526,0.953276,2.649745,542.165754,74.341468,0.980911,71.869075,88.88,2.835184,0.545,4.1922985184
"W07368","H000010932","Prevenar","T32888",2017-12-08,36.120599,30.974095,519.548656,1247,538,5,522.549901,793.689555,36.126222,75.67838,1.000156,1.035489,2.64623,537.903234,71.334935,1.029382,71.747011,88.83,2.651853,0.538,NA
"DX7817","H000010932","Prevenar","CW4302",2020-07-10,37.377597,32.177945,529.212656,1312,511,5,530.417354,855.194296,36.803434,77.752654,0.984639,0.965341,1.371325,518.84066,76.173432,0.978174,76.346833,89.047,0.797163,0.511,NA
"ED8302","H000006081","Prevenar","DN7200",2020-10-18,37.188444,31.131078,498.748044,1404,477,6,489.656177,938.103698,35.48329,67.926176,0.954148,0.957023,0.139155,500.250533,71.063044,1.021636,69.767609,89.118,-1.565999,0.477,4.283978912
"H15036","H000004331","Prevenar","G44647",2013-06-26,NA,NA,575.082875,1307,513,5,559.43219,867.836941,NA,NA,NA,0.892853,NA,534.369584,NA,0.9552,NA,NA,NA,0.513,4.4289380474
"GR3510","H000010932","Prevenar","GG0364",2023-01-05,37.853613,32.825179,493.573446,1375,487,5,489.578249,885.652934,36.376408,72.571678,0.960976,0.987117,0.393145,507.000233,74.366498,1.035586,73.764543,89.403,-1.08406,0.487,NA
"S51052","H000008135","Prevenar","S18368",2017-05-16,33.28834,28.099133,434.952656,1309,512,6,469.853405,859.426899,35.316359,66.767166,1.060923,1.176913,-1.02179,482.505731,61.753492,1.026928,66.708613,89.505,1.006229,0.512,4.095477633
"AM1635","H000011374","Prevenar","AF2642",2019-02-08,34.645425,29.956413,475.311017,1353,495,5,511.286996,819.019494,34.923296,72.123073,1.00802,1.041523,-0.693244,491.108569,67.576347,0.960534,72.691156,88.879,-0.415373,0.495,4.3817545088
"CR8927","H000013782","Prevenar","AG8243",2019-10-10,35.609349,30.493194,508.990318,1309,512,5,482.382091,808.3439,34.246216,65.908481,0.96172,1.005966,2.15051,532.407568,69.811027,1.103705,66.161552,89.11,0.787377,0.512,4.2267663612
"DC8084","H000011044","Prevenar","CH7196",2019-12-23,34.700561,29.456004,497.062195,1314,510,5,517.589766,864.098604,33.817721,72.60929,0.974558,1.026916,1.560611,523.766384,67.657224,1.011933,70.451318,88.903,0.677771,0.51,4.3567338155
"EN6425","H000014198","Prevenar","DX7884",2021-02-10,38.830663,33.677474,487.89144,1287,521,5,482.695811,866.72994,38.615012,71.576277,0.994446,1.067626,1.949144,523.794325,74.347349,1.085144,73.555613,88.624,1.733493,0.521,4.1488952967
"J13978","H000004331","Prevenar","G53268",2014-04-05,NA,NA,523.103749,1412,474,4,516.147636,838.13546,NA,NA,NA,0.905829,NA,470.976382,NA,0.912484,NA,NA,NA,0.474,4.886738678
"J13980","H000004331","Prevenar","G53268",2014-04-10,NA,NA,523.103749,1412,474,4,516.147636,838.13546,NA,NA,NA,0.905829,NA,470.976382,NA,0.912484,NA,NA,NA,0.474,4.6294478527
"HE3392","H000019489","Prevenar","GR5832",2023-07-05,38.353455,32.854194,506.321308,1314,510,5,520.58666,948.515386,39.383234,74.795763,1.02685,1.006689,-0.183433,496.380413,75.793227,0.953502,77.928664,89.884,0.846346,0.51,NA
"J80572","H000004330","Prevenar","J41701",2014-11-21,32.540882,26.44803,578.069469,1135,592,5,558.438475,818.134774,35.165726,67.85301,1.080663,1.024316,3.097312,547.928501,68.429306,0.98118,66.105476,89.579,5.722156,0.592,4.3283794106
"N31260","H000008135","Prevenar","M15159",2016-04-27,32.248718,27.559041,570.496633,1251,536,4,572.484821,756.954904,32.130236,68.067931,0.996326,0.939325,2.188748,537.857801,68.393257,0.939515,68.631609,88.896,2.070265,0.536,4.7108954024
"CM3338","H000010932","Prevenar","AM9028",2019-08-22,31.579869,26.85798,579.386159,1330,504,4,572.369343,796.054398,32.091052,72.995959,1.016187,0.870043,-0.30461,496.061059,71.177169,0.86668,70.315158,88.751,0.206573,0.504,NA
"EC6031","H000017723","Prevenar","DN7200",2020-10-13,37.188444,31.131078,498.748044,1404,477,6,489.656177,938.103698,35.48329,67.926176,0.954148,0.957023,0.139155,500.250533,71.063044,1.021636,69.767609,89.118,-1.565999,0.477,4.5413835234
"FM6060","H000008135","Prevenar","ER8659",2022-01-24,32.320277,27.437385,499.666533,1353,495,5,501.001431,760.508282,32.467423,70.417311,1.004553,0.990979,-0.525934,492.915133,65.187278,0.98386,65.361431,87.693,-0.378787,0.495,4.3819628959
"GX2925","H000006081","Prevenar","GR5831",2023-05-04,38.289933,32.325867,617.528597,1172,573,5,617.921935,875.930834,37.479999,78.092756,0.978847,0.92748,5.609944,585.122543,77.905679,0.94692,77.955301,89.396,4.80001,0.573,4.5321542141
"LY5603","H000031244","Prevenar","LY2084",2025-04-11,35.276664,29.174702,549.326599,1240,541,5,523.389654,746.3009,33.670032,20.518578,0.954456,0.984842,4.098384,566.814879,20.727742,1.082969,19.749063,88.051,2.491752,0.541,NA
"L22429","H000004331","Prevenar","J41707",2014-12-21,36.969865,31.870508,552.553951,1218,551,5,521.332571,771.420557,35.780992,70.692855,0.967842,0.997572,4.466584,569.526982,72.320843,1.092445,68.234442,89.427,3.277712,0.551,4.3099646026
"R59676","H000011374","Prevenar","N48136",2017-01-10,36.391445,31.343582,462.839167,1322,507,5,461.000104,932.130106,36.260851,71.930379,0.996411,1.095507,0.761216,508.869471,65.774417,1.103838,65.513067,89.982,0.630621,0.507,4.3867762129
"T30275","H000008135","Prevenar","T02211",2017-08-19,31.311915,27.235722,522.655123,1330,504,5,510.690908,846.378657,33.074491,67.498425,1.056291,0.965032,-1.211885,477.499986,66.499371,0.935008,64.977119,88.83,0.550692,0.504,4.3579870968
"N90897","H000006081","Prevenar","M15159",2016-08-18,32.248718,27.559041,570.496633,1251,536,4,572.484821,756.954904,32.130236,68.067931,0.996326,0.939325,2.188748,537.857801,68.393257,0.939515,68.631609,88.896,2.070265,0.536,4.5939304391
"M97253","H000008135","Prevenar","M15162",2016-03-10,36.801454,30.901783,464.874858,1348,497,5,472.609252,893.006848,35.756091,70.282751,0.971595,1.069526,0.873903,511.731796,67.902342,1.08278,69.032073,89.48,-0.17146,0.497,4.4098265815
"L30241","H000006081","Prevenar","J41701",2015-01-15,32.540882,26.44803,578.069469,1135,592,5,558.438475,818.134774,35.165726,67.85301,1.080663,1.024316,3.097312,547.928501,68.429306,0.98118,66.105476,89.579,5.722156,0.592,4.2857647905
"M02683","H000008090","Prevenar","L45099",2015-07-23,31.503044,27.177762,559.683677,1265,530,5,549.811598,729.622979,33.91409,69.940796,1.076534,0.946277,-0.489475,491.963847,72.868406,0.894786,71.583104,89.56,1.92157,0.53,4.2721930531
"LX3427","H000031244","Prevenar","LK1417",2024-12-01,37.440362,31.714646,529.717682,1392,481,5,488.721804,847.049784,33.541306,69.813997,0.895131,0.907673,2.544782,536.702963,71.388348,1.098177,65.863466,89.808,-1.354275,0.481,NA
"M56317","H000008135","Prevenar","L78984",2015-10-20,34.717175,29.505562,541.498791,1317,509,5,529.02884,836.584414,34.263645,68.08866,0.986936,0.939873,1.113224,515.676921,68.856599,0.974761,67.270929,89.419,0.659695,0.509,4.1653646289
"AF5854","H000008135","Prevenar","W87275",2018-11-25,36.632063,31.255724,495.216923,1351,496,5,488.434531,819.873251,33.94262,68.118524,0.926582,1.001582,2.378374,535.30079,68.23597,1.095952,67.301424,88.335,-0.311069,0.496,4.3696711777
"FT6719","H000014198","Prevenar","ER8660",2022-04-05,36.654264,31.149682,505.682606,1270,528,5,527.61406,781.900431,33.505522,68.183468,0.914096,1.044594,4.879484,577.874762,66.153745,1.09526,69.022833,89.706,1.730742,0.528,4.4319337555
"GH5810","H000011044","Prevenar","FX7959",2022-08-16,36.942326,31.375741,478.739913,1317,509,5,515.262515,814.036609,35.020184,64.877678,0.947969,1.064208,2.680287,537.442434,64.3759,1.043046,69.287075,88.38,0.758145,0.509,4.807319588
"H96882","H000004331","Prevenar","G85984",2013-12-09,NA,NA,588.326486,1280,524,4,567.045,716.806943,NA,NA,NA,0.890491,NA,521.29963,NA,0.919327,NA,NA,NA,0.524,4.5862303904
"GT1670","H000017723","Prevenar","GR5829",2023-04-26,31.944061,27.201208,557.860765,1343,499,4,546.266469,807.874059,31.930121,72.20982,0.999564,0.894078,-0.180638,498.988645,72.026702,0.913453,70.529735,89.038,-0.194578,0.499,4.8931483143
"X06521","H000006081","Prevenar","W61760",2018-07-18,34.268886,28.133641,503.74097,1256,534,5,495.782857,786.54433,35.753751,66.393749,1.04333,1.07877,0.925507,512.021179,70.095233,1.032753,68.987867,89.573,2.410371,0.534,4.2190228008
"AP9219","H000008135","Prevenar","X72431",2019-03-14,28.4086,24.229139,507.832898,1384,484,4,462.448556,740.535959,30.236,61.03698,1.064326,0.953912,-2.7181,455.150027,66.091926,0.984218,60.18538,88.439,-0.8907,0.484,4.2008293172
"DW4269","H000010932","Prevenar","CW4302",2020-06-30,37.377597,32.177945,529.212656,1312,511,5,530.417354,855.194296,36.803434,77.752654,0.984639,0.965341,1.371325,518.84066,76.173432,0.978174,76.346833,89.047,0.797163,0.511,NA
"GX2933","H000011374","Prevenar","GR5832",2023-05-16,38.353455,32.854194,506.321308,1314,510,5,520.58666,948.515386,39.383234,74.795763,1.02685,1.006689,-0.183433,496.380413,75.793227,0.953502,77.928664,89.884,0.846346,0.51,4.6483774853
"AM5982","H000006081","Prevenar","X72431",2019-02-22,28.4086,24.229139,507.832898,1384,484,4,462.448556,740.535959,30.236,61.03698,1.064326,0.953912,-2.7181,455.150027,66.091926,0.984218,60.18538,88.439,-0.8907,0.484,4.3131855824
"AR7665","H000010932","Prevenar","X72431",2019-03-16,28.4086,24.229139,507.832898,1384,484,4,462.448556,740.535959,30.236,61.03698,1.064326,0.953912,-2.7181,455.150027,66.091926,0.984218,60.18538,88.439,-0.8907,0.484,NA
"AW6823","H000013782","Prevenar","AL6318",2019-04-18,33.724824,28.902003,588.842689,1170,574,4,545.716343,769.46082,34.898391,67.52324,1.034798,0.974021,3.179924,554.258074,70.416222,1.015652,65.258997,80.941,4.35349,0.574,4.0187680068
"M48079","H000007053","Prevenar","L78985",2015-09-05,37.317911,31.476702,510.412299,1348,497,5,512.257869,857.718172,37.323251,70.589263,1.000143,0.9733,1.617769,496.713308,75.58675,0.969655,75.86006,89.645,1.623109,0.497,4.351644531
"FA1610","H000010932","Prevenar","EC6010",2021-05-10,34.964142,30.083519,534.175011,1319,508,5,521.502976,862.987638,33.318744,68.24447,0.95294,0.950852,2.227402,533.004275,70.999759,1.022054,69.315458,89.103,0.582004,0.508,NA
"T63427","H000011374","Prevenar","T22125",2017-10-01,31.962846,27.746713,465.50341,1335,502,4,520.091213,791.289891,31.705811,67.307894,0.991958,1.077365,0.229427,505.582714,58.631374,0.972104,65.506851,88.738,-0.027608,0.502,4.3682681349
"H38801","H000006081","Prevenar","G48529",2013-10-14,NA,NA,560.531898,1292,519,4,553.066038,784.600812,NA,NA,NA,0.92673,NA,541.893525,NA,0.979799,NA,NA,NA,0.519,4.5435278177
"GT1714","H000028394","Prevenar","GD9428",2023-04-04,35.670435,30.260224,527.929442,1289,520,5,519.88649,799.137641,35.266285,67.738999,0.98867,0.984079,1.749674,525.478134,70.832934,1.010756,69.753801,89.862,1.345524,0.52,NA
"CM3190","H000011374","Prevenar","CA6594",2019-10-01,32.632791,28.057958,562.368753,1265,530,5,528.40666,983.81531,34.171746,77.78207,1.04716,0.942951,0.431951,506.404167,68.145452,0.958361,64.03007,89.23,1.970906,0.53,4.3226851926
"L95542","H000008135","Prevenar","L03268",2015-05-09,32.609112,27.025634,550.062578,1351,496,5,533.434134,826.461693,32.82903,57.841248,1.006744,0.901884,-0.670707,492.769162,72.315902,0.923768,70.129785,88.855,-0.450789,0.496,4.7489091426
"MW1301","H000010932","Prevenar","ML0570",2025-10-02,31.407444,26.05803,501.554574,1353,495,5,491.965896,767.703143,31.903319,NA,1.015788,0.985965,-0.873817,486.829104,NA,0.989559,NA,88.74,-0.377942,0.495,4.6624969002
"M97259","H000008135","Prevenar","L78987",2016-04-05,32.703676,27.978635,541.730475,1353,495,5,533.916211,786.86749,32.798277,69.304005,1.002893,0.914486,-0.360194,493.975928,72.769126,0.925194,71.719458,88.664,-0.265593,0.495,4.519472715
"DL7373","H000010932","Prevenar","CM4654",2020-04-24,37.75738,32.305048,517.930256,1299,516,5,495.800177,890.631804,36.671055,74.164796,0.971229,0.995915,2.312392,531.094831,70.069146,1.071187,67.075237,89.741,1.226067,0.516,NA
"GC1481","H000006081","Prevenar","FN7274",2022-05-15,38.759385,31.843934,633.186491,1040,647,5,627.160829,661.17433,37.447818,76.669109,0.966161,1.022208,9.837316,669.917513,74.868572,1.068175,74.156092,89.704,8.525749,0.647,4.6826770833
"HF3322","H000011374","Prevenar","HA3691",2023-08-15,32.508301,27.712391,534.547152,1299,516,5,497.360607,754.997649,32.719398,62.865078,1.006494,0.965691,0.802711,512.876751,66.867536,1.031197,62.2158,89.06,1.013809,0.516,4.0920368467
"GH5624","H000028394","Prevenar","FT3234",2022-09-17,34.281985,29.007039,530.711959,1364,491,5,514.839254,794.902817,32.805919,64.855292,0.956943,0.925857,0.985824,513.471787,69.363736,0.997344,67.289183,89.418,-0.490242,0.491,NA
"GR3549","H000017723","Prevenar","FT3234",2023-02-05,34.281985,29.007039,530.711959,1364,491,5,514.839254,794.902817,32.805919,64.855292,0.956943,0.925857,0.985824,513.471787,69.363736,0.997344,67.289183,89.418,-0.490242,0.491,4.6346686392
"GM8387","H000008135","Prevenar","FX7961",2022-11-27,35.089823,30.249592,530.349345,1176,571,5,522.646179,825.396522,39.674411,73.883716,1.130653,1.076216,0.412241,504.814957,71.560743,0.965883,70.521345,88.62,4.996829,0.571,4.1089782085
"H37006","H000002634","Prevenar","G57867",2013-09-16,NA,NA,525.526932,1265,530,4,547.875265,677.392455,NA,NA,NA,1.008424,NA,518.223236,NA,0.945878,NA,NA,NA,0.53,4.6028965931
"GT1611","H000011374","Prevenar","GP4368",2023-03-28,33.962559,28.891935,531.334965,1231,545,5,527.725564,819.435881,37.16303,74.160943,1.094235,1.025205,0.115769,497.815643,72.580292,0.943323,72.087248,89.046,3.31624,0.545,NA
"J35306","H000002634","Prevenar","H28262",2014-06-28,27.686804,23.698251,556.900029,1340,500,4,559.043494,635.23487,27.980729,61.069799,1.010616,0.898508,-0.225435,495.122704,60.746019,0.88566,60.979826,89.862,0.06849,0.5,4.4736957715
"LJ1139","H000019489","Prevenar","LD1764",2024-08-29,30.663297,25.585111,535.791938,1487,518,4,519.425087,684.046143,29.222733,59.543004,0.95302,0.966811,2.438456,543.545337,62.961734,1.046436,61.03844,88.454,0.997893,0.518,NA
"LL4201","H000019489","Prevenar","LH1388",2024-10-31,31.015032,26.292981,537.313433,1513,509,5,535.631881,769.941556,33.562677,73.746933,1.082142,0.947369,-1.671407,470.394656,72.769873,0.878205,72.542136,89.635,0.876237,0.509,NA
"T30273","H000008135","Prevenar","S18368",2017-08-09,33.28834,28.099133,434.952656,1309,512,6,469.853405,859.426899,35.316359,66.767166,1.060923,1.176913,-1.02179,482.505731,61.753492,1.026928,66.708613,89.505,1.006229,0.512,3.9857552042
"S09155","H000008135","Prevenar","N48136",2016-11-28,36.391445,31.343582,462.839167,1322,507,5,461.000104,932.130106,36.260851,71.930379,0.996411,1.095507,0.761216,508.869471,65.774417,1.103838,65.513067,89.982,0.630621,0.507,4.3849124384
"S93493","H000008090","Prevenar","S46084",2017-07-25,34.630548,29.461025,530.606566,1188,565,5,507,767.102898,36.071303,66.802263,1.041604,1.064348,2.640168,542.193001,69.922873,1.069034,66.81202,89.79,4.080924,0.565,3.8046127067
"EL8917","H000010932","Prevenar","DY9971",2021-02-09,35.029005,29.63065,492.1875,1348,497,5,498.727038,833.975387,34.604304,70.23055,0.987876,1.01024,0.287917,503.329891,69.486894,1.009229,70.410144,89.303,-0.136785,0.497,NA
"FF8105","H000019488","Prevenar","EC6010",2021-06-24,34.964142,30.083519,534.175011,1319,508,5,521.502976,862.987638,33.318744,68.24447,0.95294,0.950852,2.227402,533.004275,70.999759,1.022054,69.315458,89.103,0.582004,0.508,NA
"X06519","H000006081","Prevenar","W42918",2018-07-08,32.466455,28.060098,531.895589,1317,509,5,521.881838,830.620381,33.812776,72.88937,1.041468,0.95785,-0.661685,489.190426,71.709435,0.937359,70.359395,89.426,0.684636,0.509,4.2745435058
"HN5212","H000011044","Prevenar","HG6413",2023-11-18,37.205019,31.993989,528.488727,1220,550,5,516.140699,841.000819,39.621369,75.044351,1.064947,1.040463,1.10164,516.338172,76.347096,1.000383,74.563262,88.751,3.517991,0.55,4.3245889742
"L95563","H000004330","Prevenar","L03264",2015-06-06,32.183019,27.871149,514.837398,1452,461,5,524.022094,863.489308,32.774261,65.112107,1.018371,0.895572,-3.40518,452.756451,72.344333,0.864003,73.634956,89.966,-2.813939,0.461,4.4855669665
"CR3618","H000011373","Prevenar","AM9028",2019-11-03,31.579869,26.85798,579.386159,1330,504,4,572.369343,796.054398,32.091052,72.995959,1.016187,0.870043,-0.30461,496.061059,71.177169,0.86668,70.315158,88.751,0.206573,0.504,4.4101542397
"DA1908","H000013782","Prevenar","CH7196",2019-12-28,34.700561,29.456004,497.062195,1314,510,5,517.589766,864.098604,33.817721,72.60929,0.974558,1.026916,1.560611,523.766384,67.657224,1.011933,70.451318,88.903,0.677771,0.51,4.2114382941
"CL6645","H000006081","Prevenar","AA0268",2019-07-24,34.166802,29.114855,497.588652,1319,508,5,487.453664,708.475453,34.838981,68.491775,1.019673,1.020933,-0.194347,498.203318,65.061604,1.022053,63.736416,88.291,0.477832,0.508,4.3081457966
"AM5983","H000006081","Prevenar","AG8243",2019-02-25,35.609349,30.493194,508.990318,1309,512,5,482.382091,808.3439,34.246216,65.908481,0.96172,1.005966,2.15051,532.407568,69.811027,1.103705,66.161552,89.11,0.787377,0.512,4.5266229241
"FP0917","H000011044","Prevenar","ER8659",2022-01-07,32.320277,27.437385,499.666533,1353,495,5,501.001431,760.508282,32.467423,70.417311,1.004553,0.990979,-0.525934,492.915133,65.187278,0.98386,65.361431,87.693,-0.378787,0.495,4.2821504719
"AW6508","H000008135","Prevenar","AL6316",2019-04-30,38.269591,33.237761,516.364136,1404,477,5,509.926441,858.638862,34.474041,71.920463,0.900821,0.923053,2.259063,529.108151,76.457813,1.037617,75.504586,89.453,-1.536487,0.477,4.4951166136
"M97247","H000008135","Prevenar","M15162",2016-02-11,36.801454,30.901783,464.874858,1348,497,5,472.609252,893.006848,35.756091,70.282751,0.971595,1.069526,0.873903,511.731796,67.902342,1.08278,69.032073,89.48,-0.17146,0.497,4.2953592921
"FF8239","H000019489","Prevenar","EP0207",2021-08-11,33.605883,28.739924,508.17401,1322,507,5,503.838508,829.604217,35.315289,70.469261,1.050866,0.996997,-1.255556,482.124105,71.358036,0.956902,70.749243,89.163,0.45385,0.507,NA
"GW4132","H000006081","Prevenar","GD9427",2023-04-29,33.859219,28.377892,538.875103,1272,527,5,522.102252,813.787333,33.923922,70.709609,1.001911,0.977343,1.61089,525.661446,68.637452,1.006817,66.501065,89.734,1.675593,0.527,4.5487373708
"HN7758","H000017723","Prevenar","HE8765",2024-02-15,38.48706,33.326854,480.045872,1254,535,5,498.688751,842.527106,38.405991,71.418412,0.997894,1.115428,2.622989,536.587005,70.192435,1.075996,72.918402,89.438,2.54192,0.535,4.3547463755
"HF3762","H000010932","Prevenar","HG6415",2023-11-08,36.645639,31.260859,501.675042,1297,517,5,488.105925,851.015617,37.785513,72.406355,1.031105,1.030047,0.251687,501.159926,74.33159,1.026744,72.321097,89.44,1.391561,0.517,NA
"LC5374","H000013782","Prevenar","HL6201",2024-06-03,36.243495,31.247071,496.88057,1207,556,5,514.173998,823.045523,39.200833,75.54376,1.081596,1.118139,0.664466,513.66813,68.187496,0.999016,70.560693,89.288,3.621804,0.556,4.2347672763
"L30239","H000004330","Prevenar","L45099",2015-07-11,31.503044,27.177762,559.683677,1265,530,5,549.811598,729.622979,33.91409,69.940796,1.076534,0.946277,-0.489475,491.963847,72.868406,0.894786,71.583104,89.56,1.92157,0.53,4.4061487623
"M02680","H000006081","Prevenar","L78980",2015-07-30,38.019978,33.232234,508.933557,1272,527,5,506.910477,950.354057,39.31671,74.517319,1.034107,1.036202,0.669278,509.964626,74.801117,1.006025,74.503773,88.258,1.96601,0.527,4.2291584258
"M48086","H000007053","Prevenar","L78983",2015-12-18,31.666306,26.520123,619.878604,1312,511,5,607.101323,768.68407,33.069977,71.305175,1.044327,0.823918,-0.686393,489.050946,77.67291,0.805551,76.071873,89.729,0.717278,0.511,4.621888635
"W09450","H000008090","Prevenar","T49721",2017-12-20,29.746132,25.105329,518.786781,1386,483,4,516.151631,721.479993,30.202204,64.959656,1.015332,0.931976,-1.390688,476.1956,67.148379,0.922589,66.807302,70.278,-0.934616,0.483,4.5620525263
"W28203","H000008135","Prevenar","W12892",2018-05-28,30.971347,26.624734,559.81924,1351,496,5,534.700339,817.244522,32.707009,69.75296,1.056041,0.886194,-2.288483,469.781679,72.335277,0.878589,69.089617,88.431,-0.552822,0.496,4.2828441019
"AM5975","H000008135","Prevenar","X72431",2019-02-12,28.4086,24.229139,507.832898,1384,484,4,462.448556,740.535959,30.236,61.03698,1.064326,0.953912,-2.7181,455.150027,66.091926,0.984218,60.18538,88.439,-0.8907,0.484,4.3428621008
"AK9076","H000011374","Prevenar","AF2642",2019-01-03,34.645425,29.956413,475.311017,1353,495,5,511.286996,819.019494,34.923296,72.123073,1.00802,1.041523,-0.693244,491.108569,67.576347,0.960534,72.691156,88.879,-0.415373,0.495,4.4276863839
"FP0918","H000011044","Prevenar","ER8659",2022-01-11,32.320277,27.437385,499.666533,1353,495,5,501.001431,760.508282,32.467423,70.417311,1.004553,0.990979,-0.525934,492.915133,65.187278,0.98386,65.361431,87.693,-0.378787,0.495,4.2343177036
"H31654","H000004331","Prevenar","G54765",2013-08-07,NA,NA,478.742264,1249,537,5,494.653751,883.602584,NA,NA,NA,1.120745,NA,493.266477,NA,0.997195,NA,NA,NA,0.537,4.2585518103
"H99614","H000004331","Prevenar","G85984",2013-12-13,NA,NA,588.326486,1280,524,4,567.045,716.806943,NA,NA,NA,0.890491,NA,521.29963,NA,0.919327,NA,NA,NA,0.524,4.5469344843
"LX3432","H000031244","Prevenar","LK1422",2025-01-21,32.160612,27.756779,484.419942,1367,490,4,494.664194,760.409296,31.542108,64.069729,0.980768,1.010926,-0.101679,499.315348,66.244089,1.009227,67.644983,88.574,-0.720183,0.49,NA
"S26392","H000008135","Prevenar","N48139",2017-03-18,35.651912,30.878211,517.236001,1297,517,5,511.137496,869.030106,35.786495,70.051427,1.003775,1.000258,1.171283,515.423962,69.2845,1.008386,68.467597,88.839,1.305866,0.517,4.3951162517
"HC7746","H000019489","Prevenar","GR5829",2023-04-18,31.944061,27.201208,557.860765,1343,499,4,546.266469,807.874059,31.930121,72.20982,0.999564,0.894078,-0.180638,498.988645,72.026702,0.913453,70.529735,89.038,-0.194578,0.499,NA
"H87640","H000002634","Prevenar","H08588",2014-01-19,NA,NA,589.24681,1299,516,5,515.343357,777.492273,NA,NA,NA,0.876311,NA,545.651115,NA,1.058811,NA,NA,NA,0.516,4.772125405
"DJ2750","H000013782","Prevenar","CL6510",2020-02-15,37.060984,31.952388,515.340734,1322,507,5,472.915276,978.542885,36.071841,74.289078,0.97331,0.984486,1.457534,521.257896,74.138742,1.102223,68.035266,88.679,0.46839,0.507,4.1823485807
"LE0992","H000011374","Prevenar","HR8380",2024-05-12,41.663018,35.515483,429.724596,1375,487,6,417.616912,939.998312,40.546917,68.746143,0.973211,1.133155,-0.050491,500.348206,72.318618,1.198103,70.281008,89.35,-1.166592,0.487,4.1035440089
"L30209A","H000006081","Prevenar","L45102",2015-06-23,35.802119,30.429686,520.333754,1235,543,5,561.014433,792.147024,35.79005,68.709195,0.999663,1.043851,2.86011,543.334164,67.818649,0.968485,73.120839,89.918,2.848041,0.543,NA
"LX3443","H000033648","Prevenar","LX1720",2025-01-31,31.406578,27.199084,570.026613,1372,488,4,531.093842,716.924298,29.775645,68.308146,0.94807,0.855513,0.790117,514.376412,69.550339,0.96842,64.800057,88.523,-0.840816,0.488,NA
"AR7666","H000010932","Prevenar","AA1755",2019-03-24,35.366807,30.524104,459.989997,1340,500,5,486.257787,915.115154,35.857355,68.963351,1.01387,1.087205,-0.417972,493.261632,65.80452,1.014404,69.562296,88.982,0.072576,0.5,4.5881774336
"DL7369","H000010932","Prevenar","CM4654",2020-02-27,37.75738,32.305048,517.930256,1299,516,5,495.800177,890.631804,36.671055,74.164796,0.971229,0.995915,2.312392,531.094831,70.069146,1.071187,67.075237,89.741,1.226067,0.516,NA
"ED8311","H000011373","Prevenar","DN7200",NA,37.188444,31.131078,498.748044,1404,477,6,489.656177,938.103698,35.48329,67.926176,0.954148,0.957023,0.139155,500.250533,71.063044,1.021636,69.767609,89.118,-1.565999,0.477,NA
"FA7505","H000011374","Prevenar","EP0207",2021-04-19,33.605883,28.739924,508.17401,1322,507,5,503.838508,829.604217,35.315289,70.469261,1.050866,0.996997,-1.255556,482.124105,71.358036,0.956902,70.749243,89.163,0.45385,0.507,4.3712014438
"M97232","H000008135","Prevenar","L78983",2015-12-07,31.666306,26.520123,619.878604,1312,511,5,607.101323,768.68407,33.069977,71.305175,1.044327,0.823918,-0.686393,489.050946,77.67291,0.805551,76.071873,89.729,0.717278,0.511,4.8400906749
"GR3511","H000010932","Prevenar","GD9424",2023-01-18,34.299261,29.810102,510.814815,1378,486,4,492.444674,768.143343,31.029423,66.967771,0.904667,0.951865,2.452652,537.464929,70.317862,1.091422,67.789061,89.71,-0.817186,0.486,NA
"X98630","H000013782","Prevenar","X72402",2018-11-13,35.701937,30.672129,513.996996,1224,548,5,494.324267,801.749135,37.19682,64.271195,1.041871,1.0664,1.822276,526.097795,66.762996,1.064277,64.207708,88.415,3.317158,0.548,4.2756793876
"HN7732","H000013782","Prevenar","HL5142",2024-01-07,35.814108,30.063159,575.103391,1235,543,5,545.440235,894.245555,35.554752,72.847397,0.992758,0.943884,3.178026,546.790443,72.263431,1.002475,68.536168,89.849,2.91867,0.543,4.4052840488
"T30270","H000008135","Prevenar","S18368",2017-08-05,33.28834,28.099133,434.952656,1309,512,6,469.853405,859.426899,35.316359,66.767166,1.060923,1.176913,-1.02179,482.505731,61.753492,1.026928,66.708613,89.505,1.006229,0.512,4.0054655332
"S93506","H000011374","Prevenar","S18368",2017-07-30,33.28834,28.099133,434.952656,1309,512,6,469.853405,859.426899,35.316359,66.767166,1.060923,1.176913,-1.02179,482.505731,61.753492,1.026928,66.708613,89.505,1.006229,0.512,NA
"T67402","H000011374","Prevenar","T02211",2017-09-13,31.311915,27.235722,522.655123,1330,504,5,510.690908,846.378657,33.074491,67.498425,1.056291,0.965032,-1.211885,477.499986,66.499371,0.935008,64.977119,88.83,0.550692,0.504,4.6470622428
"M56322","H000008135","Prevenar","M15160",2015-11-06,36.069976,31.045985,537.897478,1258,533,5,547.94042,882.808632,37.375726,76.212483,1.0362,0.991269,0.989265,514.573478,75.56534,0.939105,76.9762,89.733,2.295015,0.533,4.6010805483
"FA1609","H000010932","Prevenar","EC6010",2021-05-08,34.964142,30.083519,534.175011,1319,508,5,521.502976,862.987638,33.318744,68.24447,0.95294,0.950852,2.227402,533.004275,70.999759,1.022054,69.315458,89.103,0.582004,0.508,NA
"M21953","H000008135","Prevenar","L78980",2015-08-07,38.019978,33.232234,508.933557,1272,527,5,506.910477,950.354057,39.31671,74.517319,1.034107,1.036202,0.669278,509.964626,74.801117,1.006025,74.503773,88.258,1.96601,0.527,4.3196208762
"M48082","H000007053","Prevenar","L78985",2015-09-10,37.317911,31.476702,510.412299,1348,497,5,512.257869,857.718172,37.323251,70.589263,1.000143,0.9733,1.617769,496.713308,75.58675,0.969655,75.86006,89.645,1.623109,0.497,4.341301521
"AW6844","H000006081","Prevenar","AA0268",2019-05-18,34.166802,29.114855,497.588652,1319,508,5,487.453664,708.475453,34.838981,68.491775,1.019673,1.020933,-0.194347,498.203318,65.061604,1.022053,63.736416,88.291,0.477832,0.508,4.4196530422
"T37496","H000006081","Prevenar","T02211",2017-09-03,31.311915,27.235722,522.655123,1330,504,5,510.690908,846.378657,33.074491,67.498425,1.056291,0.965032,-1.211885,477.499986,66.499371,0.935008,64.977119,88.83,0.550692,0.504,4.1674442182
"T63420","H000006081","Prevenar","T02219",2017-09-08,35.545915,30.606363,527.916251,1294,518,5,522.580054,841.710242,33.888157,73.309091,0.953363,0.981018,2.891367,543.229844,69.55905,1.039515,68.855944,89.861,1.233608,0.518,4.3394718212
"G32835","H000002634","Prevenar","G12095",2012-09-19,NA,NA,542.346542,1340,500,5,536.45662,804.926447,NA,NA,NA,0.921354,NA,516.232077,NA,0.9623,NA,NA,NA,0.5,4.4463341023
"GH5618","H000019489","Prevenar","GD9424",2022-10-30,34.299261,29.810102,510.814815,1378,486,4,492.444674,768.143343,31.029423,66.967771,0.904667,0.951865,2.452652,537.464929,70.317862,1.091422,67.789061,89.71,-0.817186,0.486,NA
"GH5822","H000011373","Prevenar","GD9426",2022-10-23,36.370393,31.18525,534.437543,1284,522,5,483.397335,832.541883,35.901306,72.468858,0.987102,0.976896,1.871664,528.91172,74.404565,1.094155,67.298731,89.581,1.402576,0.522,4.580131145
"HT5058","H000010932","Prevenar","HA3695",2024-05-05,35.372199,30.171093,547.99818,1254,535,5,535.805423,854.670307,38.01344,73.262044,1.07467,0.975912,-0.326192,497.639494,73.695886,0.928769,72.05618,89.336,2.315049,0.535,4.4031976604
"N01867","H000011044","Prevenar","M35797",2016-03-05,35.947023,31.504544,483.390119,1386,483,5,470.534641,973.813589,36.556957,68.343804,1.016968,0.999694,-1.817976,475.179353,71.85408,1.009871,69.943163,89.624,-1.208043,0.483,4.4210503123
"AT2115","H000011374","Prevenar","AL6315",2019-06-27,36.245892,27.624091,473.80856,1343,499,5,491.377819,900.207058,36.679584,70.683459,1.011965,1.054105,-0.373199,493.538507,69.970822,1.004397,72.565405,88.847,0.060493,0.499,4.4084616939
"AP4915","H000011373","Prevenar","AL6318",2019-04-25,33.724824,28.902003,588.842689,1170,574,4,545.716343,769.46082,34.898391,67.52324,1.034798,0.974021,3.179924,554.258074,70.416222,1.015652,65.258997,80.941,4.35349,0.574,3.8372717534
"EC6042","H000010932","Prevenar","DH4001",2020-08-29,36.272011,30.942096,481.466113,1395,480,5,480.916141,862.281893,34.157778,64.338957,0.941712,0.996641,0.769932,509.549443,69.157677,1.059539,69.078679,89.837,-1.344301,0.48,NA
"GH5805","H000017723","Prevenar","FX7959",2022-09-15,36.942326,31.375741,478.739913,1317,509,5,515.262515,814.036609,35.020184,64.877678,0.947969,1.064208,2.680287,537.442434,64.3759,1.043046,69.287075,88.38,0.758145,0.509,4.610475828
"HN2919","H000019489","Prevenar","HG6413",2023-11-26,37.205019,31.993989,528.488727,1220,550,5,516.140699,841.000819,39.621369,75.044351,1.064947,1.040463,1.10164,516.338172,76.347096,1.000383,74.563262,88.751,3.517991,0.55,NA
"HF3774","H000013782","Prevenar","HG6413",2023-10-24,37.205019,31.993989,528.488727,1220,550,5,516.140699,841.000819,39.621369,75.044351,1.064947,1.040463,1.10164,516.338172,76.347096,1.000383,74.563262,88.751,3.517991,0.55,4.3391757946
"LJ0993","H000010932","Prevenar","HR8382",2024-07-21,26.266043,22.11233,594.933921,1162,578,4,592.844975,627.107457,29.698339,60.089957,1.130674,0.971864,0.579422,511.371695,61.800129,0.862572,61.583135,88.973,4.011719,0.578,4.3219554661
"J70879","H000004331","Prevenar","J10436",2014-11-03,28.529759,24.506961,533.304436,1452,461,4,505.175308,765.892645,28.60389,60.921513,1.002598,0.863517,-2.506891,459.324005,64.089013,0.909237,60.70864,89.837,-2.43276,0.461,4.8239771855
"J80517","H000004331","Prevenar","J10436",2014-10-25,28.529759,24.506961,533.304436,1452,461,4,505.175308,765.892645,28.60389,60.921513,1.002598,0.863517,-2.506891,459.324005,64.089013,0.909237,60.70864,89.837,-2.43276,0.461,4.8777547384
"LE1010","H000028394","Prevenar","LD1763",2024-06-05,33.815657,28.678325,577.601848,1438,536,5,541.565645,767.357237,33.918463,68.342659,1.00304,0.927613,2.151078,534.167041,71.359649,0.986338,66.907567,88.776,2.253883,0.536,NA
"S26391","H000008135","Prevenar","N69712",2017-04-08,36.736087,31.439599,508.850762,1330,504,5,499.398725,904.14224,35.132847,69.891854,0.956358,0.991132,1.885559,527.353172,69.928547,1.055976,68.629606,89.361,0.282318,0.504,4.6940431644
"ED8338","H000010932","Prevenar","DN7200",2020-10-17,37.188444,31.131078,498.748044,1404,477,6,489.656177,938.103698,35.48329,67.926176,0.954148,0.957023,0.139155,500.250533,71.063044,1.021636,69.767609,89.118,-1.565999,0.477,NA
"FC7913","H000010932","Prevenar","EG3840",2021-05-27,36.063926,30.531406,547.268126,1213,553,5,518.613996,782.08927,35.879661,61.262923,0.994891,1.010808,3.514434,556.024203,67.346696,1.072135,63.820525,88.652,3.330169,0.553,NA
"AH5749","H000010932","Prevenar","AF2642",2018-12-26,34.645425,29.956413,475.311017,1353,495,5,511.286996,819.019494,34.923296,72.123073,1.00802,1.041523,-0.693244,491.108569,67.576347,0.960534,72.691156,88.879,-0.415373,0.495,NA
"AH5711","H000008135","Prevenar","AF2642",2019-01-09,34.645425,29.956413,475.311017,1353,495,5,511.286996,819.019494,34.923296,72.123073,1.00802,1.041523,-0.693244,491.108569,67.576347,0.960534,72.691156,88.879,-0.415373,0.495,4.5450248219
"LC5376","H000013782","Prevenar","HR8382",2024-06-14,26.266043,22.11233,594.933921,1162,578,4,592.844975,627.107457,29.698339,60.089957,1.130674,0.971864,0.579422,511.371695,61.800129,0.862572,61.583135,88.973,4.011719,0.578,4.2577629654
"J80515","H000004331","Prevenar","J10436",2014-10-10,28.529759,24.506961,533.304436,1452,461,4,505.175308,765.892645,28.60389,60.921513,1.002598,0.863517,-2.506891,459.324005,64.089013,0.909237,60.70864,89.837,-2.43276,0.461,4.8199104537
"M97050","H000007688","Prevenar","L78983",2016-02-09,31.666306,26.520123,619.878604,1312,511,5,607.101323,768.68407,33.069977,71.305175,1.044327,0.823918,-0.686393,489.050946,77.67291,0.805551,76.071873,89.729,0.717278,0.511,4.582455995
"M21967","H000004330","Prevenar","L78985",2015-10-18,37.317911,31.476702,510.412299,1348,497,5,512.257869,857.718172,37.323251,70.589263,1.000143,0.9733,1.617769,496.713308,75.58675,0.969655,75.86006,89.645,1.623109,0.497,4.2388984935
"LX3436","H000032244","Prevenar","LK1421",2024-12-17,32.927382,28.666824,537.053841,1332,503,4,541.907515,794.06314,32.452714,66.418269,0.985584,0.935719,0.758292,509.881854,67.163168,0.940902,67.770161,85.4,0.283624,0.503,NA
"N28946","H000007053","Prevenar","M15162",2016-02-11,36.801454,30.901783,464.874858,1348,497,5,472.609252,893.006848,35.756091,70.282751,0.971595,1.069526,0.873903,511.731796,67.902342,1.08278,69.032073,89.48,-0.17146,0.497,4.2953592921
"N31634","H000011612","Prevenar","M15162",2016-02-22,36.801454,30.901783,464.874858,1348,497,5,472.609252,893.006848,35.756091,70.282751,0.971595,1.069526,0.873903,511.731796,67.902342,1.08278,69.032073,89.48,-0.17146,0.497,4.4710060999
"AP9220","H000008135","Prevenar","X72431",2019-03-16,28.4086,24.229139,507.832898,1384,484,4,462.448556,740.535959,30.236,61.03698,1.064326,0.953912,-2.7181,455.150027,66.091926,0.984218,60.18538,88.439,-0.8907,0.484,4.1200544938
"L95546","H000008135","Prevenar","L45101",2015-05-19,36.142837,30.119226,536.922624,1251,536,5,523.002679,870.454142,37.091074,72.522698,1.026236,0.997944,1.638386,522.120482,74.007395,0.998313,72.088723,89.132,2.586622,0.536,4.2075600598
"LJ1149","H000028394","Prevenar","LD1764",2024-08-21,30.663297,25.585111,535.791938,1487,518,4,519.425087,684.046143,29.222733,59.543004,0.95302,0.966811,2.438456,543.545337,62.961734,1.046436,61.03844,88.454,0.997893,0.518,NA
"CH8181","H000008135","Prevenar","AA0268",2019-06-18,34.166802,29.114855,497.588652,1319,508,5,487.453664,708.475453,34.838981,68.491775,1.019673,1.020933,-0.194347,498.203318,65.061604,1.022053,63.736416,88.291,0.477832,0.508,4.5225215908
"S15156","H000011044","Prevenar","N48136",2017-01-13,36.391445,31.343582,462.839167,1322,507,5,461.000104,932.130106,36.260851,71.930379,0.996411,1.095507,0.761216,508.869471,65.774417,1.103838,65.513067,89.982,0.630621,0.507,4.1889935079
"H38692","H000004331","Prevenar","G16360",2014-02-13,NA,NA,488,1389,482,5,489.008427,871.465466,NA,NA,NA,0.987999,NA,461.042659,NA,0.942811,NA,NA,NA,0.482,4.2900197984
"S25814","H000011373","Prevenar","N48136",2016-12-31,36.391445,31.343582,462.839167,1322,507,5,461.000104,932.130106,36.260851,71.930379,0.996411,1.095507,0.761216,508.869471,65.774417,1.103838,65.513067,89.982,0.630621,0.507,4.368204606
"FH0022","H000011044","Prevenar","EG3840",2021-07-26,36.063926,30.531406,547.268126,1213,553,5,518.613996,782.08927,35.879661,61.262923,0.994891,1.010808,3.514434,556.024203,67.346696,1.072135,63.820525,88.652,3.330169,0.553,4.1586559113
"GR3685","H000019489","Prevenar","GD9428",2023-01-18,35.670435,30.260224,527.929442,1289,520,5,519.88649,799.137641,35.266285,67.738999,0.98867,0.984079,1.749674,525.478134,70.832934,1.010756,69.753801,89.862,1.345524,0.52,NA
"GR3533","H000013782","Prevenar","GP4368",2023-04-11,33.962559,28.891935,531.334965,1231,545,5,527.725564,819.435881,37.16303,74.160943,1.094235,1.025205,0.115769,497.815643,72.580292,0.943323,72.087248,89.046,3.31624,0.545,4.2412369988
"HG8830","H000028394","Prevenar","HG6415",2023-11-16,36.645639,31.260859,501.675042,1297,517,5,488.105925,851.015617,37.785513,72.406355,1.031105,1.030047,0.251687,501.159926,74.33159,1.026744,72.321097,89.44,1.391561,0.517,NA
"HN7332","H000010932","Prevenar","HK5976",2024-01-12,36.621463,31.4587,503.390597,1224,548,5,510.376756,882.197916,37.664602,69.917092,1.028484,1.089282,2.164084,533.147707,68.327427,1.044616,69.275689,89.461,3.207224,0.548,NA
"HG4911","H000011044","Prevenar","HA3693",2023-10-01,32.581306,28.099277,559.411146,1340,500,4,564.791002,736.777398,31.778835,68.105094,0.97537,0.893188,0.707025,512.276596,68.291921,0.90702,68.948684,88.442,-0.095445,0.5,4.6597505355
"HF3760","H000010932","Prevenar","HG6413",2023-10-05,37.205019,31.993989,528.488727,1220,550,5,516.140699,841.000819,39.621369,75.044351,1.064947,1.040463,1.10164,516.338172,76.347096,1.000383,74.563262,88.751,3.517991,0.55,NA
"L34340","H000008135","Prevenar","J41709",2014-12-30,33.894932,30.030618,467.09624,1467,456,5,458.342403,1020.281247,35.759742,70.129582,1.055017,0.976241,-5.352627,432.218824,72.797513,0.943004,71.433217,88.752,-3.487817,0.456,4.4027481091
"N90920","H000011044","Prevenar","N16509",2016-10-10,35.017181,30.460106,479.967559,1345,498,5,464.609001,936.027006,36.092024,65.651805,1.030695,1.037843,-1.339848,483.296267,67.201444,1.040221,65.051054,89.849,-0.265005,0.498,4.6778893299
"G09779","H000002634","Prevenar","F87646",2012-08-26,NA,NA,528.599927,1231,545,5,517.638758,713.542663,NA,NA,NA,1.031166,NA,499.943236,NA,0.965815,NA,NA,NA,0.545,4.0866692046
"L38295","H000008135","Prevenar","J78768",2015-02-19,30.090423,23.336453,560.86103,1302,515,5,533.598429,749.840455,33.918763,72.934451,1.127228,0.917408,-2.743829,456.463527,73.011544,0.855444,69.462564,89.198,1.084511,0.515,4.6262997875
"L76754","H000008135","Prevenar","J97625",2015-04-08,33.85923,28.553698,540.542636,1261,532,5,536.220154,800.801203,36.415029,74.220138,1.075483,0.984784,-0.365441,494.956865,75.543615,0.923048,74.939526,89.755,2.190358,0.532,4.2852248847
"M97236","H000008135","Prevenar","L78983",2016-01-02,31.666306,26.520123,619.878604,1312,511,5,607.101323,768.68407,33.069977,71.305175,1.044327,0.823918,-0.686393,489.050946,77.67291,0.805551,76.071873,89.729,0.717278,0.511,4.7365052502
"LX3434","H000031244","Prevenar","LK1422",2025-01-16,32.160612,27.756779,484.419942,1367,490,4,494.664194,760.409296,31.542108,64.069729,0.980768,1.010926,-0.101679,499.315348,66.244089,1.009227,67.644983,88.574,-0.720183,0.49,NA
"DN3806","H000011373","Prevenar","CM4653",2020-04-19,36.291951,30.835861,502.143163,1343,499,5,476.24815,854.957668,35.52049,65.174877,0.978743,0.994465,0.77916,510.20935,65.587334,1.07131,62.205062,89.201,0.007699,0.499,4.2827553414
"DN3837","H000010932","Prevenar","CM4654",2020-05-13,37.75738,32.305048,517.930256,1299,516,5,495.800177,890.631804,36.671055,74.164796,0.971229,0.995915,2.312392,531.094831,70.069146,1.071187,67.075237,89.741,1.226067,0.516,NA
"EC6011","H000011374","Prevenar","DR8857",2020-10-30,36.548088,31.685155,527.460921,1319,508,5,464.153608,913.707909,38.403106,67.34125,1.050756,0.962845,-1.169101,483.331486,74.210984,1.041318,65.303977,88.935,0.685916,0.508,3.9195885464
"EL8946","H000011373","Prevenar","DY9970",2020-12-16,32.501967,26.724274,493.947072,1327,505,4,501.870041,810.772549,32.63559,63.49669,1.004111,1.021936,0.131197,502.715717,63.437616,1.001685,64.455163,89.942,0.264821,0.505,4.44326997
"FA5691","H000008135","Prevenar","EC6010",2021-05-23,34.964142,30.083519,534.175011,1319,508,5,521.502976,862.987638,33.318744,68.24447,0.95294,0.950852,2.227402,533.004275,70.999759,1.022054,69.315458,89.103,0.582004,0.508,4.631296714
"ER3806","H000010932","Prevenar","EE6081",2021-04-10,32.83954,28.082075,480.669197,1367,490,4,477.659788,802.615186,31.756221,63.345533,0.967012,1.018446,0.42954,506.235455,64.084619,1.059824,63.683393,88.947,-0.653779,0.49,NA
"W45482","H000010932","Prevenar","T78048",2018-04-04,33.329131,28.225519,553.997699,1263,531,5,548.36707,805.155322,34.639497,71.671762,1.039316,0.959242,0.730552,511.315143,73.0519,0.932432,72.309427,89.517,2.040917,0.531,NA
"GE6422","H000011044","Prevenar","FH2518",2022-07-16,37.689702,31.632993,528.20982,1272,527,6,530.383264,909.545187,38.090483,84.205828,1.010634,0.998054,1.672662,521.634844,78.593561,0.983505,78.916953,89.062,2.073443,0.527,4.8543721718
"H50983","H000004331","Prevenar","G57867",2013-10-19,NA,NA,525.526932,1265,530,4,547.875265,677.392455,NA,NA,NA,1.008424,NA,518.223236,NA,0.945878,NA,NA,NA,0.53,4.5067033318
"GX2942","H000013782","Prevenar","GD9427",2023-06-01,33.859219,28.377892,538.875103,1272,527,5,522.102252,813.787333,33.923922,70.709609,1.001911,0.977343,1.61089,525.661446,68.637452,1.006817,66.501065,89.734,1.675593,0.527,4.542105031
"GX2795","H000010932","Prevenar","GR5829",2023-06-02,31.944061,27.201208,557.860765,1343,499,4,546.266469,807.874059,31.930121,72.20982,0.999564,0.894078,-0.180638,498.988645,72.026702,0.913453,70.529735,89.038,-0.194578,0.499,NA
"GX2963","H000028394","Prevenar","GW0213",2023-06-16,33.966608,27.442478,560.795192,1280,524,5,566.75243,777.967186,34.557143,70.615358,1.017386,0.933977,1.055609,514.819406,69.724708,0.908367,70.465382,89.121,1.646143,0.524,NA
"CM3329","H000008090","Prevenar","AL6316",2019-10-17,38.269591,33.237761,516.364136,1404,477,5,509.926441,858.638862,34.474041,71.920463,0.900821,0.923053,2.259063,529.108151,76.457813,1.037617,75.504586,89.453,-1.536487,0.477,4.5200343549
"FA5689","H000008135","Prevenar","DY9971",2021-05-12,35.029005,29.63065,492.1875,1348,497,5,498.727038,833.975387,34.604304,70.23055,0.987876,1.01024,0.287917,503.329891,69.486894,1.009229,70.410144,89.303,-0.136785,0.497,4.4991078918
"GD0318","H000013782","Prevenar","FN7274",2022-05-28,38.759385,31.843934,633.186491,1040,647,5,627.160829,661.17433,37.447818,76.669109,0.966161,1.022208,9.837316,669.917513,74.868572,1.068175,74.156092,89.704,8.525749,0.647,4.6126791774
"GH5619","H000019489","Prevenar","GD9424",2022-11-09,34.299261,29.810102,510.814815,1378,486,4,492.444674,768.143343,31.029423,66.967771,0.904667,0.951865,2.452652,537.464929,70.317862,1.091422,67.789061,89.71,-0.817186,0.486,NA
"LC5388","H000019489","Prevenar","HR1838",2024-05-14,33.708942,NA,576.523031,1427,540,5,556.204325,774.743161,33.196116,65.981035,0.984787,0.936971,3.051452,548.530228,69.826597,0.986203,67.365661,88.604,2.538626,0.54,NA
"L77851","H000007688","Prevenar","L03264",NA,32.183019,27.871149,514.837398,1452,461,5,524.022094,863.489308,32.774261,65.112107,1.018371,0.895572,-3.40518,452.756451,72.344333,0.864003,73.634956,89.966,-2.813939,0.461,NA
"LC5377","H000013782","Prevenar","HR8382",2024-06-20,26.266043,22.11233,594.933921,1162,578,4,592.844975,627.107457,29.698339,60.089957,1.130674,0.971864,0.579422,511.371695,61.800129,0.862572,61.583135,88.973,4.011719,0.578,4.3984339857
"J70884","H000004331","Prevenar","J10436",2014-11-07,28.529759,24.506961,533.304436,1452,461,4,505.175308,765.892645,28.60389,60.921513,1.002598,0.863517,-2.506891,459.324005,64.089013,0.909237,60.70864,89.837,-2.43276,0.461,4.8601733026
"L22426","H000004331","Prevenar","J41701",2014-12-13,32.540882,26.44803,578.069469,1135,592,5,558.438475,818.134774,35.165726,67.85301,1.080663,1.024316,3.097312,547.928501,68.429306,0.98118,66.105476,89.579,5.722156,0.592,4.2634967654
"HG8788","H000019489","Prevenar","HG6414",2023-09-19,33.43846,28.569844,555.731762,1282,523,5,547.030622,776.935921,33.365565,65.64124,0.99782,0.941472,1.056449,524.348993,66.440138,0.958537,65.399879,89.617,0.983554,0.523,NA
"M32490","H000004330","Prevenar","L03264",2015-10-29,32.183019,27.871149,514.837398,1452,461,5,524.022094,863.489308,32.774261,65.112107,1.018371,0.895572,-3.40518,452.756451,72.344333,0.864003,73.634956,89.966,-2.813939,0.461,4.7893596763
"N62168","H000011802","Prevenar","M15159",2016-04-23,32.248718,27.559041,570.496633,1251,536,4,572.484821,756.954904,32.130236,68.067931,0.996326,0.939325,2.188748,537.857801,68.393257,0.939515,68.631609,88.896,2.070265,0.536,4.8869372703
"RL1687","H000033648","Prevenar","MT7607",2026-06-20,35.740002,30.065935,497.597309,1375,487,5,505.486284,798.392524,32.812345,NA,0.918085,0.979454,2.235902,530.858978,NA,1.050195,NA,87.412,-0.691755,0.487,NA
"M97101","H000006081","Prevenar","M15158",2016-04-26,30.185349,25.870819,572.135202,1343,499,4,561.440005,730.006908,29.829174,70.547567,0.9882,0.871821,0.320149,504.755464,70.2071,0.899037,68.894685,89.462,-0.036026,0.499,4.7108954024
"AM6026","H000010932","Prevenar","X72431",2019-02-01,28.4086,24.229139,507.832898,1384,484,4,462.448556,740.535959,30.236,61.03698,1.064326,0.953912,-2.7181,455.150027,66.091926,0.984218,60.18538,88.439,-0.8907,0.484,NA
"DC5812","H000006081","Prevenar","AR4713",2019-11-16,41.114769,33.512706,534.988386,1272,527,5,522.742098,945.629592,37.714041,77.259598,0.917287,0.985963,5.343758,575.042319,76.443106,1.10005,74.693266,89.652,1.94303,0.527,4.4906358212
"FD5649","H000011044","Prevenar","DY9971",2021-05-10,35.029005,29.63065,492.1875,1348,497,5,498.727038,833.975387,34.604304,70.23055,0.987876,1.01024,0.287917,503.329891,69.486894,1.009229,70.410144,89.303,-0.136785,0.497,4.5360804239
"GH5806","H000017723","Prevenar","FX7959",2022-08-20,36.942326,31.375741,478.739913,1317,509,5,515.262515,814.036609,35.020184,64.877678,0.947969,1.064208,2.680287,537.442434,64.3759,1.043046,69.287075,88.38,0.758145,0.509,4.6496675985
"J27346","H000004331","Prevenar","G53268",2014-05-05,NA,NA,523.103749,1412,474,4,516.147636,838.13546,NA,NA,NA,0.905829,NA,470.976382,NA,0.912484,NA,NA,NA,0.474,4.6103340059
"ED8304","H000006081","Prevenar","DR8857",2020-11-07,36.548088,31.685155,527.460921,1319,508,5,464.153608,913.707909,38.403106,67.34125,1.050756,0.962845,-1.169101,483.331486,74.210984,1.041318,65.303977,88.935,0.685916,0.508,4.0641199197
"FA1616","H000010932","Prevenar","EG3840",2021-06-08,36.063926,30.531406,547.268126,1213,553,5,518.613996,782.08927,35.879661,61.262923,0.994891,1.010808,3.514434,556.024203,67.346696,1.072135,63.820525,88.652,3.330169,0.553,NA
"EY5102","H000011373","Prevenar","EP0209",2021-06-26,34.413722,29.062236,544.229391,1220,550,5,502.804919,768.534555,34.966476,71.608163,1.016062,1.010958,2.668332,541.495354,70.851808,1.076949,65.458864,88.902,3.221086,0.55,4.2100305602
"HE3365","H000011044","Prevenar","GW0213",2023-06-20,33.966608,27.442478,560.795192,1280,524,5,566.75243,777.967186,34.557143,70.615358,1.017386,0.933977,1.055609,514.819406,69.724708,0.908367,70.465382,89.121,1.646143,0.524,4.7753359101
"HG8832","H000028394","Prevenar","HG6415",2023-11-16,36.645639,31.260859,501.675042,1297,517,5,488.105925,851.015617,37.785513,72.406355,1.031105,1.030047,0.251687,501.159926,74.33159,1.026744,72.321097,89.44,1.391561,0.517,NA
"J80523","H000002634","Prevenar","J41707",2014-11-12,36.969865,31.870508,552.553951,1218,551,5,521.332571,771.420557,35.780992,70.692855,0.967842,0.997572,4.466584,569.526982,72.320843,1.092445,68.234442,89.427,3.277712,0.551,4.2164329362
"L95544","H000008135","Prevenar","L03268",2015-05-12,32.609112,27.025634,550.062578,1351,496,5,533.434134,826.461693,32.82903,57.841248,1.006744,0.901884,-0.670707,492.769162,72.315902,0.923768,70.129785,88.855,-0.450789,0.496,4.4993398914
"LX3431","H000031244","Prevenar","LK1422",2025-01-18,32.160612,27.756779,484.419942,1367,490,4,494.664194,760.409296,31.542108,64.069729,0.980768,1.010926,-0.101679,499.315348,66.244089,1.009227,67.644983,88.574,-0.720183,0.49,NA
"CR3649","H000014198","Prevenar","CA6596",2019-11-21,33.964924,29.185043,523.376623,1324,506,5,491.588668,835.167703,35.028736,76.571567,1.031321,0.965918,-0.711765,490.185746,72.043669,0.997146,67.668004,88.974,0.352046,0.506,4.3676364936
"S93507","H000011612","Prevenar","S18360",2017-07-15,32.480233,28.509742,482.758621,1398,479,4,434.534323,809.354654,31.234249,63.073957,0.961639,0.992666,-0.139636,498.334777,63.809676,1.146825,57.435524,88.911,-1.385621,0.479,4.2835416508
"X37646","H000008090","Prevenar","X37455",2018-10-09,34.012337,29.144875,480.431849,1299,516,5,468.264044,866.76622,37.541291,71.755309,1.103755,1.073555,-2.469421,467.286802,70.906408,0.997913,69.110575,89.714,1.059533,0.516,4.1243048199
"GX2945","H000019489","Prevenar","GR5832",2023-06-02,38.353455,32.854194,506.321308,1314,510,5,520.58666,948.515386,39.383234,74.795763,1.02685,1.006689,-0.183433,496.380413,75.793227,0.953502,77.928664,89.884,0.846346,0.51,NA
"M21973","H000006081","Prevenar","L78980",2015-08-04,38.019978,33.232234,508.933557,1272,527,5,506.910477,950.354057,39.31671,74.517319,1.034107,1.036202,0.669278,509.964626,74.801117,1.006025,74.503773,88.258,1.96601,0.527,4.3721965928
"LJ1150","H000028394","Prevenar","LD1764",2024-09-03,30.663297,25.585111,535.791938,1487,518,4,519.425087,684.046143,29.222733,59.543004,0.95302,0.966811,2.438456,543.545337,62.961734,1.046436,61.03844,88.454,0.997893,0.518,NA
"LX2595","H000010932","Prevenar","LX1720",2025-02-05,31.406578,27.199084,570.026613,1372,488,4,531.093842,716.924298,29.775645,68.308146,0.94807,0.855513,0.790117,514.376412,69.550339,0.96842,64.800057,88.523,-0.840816,0.488,NA
"RJ3538","H000033648","Prevenar","MT7607",2026-06-04,35.740002,30.065935,497.597309,1375,487,5,505.486284,798.392524,32.812345,NA,0.918085,0.979454,2.235902,530.858978,NA,1.050195,NA,87.412,-0.691755,0.487,NA
"FA1614","H000010932","Prevenar","EG3840",2021-05-21,36.063926,30.531406,547.268126,1213,553,5,518.613996,782.08927,35.879661,61.262923,0.994891,1.010808,3.514434,556.024203,67.346696,1.072135,63.820525,88.652,3.330169,0.553,NA
"FL6015","H000014198","Prevenar","EN6054",2021-10-12,29.23637,24.948861,509.625963,1332,503,5,496.967372,804.38986,33.262679,57.146316,1.137716,0.986954,-3.79332,442.094275,67.345438,0.889584,65.672645,89.821,0.232989,0.503,4.5600126771
"HF3788","H000017723","Prevenar","HA3691",2023-10-18,32.508301,27.712391,534.547152,1299,516,5,497.360607,754.997649,32.719398,62.865078,1.006494,0.965691,0.802711,512.876751,66.867536,1.031197,62.2158,89.06,1.013809,0.516,4.569994817
"L38300","H000006081","Prevenar","J41700",2015-02-09,32.432006,27.899017,521.36007,1270,528,5,497.62817,810.082945,36.178123,67.927133,1.115507,1.011998,-1.754094,472.982805,69.587222,0.950474,66.419666,88.378,1.992023,0.528,4.4608879476
"LL4097","H000010932","Prevenar","LH1385",2024-11-09,32.114314,28.05155,597.530242,1284,522,4,555.434467,727.719277,30.90445,68.318928,0.962326,0.873019,2.168223,542.077504,68.16322,0.975952,63.361147,89.462,0.95836,0.522,NA
"MY7678","H000011802","Prevenar","MC9133",2025-08-31,36.557666,30.257658,497.176508,1307,513,5,519.319641,763.772909,32.777138,NA,0.896587,1.031423,4.517467,571.945808,NA,1.101337,NA,88.942,0.736939,0.513,4.2885819195
"W11603","H000010932","Prevenar","T22133",2018-02-07,33.334381,28.770425,539.612024,1299,516,5,538.298972,827.201728,36.171339,75.692852,1.085106,0.955917,-1.282817,475.367667,73.628151,0.883092,73.44899,88.273,1.55414,0.516,NA
"W73707","H000008135","Prevenar","W12892",2018-06-06,30.971347,26.624734,559.81924,1351,496,5,534.700339,817.244522,32.707009,69.75296,1.056041,0.886194,-2.288483,469.781679,72.335277,0.878589,69.089617,88.431,-0.552822,0.496,4.2682176999
"AM6028","H000010932","Prevenar","X72431",2019-03-11,28.4086,24.229139,507.832898,1384,484,4,462.448556,740.535959,30.236,61.03698,1.064326,0.953912,-2.7181,455.150027,66.091926,0.984218,60.18538,88.439,-0.8907,0.484,NA
"G09767","H000002634","Prevenar","F64679",2012-06-23,NA,NA,405.373241,NA,493,NA,401.739768,835.732911,NA,NA,NA,1.216886,NA,502.332367,NA,1.250392,NA,NA,NA,NA,4.4486490695
"GH5595","H000013782","Prevenar","GD9428",2022-10-28,35.670435,30.260224,527.929442,1289,520,5,519.88649,799.137641,35.266285,67.738999,0.98867,0.984079,1.749674,525.478134,70.832934,1.010756,69.753801,89.862,1.345524,0.52,NA
"M48084","H000007053","Prevenar","L78983",2015-11-08,31.666306,26.520123,619.878604,1312,511,5,607.101323,768.68407,33.069977,71.305175,1.044327,0.823918,-0.686393,489.050946,77.67291,0.805551,76.071873,89.729,0.717278,0.511,4.5651822839
"RE8363","H000010932","Prevenar","MT7607",2026-05-30,35.740002,30.065935,497.597309,1375,487,5,505.486284,798.392524,32.812345,NA,0.918085,0.979454,2.235902,530.858978,NA,1.050195,NA,87.412,-0.691755,0.487,4.645271523
"W15821","H000014198","Prevenar","T02219",2018-01-08,35.545915,30.606363,527.916251,1294,518,5,522.580054,841.710242,33.888157,73.309091,0.953363,0.981018,2.891367,543.229844,69.55905,1.039515,68.855944,89.861,1.233608,0.518,4.5324413689
"AT6722","H000006081","Prevenar","X72431",2019-04-05,28.4086,24.229139,507.832898,1384,484,4,462.448556,740.535959,30.236,61.03698,1.064326,0.953912,-2.7181,455.150027,66.091926,0.984218,60.18538,88.439,-0.8907,0.484,4.6136837449
"EC6041","H000010932","Prevenar","DH4001",2020-08-24,36.272011,30.942096,481.466113,1395,480,5,480.916141,862.281893,34.157778,64.338957,0.941712,0.996641,0.769932,509.549443,69.157677,1.059539,69.078679,89.837,-1.344301,0.48,NA
"G96279","H000004331","Prevenar","G12095",2013-03-08,NA,NA,542.346542,1340,500,5,536.45662,804.926447,NA,NA,NA,0.921354,NA,516.232077,NA,0.9623,NA,NA,NA,0.5,4.5270394428
"J13973","H000004331","Prevenar","G48529",2014-03-28,NA,NA,560.531898,1292,519,4,553.066038,784.600812,NA,NA,NA,0.92673,NA,541.893525,NA,0.979799,NA,NA,NA,0.519,4.3285233306
"HN7639","H000011044","Prevenar","HE8765",2024-02-13,38.48706,33.326854,480.045872,1254,535,5,498.688751,842.527106,38.405991,71.418412,0.997894,1.115428,2.622989,536.587005,70.192435,1.075996,72.918402,89.438,2.54192,0.535,4.7769387731
"HX9141","H000011044","Prevenar","HL6202",NA,37.551181,32.281548,493.459417,1256,534,5,481.46909,851.173089,37.762635,70.411339,1.005631,1.082984,2.231532,531.416001,71.468999,1.103557,69.732409,89.51,2.442987,0.534,NA
"M97235","H000008135","Prevenar","L78983",2016-01-01,31.666306,26.520123,619.878604,1312,511,5,607.101323,768.68407,33.069977,71.305175,1.044327,0.823918,-0.686393,489.050946,77.67291,0.805551,76.071873,89.729,0.717278,0.511,4.6752044485
"W08088","H000010932","Prevenar","T02219",2017-11-13,35.545915,30.606363,527.916251,1294,518,5,522.580054,841.710242,33.888157,73.309091,0.953363,0.981018,2.891367,543.229844,69.55905,1.039515,68.855944,89.861,1.233608,0.518,NA
"GR2984","H000008135","Prevenar","GP4368",2023-03-22,33.962559,28.891935,531.334965,1231,545,5,527.725564,819.435881,37.16303,74.160943,1.094235,1.025205,0.115769,497.815643,72.580292,0.943323,72.087248,89.046,3.31624,0.545,4.094008236
"HF3754","H000010932","Prevenar","HA3695",2023-09-16,35.372199,30.171093,547.99818,1254,535,5,535.805423,854.670307,38.01344,73.262044,1.07467,0.975912,-0.326192,497.639494,73.695886,0.928769,72.05618,89.336,2.315049,0.535,NA
"HN7327","H000010932","Prevenar","HE8765",2024-02-15,38.48706,33.326854,480.045872,1254,535,5,498.688751,842.527106,38.405991,71.418412,0.997894,1.115428,2.622989,536.587005,70.192435,1.075996,72.918402,89.438,2.54192,0.535,NA
"HF3773","H000013782","Prevenar","HG6413",2023-11-06,37.205019,31.993989,528.488727,1220,550,5,516.140699,841.000819,39.621369,75.044351,1.064947,1.040463,1.10164,516.338172,76.347096,1.000383,74.563262,88.751,3.517991,0.55,4.4082175718
"HN7336","H000010932","Prevenar","HK5976",2024-01-28,36.621463,31.4587,503.390597,1224,548,5,510.376756,882.197916,37.664602,69.917092,1.028484,1.089282,2.164084,533.147707,68.327427,1.044616,69.275689,89.461,3.207224,0.548,NA
"HN7755","H000017723","Prevenar","HL5142",2024-01-24,35.814108,30.063159,575.103391,1235,543,5,545.440235,894.245555,35.554752,72.847397,0.992758,0.943884,3.178026,546.790443,72.263431,1.002475,68.536168,89.849,2.91867,0.543,4.2153344205
"R59732","H000011044","Prevenar","N28779",2016-11-10,34.03558,29.497155,485.316847,1449,462,5,460.765664,876.810431,34.074292,69.977037,1.001137,0.952681,-2.805679,461.826623,69.341987,1.002303,65.834118,88.673,-2.766967,0.462,4.6211309614
"CL6646","H000006081","Prevenar","AA0268",2019-07-26,34.166802,29.114855,497.588652,1319,508,5,487.453664,708.475453,34.838981,68.491775,1.019673,1.020933,-0.194347,498.203318,65.061604,1.022053,63.736416,88.291,0.477832,0.508,4.616461457
"T67400","H000011374","Prevenar","T02214",2017-09-07,29.668403,26.245249,509.66811,1412,474,4,509.374133,749.245151,29.905583,66.455396,1.007994,0.930956,-1.775536,470.715647,63.143149,0.924106,63.106728,88.611,-1.538356,0.474,4.5265560722
"W73249","H000011374","Prevenar","T96830",2018-05-15,32.504779,27.313574,525.945865,1277,525,5,497.880358,819.504842,34.199915,68.077915,1.05215,0.997321,-0.193501,498.537828,69.32713,1.001321,65.627698,88.65,1.501634,0.525,4.1012054189
"GA8128","H000008135","Prevenar","FN7274",2022-05-19,38.759385,31.843934,633.186491,1040,647,5,627.160829,661.17433,37.447818,76.669109,0.966161,1.022208,9.837316,669.917513,74.868572,1.068175,74.156092,89.704,8.525749,0.647,4.4402806081
"GH5586","H000010932","Prevenar","FX7963",2022-09-14,37.150771,31.505768,520.111061,1249,537,5,527.887857,835.990253,37.675195,67.589601,1.014116,1.031682,2.13074,529.120303,68.592581,1.002335,69.618189,88.446,2.655164,0.537,NA
"GF0241","H000008135","Prevenar","FT3234",2022-06-08,34.281985,29.007039,530.711959,1364,491,5,514.839254,794.902817,32.805919,64.855292,0.956943,0.925857,0.985824,513.471787,69.363736,0.997344,67.289183,89.418,-0.490242,0.491,4.6919546667
"GC1484","H000006081","Prevenar","FX7959",2022-08-06,36.942326,31.375741,478.739913,1317,509,5,515.262515,814.036609,35.020184,64.877678,0.947969,1.064208,2.680287,537.442434,64.3759,1.043046,69.287075,88.38,0.758145,0.509,4.87917768
"G86640","H000002634","Prevenar","G44647",2013-02-02,NA,NA,575.082875,1307,513,5,559.43219,867.836941,NA,NA,NA,0.892853,NA,534.369584,NA,0.9552,NA,NA,NA,0.513,4.3394114768
"EL8879","H000010932","Prevenar","DY9970",2021-01-26,32.501967,26.724274,493.947072,1327,505,4,501.870041,810.772549,32.63559,63.49669,1.004111,1.021936,0.131197,502.715717,63.437616,1.001685,64.455163,89.942,0.264821,0.505,NA
"G09789","H000002634","Prevenar","F86733",2012-07-09,NA,NA,444.110755,NA,480,NA,434.421616,874.205862,NA,NA,NA,1.081714,NA,488.885727,NA,1.125372,NA,NA,NA,NA,4.5999087675
"G79025","H000002634","Prevenar","G12660",2013-01-17,NA,NA,556.629406,1289,520,5,550.396698,847.912475,NA,NA,NA,0.934139,NA,498.844006,NA,0.906335,NA,NA,NA,0.52,4.1699626866
"H32094","H000004331","Prevenar","G54764",2013-08-11,NA,NA,564.586068,1282,523,5,547.031689,855.609762,NA,NA,NA,0.925937,NA,558.033966,NA,1.020113,NA,NA,NA,0.523,4.2313201274
"HE3375","H000017723","Prevenar","GW0213",2023-06-27,33.966608,27.442478,560.795192,1280,524,5,566.75243,777.967186,34.557143,70.615358,1.017386,0.933977,1.055609,514.819406,69.724708,0.908367,70.465382,89.121,1.646143,0.524,4.3397126522
"S93504","H000011374","Prevenar","R48338",2017-06-06,34.786135,30.179128,436.342593,1353,495,5,436.266729,895.053158,34.691104,62.567241,0.997268,1.135558,-0.376706,496.849455,60.14373,1.138866,60.133273,89.34,-0.471738,0.495,4.3104938271
"W88032","H000010932","Prevenar","T78048",2018-05-09,33.329131,28.225519,553.997699,1263,531,5,548.36707,805.155322,34.639497,71.671762,1.039316,0.959242,0.730552,511.315143,73.0519,0.932432,72.309427,89.517,2.040917,0.531,NA
"X06516","H000006081","Prevenar","W12892",2018-06-27,30.971347,26.624734,559.81924,1351,496,5,534.700339,817.244522,32.707009,69.75296,1.056041,0.886194,-2.288483,469.781679,72.335277,0.878589,69.089617,88.431,-0.552822,0.496,4.3136768231
"CG3545","H000006081","Prevenar","AA0268",2019-05-23,34.166802,29.114855,497.588652,1319,508,5,487.453664,708.475453,34.838981,68.491775,1.019673,1.020933,-0.194347,498.203318,65.061604,1.022053,63.736416,88.291,0.477832,0.508,4.4396174534
"AK9078","H000011374","Prevenar","AF2642",2019-01-06,34.645425,29.956413,475.311017,1353,495,5,511.286996,819.019494,34.923296,72.123073,1.00802,1.041523,-0.693244,491.108569,67.576347,0.960534,72.691156,88.879,-0.415373,0.495,4.4519965214
"T19579","H000008135","Prevenar","R48338",2017-07-11,34.786135,30.179128,436.342593,1353,495,5,436.266729,895.053158,34.691104,62.567241,0.997268,1.135558,-0.376706,496.849455,60.14373,1.138866,60.133273,89.34,-0.471738,0.495,4.0256229172
"X06677","H000008135","Prevenar","W12892",2018-06-15,30.971347,26.624734,559.81924,1351,496,5,534.700339,817.244522,32.707009,69.75296,1.056041,0.886194,-2.288483,469.781679,72.335277,0.878589,69.089617,88.431,-0.552822,0.496,4.3913490481
"ED8331","H000017723","Prevenar","DY9970",2020-11-18,32.501967,26.724274,493.947072,1327,505,4,501.870041,810.772549,32.63559,63.49669,1.004111,1.021936,0.131197,502.715717,63.437616,1.001685,64.455163,89.942,0.264821,0.505,4.4342793572
"GM8339","H000006081","Prevenar","GG0364",2022-12-06,37.853613,32.825179,493.573446,1375,487,5,489.578249,885.652934,36.376408,72.571678,0.960976,0.987117,0.393145,507.000233,74.366498,1.035586,73.764543,89.403,-1.08406,0.487,4.8984767149
"H38736","H000004331","Prevenar","G48529",2014-03-14,NA,NA,560.531898,1292,519,4,553.066038,784.600812,NA,NA,NA,0.92673,NA,541.893525,NA,0.979799,NA,NA,NA,0.519,4.7749630746
"GF1170","H000014198","Prevenar","FX7959",2022-08-27,36.942326,31.375741,478.739913,1317,509,5,515.262515,814.036609,35.020184,64.877678,0.947969,1.064208,2.680287,537.442434,64.3759,1.043046,69.287075,88.38,0.758145,0.509,4.6544500666
"LC5371","H000013782","Prevenar","HR8380",2024-05-07,41.663018,35.515483,429.724596,1375,487,6,417.616912,939.998312,40.546917,68.746143,0.973211,1.133155,-0.050491,500.348206,72.318618,1.198103,70.281008,89.35,-1.166592,0.487,4.1507422194
"N33893","H000008135","Prevenar","M15159",2016-05-20,32.248718,27.559041,570.496633,1251,536,4,572.484821,756.954904,32.130236,68.067931,0.996326,0.939325,2.188748,537.857801,68.393257,0.939515,68.631609,88.896,2.070265,0.536,4.7298436759
"N28947","H000007053","Prevenar","M15162",2016-02-13,36.801454,30.901783,464.874858,1348,497,5,472.609252,893.006848,35.756091,70.282751,0.971595,1.069526,0.873903,511.731796,67.902342,1.08278,69.032073,89.48,-0.17146,0.497,4.2427859449
"LJ1014","H000010932","Prevenar","HR8382",2024-08-12,26.266043,22.11233,594.933921,1162,578,4,592.844975,627.107457,29.698339,60.089957,1.130674,0.971864,0.579422,511.371695,61.800129,0.862572,61.583135,88.973,4.011719,0.578,NA
"S26341","H000008090","Prevenar","N48138",2017-02-22,37.840677,30.732315,507.819482,1340,500,5,484.056306,900.027812,37.802699,79.780811,0.998996,0.983731,0.127108,500.059816,75.709026,1.033061,72.166257,89.729,0.089129,0.5,4.4018650738
"R59683","H000011374","Prevenar","R25774",2017-04-21,34.843757,29.009998,478.412158,1299,516,5,432.267054,815.753865,35.643607,70.029334,1.022955,1.079514,0.268645,504.863185,72.101024,1.167943,65.146541,88.385,1.068495,0.516,4.5045868971
"S89894","H000008090","Prevenar","S18360",2017-07-13,32.480233,28.509742,482.758621,1398,479,4,434.534323,809.354654,31.234249,63.073957,0.961639,0.992666,-0.139636,498.334777,63.809676,1.146825,57.435524,88.911,-1.385621,0.479,4.3865811644
"J70886","H000004331","Prevenar","J32131",2014-11-09,29.626307,24.038122,595.589365,1275,526,4,578.429603,722.606377,29.783487,61.949228,1.005305,0.883231,1.633217,523.266936,66.961676,0.904634,65.032416,89.106,1.790397,0.526,4.4982121312
"L67960","H000008090","Prevenar","J53524",2015-03-24,35.257854,30.060065,571.73095,1231,545,5,552.716756,777.40499,35.443293,69.903407,1.00526,0.953276,2.649745,542.165754,74.341468,0.980911,71.869075,88.88,2.835184,0.545,4.4640422015
"AK8998","H000008135","Prevenar","AF2642",2019-01-13,34.645425,29.956413,475.311017,1353,495,5,511.286996,819.019494,34.923296,72.123073,1.00802,1.041523,-0.693244,491.108569,67.576347,0.960534,72.691156,88.879,-0.415373,0.495,4.5469361023
"DC5814","H000006081","Prevenar","AR4713",2019-11-24,41.114769,33.512706,534.988386,1272,527,5,522.742098,945.629592,37.714041,77.259598,0.917287,0.985963,5.343758,575.042319,76.443106,1.10005,74.693266,89.652,1.94303,0.527,4.4686846118
"R32078","H000008090","Prevenar","N16509",2016-10-10,35.017181,30.460106,479.967559,1345,498,5,464.609001,936.027006,36.092024,65.651805,1.030695,1.037843,-1.339848,483.296267,67.201444,1.040221,65.051054,89.849,-0.265005,0.498,4.6778893299
"LP5294","H000010932","Prevenar","LH1385",2024-11-15,32.114314,28.05155,597.530242,1284,522,4,555.434467,727.719277,30.90445,68.318928,0.962326,0.873019,2.168223,542.077504,68.16322,0.975952,63.361147,89.462,0.95836,0.522,NA
"S51056","H000008135","Prevenar","R25774",2017-04-13,34.843757,29.009998,478.412158,1299,516,5,432.267054,815.753865,35.643607,70.029334,1.022955,1.079514,0.268645,504.863185,72.101024,1.167943,65.146541,88.385,1.068495,0.516,4.5305409452
"AM6082","H000017723","Prevenar","AF2642",2019-02-14,34.645425,29.956413,475.311017,1353,495,5,511.286996,819.019494,34.923296,72.123073,1.00802,1.041523,-0.693244,491.108569,67.576347,0.960534,72.691156,88.879,-0.415373,0.495,4.4553050964
"ER3798","H000010932","Prevenar","EE6081",2021-03-28,32.83954,28.082075,480.669197,1367,490,4,477.659788,802.615186,31.756221,63.345533,0.967012,1.018446,0.42954,506.235455,64.084619,1.059824,63.683393,88.947,-0.653779,0.49,NA
"HN7749","H000017723","Prevenar","HK5975",2023-12-31,35.323562,29.907083,508.237466,1309,512,5,504.216377,796.937887,33.920656,67.8203,0.960284,1.008094,2.188251,533.541448,68.660905,1.05816,68.117671,89.116,0.785345,0.512,4.6750869612
"M97228","H000011374","Prevenar","L78983",2015-12-15,31.666306,26.520123,619.878604,1312,511,5,607.101323,768.68407,33.069977,71.305175,1.044327,0.823918,-0.686393,489.050946,77.67291,0.805551,76.071873,89.729,0.717278,0.511,4.6320967492
"N31254","H000008135","Prevenar","L78987",2016-04-20,32.703676,27.978635,541.730475,1353,495,5,533.916211,786.86749,32.798277,69.304005,1.002893,0.914486,-0.360194,493.975928,72.769126,0.925194,71.719458,88.664,-0.265593,0.495,4.7751023551
"L38298","H000008135","Prevenar","J53524",2015-03-01,35.257854,30.060065,571.73095,1231,545,5,552.716756,777.40499,35.443293,69.903407,1.00526,0.953276,2.649745,542.165754,74.341468,0.980911,71.869075,88.88,2.835184,0.545,4.2357585431
"L95558","H000008090","Prevenar","L03264",2015-05-14,32.183019,27.871149,514.837398,1452,461,5,524.022094,863.489308,32.774261,65.112107,1.018371,0.895572,-3.40518,452.756451,72.344333,0.864003,73.634956,89.966,-2.813939,0.461,4.6537976644
"M96867A","H000006081","Prevenar","L78983",2015-12-21,31.666306,26.520123,619.878604,1312,511,5,607.101323,768.68407,33.069977,71.305175,1.044327,0.823918,-0.686393,489.050946,77.67291,0.805551,76.071873,89.729,0.717278,0.511,NA
"CL6644","H000006081","Prevenar","AA0268",2019-07-05,34.166802,29.114855,497.588652,1319,508,5,487.453664,708.475453,34.838981,68.491775,1.019673,1.020933,-0.194347,498.203318,65.061604,1.022053,63.736416,88.291,0.477832,0.508,4.6775822541
"CM3132","H000008135","Prevenar","AM9030",2019-09-13,33.469938,28.1335,543.037623,1370,489,5,555.685723,837.53978,32.402512,69.187094,0.968108,0.900029,0.362318,504.850541,67.822997,0.908518,69.402689,88.843,-0.705108,0.489,4.5220994123
"FD1838","H000019489","Prevenar","EC6010",2021-05-29,34.964142,30.083519,534.175011,1319,508,5,521.502976,862.987638,33.318744,68.24447,0.95294,0.950852,2.227402,533.004275,70.999759,1.022054,69.315458,89.103,0.582004,0.508,NA
"GR3690","H000019489","Prevenar","GD9428",2023-01-23,35.670435,30.260224,527.929442,1289,520,5,519.88649,799.137641,35.266285,67.738999,0.98867,0.984079,1.749674,525.478134,70.832934,1.010756,69.753801,89.862,1.345524,0.52,NA
"J80521","H000002634","Prevenar","J10436",2014-10-27,28.529759,24.506961,533.304436,1452,461,4,505.175308,765.892645,28.60389,60.921513,1.002598,0.863517,-2.506891,459.324005,64.089013,0.909237,60.70864,89.837,-2.43276,0.461,4.2333486519
"H38754","H000004330","Prevenar","G16360",2014-03-03,NA,NA,488,1389,482,5,489.008427,871.465466,NA,NA,NA,0.987999,NA,461.042659,NA,0.942811,NA,NA,NA,0.482,4.4731485723
"GR3658","H000028394","Prevenar","GD9428",2023-03-23,35.670435,30.260224,527.929442,1289,520,5,519.88649,799.137641,35.266285,67.738999,0.98867,0.984079,1.749674,525.478134,70.832934,1.010756,69.753801,89.862,1.345524,0.52,NA
"GM8414","H000013782","Prevenar","GG0364",2022-12-29,37.853613,32.825179,493.573446,1375,487,5,489.578249,885.652934,36.376408,72.571678,0.960976,0.987117,0.393145,507.000233,74.366498,1.035586,73.764543,89.403,-1.08406,0.487,4.6345974811
"GF1165","H000011373","Prevenar","FX7959",2022-08-10,36.942326,31.375741,478.739913,1317,509,5,515.262515,814.036609,35.020184,64.877678,0.947969,1.064208,2.680287,537.442434,64.3759,1.043046,69.287075,88.38,0.758145,0.509,4.5863533142
"HE3378","H000017723","Prevenar","HA3691",2023-08-04,32.508301,27.712391,534.547152,1299,516,5,497.360607,754.997649,32.719398,62.865078,1.006494,0.965691,0.802711,512.876751,66.867536,1.031197,62.2158,89.06,1.013809,0.516,4.3624258868
"HN7765","H000019489","Prevenar","HK5975",2023-12-08,35.323562,29.907083,508.237466,1309,512,5,504.216377,796.937887,33.920656,67.8203,0.960284,1.008094,2.188251,533.541448,68.660905,1.05816,68.117671,89.116,0.785345,0.512,NA
"LE0995","H000013782","Prevenar","HR8374",2024-08-17,37.060571,32.042813,508.095022,1196,561,5,508.396935,1151.050538,38.536813,71.081403,1.039833,1.103493,2.498151,539.200927,69.09708,1.06059,69.138137,88.75,3.974393,0.561,4.2717889298
"J70873","H000004331","Prevenar","J10436",2014-10-30,28.529759,24.506961,533.304436,1452,461,4,505.175308,765.892645,28.60389,60.921513,1.002598,0.863517,-2.506891,459.324005,64.089013,0.909237,60.70864,89.837,-2.43276,0.461,4.6721354166
"LC5394","H000019489","Prevenar","LD1763",2024-05-30,33.815657,28.678325,577.601848,1438,536,5,541.565645,767.357237,33.918463,68.342659,1.00304,0.927613,2.151078,534.167041,71.359649,0.986338,66.907567,88.776,2.253883,0.536,NA
"N90900","H000006081","Prevenar","M35795",2016-08-21,30.038636,25.870305,511.185682,1370,489,4,521.326645,763.478701,30.400739,65.170555,1.012055,0.956824,-1.138994,483.288872,65.658653,0.927037,66.961197,89.937,-0.77689,0.489,4.6691451745
"T19609","H000006081","Prevenar","S46084",2017-07-19,34.630548,29.461025,530.606566,1188,565,5,507,767.102898,36.071303,66.802263,1.041604,1.064348,2.640168,542.193001,69.922873,1.069034,66.81202,89.79,4.080924,0.565,3.8255562274
"CG3541","H000008135","Prevenar","AA0268",2019-05-26,34.166802,29.114855,497.588652,1319,508,5,487.453664,708.475453,34.838981,68.491775,1.019673,1.020933,-0.194347,498.203318,65.061604,1.022053,63.736416,88.291,0.477832,0.508,NA
"DJ2700","H000006081","Prevenar","CM4654",2020-04-07,37.75738,32.305048,517.930256,1299,516,5,495.800177,890.631804,36.671055,74.164796,0.971229,0.995915,2.312392,531.094831,70.069146,1.071187,67.075237,89.741,1.226067,0.516,4.2031638918
"FT9264","H000019489","Prevenar","FH2518",2022-05-13,37.689702,31.632993,528.20982,1272,527,6,530.383264,909.545187,38.090483,84.205828,1.010634,0.998054,1.672662,521.634844,78.593561,0.983505,78.916953,89.062,2.073443,0.527,NA
"FT9255","H000011374","Prevenar","FH2519",2022-04-12,33.522612,28.064301,538.109327,1312,511,5,529.117002,744.497873,32.717014,71.706235,0.975969,0.949476,1.622632,523.502208,68.777207,0.989388,67.627874,89.56,0.817033,0.511,4.4157691623
"LX2603","H000010932","Prevenar","HY2161",2025-05-14,35.357129,29.675545,516.837482,1209,555,5,489.174018,783.093192,38.616691,72.717744,1.09219,1.073502,0.57306,507.9944,70.911143,1.038474,67.11566,89.366,3.832621,0.555,4.1311471014
"M21964","H000008090","Prevenar","L78985",2015-08-21,37.317911,31.476702,510.412299,1348,497,5,512.257869,857.718172,37.323251,70.589263,1.000143,0.9733,1.617769,496.713308,75.58675,0.969655,75.86006,89.645,1.623109,0.497,4.3753411306
"W61588","H000013782","Prevenar","W12892",2018-06-07,30.971347,26.624734,559.81924,1351,496,5,534.700339,817.244522,32.707009,69.75296,1.056041,0.886194,-2.288483,469.781679,72.335277,0.878589,69.089617,88.431,-0.552822,0.496,4.3218669825
"CL5152","H000011374","Prevenar","AL6315",2019-07-09,36.245892,27.624091,473.80856,1343,499,5,491.377819,900.207058,36.679584,70.683459,1.011965,1.054105,-0.373199,493.538507,69.970822,1.004397,72.565405,88.847,0.060493,0.499,4.1588175888
"CM3199","H000013782","Prevenar","AL6316",2019-10-16,38.269591,33.237761,516.364136,1404,477,5,509.926441,858.638862,34.474041,71.920463,0.900821,0.923053,2.259063,529.108151,76.457813,1.037617,75.504586,89.453,-1.536487,0.477,4.5202582528
"EL8878","H000010932","Prevenar","DX7884",2021-01-23,38.830663,33.677474,487.89144,1287,521,5,482.695811,866.72994,38.615012,71.576277,0.994446,1.067626,1.949144,523.794325,74.347349,1.085144,73.555613,88.624,1.733493,0.521,NA
"GE6474","H000013782","Prevenar","GD9424",2022-09-29,34.299261,29.810102,510.814815,1378,486,4,492.444674,768.143343,31.029423,66.967771,0.904667,0.951865,2.452652,537.464929,70.317862,1.091422,67.789061,89.71,-0.817186,0.486,4.9381505322
"GM8396","H000011044","Prevenar","GD9425",2022-12-16,36.040674,31.076487,526.879463,1367,490,5,512.86599,867.25698,35.718044,67.208799,0.991048,0.929685,-0.676035,494.256256,71.959048,0.963714,70.045145,89.14,-0.998665,0.49,4.5364065424
"HF3772","H000011374","Prevenar","HA3691",2023-09-30,32.508301,27.712391,534.547152,1299,516,5,497.360607,754.997649,32.719398,62.865078,1.006494,0.965691,0.802711,512.876751,66.867536,1.031197,62.2158,89.06,1.013809,0.516,4.2754573329
"HP2980","H000029483","Prevenar","HG6413",NA,37.205019,31.993989,528.488727,1220,550,5,516.140699,841.000819,39.621369,75.044351,1.064947,1.040463,1.10164,516.338172,76.347096,1.000383,74.563262,88.751,3.517991,0.55,NA
"M97257","H000008135","Prevenar","L78985",2016-03-26,37.317911,31.476702,510.412299,1348,497,5,512.257869,857.718172,37.323251,70.589263,1.000143,0.9733,1.617769,496.713308,75.58675,0.969655,75.86006,89.645,1.623109,0.497,4.3792582116
"FG4098","H000006081","Prevenar","EP0209",2021-07-03,34.413722,29.062236,544.229391,1220,550,5,502.804919,768.534555,34.966476,71.608163,1.016062,1.010958,2.668332,541.495354,70.851808,1.076949,65.458864,88.902,3.221086,0.55,4.4703759224
"G32132","H000004331","Prevenar","G44647",2013-04-12,NA,NA,575.082875,1307,513,5,559.43219,867.836941,NA,NA,NA,0.892853,NA,534.369584,NA,0.9552,NA,NA,NA,0.513,4.6513035793
"GR2538","H000008135","Prevenar","GG0364",2022-12-09,37.853613,32.825179,493.573446,1375,487,5,489.578249,885.652934,36.376408,72.571678,0.960976,0.987117,0.393145,507.000233,74.366498,1.035586,73.764543,89.403,-1.08406,0.487,4.7737336041
"S51050","H000008135","Prevenar","R25774",2017-04-25,34.843757,29.009998,478.412158,1299,516,5,432.267054,815.753865,35.643607,70.029334,1.022955,1.079514,0.268645,504.863185,72.101024,1.167943,65.146541,88.385,1.068495,0.516,4.4908304449
"CW6581","H000013782","Prevenar","AR4713",2019-11-17,41.114769,33.512706,534.988386,1272,527,5,522.742098,945.629592,37.714041,77.259598,0.917287,0.985963,5.343758,575.042319,76.443106,1.10005,74.693266,89.652,1.94303,0.527,NA
"FA7359","H000019488","Prevenar","EC6010",2021-04-17,34.964142,30.083519,534.175011,1319,508,5,521.502976,862.987638,33.318744,68.24447,0.95294,0.950852,2.227402,533.004275,70.999759,1.022054,69.315458,89.103,0.582004,0.508,NA
"G06780","H000004331","Prevenar","G12660",2013-03-11,NA,NA,556.629406,1289,520,5,550.396698,847.912475,NA,NA,NA,0.934139,NA,498.844006,NA,0.906335,NA,NA,NA,0.52,4.3580612125
"GX2928","H000006081","Prevenar","GR5831",2023-05-09,38.289933,32.325867,617.528597,1172,573,5,617.921935,875.930834,37.479999,78.092756,0.978847,0.92748,5.609944,585.122543,77.905679,0.94692,77.955301,89.396,4.80001,0.573,4.4582403101
"HA2749","H000019489","Prevenar","GW0213",2023-06-14,33.966608,27.442478,560.795192,1280,524,5,566.75243,777.967186,34.557143,70.615358,1.017386,0.933977,1.055609,514.819406,69.724708,0.908367,70.465382,89.121,1.646143,0.524,NA
"M21975","H000006081","Prevenar","L78984",2015-08-30,34.717175,29.505562,541.498791,1317,509,5,529.02884,836.584414,34.263645,68.08866,0.986936,0.939873,1.113224,515.676921,68.856599,0.974761,67.270929,89.419,0.659695,0.509,4.4517623159
"T19589","H000013782","Prevenar","S18368",2017-08-04,33.28834,28.099133,434.952656,1309,512,6,469.853405,859.426899,35.316359,66.767166,1.060923,1.176913,-1.02179,482.505731,61.753492,1.026928,66.708613,89.505,1.006229,0.512,4.1242642555
"CJ3920","H000006081","Prevenar","AA0268",2019-07-02,34.166802,29.114855,497.588652,1319,508,5,487.453664,708.475453,34.838981,68.491775,1.019673,1.020933,-0.194347,498.203318,65.061604,1.022053,63.736416,88.291,0.477832,0.508,4.6588614414
"DC8085","H000011044","Prevenar","CH7196",2020-01-15,34.700561,29.456004,497.062195,1314,510,5,517.589766,864.098604,33.817721,72.60929,0.974558,1.026916,1.560611,523.766384,67.657224,1.011933,70.451318,88.903,0.677771,0.51,4.2659940281
"S25813","H000008135","Prevenar","N48136",2017-02-07,36.391445,31.343582,462.839167,1322,507,5,461.000104,932.130106,36.260851,71.930379,0.996411,1.095507,0.761216,508.869471,65.774417,1.103838,65.513067,89.982,0.630621,0.507,4.3454102168
"S26353","H000008090","Prevenar","R68504",2017-05-13,41.268187,35.138198,463.436929,1277,525,6,461.913467,946.146468,40.634131,66.084949,0.984636,1.131829,2.577117,532.716255,68.160376,1.153281,67.936312,88.876,1.943061,0.525,3.9967391304
"W73709","H000008135","Prevenar","T78048",2018-04-15,33.329131,28.225519,553.997699,1263,531,5,548.36707,805.155322,34.639497,71.671762,1.039316,0.959242,0.730552,511.315143,73.0519,0.932432,72.309427,89.517,2.040917,0.531,4.2542021895
"FH7108","H000019489","Prevenar","EP0207",2021-11-08,33.605883,28.739924,508.17401,1322,507,5,503.838508,829.604217,35.315289,70.469261,1.050866,0.996997,-1.255556,482.124105,71.358036,0.956902,70.749243,89.163,0.45385,0.507,NA
"GH5614","H000019489","Prevenar","FT3234",2022-09-09,34.281985,29.007039,530.711959,1364,491,5,514.839254,794.902817,32.805919,64.855292,0.956943,0.925857,0.985824,513.471787,69.363736,0.997344,67.289183,89.418,-0.490242,0.491,NA
"M56318","H000008135","Prevenar","L78984",2015-10-24,34.717175,29.505562,541.498791,1317,509,5,529.02884,836.584414,34.263645,68.08866,0.986936,0.939873,1.113224,515.676921,68.856599,0.974761,67.270929,89.419,0.659695,0.509,4.3565054815
"NM6392","H000013782","Prevenar","MT7607",2026-02-02,35.740002,30.065935,497.597309,1375,487,5,505.486284,798.392524,32.812345,NA,0.918085,0.979454,2.235902,530.858978,NA,1.050195,NA,87.412,-0.691755,0.487,4.3043894863
"R59679","H000011374","Prevenar","N16509",2016-11-06,35.017181,30.460106,479.967559,1345,498,5,464.609001,936.027006,36.092024,65.651805,1.030695,1.037843,-1.339848,483.296267,67.201444,1.040221,65.051054,89.849,-0.265005,0.498,4.5885752688
"S15121","H000008135","Prevenar","N48136",2017-01-18,36.391445,31.343582,462.839167,1322,507,5,461.000104,932.130106,36.260851,71.930379,0.996411,1.095507,0.761216,508.869471,65.774417,1.103838,65.513067,89.982,0.630621,0.507,4.2927563032
"S89886","H000006081","Prevenar","S18360",2017-06-25,32.480233,28.509742,482.758621,1398,479,4,434.534323,809.354654,31.234249,63.073957,0.961639,0.992666,-0.139636,498.334777,63.809676,1.146825,57.435524,88.911,-1.385621,0.479,4.3542175215
"X23344","H000010932","Prevenar","W42918",2018-07-20,32.466455,28.060098,531.895589,1317,509,5,521.881838,830.620381,33.812776,72.88937,1.041468,0.95785,-0.661685,489.190426,71.709435,0.937359,70.359395,89.426,0.684636,0.509,NA
"CR3644","H000013782","Prevenar","AM9028",2019-10-28,31.579869,26.85798,579.386159,1330,504,4,572.369343,796.054398,32.091052,72.995959,1.016187,0.870043,-0.30461,496.061059,71.177169,0.86668,70.315158,88.751,0.206573,0.504,4.4557522755
"LL4189","H000019489","Prevenar","LL2273",2024-10-23,34.261785,29.156118,555.555556,1493,516,5,516.230189,861.265904,34.848681,65.146737,1.01713,0.928758,0.433633,507.286938,69.85206,0.982676,64.907536,88.319,1.02053,0.516,NA
"MG3440","H000010932","Prevenar","LY2081",2025-06-22,36.10253,30.499123,493.151815,1381,485,5,481.219163,763.631786,31.969681,NA,0.885525,0.983755,3.25152,547.856656,NA,1.138476,NA,89.305,-0.881328,0.485,4.8021746471
"GX2946","H000019489","Prevenar","GR5832",2023-06-05,38.353455,32.854194,506.321308,1314,510,5,520.58666,948.515386,39.383234,74.795763,1.02685,1.006689,-0.183433,496.380413,75.793227,0.953502,77.928664,89.884,0.846346,0.51,NA
"DA1866","H000008135","Prevenar","AL6315",2019-12-11,36.245892,27.624091,473.80856,1343,499,5,491.377819,900.207058,36.679584,70.683459,1.011965,1.054105,-0.373199,493.538507,69.970822,1.004397,72.565405,88.847,0.060493,0.499,4.3145545283
"CG9070","H000013782","Prevenar","AL6318",2019-05-12,33.724824,28.902003,588.842689,1170,574,4,545.716343,769.46082,34.898391,67.52324,1.034798,0.974021,3.179924,554.258074,70.416222,1.015652,65.258997,80.941,4.35349,0.574,3.9828713797
"ND1817","H000011802","Prevenar","ML0570",2025-10-30,31.407444,26.05803,501.554574,1353,495,5,491.965896,767.703143,31.903319,NA,1.015788,0.985965,-0.873817,486.829104,NA,0.989559,NA,88.74,-0.377942,0.495,3.7980356653
"FM6161","H000014198","Prevenar","ER8659",2022-01-15,32.320277,27.437385,499.666533,1353,495,5,501.001431,760.508282,32.467423,70.417311,1.004553,0.990979,-0.525934,492.915133,65.187278,0.98386,65.361431,87.693,-0.378787,0.495,4.5790195681
"J27365","H000002634","Prevenar","H08588",2014-06-05,NA,NA,589.24681,1299,516,5,515.343357,777.492273,NA,NA,NA,0.876311,NA,545.651115,NA,1.058811,NA,NA,NA,0.516,4.6533257403
"S26213","H000008135","Prevenar","N48138",2017-02-11,37.840677,30.732315,507.819482,1340,500,5,484.056306,900.027812,37.802699,79.780811,0.998996,0.983731,0.127108,500.059816,75.709026,1.033061,72.166257,89.729,0.089129,0.5,4.3285078571
"T63430","H000013782","Prevenar","T22133",2017-10-06,33.334381,28.770425,539.612024,1299,516,5,538.298972,827.201728,36.171339,75.692852,1.085106,0.955917,-1.282817,475.367667,73.628151,0.883092,73.44899,88.273,1.55414,0.516,4.2827923567
"AM6002","H000008090","Prevenar","AF2642",2019-02-23,34.645425,29.956413,475.311017,1353,495,5,511.286996,819.019494,34.923296,72.123073,1.00802,1.041523,-0.693244,491.108569,67.576347,0.960534,72.691156,88.879,-0.415373,0.495,4.5174178729
"HN7326","H000010932","Prevenar","HL5142",2024-01-04,35.814108,30.063159,575.103391,1235,543,5,545.440235,894.245555,35.554752,72.847397,0.992758,0.943884,3.178026,546.790443,72.263431,1.002475,68.536168,89.849,2.91867,0.543,NA
"L22465","H000006081","Prevenar","J41701",2015-01-13,32.540882,26.44803,578.069469,1135,592,5,558.438475,818.134774,35.165726,67.85301,1.080663,1.024316,3.097312,547.928501,68.429306,0.98118,66.105476,89.579,5.722156,0.592,4.2478440605
"H96891","H000004331","Prevenar","G85984",2013-12-29,NA,NA,588.326486,1280,524,4,567.045,716.806943,NA,NA,NA,0.890491,NA,521.29963,NA,0.919327,NA,NA,NA,0.524,4.6451008417
"J35427","H000004331","Prevenar","H28262",2014-07-12,27.686804,23.698251,556.900029,1340,500,4,559.043494,635.23487,27.980729,61.069799,1.010616,0.898508,-0.225435,495.122704,60.746019,0.88566,60.979826,89.862,0.06849,0.5,4.4746420491
"HN7331","H000010932","Prevenar","HL5142",2024-01-01,35.814108,30.063159,575.103391,1235,543,5,545.440235,894.245555,35.554752,72.847397,0.992758,0.943884,3.178026,546.790443,72.263431,1.002475,68.536168,89.849,2.91867,0.543,NA
"L70472","H000008135","Prevenar","J53524",2015-04-02,35.257854,30.060065,571.73095,1231,545,5,552.716756,777.40499,35.443293,69.903407,1.00526,0.953276,2.649745,542.165754,74.341468,0.980911,71.869075,88.88,2.835184,0.545,4.4259668793
"M97256","H000008135","Prevenar","L78985",2016-03-23,37.317911,31.476702,510.412299,1348,497,5,512.257869,857.718172,37.323251,70.589263,1.000143,0.9733,1.617769,496.713308,75.58675,0.969655,75.86006,89.645,1.623109,0.497,4.4153212768
"W28202","H000008135","Prevenar","T78048",2018-05-28,33.329131,28.225519,553.997699,1263,531,5,548.36707,805.155322,34.639497,71.671762,1.039316,0.959242,0.730552,511.315143,73.0519,0.932432,72.309427,89.517,2.040917,0.531,4.1713359023
"AH5707","H000008135","Prevenar","AF2642",2018-12-29,34.645425,29.956413,475.311017,1353,495,5,511.286996,819.019494,34.923296,72.123073,1.00802,1.041523,-0.693244,491.108569,67.576347,0.960534,72.691156,88.879,-0.415373,0.495,4.4248783042
"AW6822","H000013782","Prevenar","AL6315",2019-04-04,36.245892,27.624091,473.80856,1343,499,5,491.377819,900.207058,36.679584,70.683459,1.011965,1.054105,-0.373199,493.538507,69.970822,1.004397,72.565405,88.847,0.060493,0.499,4.2581176627
"EP0377","H000006081","Prevenar","DX7884",2021-01-02,38.830663,33.677474,487.89144,1287,521,5,482.695811,866.72994,38.615012,71.576277,0.994446,1.067626,1.949144,523.794325,74.347349,1.085144,73.555613,88.624,1.733493,0.521,4.2222178195
"FT9265","H000019489","Prevenar","FH2518",2022-04-24,37.689702,31.632993,528.20982,1272,527,6,530.383264,909.545187,38.090483,84.205828,1.010634,0.998054,1.672662,521.634844,78.593561,0.983505,78.916953,89.062,2.073443,0.527,NA
"G66314","H000002634","Prevenar","G44647",2013-05-01,NA,NA,575.082875,1307,513,5,559.43219,867.836941,NA,NA,NA,0.892853,NA,534.369584,NA,0.9552,NA,NA,NA,0.513,4.437008429
"J27366","H000002634","Prevenar","H58985",2014-06-09,NA,NA,500.385981,1275,526,5,534.466698,865.483267,NA,NA,NA,1.0506,NA,536.954009,NA,1.004654,NA,NA,NA,0.526,4.4779271071
"GT6646","H000013782","Prevenar","GJ3338",2023-01-03,37.260732,31.790747,529.275093,1270,528,5,531.802818,836.963533,36.437741,73.23448,0.977913,0.998444,2.246152,540.387244,72.069628,1.016142,72.41382,88.685,1.423161,0.528,4.4816678238
"HG8790","H000019489","Prevenar","HG6414",2023-09-24,33.43846,28.569844,555.731762,1282,523,5,547.030622,776.935921,33.365565,65.64124,0.99782,0.941472,1.056449,524.348993,66.440138,0.958537,65.399879,89.617,0.983554,0.523,NA
"J70875","H000004331","Prevenar","J10436",2014-11-01,28.529759,24.506961,533.304436,1452,461,4,505.175308,765.892645,28.60389,60.921513,1.002598,0.863517,-2.506891,459.324005,64.089013,0.909237,60.70864,89.837,-2.43276,0.461,4.7959865196
"S26211","H000008135","Prevenar","N48136",2017-01-25,36.391445,31.343582,462.839167,1322,507,5,461.000104,932.130106,36.260851,71.930379,0.996411,1.095507,0.761216,508.869471,65.774417,1.103838,65.513067,89.982,0.630621,0.507,4.2826804934
"S89896","H000008090","Prevenar","S46084",2017-08-07,34.630548,29.461025,530.606566,1188,565,5,507,767.102898,36.071303,66.802263,1.041604,1.064348,2.640168,542.193001,69.922873,1.069034,66.81202,89.79,4.080924,0.565,4.0460803275
"GX2943","H000013782","Prevenar","GW0213",2023-06-30,33.966608,27.442478,560.795192,1280,524,5,566.75243,777.967186,34.557143,70.615358,1.017386,0.933977,1.055609,514.819406,69.724708,0.908367,70.465382,89.121,1.646143,0.524,4.514766039
"HM8832","H000032244","Prevenar","HG6415",2023-10-21,36.645639,31.260859,501.675042,1297,517,5,488.105925,851.015617,37.785513,72.406355,1.031105,1.030047,0.251687,501.159926,74.33159,1.026744,72.321097,89.44,1.391561,0.517,NA
"LJ1019","H000011374","Prevenar","HR8382",2024-09-29,26.266043,22.11233,594.933921,1162,578,4,592.844975,627.107457,29.698339,60.089957,1.130674,0.971864,0.579422,511.371695,61.800129,0.862572,61.583135,88.973,4.011719,0.578,3.8150963433
"LM4796","H000010932","Prevenar","HR8382",2024-07-25,26.266043,22.11233,594.933921,1162,578,4,592.844975,627.107457,29.698339,60.089957,1.130674,0.971864,0.579422,511.371695,61.800129,0.862572,61.583135,88.973,4.011719,0.578,NA
"LE1011","H000028394","Prevenar","LD1763",2024-06-22,33.815657,28.678325,577.601848,1438,536,5,541.565645,767.357237,33.918463,68.342659,1.00304,0.927613,2.151078,534.167041,71.359649,0.986338,66.907567,88.776,2.253883,0.536,NA
"S69941","H000011373","Prevenar","S18368",2017-05-21,33.28834,28.099133,434.952656,1309,512,6,469.853405,859.426899,35.316359,66.767166,1.060923,1.176913,-1.02179,482.505731,61.753492,1.026928,66.708613,89.505,1.006229,0.512,4.0398399807
"NE0332","H000032244","Prevenar","ML0571",2025-11-13,33.977166,28.957824,511.945955,1294,518,5,511.128064,862.062722,36.496069,NA,1.074135,1.012028,-1.138393,482.34476,NA,0.943687,NA,88.371,1.38051,0.518,NA
"LX3439","H000033648","Prevenar","LK1422",2025-01-07,32.160612,27.756779,484.419942,1367,490,4,494.664194,760.409296,31.542108,64.069729,0.980768,1.010926,-0.101679,499.315348,66.244089,1.009227,67.644983,88.574,-0.720183,0.49,NA
"L57956","H000008090","Prevenar","J53524",2015-03-22,35.257854,30.060065,571.73095,1231,545,5,552.716756,777.40499,35.443293,69.903407,1.00526,0.953276,2.649745,542.165754,74.341468,0.980911,71.869075,88.88,2.835184,0.545,4.3971855596
"LH9176","H000028394","Prevenar","LD1764",2024-08-19,30.663297,25.585111,535.791938,1487,518,4,519.425087,684.046143,29.222733,59.543004,0.95302,0.966811,2.438456,543.545337,62.961734,1.046436,61.03844,88.454,0.997893,0.518,NA
"L57948","H000008135","Prevenar","J53524",2015-03-16,35.257854,30.060065,571.73095,1231,545,5,552.716756,777.40499,35.443293,69.903407,1.00526,0.953276,2.649745,542.165754,74.341468,0.980911,71.869075,88.88,2.835184,0.545,4.2131394447
"M02674","H000008135","Prevenar","L78980",2015-07-19,38.019978,33.232234,508.933557,1272,527,5,506.910477,950.354057,39.31671,74.517319,1.034107,1.036202,0.669278,509.964626,74.801117,1.006025,74.503773,88.258,1.96601,0.527,4.2367874979
"LE1004","H000019489","Prevenar","LD1763",2024-07-13,33.815657,28.678325,577.601848,1438,536,5,541.565645,767.357237,33.918463,68.342659,1.00304,0.927613,2.151078,534.167041,71.359649,0.986338,66.907567,88.776,2.253883,0.536,NA
"LC5397","H000019489","Prevenar","LD1763",2024-06-15,33.815657,28.678325,577.601848,1438,536,5,541.565645,767.357237,33.918463,68.342659,1.00304,0.927613,2.151078,534.167041,71.359649,0.986338,66.907567,88.776,2.253883,0.536,NA
"LJ1153","H000028394","Prevenar","LD1764",2024-09-13,30.663297,25.585111,535.791938,1487,518,4,519.425087,684.046143,29.222733,59.543004,0.95302,0.966811,2.438456,543.545337,62.961734,1.046436,61.03844,88.454,0.997893,0.518,NA
"LL4199","H000019489","Prevenar","LH1388",2024-10-29,31.015032,26.292981,537.313433,1513,509,5,535.631881,769.941556,33.562677,73.746933,1.082142,0.947369,-1.671407,470.394656,72.769873,0.878205,72.542136,89.635,0.876237,0.509,NA
"W73708","H000008135","Prevenar","W12892",2018-06-18,30.971347,26.624734,559.81924,1351,496,5,534.700339,817.244522,32.707009,69.75296,1.056041,0.886194,-2.288483,469.781679,72.335277,0.878589,69.089617,88.431,-0.552822,0.496,4.6065995325
"NM6388","H000013782","Prevenar","ML0571",2025-11-27,33.977166,28.957824,511.945955,1294,518,5,511.128064,862.062722,36.496069,NA,1.074135,1.012028,-1.138393,482.34476,NA,0.943687,NA,88.371,1.38051,0.518,4.4979240484
"R59687","H000006081","Prevenar","N48136",2016-11-26,36.391445,31.343582,462.839167,1322,507,5,461.000104,932.130106,36.260851,71.930379,0.996411,1.095507,0.761216,508.869471,65.774417,1.103838,65.513067,89.982,0.630621,0.507,4.4089623393
"AM5978","H000006081","Prevenar","X72431",2019-02-17,28.4086,24.229139,507.832898,1384,484,4,462.448556,740.535959,30.236,61.03698,1.064326,0.953912,-2.7181,455.150027,66.091926,0.984218,60.18538,88.439,-0.8907,0.484,4.2883521961
"GC1642","H000011374","Prevenar","FH2518",2022-07-27,37.689702,31.632993,528.20982,1272,527,6,530.383264,909.545187,38.090483,84.205828,1.010634,0.998054,1.672662,521.634844,78.593561,0.983505,78.916953,89.062,2.073443,0.527,4.4069653445
"FY2982","H000006081","Prevenar","FH2519",2022-04-18,33.522612,28.064301,538.109327,1312,511,5,529.117002,744.497873,32.717014,71.706235,0.975969,0.949476,1.622632,523.502208,68.777207,0.989388,67.627874,89.56,0.817033,0.511,4.6323542569
"GD0308","H000014198","Prevenar","FX7964",2022-07-08,42.920051,37.318969,446.346524,1289,520,5,461.206861,917.605217,39.043957,70.857037,0.90969,1.164633,5.43259,571.436088,65.943178,1.239002,68.138642,89.137,1.556496,0.52,4.5493143535
"S89831","H000011374","Prevenar","R68504",2017-05-15,41.268187,35.138198,463.436929,1277,525,6,461.913467,946.146468,40.634131,66.084949,0.984636,1.131829,2.577117,532.716255,68.160376,1.153281,67.936312,88.876,1.943061,0.525,3.9043478261
"W72944","H000008090","Prevenar","T78048",2018-04-21,33.329131,28.225519,553.997699,1263,531,5,548.36707,805.155322,34.639497,71.671762,1.039316,0.959242,0.730552,511.315143,73.0519,0.932432,72.309427,89.517,2.040917,0.531,4.4071122619
"GH5621","H000028394","Prevenar","FT3234",2022-08-22,34.281985,29.007039,530.711959,1364,491,5,514.839254,794.902817,32.805919,64.855292,0.956943,0.925857,0.985824,513.471787,69.363736,0.997344,67.289183,89.418,-0.490242,0.491,NA
"GH5615","H000019489","Prevenar","FX7963",2022-09-23,37.150771,31.505768,520.111061,1249,537,5,527.887857,835.990253,37.675195,67.589601,1.014116,1.031682,2.13074,529.120303,68.592581,1.002335,69.618189,88.446,2.655164,0.537,NA
"H75720","H000004331","Prevenar","G85984",2013-11-15,NA,NA,588.326486,1280,524,4,567.045,716.806943,NA,NA,NA,0.890491,NA,521.29963,NA,0.919327,NA,NA,NA,0.524,4.4686804644
"GX2938","H000013782","Prevenar","GR5831",2023-05-16,38.289933,32.325867,617.528597,1172,573,5,617.921935,875.930834,37.479999,78.092756,0.978847,0.92748,5.609944,585.122543,77.905679,0.94692,77.955301,89.396,4.80001,0.573,4.6286464133
"CR3639","H000013782","Prevenar","AM9030",2019-10-31,33.469938,28.1335,543.037623,1370,489,5,555.685723,837.53978,32.402512,69.187094,0.968108,0.900029,0.362318,504.850541,67.822997,0.908518,69.402689,88.843,-0.705108,0.489,4.4764151177
"EA9689","H000010932","Prevenar","CW4302",2020-08-15,37.377597,32.177945,529.212656,1312,511,5,530.417354,855.194296,36.803434,77.752654,0.984639,0.965341,1.371325,518.84066,76.173432,0.978174,76.346833,89.047,0.797163,0.511,NA
"GR2966","H000006081","Prevenar","GJ3337",2023-01-13,39.875879,34.519261,518.082422,1263,531,5,516.324285,843.394017,38.231438,71.945287,0.958761,1.024845,3.776109,553.79175,71.738112,1.072566,71.494665,89.438,2.131668,0.531,4.3142936701
"CW1801","H000006081","Prevenar","AM9028",2019-10-05,31.579869,26.85798,579.386159,1330,504,4,572.369343,796.054398,32.091052,72.995959,1.016187,0.870043,-0.30461,496.061059,71.177169,0.86668,70.315158,88.751,0.206573,0.504,4.6523125
"LX2593","H000010932","Prevenar","LK1422",2025-01-27,32.160612,27.756779,484.419942,1367,490,4,494.664194,760.409296,31.542108,64.069729,0.980768,1.010926,-0.101679,499.315348,66.244089,1.009227,67.644983,88.574,-0.720183,0.49,NA
"FM6052","H000006081","Prevenar","ER8659",2022-01-01,32.320277,27.437385,499.666533,1353,495,5,501.001431,760.508282,32.467423,70.417311,1.004553,0.990979,-0.525934,492.915133,65.187278,0.98386,65.361431,87.693,-0.378787,0.495,4.5321377634
"MC1720","H000035016","Prevenar","MG4281",2025-06-02,33.098757,26.926521,549.117549,1493,516,5,510.728262,813.881478,32.742554,NA,0.989238,0.939142,1.290876,521.309774,NA,1.020718,NA,89.697,0.934673,0.516,NA
"CM3182","H000011374","Prevenar","AM9028",2019-10-05,31.579869,26.85798,579.386159,1330,504,4,572.369343,796.054398,32.091052,72.995959,1.016187,0.870043,-0.30461,496.061059,71.177169,0.86668,70.315158,88.751,0.206573,0.504,4.2205543436
"J23072","H000002634","Prevenar","J41707",2014-11-20,36.969865,31.870508,552.553951,1218,551,5,521.332571,771.420557,35.780992,70.692855,0.967842,0.997572,4.466584,569.526982,72.320843,1.092445,68.234442,89.427,3.277712,0.551,4.290834918
"FP0882","H000013782","Prevenar","ER8659",2021-12-09,32.320277,27.437385,499.666533,1353,495,5,501.001431,760.508282,32.467423,70.417311,1.004553,0.990979,-0.525934,492.915133,65.187278,0.98386,65.361431,87.693,-0.378787,0.495,4.4311679487
"GH5817","H000011044","Prevenar","GD9424",2022-10-11,34.299261,29.810102,510.814815,1378,486,4,492.444674,768.143343,31.029423,66.967771,0.904667,0.951865,2.452652,537.464929,70.317862,1.091422,67.789061,89.71,-0.817186,0.486,4.8492625371
"GH5596","H000013782","Prevenar","GD9426",2022-10-19,36.370393,31.18525,534.437543,1284,522,5,483.397335,832.541883,35.901306,72.468858,0.987102,0.976896,1.871664,528.91172,74.404565,1.094155,67.298731,89.581,1.402576,0.522,4.448858034
"RE8408","H000035016","Prevenar","MN4845",2026-05-05,38.260219,32.280374,547.816204,1516,508,6,539.639835,913.964414,38.16433,NA,0.997494,0.927884,0.73072,509.587088,NA,0.94431,NA,88.771,0.634831,0.508,NA
"M02681","H000007688","Prevenar","L45099",2015-07-30,31.503044,27.177762,559.683677,1265,530,5,549.811598,729.622979,33.91409,69.940796,1.076534,0.946277,-0.489475,491.963847,72.868406,0.894786,71.583104,89.56,1.92157,0.53,4.3165524722
"MG4264","H000035016","Prevenar","MG4281",2025-06-28,33.098757,26.926521,549.117549,1493,516,5,510.728262,813.881478,32.742554,NA,0.989238,0.939142,1.290876,521.309774,NA,1.020718,NA,89.697,0.934673,0.516,NA
"S39369","H000010932","Prevenar","N48136",2017-01-08,36.391445,31.343582,462.839167,1322,507,5,461.000104,932.130106,36.260851,71.930379,0.996411,1.095507,0.761216,508.869471,65.774417,1.103838,65.513067,89.982,0.630621,0.507,4.372027878
"S26215","H000008135","Prevenar","N48138",2017-03-02,37.840677,30.732315,507.819482,1340,500,5,484.056306,900.027812,37.802699,79.780811,0.998996,0.983731,0.127108,500.059816,75.709026,1.033061,72.166257,89.729,0.089129,0.5,4.4104947074
"H75719","H000004331","Prevenar","G57867",2013-11-13,NA,NA,525.526932,1265,530,4,547.875265,677.392455,NA,NA,NA,1.008424,NA,518.223236,NA,0.945878,NA,NA,NA,0.53,4.4512446599
"GW4595","H000013782","Prevenar","GR5829",2023-04-20,31.944061,27.201208,557.860765,1343,499,4,546.266469,807.874059,31.930121,72.20982,0.999564,0.894078,-0.180638,498.988645,72.026702,0.913453,70.529735,89.038,-0.194578,0.499,4.7274078932
"LC5375","H000013782","Prevenar","HR8374",2024-06-11,37.060571,32.042813,508.095022,1196,561,5,508.396935,1151.050538,38.536813,71.081403,1.039833,1.103493,2.498151,539.200927,69.09708,1.06059,69.138137,88.75,3.974393,0.561,4.4486759429
"GX2797","H000010932","Prevenar","HA3693",2023-08-24,32.581306,28.099277,559.411146,1340,500,4,564.791002,736.777398,31.778835,68.105094,0.97537,0.893188,0.707025,512.276596,68.291921,0.90702,68.948684,88.442,-0.095445,0.5,NA
"HN7778","H000019489","Prevenar","HE8765",2024-02-08,38.48706,33.326854,480.045872,1254,535,5,498.688751,842.527106,38.405991,71.418412,0.997894,1.115428,2.622989,536.587005,70.192435,1.075996,72.918402,89.438,2.54192,0.535,NA
"T37729","H000011374","Prevenar","T02214",2017-08-31,29.668403,26.245249,509.66811,1412,474,4,509.374133,749.245151,29.905583,66.455396,1.007994,0.930956,-1.775536,470.715647,63.143149,0.924106,63.106728,88.611,-1.538356,0.474,4.4921257377
"DC8077","H000010932","Prevenar","CL6510",2020-01-14,37.060984,31.952388,515.340734,1322,507,5,472.915276,978.542885,36.071841,74.289078,0.97331,0.984486,1.457534,521.257896,74.138742,1.102223,68.035266,88.679,0.46839,0.507,NA
"L35113","H000004330","Prevenar","J97625",2015-03-28,33.85923,28.553698,540.542636,1261,532,5,536.220154,800.801203,36.415029,74.220138,1.075483,0.984784,-0.365441,494.956865,75.543615,0.923048,74.939526,89.755,2.190358,0.532,4.0447688339
"LX3437","H000032244","Prevenar","LK1421",2024-12-21,32.927382,28.666824,537.053841,1332,503,4,541.907515,794.06314,32.452714,66.418269,0.985584,0.935719,0.758292,509.881854,67.163168,0.940902,67.770161,85.4,0.283624,0.503,NA
"M71352","H000008135","Prevenar","M15160",2015-11-10,36.069976,31.045985,537.897478,1258,533,5,547.94042,882.808632,37.375726,76.212483,1.0362,0.991269,0.989265,514.573478,75.56534,0.939105,76.9762,89.733,2.295015,0.533,4.6010805483
"FP7060","H000019489","Prevenar","ER8660",2022-03-15,36.654264,31.149682,505.682606,1270,528,5,527.61406,781.900431,33.505522,68.183468,0.914096,1.044594,4.879484,577.874762,66.153745,1.09526,69.022833,89.706,1.730742,0.528,NA
"HG8823","H000028394","Prevenar","HG6413",2023-10-23,37.205019,31.993989,528.488727,1220,550,5,516.140699,841.000819,39.621369,75.044351,1.064947,1.040463,1.10164,516.338172,76.347096,1.000383,74.563262,88.751,3.517991,0.55,NA
"N33896","H000008135","Prevenar","M15159",2016-05-27,32.248718,27.559041,570.496633,1251,536,4,572.484821,756.954904,32.130236,68.067931,0.996326,0.939325,2.188748,537.857801,68.393257,0.939515,68.631609,88.896,2.070265,0.536,4.638854814
"S89830","H000011374","Prevenar","R25774",2017-05-08,34.843757,29.009998,478.412158,1299,516,5,432.267054,815.753865,35.643607,70.029334,1.022955,1.079514,0.268645,504.863185,72.101024,1.167943,65.146541,88.385,1.068495,0.516,4.5388883938
"HF3771","H000011374","Prevenar","HA3695",2023-09-21,35.372199,30.171093,547.99818,1254,535,5,535.805423,854.670307,38.01344,73.262044,1.07467,0.975912,-0.326192,497.639494,73.695886,0.928769,72.05618,89.336,2.315049,0.535,4.1831480696
"HN7751","H000017723","Prevenar","HL6201",2024-01-03,36.243495,31.247071,496.88057,1207,556,5,514.173998,823.045523,39.200833,75.54376,1.081596,1.118139,0.664466,513.66813,68.187496,0.999016,70.560693,89.288,3.621804,0.556,4.2898725035
"J04285","H000002634","Prevenar","H08588",2014-05-27,NA,NA,589.24681,1299,516,5,515.343357,777.492273,NA,NA,NA,0.876311,NA,545.651115,NA,1.058811,NA,NA,NA,0.516,4.5109004887
"H67905","H000002634","Prevenar","H08588",2014-01-28,NA,NA,589.24681,1299,516,5,515.343357,777.492273,NA,NA,NA,0.876311,NA,545.651115,NA,1.058811,NA,NA,NA,0.516,4.4893693526
"LJ1157","H000028394","Prevenar","LH1388",2024-11-10,31.015032,26.292981,537.313433,1513,509,5,535.631881,769.941556,33.562677,73.746933,1.082142,0.947369,-1.671407,470.394656,72.769873,0.878205,72.542136,89.635,0.876237,0.509,NA
"AH5709","H000008135","Prevenar","AF2642",2019-01-11,34.645425,29.956413,475.311017,1353,495,5,511.286996,819.019494,34.923296,72.123073,1.00802,1.041523,-0.693244,491.108569,67.576347,0.960534,72.691156,88.879,-0.415373,0.495,4.2930456221
"EW0926","H000010932","Prevenar","DX7884",2021-04-27,38.830663,33.677474,487.89144,1287,521,5,482.695811,866.72994,38.615012,71.576277,0.994446,1.067626,1.949144,523.794325,74.347349,1.085144,73.555613,88.624,1.733493,0.521,NA
"FM6063","H000011044","Prevenar","ER8659",2021-12-16,32.320277,27.437385,499.666533,1353,495,5,501.001431,760.508282,32.467423,70.417311,1.004553,0.990979,-0.525934,492.915133,65.187278,0.98386,65.361431,87.693,-0.378787,0.495,4.2889719409
"M96866","H000006081","Prevenar","L78983",2015-12-17,31.666306,26.520123,619.878604,1312,511,5,607.101323,768.68407,33.069977,71.305175,1.044327,0.823918,-0.686393,489.050946,77.67291,0.805551,76.071873,89.729,0.717278,0.511,4.4797131322
"LE1003","H000019489","Prevenar","LD1763",2024-07-08,33.815657,28.678325,577.601848,1438,536,5,541.565645,767.357237,33.918463,68.342659,1.00304,0.927613,2.151078,534.167041,71.359649,0.986338,66.907567,88.776,2.253883,0.536,NA
"GD6979","H000017723","Prevenar","FH2518",2022-06-11,37.689702,31.632993,528.20982,1272,527,6,530.383264,909.545187,38.090483,84.205828,1.010634,0.998054,1.672662,521.634844,78.593561,0.983505,78.916953,89.062,2.073443,0.527,4.5149355473
"G90230","H000002634","Prevenar","G44647",2013-02-10,NA,NA,575.082875,1307,513,5,559.43219,867.836941,NA,NA,NA,0.892853,NA,534.369584,NA,0.9552,NA,NA,NA,0.513,4.4671764311
"CK5676","H000010932","Prevenar","AL6315",2019-06-24,36.245892,27.624091,473.80856,1343,499,5,491.377819,900.207058,36.679584,70.683459,1.011965,1.054105,-0.373199,493.538507,69.970822,1.004397,72.565405,88.847,0.060493,0.499,NA
"N01865","H000008135","Prevenar","L78987",2016-04-04,32.703676,27.978635,541.730475,1353,495,5,533.916211,786.86749,32.798277,69.304005,1.002893,0.914486,-0.360194,493.975928,72.769126,0.925194,71.719458,88.664,-0.265593,0.495,4.519472715
"X23343","H000010932","Prevenar","W12892",2018-05-16,30.971347,26.624734,559.81924,1351,496,5,534.700339,817.244522,32.707009,69.75296,1.056041,0.886194,-2.288483,469.781679,72.335277,0.878589,69.089617,88.431,-0.552822,0.496,NA
"MW1320","H000013782","Prevenar","ML0571",2025-11-20,33.977166,28.957824,511.945955,1294,518,5,511.128064,862.062722,36.496069,NA,1.074135,1.012028,-1.138393,482.34476,NA,0.943687,NA,88.371,1.38051,0.518,4.0289046233
"S26360","H000011373","Prevenar","N48139",2017-03-17,35.651912,30.878211,517.236001,1297,517,5,511.137496,869.030106,35.786495,70.051427,1.003775,1.000258,1.171283,515.423962,69.2845,1.008386,68.467597,88.839,1.305866,0.517,4.3951162517
"S26390","H000008135","Prevenar","N69712",2017-03-22,36.736087,31.439599,508.850762,1330,504,5,499.398725,904.14224,35.132847,69.891854,0.956358,0.991132,1.885559,527.353172,69.928547,1.055976,68.629606,89.361,0.282318,0.504,4.4254166357
"T19588","H000013782","Prevenar","R48338",2017-07-27,34.786135,30.179128,436.342593,1353,495,5,436.266729,895.053158,34.691104,62.567241,0.997268,1.135558,-0.376706,496.849455,60.14373,1.138866,60.133273,89.34,-0.471738,0.495,4.1262837249
"S93496","H000008135","Prevenar","R68504",2017-05-13,41.268187,35.138198,463.436929,1277,525,6,461.913467,946.146468,40.634131,66.084949,0.984636,1.131829,2.577117,532.716255,68.160376,1.153281,67.936312,88.876,1.943061,0.525,3.9033504201
"CM3135","H000008135","Prevenar","AM9028",2019-09-21,31.579869,26.85798,579.386159,1330,504,4,572.369343,796.054398,32.091052,72.995959,1.016187,0.870043,-0.30461,496.061059,71.177169,0.86668,70.315158,88.751,0.206573,0.504,4.4224791177
"DX7815","H000010932","Prevenar","CW4302",2020-07-08,37.377597,32.177945,529.212656,1312,511,5,530.417354,855.194296,36.803434,77.752654,0.984639,0.965341,1.371325,518.84066,76.173432,0.978174,76.346833,89.047,0.797163,0.511,NA
"FL8876","H000006081","Prevenar","EP0207",2021-11-11,33.605883,28.739924,508.17401,1322,507,5,503.838508,829.604217,35.315289,70.469261,1.050866,0.996997,-1.255556,482.124105,71.358036,0.956902,70.749243,89.163,0.45385,0.507,4.5228642172
"GN0389","H000019489","Prevenar","GD9424",2022-11-17,34.299261,29.810102,510.814815,1378,486,4,492.444674,768.143343,31.029423,66.967771,0.904667,0.951865,2.452652,537.464929,70.317862,1.091422,67.789061,89.71,-0.817186,0.486,NA
"HN7634","H000011044","Prevenar","HK5976",2023-12-23,36.621463,31.4587,503.390597,1224,548,5,510.376756,882.197916,37.664602,69.917092,1.028484,1.089282,2.164084,533.147707,68.327427,1.044616,69.275689,89.461,3.207224,0.548,4.3888842
"LJ1017","H000011374","Prevenar","HR8382",2024-07-07,26.266043,22.11233,594.933921,1162,578,4,592.844975,627.107457,29.698339,60.089957,1.130674,0.971864,0.579422,511.371695,61.800129,0.862572,61.583135,88.973,4.011719,0.578,4.185344496
"M96867","H000006081","Prevenar","L78983",2015-12-21,31.666306,26.520123,619.878604,1312,511,5,607.101323,768.68407,33.069977,71.305175,1.044327,0.823918,-0.686393,489.050946,77.67291,0.805551,76.071873,89.729,0.717278,0.511,4.6041166971
"M45741","H000008135","Prevenar","L78984",2015-09-14,34.717175,29.505562,541.498791,1317,509,5,529.02884,836.584414,34.263645,68.08866,0.986936,0.939873,1.113224,515.676921,68.856599,0.974761,67.270929,89.419,0.659695,0.509,4.3591517781
"N73146","H000010932","Prevenar","N28779",2016-11-02,34.03558,29.497155,485.316847,1449,462,5,460.765664,876.810431,34.074292,69.977037,1.001137,0.952681,-2.805679,461.826623,69.341987,1.002303,65.834118,88.673,-2.766967,0.462,NA
"FM6162","H000017723","Prevenar","ER8659",2021-12-07,32.320277,27.437385,499.666533,1353,495,5,501.001431,760.508282,32.467423,70.417311,1.004553,0.990979,-0.525934,492.915133,65.187278,0.98386,65.361431,87.693,-0.378787,0.495,4.483396283
"DA1902","H000010932","Prevenar","AL6316",2019-12-18,38.269591,33.237761,516.364136,1404,477,5,509.926441,858.638862,34.474041,71.920463,0.900821,0.923053,2.259063,529.108151,76.457813,1.037617,75.504586,89.453,-1.536487,0.477,NA
"DJ2697","H000006081","Prevenar","CL6510",2020-02-13,37.060984,31.952388,515.340734,1322,507,5,472.915276,978.542885,36.071841,74.289078,0.97331,0.984486,1.457534,521.257896,74.138742,1.102223,68.035266,88.679,0.46839,0.507,4.1996677505
"HN7770","H000019489","Prevenar","HL6201",2024-02-01,36.243495,31.247071,496.88057,1207,556,5,514.173998,823.045523,39.200833,75.54376,1.081596,1.118139,0.664466,513.66813,68.187496,0.999016,70.560693,89.288,3.621804,0.556,NA
"N90910","H000008090","Prevenar","M35797",2016-09-05,35.947023,31.504544,483.390119,1386,483,5,470.534641,973.813589,36.556957,68.343804,1.016968,0.999694,-1.817976,475.179353,71.85408,1.009871,69.943163,89.624,-1.208043,0.483,4.4592360578
"FA1618","H000010932","Prevenar","EG3840",2021-06-10,36.063926,30.531406,547.268126,1213,553,5,518.613996,782.08927,35.879661,61.262923,0.994891,1.010808,3.514434,556.024203,67.346696,1.072135,63.820525,88.652,3.330169,0.553,NA
"GH5826","H000006081","Prevenar","FX7963",2022-09-12,37.150771,31.505768,520.111061,1249,537,5,527.887857,835.990253,37.675195,67.589601,1.014116,1.031682,2.13074,529.120303,68.592581,1.002335,69.618189,88.446,2.655164,0.537,4.4100097925
"H31649","H000004331","Prevenar","G54764",2013-07-27,NA,NA,564.586068,1282,523,5,547.031689,855.609762,NA,NA,NA,0.925937,NA,558.033966,NA,1.020113,NA,NA,NA,0.523,3.9112562615
"CR3650","H000017723","Prevenar","AM9030",2019-10-25,33.469938,28.1335,543.037623,1370,489,5,555.685723,837.53978,32.402512,69.187094,0.968108,0.900029,0.362318,504.850541,67.822997,0.908518,69.402689,88.843,-0.705108,0.489,4.5817984497
"L76760","H000008135","Prevenar","L03268",2015-04-19,32.609112,27.025634,550.062578,1351,496,5,533.434134,826.461693,32.82903,57.841248,1.006744,0.901884,-0.670707,492.769162,72.315902,0.923768,70.129785,88.855,-0.450789,0.496,4.3867142432
"LH9175","H000028394","Prevenar","LD1764",2024-07-28,30.663297,25.585111,535.791938,1487,518,4,519.425087,684.046143,29.222733,59.543004,0.95302,0.966811,2.438456,543.545337,62.961734,1.046436,61.03844,88.454,0.997893,0.518,NA
"N41742","H000011802","Prevenar","M15158",2016-04-13,30.185349,25.870819,572.135202,1343,499,4,561.440005,730.006908,29.829174,70.547567,0.9882,0.871821,0.320149,504.755464,70.2071,0.899037,68.894685,89.462,-0.036026,0.499,4.5745789297
"CM3183","H000011374","Prevenar","AM9030",2019-09-08,33.469938,28.1335,543.037623,1370,489,5,555.685723,837.53978,32.402512,69.187094,0.968108,0.900029,0.362318,504.850541,67.822997,0.908518,69.402689,88.843,-0.705108,0.489,4.3367625236
"GM8419","H000014198","Prevenar","FT3234",2023-02-03,34.281985,29.007039,530.711959,1364,491,5,514.839254,794.902817,32.805919,64.855292,0.956943,0.925857,0.985824,513.471787,69.363736,0.997344,67.289183,89.418,-0.490242,0.491,4.6681529035
"GE5851","H000011374","Prevenar","FX7959",2022-09-02,36.942326,31.375741,478.739913,1317,509,5,515.262515,814.036609,35.020184,64.877678,0.947969,1.064208,2.680287,537.442434,64.3759,1.043046,69.287075,88.38,0.758145,0.509,4.46639493
"HN5226","H000011044","Prevenar","HK5975",2023-12-04,35.323562,29.907083,508.237466,1309,512,5,504.216377,796.937887,33.920656,67.8203,0.960284,1.008094,2.188251,533.541448,68.660905,1.05816,68.117671,89.116,0.785345,0.512,4.5029698509
"HX9142","H000011044","Prevenar","HP3381",NA,36.869813,31.148489,479.865258,1314,510,5,482.883492,814.935701,35.060712,72.020806,0.950933,1.06203,2.510922,535.927983,70.919968,1.109849,71.366037,88.595,0.701821,0.51,NA
"L30182","H000008135","Prevenar","L45102",2015-06-05,35.802119,30.429686,520.333754,1235,543,5,561.014433,792.147024,35.79005,68.709195,0.999663,1.043851,2.86011,543.334164,67.818649,0.968485,73.120839,89.918,2.848041,0.543,4.0597225917
"R59671","H000011374","Prevenar","M91475",2016-09-30,33.390557,25.658763,496.206949,1312,511,5,519.002715,814.243875,33.390619,65.338372,1.000002,1.030495,0.757447,511.337766,62.347286,0.985231,65.211523,89.05,0.757509,0.511,4.6599112771
"X19606","H000011373","Prevenar","T78048",2018-05-07,33.329131,28.225519,553.997699,1263,531,5,548.36707,805.155322,34.639497,71.671762,1.039316,0.959242,0.730552,511.315143,73.0519,0.932432,72.309427,89.517,2.040917,0.531,4.2678097012
"GF1172","H000019252","Prevenar","FX7959",2022-09-07,36.942326,31.375741,478.739913,1317,509,5,515.262515,814.036609,35.020184,64.877678,0.947969,1.064208,2.680287,537.442434,64.3759,1.043046,69.287075,88.38,0.758145,0.509,4.7793000201
"J80516","H000004331","Prevenar","J10436",2014-10-19,28.529759,24.506961,533.304436,1452,461,4,505.175308,765.892645,28.60389,60.921513,1.002598,0.863517,-2.506891,459.324005,64.089013,0.909237,60.70864,89.837,-2.43276,0.461,4.8319600214
"FH7106","H000019489","Prevenar","EP0207",2021-10-24,33.605883,28.739924,508.17401,1322,507,5,503.838508,829.604217,35.315289,70.469261,1.050866,0.996997,-1.255556,482.124105,71.358036,0.956902,70.749243,89.163,0.45385,0.507,NA
"H50977","H000004331","Prevenar","G57867",2013-09-26,NA,NA,525.526932,1265,530,4,547.875265,677.392455,NA,NA,NA,1.008424,NA,518.223236,NA,0.945878,NA,NA,NA,0.53,4.5773662551
"GM8236","H000010932","Prevenar","GD9427",2022-11-24,33.859219,28.377892,538.875103,1272,527,5,522.102252,813.787333,33.923922,70.709609,1.001911,0.977343,1.61089,525.661446,68.637452,1.006817,66.501065,89.734,1.675593,0.527,NA
"FJ5975","H000011044","Prevenar","EP0208",2021-09-08,34.382482,29.228655,510.913559,1302,515,5,494.064027,776.838421,33.806633,70.61127,0.983252,1.008111,1.740972,523.830707,69.11764,1.060249,66.838194,88.67,1.165123,0.515,4.4498284751
"J35421","H000004331","Prevenar","H89702",2014-06-12,30.788269,26.556725,485.348688,1412,474,4,475.885002,783.766039,28.64192,59.794875,NA,0.977443,0.583469,509.951255,60.730502,1.071585,59.546334,89.938,-1.56288,0.474,4.6978460485
"HH7688","H000031244","Prevenar","HG6415",2023-11-08,36.645639,31.260859,501.675042,1297,517,5,488.105925,851.015617,37.785513,72.406355,1.031105,1.030047,0.251687,501.159926,74.33159,1.026744,72.321097,89.44,1.391561,0.517,NA
"L95554","H000006081","Prevenar","L03268",2015-05-07,32.609112,27.025634,550.062578,1351,496,5,533.434134,826.461693,32.82903,57.841248,1.006744,0.901884,-0.670707,492.769162,72.315902,0.923768,70.129785,88.855,-0.450789,0.496,4.8205601469
"M48080","H000007053","Prevenar","L45099",2015-09-07,31.503044,27.177762,559.683677,1265,530,5,549.811598,729.622979,33.91409,69.940796,1.076534,0.946277,-0.489475,491.963847,72.868406,0.894786,71.583104,89.56,1.92157,0.53,4.351644531
"L95547","H000008135","Prevenar","L45101",2015-05-22,36.142837,30.119226,536.922624,1251,536,5,523.002679,870.454142,37.091074,72.522698,1.026236,0.997944,1.638386,522.120482,74.007395,0.998313,72.088723,89.132,2.586622,0.536,4.1791590439
"M97229","H000011374","Prevenar","L78985",2016-03-24,37.317911,31.476702,510.412299,1348,497,5,512.257869,857.718172,37.323251,70.589263,1.000143,0.9733,1.617769,496.713308,75.58675,0.969655,75.86006,89.645,1.623109,0.497,4.2938136379
"N33862","H000008135","Prevenar","M15159",2016-05-19,32.248718,27.559041,570.496633,1251,536,4,572.484821,756.954904,32.130236,68.067931,0.996326,0.939325,2.188748,537.857801,68.393257,0.939515,68.631609,88.896,2.070265,0.536,5.0756013509
"N90904","H000006081","Prevenar","M35797",2016-09-13,35.947023,31.504544,483.390119,1386,483,5,470.534641,973.813589,36.556957,68.343804,1.016968,0.999694,-1.817976,475.179353,71.85408,1.009871,69.943163,89.624,-1.208043,0.483,4.5424695997
"T19581","H000008135","Prevenar","R48338",2017-07-16,34.786135,30.179128,436.342593,1353,495,5,436.266729,895.053158,34.691104,62.567241,0.997268,1.135558,-0.376706,496.849455,60.14373,1.138866,60.133273,89.34,-0.471738,0.495,4.0685154906
"LL9786","H000031244","Prevenar","HR8378",2024-08-23,32.314159,26.328023,476.978096,1304,514,5,479.593356,834.267226,34.097087,61.770334,1.055175,1.078032,-0.849399,487.31057,65.615336,1.016091,65.975103,89.653,0.933528,0.514,NA
"L57945","H000008135","Prevenar","J53524",2015-03-08,35.257854,30.060065,571.73095,1231,545,5,552.716756,777.40499,35.443293,69.903407,1.00526,0.953276,2.649745,542.165754,74.341468,0.980911,71.869075,88.88,2.835184,0.545,4.2357585431
"M02670","H000008135","Prevenar","L78979",2015-06-30,31.930948,26.370397,591.883822,1330,504,4,523.092688,845.368104,32.903365,68.976488,1.030454,0.851858,-0.556613,489.299832,77.333184,0.935398,68.345209,88.954,0.415805,0.504,4.5238990069
"MC2232","H000033648","Prevenar","LY2084",2025-04-18,35.276664,29.174702,549.326599,1240,541,5,523.389654,746.3009,33.670032,20.518578,0.954456,0.984842,4.098384,566.814879,20.727742,1.082969,19.749063,88.051,2.491752,0.541,NA
"S75066","H000008090","Prevenar","S18368",2017-05-27,33.28834,28.099133,434.952656,1309,512,6,469.853405,859.426899,35.316359,66.767166,1.060923,1.176913,-1.02179,482.505731,61.753492,1.026928,66.708613,89.505,1.006229,0.512,4.1327160494
"EL8835","H000006081","Prevenar","DX7884",2021-01-11,38.830663,33.677474,487.89144,1287,521,5,482.695811,866.72994,38.615012,71.576277,0.994446,1.067626,1.949144,523.794325,74.347349,1.085144,73.555613,88.624,1.733493,0.521,4.3318811895
"EP6195","H000006081","Prevenar","EE6081",2021-04-10,32.83954,28.082075,480.669197,1367,490,4,477.659788,802.615186,31.756221,63.345533,0.967012,1.018446,0.42954,506.235455,64.084619,1.059824,63.683393,88.947,-0.653779,0.49,4.7919390681
"GN0387","H000019489","Prevenar","GD9424",2022-10-25,34.299261,29.810102,510.814815,1378,486,4,492.444674,768.143343,31.029423,66.967771,0.904667,0.951865,2.452652,537.464929,70.317862,1.091422,67.789061,89.71,-0.817186,0.486,NA
"GT1667","H000017723","Prevenar","GR5829",2023-04-23,31.944061,27.201208,557.860765,1343,499,4,546.266469,807.874059,31.930121,72.20982,0.999564,0.894078,-0.180638,498.988645,72.026702,0.913453,70.529735,89.038,-0.194578,0.499,4.8194859049
"HH6723","H000013782","Prevenar","HA3690",2023-07-28,35.010486,29.726805,549.637178,1265,530,5,522.538403,745.964259,34.06714,68.842816,0.973055,0.964446,2.879737,544.774277,70.819431,1.042554,67.327819,88.227,1.936392,0.53,4.4911917725
"CH8223","H000017723","Prevenar","AL6315",2019-06-07,36.245892,27.624091,473.80856,1343,499,5,491.377819,900.207058,36.679584,70.683459,1.011965,1.054105,-0.373199,493.538507,69.970822,1.004397,72.565405,88.847,0.060493,0.499,4.3857721953
"EL8958","H000013782","Prevenar","EG3840",2021-06-01,36.063926,30.531406,547.268126,1213,553,5,518.613996,782.08927,35.879661,61.262923,0.994891,1.010808,3.514434,556.024203,67.346696,1.072135,63.820525,88.652,3.330169,0.553,NA
"J56515","H000004331","Prevenar","H28262",2014-08-06,27.686804,23.698251,556.900029,1340,500,4,559.043494,635.23487,27.980729,61.069799,1.010616,0.898508,-0.225435,495.122704,60.746019,0.88566,60.979826,89.862,0.06849,0.5,4.5051744714
"J27353","H000004331","Prevenar","H58985",2014-06-11,NA,NA,500.385981,1275,526,5,534.466698,865.483267,NA,NA,NA,1.0506,NA,536.954009,NA,1.004654,NA,NA,NA,0.526,4.4077676538
"L70470","H000008135","Prevenar","J53524",2015-03-19,35.257854,30.060065,571.73095,1231,545,5,552.716756,777.40499,35.443293,69.903407,1.00526,0.953276,2.649745,542.165754,74.341468,0.980911,71.869075,88.88,2.835184,0.545,4.2152180048
"M32489","H000004330","Prevenar","L78985",2015-10-27,37.317911,31.476702,510.412299,1348,497,5,512.257869,857.718172,37.323251,70.589263,1.000143,0.9733,1.617769,496.713308,75.58675,0.969655,75.86006,89.645,1.623109,0.497,4.1647320327
"M97051","H000007688","Prevenar","M15162",2016-02-17,36.801454,30.901783,464.874858,1348,497,5,472.609252,893.006848,35.756091,70.282751,0.971595,1.069526,0.873903,511.731796,67.902342,1.08278,69.032073,89.48,-0.17146,0.497,4.1726881487
"N90909","H000008090","Prevenar","M35795",2016-09-02,30.038636,25.870305,511.185682,1370,489,4,521.326645,763.478701,30.400739,65.170555,1.012055,0.956824,-1.138994,483.288872,65.658653,0.927037,66.961197,89.937,-0.77689,0.489,4.6725233671
"S26389","H000008135","Prevenar","N48138",2017-03-08,37.840677,30.732315,507.819482,1340,500,5,484.056306,900.027812,37.802699,79.780811,0.998996,0.983731,0.127108,500.059816,75.709026,1.033061,72.166257,89.729,0.089129,0.5,4.3252154198
"AM6003","H000008090","Prevenar","X72431",2019-03-09,28.4086,24.229139,507.832898,1384,484,4,462.448556,740.535959,30.236,61.03698,1.064326,0.953912,-2.7181,455.150027,66.091926,0.984218,60.18538,88.439,-0.8907,0.484,4.3839342983
"CG3546","H000006081","Prevenar","AA0268",2019-06-02,34.166802,29.114855,497.588652,1319,508,5,487.453664,708.475453,34.838981,68.491775,1.019673,1.020933,-0.194347,498.203318,65.061604,1.022053,63.736416,88.291,0.477832,0.508,4.2135293249
"CF1167","H000014198","Prevenar","AL6316",2019-04-20,38.269591,33.237761,516.364136,1404,477,5,509.926441,858.638862,34.474041,71.920463,0.900821,0.923053,2.259063,529.108151,76.457813,1.037617,75.504586,89.453,-1.536487,0.477,4.6262906198
"FC1572","H000010932","Prevenar","EC6010",2021-05-12,34.964142,30.083519,534.175011,1319,508,5,521.502976,862.987638,33.318744,68.24447,0.95294,0.950852,2.227402,533.004275,70.999759,1.022054,69.315458,89.103,0.582004,0.508,NA
"FF4716","H000017723","Prevenar","EP0209",2021-06-12,34.413722,29.062236,544.229391,1220,550,5,502.804919,768.534555,34.966476,71.608163,1.016062,1.010958,2.668332,541.495354,70.851808,1.076949,65.458864,88.902,3.221086,0.55,4.1893923177
"GT1669","H000017723","Prevenar","GP4368",2023-03-10,33.962559,28.891935,531.334965,1231,545,5,527.725564,819.435881,37.16303,74.160943,1.094235,1.025205,0.115769,497.815643,72.580292,0.943323,72.087248,89.046,3.31624,0.545,4.4232397541
"W61589","H000013782","Prevenar","W12892",2018-06-22,30.971347,26.624734,559.81924,1351,496,5,534.700339,817.244522,32.707009,69.75296,1.056041,0.886194,-2.288483,469.781679,72.335277,0.878589,69.089617,88.431,-0.552822,0.496,4.4630992096
"HN5216","H000011044","Prevenar","HG6415",2023-11-25,36.645639,31.260859,501.675042,1297,517,5,488.105925,851.015617,37.785513,72.406355,1.031105,1.030047,0.251687,501.159926,74.33159,1.026744,72.321097,89.44,1.391561,0.517,4.436277739
"W28235","H000011612","Prevenar","T32888",2018-01-31,36.120599,30.974095,519.548656,1247,538,5,522.549901,793.689555,36.126222,75.67838,1.000156,1.035489,2.64623,537.903234,71.334935,1.029382,71.747011,88.83,2.651853,0.538,4.0814663776
"X56196","H000010932","Prevenar","W42944",2018-08-10,32.13037,27.091151,499.099505,1353,495,5,487.32544,760.47529,32.01487,83.929946,0.996405,0.992649,-0.129491,497.218174,71.215434,1.0203,69.535419,89.523,-0.244991,0.495,NA
"J13975","H000004331","Prevenar","G48529",2014-04-01,NA,NA,560.531898,1292,519,4,553.066038,784.600812,NA,NA,NA,0.92673,NA,541.893525,NA,0.979799,NA,NA,NA,0.519,4.5533445757
"GT1711","H000019489","Prevenar","GD9428",2023-03-27,35.670435,30.260224,527.929442,1289,520,5,519.88649,799.137641,35.266285,67.738999,0.98867,0.984079,1.749674,525.478134,70.832934,1.010756,69.753801,89.862,1.345524,0.52,NA
"HP2982","H000029483","Prevenar","HG6415",NA,36.645639,31.260859,501.675042,1297,517,5,488.105925,851.015617,37.785513,72.406355,1.031105,1.030047,0.251687,501.159926,74.33159,1.026744,72.321097,89.44,1.391561,0.517,NA
"M48085","H000007053","Prevenar","L78983",2015-11-11,31.666306,26.520123,619.878604,1312,511,5,607.101323,768.68407,33.069977,71.305175,1.044327,0.823918,-0.686393,489.050946,77.67291,0.805551,76.071873,89.729,0.717278,0.511,4.7626227381
"LC5389","H000019489","Prevenar","LD1763",2024-05-17,33.815657,28.678325,577.601848,1438,536,5,541.565645,767.357237,33.918463,68.342659,1.00304,0.927613,2.151078,534.167041,71.359649,0.986338,66.907567,88.776,2.253883,0.536,NA
"NM6393","H000013782","Prevenar","MT7607",2026-03-25,35.740002,30.065935,497.597309,1375,487,5,505.486284,798.392524,32.812345,NA,0.918085,0.979454,2.235902,530.858978,NA,1.050195,NA,87.412,-0.691755,0.487,4.4058318943
"DA1892","H000006081","Prevenar","CH7196",2019-12-30,34.700561,29.456004,497.062195,1314,510,5,517.589766,864.098604,33.817721,72.60929,0.974558,1.026916,1.560611,523.766384,67.657224,1.011933,70.451318,88.903,0.677771,0.51,4.3055917726
"HG8826","H000028394","Prevenar","HG6415",2023-10-27,36.645639,31.260859,501.675042,1297,517,5,488.105925,851.015617,37.785513,72.406355,1.031105,1.030047,0.251687,501.159926,74.33159,1.026744,72.321097,89.44,1.391561,0.517,NA
"N90916","H000011374","Prevenar","M35795",2016-08-29,30.038636,25.870305,511.185682,1370,489,4,521.326645,763.478701,30.400739,65.170555,1.012055,0.956824,-1.138994,483.288872,65.658653,0.927037,66.961197,89.937,-0.77689,0.489,4.6855299891
"S26382","H000011612","Prevenar","N48138",2017-03-09,37.840677,30.732315,507.819482,1340,500,5,484.056306,900.027812,37.802699,79.780811,0.998996,0.983731,0.127108,500.059816,75.709026,1.033061,72.166257,89.729,0.089129,0.5,4.7956758642
"EL8863","H000010932","Prevenar","DX7884",2020-12-27,38.830663,33.677474,487.89144,1287,521,5,482.695811,866.72994,38.615012,71.576277,0.994446,1.067626,1.949144,523.794325,74.347349,1.085144,73.555613,88.624,1.733493,0.521,NA
"J56510","H000004331","Prevenar","H28262",2014-07-16,27.686804,23.698251,556.900029,1340,500,4,559.043494,635.23487,27.980729,61.069799,1.010616,0.898508,-0.225435,495.122704,60.746019,0.88566,60.979826,89.862,0.06849,0.5,4.4198221715
"EL3809","H000008135","Prevenar","DX7884",2021-02-01,38.830663,33.677474,487.89144,1287,521,5,482.695811,866.72994,38.615012,71.576277,0.994446,1.067626,1.949144,523.794325,74.347349,1.085144,73.555613,88.624,1.733493,0.521,4.4454859311
"H38729","H000004331","Prevenar","G16360",2014-02-27,NA,NA,488,1389,482,5,489.008427,871.465466,NA,NA,NA,0.987999,NA,461.042659,NA,0.942811,NA,NA,NA,0.482,4.2413953488
"H50993","H000002634","Prevenar","G35699",2013-10-27,NA,NA,592.916406,1224,548,4,596.57245,785.895332,NA,NA,NA,0.923783,NA,529.708764,NA,0.88792,NA,NA,NA,0.548,4.6840935005
"J80549","H000008090","Prevenar","J10432",2014-11-14,33.756431,29.177298,576.790012,1184,567,4,578.723404,686.52461,31.727964,64.865759,0.939909,0.983756,5.75159,603.697416,66.494817,1.043154,66.717707,88.436,3.723123,0.567,4.2086382407
"M32479","H000008135","Prevenar","L78984",NA,34.717175,29.505562,541.498791,1317,509,5,529.02884,836.584414,34.263645,68.08866,0.986936,0.939873,1.113224,515.676921,68.856599,0.974761,67.270929,89.419,0.659695,0.509,NA
"HA2750","H000019489","Prevenar","GW0213",2023-06-18,33.966608,27.442478,560.795192,1280,524,5,566.75243,777.967186,34.557143,70.615358,1.017386,0.933977,1.055609,514.819406,69.724708,0.908367,70.465382,89.121,1.646143,0.524,NA
"T37726","H000011374","Prevenar","T02211",2017-08-26,31.311915,27.235722,522.655123,1330,504,5,510.690908,846.378657,33.074491,67.498425,1.056291,0.965032,-1.211885,477.499986,66.499371,0.935008,64.977119,88.83,0.550692,0.504,4.4232650688
"R59718","H000008135","Prevenar","N16509",2016-10-31,35.017181,30.460106,479.967559,1345,498,5,464.609001,936.027006,36.092024,65.651805,1.030695,1.037843,-1.339848,483.296267,67.201444,1.040221,65.051054,89.849,-0.265005,0.498,4.5315997082
"CR3606","H000008135","Prevenar","AA0268",2019-10-03,34.166802,29.114855,497.588652,1319,508,5,487.453664,708.475453,34.838981,68.491775,1.019673,1.020933,-0.194347,498.203318,65.061604,1.022053,63.736416,88.291,0.477832,0.508,4.565515625
"H50982","H000004331","Prevenar","G57867",2013-10-07,NA,NA,525.526932,1265,530,4,547.875265,677.392455,NA,NA,NA,1.008424,NA,518.223236,NA,0.945878,NA,NA,NA,0.53,4.4638515197
"DX7806","H000006081","Prevenar","CW4302",2020-07-31,37.377597,32.177945,529.212656,1312,511,5,530.417354,855.194296,36.803434,77.752654,0.984639,0.965341,1.371325,518.84066,76.173432,0.978174,76.346833,89.047,0.797163,0.511,4.5813638888
"EC6049","H000011044","Prevenar","DN7200",2020-09-16,37.188444,31.131078,498.748044,1404,477,6,489.656177,938.103698,35.48329,67.926176,0.954148,0.957023,0.139155,500.250533,71.063044,1.021636,69.767609,89.118,-1.565999,0.477,4.4272990118
"GH0409","H000019489","Prevenar","FT3234",2022-08-18,34.281985,29.007039,530.711959,1364,491,5,514.839254,794.902817,32.805919,64.855292,0.956943,0.925857,0.985824,513.471787,69.363736,0.997344,67.289183,89.418,-0.490242,0.491,NA
"L95562","H000004330","Prevenar","L03264",2015-05-26,32.183019,27.871149,514.837398,1452,461,5,524.022094,863.489308,32.774261,65.112107,1.018371,0.895572,-3.40518,452.756451,72.344333,0.864003,73.634956,89.966,-2.813939,0.461,4.7611296967
"LX2591","H000010932","Prevenar","LK1421",2025-01-18,32.927382,28.666824,537.053841,1332,503,4,541.907515,794.06314,32.452714,66.418269,0.985584,0.935719,0.758292,509.881854,67.163168,0.940902,67.770161,85.4,0.283624,0.503,NA
"S25812","H000008135","Prevenar","N48136",2017-01-21,36.391445,31.343582,462.839167,1322,507,5,461.000104,932.130106,36.260851,71.930379,0.996411,1.095507,0.761216,508.869471,65.774417,1.103838,65.513067,89.982,0.630621,0.507,4.5658291674
"T19587","H000013782","Prevenar","T02211",2017-08-03,31.311915,27.235722,522.655123,1330,504,5,510.690908,846.378657,33.074491,67.498425,1.056291,0.965032,-1.211885,477.499986,66.499371,0.935008,64.977119,88.83,0.550692,0.504,4.2769090674
"GH5587","H000010932","Prevenar","GD9426",2022-10-17,36.370393,31.18525,534.437543,1284,522,5,483.397335,832.541883,35.901306,72.468858,0.987102,0.976896,1.871664,528.91172,74.404565,1.094155,67.298731,89.581,1.402576,0.522,NA
"L38294","H000008135","Prevenar","J78768",2015-02-17,30.090423,23.336453,560.86103,1302,515,5,533.598429,749.840455,33.918763,72.934451,1.127228,0.917408,-2.743829,456.463527,73.011544,0.855444,69.462564,89.198,1.084511,0.515,4.4846422283
"M32476","H000008135","Prevenar","L78984",2015-09-27,34.717175,29.505562,541.498791,1317,509,5,529.02884,836.584414,34.263645,68.08866,0.986936,0.939873,1.113224,515.676921,68.856599,0.974761,67.270929,89.419,0.659695,0.509,4.2791792086
"L30244","H000007688","Prevenar","L45099",NA,31.503044,27.177762,559.683677,1265,530,5,549.811598,729.622979,33.91409,69.940796,1.076534,0.946277,-0.489475,491.963847,72.868406,0.894786,71.583104,89.56,1.92157,0.53,NA
"R59711","H000008135","Prevenar","M91475",2016-09-25,33.390557,25.658763,496.206949,1312,511,5,519.002715,814.243875,33.390619,65.338372,1.000002,1.030495,0.757447,511.337766,62.347286,0.985231,65.211523,89.05,0.757509,0.511,4.6117989418
"S26209","H000011044","Prevenar","N28779",2017-01-29,34.03558,29.497155,485.316847,1449,462,5,460.765664,876.810431,34.074292,69.977037,1.001137,0.952681,-2.805679,461.826623,69.341987,1.002303,65.834118,88.673,-2.766967,0.462,4.6621978174
"W08571","H000010932","Prevenar","T02219",2018-01-06,35.545915,30.606363,527.916251,1294,518,5,522.580054,841.710242,33.888157,73.309091,0.953363,0.981018,2.891367,543.229844,69.55905,1.039515,68.855944,89.861,1.233608,0.518,NA
"H87771","H000002634","Prevenar","G85984",2013-12-17,NA,NA,588.326486,1280,524,4,567.045,716.806943,NA,NA,NA,0.890491,NA,521.29963,NA,0.919327,NA,NA,NA,0.524,4.4096148369
"LL4198","H000019489","Prevenar","LH1388",2024-11-08,31.015032,26.292981,537.313433,1513,509,5,535.631881,769.941556,33.562677,73.746933,1.082142,0.947369,-1.671407,470.394656,72.769873,0.878205,72.542136,89.635,0.876237,0.509,NA
"MC2207","H000031244","Prevenar","LY2084",2025-04-21,35.276664,29.174702,549.326599,1240,541,5,523.389654,746.3009,33.670032,20.518578,0.954456,0.984842,4.098384,566.814879,20.727742,1.082969,19.749063,88.051,2.491752,0.541,NA
"ED8323","H000011044","Prevenar","DN7200",2020-10-14,37.188444,31.131078,498.748044,1404,477,6,489.656177,938.103698,35.48329,67.926176,0.954148,0.957023,0.139155,500.250533,71.063044,1.021636,69.767609,89.118,-1.565999,0.477,4.4909733106
"FN4196","H000008135","Prevenar","FD9212",2021-10-31,34.779832,29.861436,515.131863,1302,515,5,503.008201,821.716411,33.959773,66.429134,0.976421,0.998904,1.850983,526.993022,67.235515,1.047683,65.653122,88.868,1.030925,0.515,4.5401921285
"FL8875","H000006081","Prevenar","FD9212",2021-11-05,34.779832,29.861436,515.131863,1302,515,5,503.008201,821.716411,33.959773,66.429134,0.976421,0.998904,1.850983,526.993022,67.235515,1.047683,65.653122,88.868,1.030925,0.515,4.5058613944
"GT1664","H000017723","Prevenar","GD9426",2023-02-11,36.370393,31.18525,534.437543,1284,522,5,483.397335,832.541883,35.901306,72.468858,0.987102,0.976896,1.871664,528.91172,74.404565,1.094155,67.298731,89.581,1.402576,0.522,4.7841709072
"LX2594","H000010932","Prevenar","LK1422",2025-02-02,32.160612,27.756779,484.419942,1367,490,4,494.664194,760.409296,31.542108,64.069729,0.980768,1.010926,-0.101679,499.315348,66.244089,1.009227,67.644983,88.574,-0.720183,0.49,NA
"CL3156","H000019488","Prevenar","AM9030",2019-07-14,33.469938,28.1335,543.037623,1370,489,5,555.685723,837.53978,32.402512,69.187094,0.968108,0.900029,0.362318,504.850541,67.822997,0.908518,69.402689,88.843,-0.705108,0.489,NA
"DN4736","H000008135","Prevenar","CM4653",2020-04-12,36.291951,30.835861,502.143163,1343,499,5,476.24815,854.957668,35.52049,65.174877,0.978743,0.994465,0.77916,510.20935,65.587334,1.07131,62.205062,89.201,0.007699,0.499,4.3344464988
"EC6029","H000017723","Prevenar","DL7418",2020-10-31,33.690225,29.020656,522.80634,1294,518,5,519.80723,788.915972,33.864673,63.395272,1.005178,0.99154,1.157296,515.712971,64.734858,0.992124,64.363502,89.855,1.331745,0.518,4.2226146117
"FK0328","H000011044","Prevenar","ER8658",2021-10-09,31.259809,26.864674,564.947469,1233,544,4,557.486369,707.387705,31.256314,67.439557,0.999888,0.962577,2.582349,543.866202,61.72527,0.975569,60.910082,89.862,2.578854,0.544,4.4351801061
"GE5840","H000011374","Prevenar","FX7959",2022-08-14,36.942326,31.375741,478.739913,1317,509,5,515.262515,814.036609,35.020184,64.877678,0.947969,1.064208,2.680287,537.442434,64.3759,1.043046,69.287075,88.38,0.758145,0.509,4.4862970265
"H20771","H000004331","Prevenar","G44649",2013-07-20,NA,NA,491.658568,1251,536,5,522.420549,816.645492,NA,NA,NA,1.091043,NA,544.492669,NA,1.04225,NA,NA,NA,0.536,4.8759353543
"HA9961","H000019489","Prevenar","GD9428",2023-03-31,35.670435,30.260224,527.929442,1289,520,5,519.88649,799.137641,35.266285,67.738999,0.98867,0.984079,1.749674,525.478134,70.832934,1.010756,69.753801,89.862,1.345524,0.52,NA
"GR5959","H000011373","Prevenar","GJ3337",2023-01-12,39.875879,34.519261,518.082422,1263,531,5,516.324285,843.394017,38.231438,71.945287,0.958761,1.024845,3.776109,553.79175,71.738112,1.072566,71.494665,89.438,2.131668,0.531,4.3505685608
"GT1659","H000013782","Prevenar","GR5831",2023-04-25,38.289933,32.325867,617.528597,1172,573,5,617.921935,875.930834,37.479999,78.092756,0.978847,0.92748,5.609944,585.122543,77.905679,0.94692,77.955301,89.396,4.80001,0.573,4.5800830744
"L95560","H000008090","Prevenar","L03264",2015-06-08,32.183019,27.871149,514.837398,1452,461,5,524.022094,863.489308,32.774261,65.112107,1.018371,0.895572,-3.40518,452.756451,72.344333,0.864003,73.634956,89.966,-2.813939,0.461,4.5509208963
"LX3429","H000031244","Prevenar","LK1417",2024-12-04,37.440362,31.714646,529.717682,1392,481,5,488.721804,847.049784,33.541306,69.813997,0.895131,0.907673,2.544782,536.702963,71.388348,1.098177,65.863466,89.808,-1.354275,0.481,NA
"HR1612","H000032244","Prevenar","HK5976",2023-11-28,36.621463,31.4587,503.390597,1224,548,5,510.376756,882.197916,37.664602,69.917092,1.028484,1.089282,2.164084,533.147707,68.327427,1.044616,69.275689,89.461,3.207224,0.548,NA
"MC2102","H000011374","Prevenar","HY2161",2025-05-24,35.357129,29.675545,516.837482,1209,555,5,489.174018,783.093192,38.616691,72.717744,1.09219,1.073502,0.57306,507.9944,70.911143,1.038474,67.11566,89.366,3.832621,0.555,3.9631168712
"AM6074","H000011612","Prevenar","X72431",2019-02-13,28.4086,24.229139,507.832898,1384,484,4,462.448556,740.535959,30.236,61.03698,1.064326,0.953912,-2.7181,455.150027,66.091926,0.984218,60.18538,88.439,-0.8907,0.484,4.3391580619
"DA1870","H000008135","Prevenar","CH7196",2019-12-18,34.700561,29.456004,497.062195,1314,510,5,517.589766,864.098604,33.817721,72.60929,0.974558,1.026916,1.560611,523.766384,67.657224,1.011933,70.451318,88.903,0.677771,0.51,4.186260339
"DL7372","H000010932","Prevenar","CM4654",2020-04-22,37.75738,32.305048,517.930256,1299,516,5,495.800177,890.631804,36.671055,74.164796,0.971229,0.995915,2.312392,531.094831,70.069146,1.071187,67.075237,89.741,1.226067,0.516,4.3000026473
"EL8956","H000013782","Prevenar","DX7884",2021-04-29,38.830663,33.677474,487.89144,1287,521,5,482.695811,866.72994,38.615012,71.576277,0.994446,1.067626,1.949144,523.794325,74.347349,1.085144,73.555613,88.624,1.733493,0.521,4.4869625076
"FY2980","H000006081","Prevenar","FD9212",2022-04-13,34.779832,29.861436,515.131863,1302,515,5,503.008201,821.716411,33.959773,66.429134,0.976421,0.998904,1.850983,526.993022,67.235515,1.047683,65.653122,88.868,1.030925,0.515,4.6218673963
"J04274","H000002634","Prevenar","G53268",2014-04-22,NA,NA,523.103749,1412,474,4,516.147636,838.13546,NA,NA,NA,0.905829,NA,470.976382,NA,0.912484,NA,NA,NA,0.474,4.957511812
"L67962","H000008090","Prevenar","L03263",2015-04-23,31.428508,26.888092,572.724546,1337,501,5,519.281555,814.900608,31.880844,69.923985,1.014393,0.874586,-0.394112,493.789791,74.163317,0.95091,67.242871,88.613,0.058224,0.501,4.8116291251
"HN7333","H000010932","Prevenar","HL5142",2024-01-20,35.814108,30.063159,575.103391,1235,543,5,545.440235,894.245555,35.554752,72.847397,0.992758,0.943884,3.178026,546.790443,72.263431,1.002475,68.536168,89.849,2.91867,0.543,4.3545385954
"FG4138","H000019489","Prevenar","EP0207",2021-09-24,33.605883,28.739924,508.17401,1322,507,5,503.838508,829.604217,35.315289,70.469261,1.050866,0.996997,-1.255556,482.124105,71.358036,0.956902,70.749243,89.163,0.45385,0.507,NA
"FR3857","H000008135","Prevenar","FH2518",2022-05-01,37.689702,31.632993,528.20982,1272,527,6,530.383264,909.545187,38.090483,84.205828,1.010634,0.998054,1.672662,521.634844,78.593561,0.983505,78.916953,89.062,2.073443,0.527,4.663423616
"GD0320","H000013782","Prevenar","FX7964",2022-07-21,42.920051,37.318969,446.346524,1289,520,5,461.206861,917.605217,39.043957,70.857037,0.90969,1.164633,5.43259,571.436088,65.943178,1.239002,68.138642,89.137,1.556496,0.52,4.430962171
"HF3768","H000011374","Prevenar","HA3691",2023-08-23,32.508301,27.712391,534.547152,1299,516,5,497.360607,754.997649,32.719398,62.865078,1.006494,0.965691,0.802711,512.876751,66.867536,1.031197,62.2158,89.06,1.013809,0.516,4.4099278733
"LL4096","H000010932","Prevenar","LH1385",2024-11-03,32.114314,28.05155,597.530242,1284,522,4,555.434467,727.719277,30.90445,68.318928,0.962326,0.873019,2.168223,542.077504,68.16322,0.975952,63.361147,89.462,0.95836,0.522,NA
"EL8860","H000010932","Prevenar","DX7884",2020-12-16,38.830663,33.677474,487.89144,1287,521,5,482.695811,866.72994,38.615012,71.576277,0.994446,1.067626,1.949144,523.794325,74.347349,1.085144,73.555613,88.624,1.733493,0.521,NA
"EL8830","H000008135","Prevenar","EE6081",2021-04-03,32.83954,28.082075,480.669197,1367,490,4,477.659788,802.615186,31.756221,63.345533,0.967012,1.018446,0.42954,506.235455,64.084619,1.059824,63.683393,88.947,-0.653779,0.49,4.6372763605
"GT1605","H000011044","Prevenar","GR5832",2023-05-22,38.353455,32.854194,506.321308,1314,510,5,520.58666,948.515386,39.383234,74.795763,1.02685,1.006689,-0.183433,496.380413,75.793227,0.953502,77.928664,89.884,0.846346,0.51,4.3095984406
"HF3767","H000011374","Prevenar","HA3691",2023-08-19,32.508301,27.712391,534.547152,1299,516,5,497.360607,754.997649,32.719398,62.865078,1.006494,0.965691,0.802711,512.876751,66.867536,1.031197,62.2158,89.06,1.013809,0.516,4.38179006
"M02669","H000008135","Prevenar","L45102",2015-06-26,35.802119,30.429686,520.333754,1235,543,5,561.014433,792.147024,35.79005,68.709195,0.999663,1.043851,2.86011,543.334164,67.818649,0.968485,73.120839,89.918,2.848041,0.543,4.069321316
"FA1612","H000010932","Prevenar","EC6010",2021-05-17,34.964142,30.083519,534.175011,1319,508,5,521.502976,862.987638,33.318744,68.24447,0.95294,0.950852,2.227402,533.004275,70.999759,1.022054,69.315458,89.103,0.582004,0.508,NA
"GM8433","H000028394","Prevenar","GD9424",2022-12-20,34.299261,29.810102,510.814815,1378,486,4,492.444674,768.143343,31.029423,66.967771,0.904667,0.951865,2.452652,537.464929,70.317862,1.091422,67.789061,89.71,-0.817186,0.486,NA
"HT5055","H000010932","Prevenar","HL6202",2024-04-08,37.551181,32.281548,493.459417,1256,534,5,481.46909,851.173089,37.762635,70.411339,1.005631,1.082984,2.231532,531.416001,71.468999,1.103557,69.732409,89.51,2.442987,0.534,4.3368995304
"W61579","H000011374","Prevenar","T32888",2018-04-03,36.120599,30.974095,519.548656,1247,538,5,522.549901,793.689555,36.126222,75.67838,1.000156,1.035489,2.64623,537.903234,71.334935,1.029382,71.747011,88.83,2.651853,0.538,4.1945505773
"DC8087","H000011373","Prevenar","CH7196",2020-01-05,34.700561,29.456004,497.062195,1314,510,5,517.589766,864.098604,33.817721,72.60929,0.974558,1.026916,1.560611,523.766384,67.657224,1.011933,70.451318,88.903,0.677771,0.51,4.2921728677
"ER3826","H000011373","Prevenar","DX7884",2021-04-21,38.830663,33.677474,487.89144,1287,521,5,482.695811,866.72994,38.615012,71.576277,0.994446,1.067626,1.949144,523.794325,74.347349,1.085144,73.555613,88.624,1.733493,0.521,4.1932129481
"AP3819","H000011374","Prevenar","AF2642",2019-02-09,34.645425,29.956413,475.311017,1353,495,5,511.286996,819.019494,34.923296,72.123073,1.00802,1.041523,-0.693244,491.108569,67.576347,0.960534,72.691156,88.879,-0.415373,0.495,4.3886512682
"M15327","H000008135","Prevenar","L78980",2015-07-25,38.019978,33.232234,508.933557,1272,527,5,506.910477,950.354057,39.31671,74.517319,1.034107,1.036202,0.669278,509.964626,74.801117,1.006025,74.503773,88.258,1.96601,0.527,4.2880156407
"M97249","H000008135","Prevenar","M15162",2016-02-16,36.801454,30.901783,464.874858,1348,497,5,472.609252,893.006848,35.756091,70.282751,0.971595,1.069526,0.873903,511.731796,67.902342,1.08278,69.032073,89.48,-0.17146,0.497,4.2252614959
"NM6534","H000035016","Prevenar","ML0564",2026-01-27,36.753328,31.250156,493.916706,1590,484,5,491.640726,874.930483,35.691528,NA,0.97111,0.980139,0.974279,498.508773,NA,1.01397,NA,88.774,-0.087521,0.484,NA
"AW6506","H000008135","Prevenar","AL6316",2019-04-25,38.269591,33.237761,516.364136,1404,477,5,509.926441,858.638862,34.474041,71.920463,0.900821,0.923053,2.259063,529.108151,76.457813,1.037617,75.504586,89.453,-1.536487,0.477,NA
"DC5813","H000006081","Prevenar","AR4713",2019-11-19,41.114769,33.512706,534.988386,1272,527,5,522.742098,945.629592,37.714041,77.259598,0.917287,0.985963,5.343758,575.042319,76.443106,1.10005,74.693266,89.652,1.94303,0.527,4.4744855533
"CM3341","H000010932","Prevenar","CA6594",2019-10-08,32.632791,28.057958,562.368753,1265,530,5,528.40666,983.81531,34.171746,77.78207,1.04716,0.942951,0.431951,506.404167,68.145452,0.958361,64.03007,89.23,1.970906,0.53,NA
"R59670","H000011374","Prevenar","N16509",2016-10-27,35.017181,30.460106,479.967559,1345,498,5,464.609001,936.027006,36.092024,65.651805,1.030695,1.037843,-1.339848,483.296267,67.201444,1.040221,65.051054,89.849,-0.265005,0.498,4.366556982
"W72427","H000006081","Prevenar","T78048",2018-05-22,33.329131,28.225519,553.997699,1263,531,5,548.36707,805.155322,34.639497,71.671762,1.039316,0.959242,0.730552,511.315143,73.0519,0.932432,72.309427,89.517,2.040917,0.531,4.4189703154
"AK9145","H000010932","Prevenar","X37457",2019-01-11,34.453865,29.423984,546.111347,1340,500,5,539.736507,925.361388,35.185874,68.014046,1.021246,0.915416,-0.658066,489.518541,71.734616,0.906958,70.897246,89.439,0.073943,0.5,NA
"NM6520","H000033648","Prevenar","MT7607",2026-01-18,35.740002,30.065935,497.597309,1375,487,5,505.486284,798.392524,32.812345,NA,0.918085,0.979454,2.235902,530.858978,NA,1.050195,NA,87.412,-0.691755,0.487,NA
"G09784","H000002634","Prevenar","F87646",2012-07-23,NA,NA,528.599927,1231,545,5,517.638758,713.542663,NA,NA,NA,1.031166,NA,499.943236,NA,0.965815,NA,NA,NA,0.545,3.9914388021
"R59712","H000008135","Prevenar","M91475",2016-10-17,33.390557,25.658763,496.206949,1312,511,5,519.002715,814.243875,33.390619,65.338372,1.000002,1.030495,0.757447,511.337766,62.347286,0.985231,65.211523,89.05,0.757509,0.511,4.5344224481
"LJ1146","H000019489","Prevenar","LL2273",2024-10-12,34.261785,29.156118,555.555556,1493,516,5,516.230189,861.265904,34.848681,65.146737,1.01713,0.928758,0.433633,507.286938,69.85206,0.982676,64.907536,88.319,1.02053,0.516,NA
"EL8916","H000010932","Prevenar","DX7884",2021-02-02,38.830663,33.677474,487.89144,1287,521,5,482.695811,866.72994,38.615012,71.576277,0.994446,1.067626,1.949144,523.794325,74.347349,1.085144,73.555613,88.624,1.733493,0.521,NA
"EL8943","H000011044","Prevenar","DY9971",2021-02-12,35.029005,29.63065,492.1875,1348,497,5,498.727038,833.975387,34.604304,70.23055,0.987876,1.01024,0.287917,503.329891,69.486894,1.009229,70.410144,89.303,-0.136785,0.497,4.7046589122
"EL8972","H000017723","Prevenar","DX7884",2021-01-14,38.830663,33.677474,487.89144,1287,521,5,482.695811,866.72994,38.615012,71.576277,0.994446,1.067626,1.949144,523.794325,74.347349,1.085144,73.555613,88.624,1.733493,0.521,4.1977555247
"FC0557","H000010932","Prevenar","DX7884",2021-04-17,38.830663,33.677474,487.89144,1287,521,5,482.695811,866.72994,38.615012,71.576277,0.994446,1.067626,1.949144,523.794325,74.347349,1.085144,73.555613,88.624,1.733493,0.521,NA
"GH5616","H000019489","Prevenar","GD9424",2022-10-22,34.299261,29.810102,510.814815,1378,486,4,492.444674,768.143343,31.029423,66.967771,0.904667,0.951865,2.452652,537.464929,70.317862,1.091422,67.789061,89.71,-0.817186,0.486,NA
"DJ2694","H000006081","Prevenar","CL6510",2020-02-08,37.060984,31.952388,515.340734,1322,507,5,472.915276,978.542885,36.071841,74.289078,0.97331,0.984486,1.457534,521.257896,74.138742,1.102223,68.035266,88.679,0.46839,0.507,4.2271441349
"EW0925","H000010932","Prevenar","EG3841",2021-04-25,32.903134,27.996564,456.792604,1381,485,5,474.499459,843.541495,34.10148,65.828132,1.03642,1.062135,-2.422454,468.125964,64.449094,0.986568,66.947363,88.281,-1.224108,0.485,NA
"HD8395","H000006081","Prevenar","HA3691",2023-08-05,32.508301,27.712391,534.547152,1299,516,5,497.360607,754.997649,32.719398,62.865078,1.006494,0.965691,0.802711,512.876751,66.867536,1.031197,62.2158,89.06,1.013809,0.516,4.2651478615
"HF3766","H000011374","Prevenar","HA3693",2023-09-02,32.581306,28.099277,559.411146,1340,500,4,564.791002,736.777398,31.778835,68.105094,0.97537,0.893188,0.707025,512.276596,68.291921,0.90702,68.948684,88.442,-0.095445,0.5,4.6772764935
"CK6541","H000008090","Prevenar","AM9028",2019-09-18,31.579869,26.85798,579.386159,1330,504,4,572.369343,796.054398,32.091052,72.995959,1.016187,0.870043,-0.30461,496.061059,71.177169,0.86668,70.315158,88.751,0.206573,0.504,4.4909844227
"FF8651","H000008135","Prevenar","EP0208",2021-09-02,34.382482,29.228655,510.913559,1302,515,5,494.064027,776.838421,33.806633,70.61127,0.983252,1.008111,1.740972,523.830707,69.11764,1.060249,66.838194,88.67,1.165123,0.515,4.4252191422
"H38682","H000002634","Prevenar","G16360",2014-02-21,NA,NA,488,1389,482,5,489.008427,871.465466,NA,NA,NA,0.987999,NA,461.042659,NA,0.942811,NA,NA,NA,0.482,4.3501108614
"S69942","H000011373","Prevenar","T02211",NA,31.311915,27.235722,522.655123,1330,504,5,510.690908,846.378657,33.074491,67.498425,1.056291,0.965032,-1.211885,477.499986,66.499371,0.935008,64.977119,88.83,0.550692,0.504,NA
"J35426","H000004331","Prevenar","H28262",2014-06-29,27.686804,23.698251,556.900029,1340,500,4,559.043494,635.23487,27.980729,61.069799,1.010616,0.898508,-0.225435,495.122704,60.746019,0.88566,60.979826,89.862,0.06849,0.5,4.4736957715
"HG8791","H000019489","Prevenar","HG6414",2023-09-26,33.43846,28.569844,555.731762,1282,523,5,547.030622,776.935921,33.365565,65.64124,0.99782,0.941472,1.056449,524.348993,66.440138,0.958537,65.399879,89.617,0.983554,0.523,NA
"L22427","H000004331","Prevenar","J41707",2014-12-15,36.969865,31.870508,552.553951,1218,551,5,521.332571,771.420557,35.780992,70.692855,0.967842,0.997572,4.466584,569.526982,72.320843,1.092445,68.234442,89.427,3.277712,0.551,4.1932945628
"M32488","H000004330","Prevenar","L78985",2015-10-16,37.317911,31.476702,510.412299,1348,497,5,512.257869,857.718172,37.323251,70.589263,1.000143,0.9733,1.617769,496.713308,75.58675,0.969655,75.86006,89.645,1.623109,0.497,4.2750308719
"NT6407","H000013782","Prevenar","NA2054",NA,33.149477,28.532185,565.716159,1343,499,4,571.379423,735.677302,30.374332,NA,0.916284,0.881449,2.660356,544.208956,NA,0.952448,NA,89.8,-0.114789,0.499,4.7586899441
"J35424","H000004331","Prevenar","H89704",2014-06-19,32.056996,26.398673,520.61707,1319,508,5,510.244878,932.227621,35.069222,76.417511,1.093965,0.97543,-2.339603,464.206322,70.178716,0.909772,68.780554,88.332,0.672623,0.508,4.3023842874
"J70976","H000008090","Prevenar","J41701",2014-11-17,32.540882,26.44803,578.069469,1135,592,5,558.438475,818.134774,35.165726,67.85301,1.080663,1.024316,3.097312,547.928501,68.429306,0.98118,66.105476,89.579,5.722156,0.592,4.2736555036
"M21959","H000008135","Prevenar","L78984",2015-09-03,34.717175,29.505562,541.498791,1317,509,5,529.02884,836.584414,34.263645,68.08866,0.986936,0.939873,1.113224,515.676921,68.856599,0.974761,67.270929,89.419,0.659695,0.509,4.4
"LJ1155","H000028394","Prevenar","LL2273",2024-09-26,34.261785,29.156118,555.555556,1493,516,5,516.230189,861.265904,34.848681,65.146737,1.01713,0.928758,0.433633,507.286938,69.85206,0.982676,64.907536,88.319,1.02053,0.516,NA
"T30312","H000013782","Prevenar","T02211",2017-08-26,31.311915,27.235722,522.655123,1330,504,5,510.690908,846.378657,33.074491,67.498425,1.056291,0.965032,-1.211885,477.499986,66.499371,0.935008,64.977119,88.83,0.550692,0.504,4.4953634085
"LX2598","H000010932","Prevenar","LX1720",2025-02-10,31.406578,27.199084,570.026613,1372,488,4,531.093842,716.924298,29.775645,68.308146,0.94807,0.855513,0.790117,514.376412,69.550339,0.96842,64.800057,88.523,-0.840816,0.488,4.9566055468
"R59669","H000011374","Prevenar","M91475",2016-09-22,33.390557,25.658763,496.206949,1312,511,5,519.002715,814.243875,33.390619,65.338372,1.000002,1.030495,0.757447,511.337766,62.347286,0.985231,65.211523,89.05,0.757509,0.511,4.6796050553
"M21956","H000008135","Prevenar","L78980",2015-08-18,38.019978,33.232234,508.933557,1272,527,5,506.910477,950.354057,39.31671,74.517319,1.034107,1.036202,0.669278,509.964626,74.801117,1.006025,74.503773,88.258,1.96601,0.527,4.2048156496
"ND1816","H000011802","Prevenar","MC9133",2025-10-14,36.557666,30.257658,497.176508,1307,513,5,519.319641,763.772909,32.777138,NA,0.896587,1.031423,4.517467,571.945808,NA,1.101337,NA,88.942,0.736939,0.513,4.3561852723
"L90656","H000008135","Prevenar","L03268",2015-05-03,32.609112,27.025634,550.062578,1351,496,5,533.434134,826.461693,32.82903,57.841248,1.006744,0.901884,-0.670707,492.769162,72.315902,0.923768,70.129785,88.855,-0.450789,0.496,4.3822974785
"T63428","H000013782","Prevenar","T02219",2017-09-27,35.545915,30.606363,527.916251,1294,518,5,522.580054,841.710242,33.888157,73.309091,0.953363,0.981018,2.891367,543.229844,69.55905,1.039515,68.855944,89.861,1.233608,0.518,4.4024584462
"AJ7175","H000017723","Prevenar","X72402",2018-11-29,35.701937,30.672129,513.996996,1224,548,5,494.324267,801.749135,37.19682,64.271195,1.041871,1.0664,1.822276,526.097795,66.762996,1.064277,64.207708,88.415,3.317158,0.548,4.3940154005
"CK6530","H000008135","Prevenar","AA0268",2019-07-07,34.166802,29.114855,497.588652,1319,508,5,487.453664,708.475453,34.838981,68.491775,1.019673,1.020933,-0.194347,498.203318,65.061604,1.022053,63.736416,88.291,0.477832,0.508,4.6424742018
"AW6843","H000008090","Prevenar","AM9028",2019-07-30,31.579869,26.85798,579.386159,1330,504,4,572.369343,796.054398,32.091052,72.995959,1.016187,0.870043,-0.30461,496.061059,71.177169,0.86668,70.315158,88.751,0.206573,0.504,4.3157548542
"CW6533","H000011044","Prevenar","AR4713",2019-09-21,41.114769,33.512706,534.988386,1272,527,5,522.742098,945.629592,37.714041,77.259598,0.917287,0.985963,5.343758,575.042319,76.443106,1.10005,74.693266,89.652,1.94303,0.527,4.3291804949
"GC1551","H000011044","Prevenar","FN7275",2022-06-30,37.403791,32.039464,557.305936,1251,536,5,575.454841,842.029142,35.749567,69.821817,0.955774,0.96148,4.119623,560.632956,72.099236,0.974243,74.447178,89.932,2.465399,0.536,4.5703441525
"HC6256","H000017723","Prevenar","GR5831",2023-05-11,38.289933,32.325867,617.528597,1172,573,5,617.921935,875.930834,37.479999,78.092756,0.978847,0.92748,5.609944,585.122543,77.905679,0.94692,77.955301,89.396,4.80001,0.573,4.7263504699
"HF3812","H000019489","Prevenar","HA3690",2023-07-30,35.010486,29.726805,549.637178,1265,530,5,522.538403,745.964259,34.06714,68.842816,0.973055,0.964446,2.879737,544.774277,70.819431,1.042554,67.327819,88.227,1.936392,0.53,NA
"HN7329","H000010932","Prevenar","HL6201",2024-01-26,36.243495,31.247071,496.88057,1207,556,5,514.173998,823.045523,39.200833,75.54376,1.081596,1.118139,0.664466,513.66813,68.187496,0.999016,70.560693,89.288,3.621804,0.556,NA
"EL3810","H000008135","Prevenar","EE6081",2021-03-31,32.83954,28.082075,480.669197,1367,490,4,477.659788,802.615186,31.756221,63.345533,0.967012,1.018446,0.42954,506.235455,64.084619,1.059824,63.683393,88.947,-0.653779,0.49,4.6542884779
"FD8489","H000008135","Prevenar","EP0209",2021-08-15,34.413722,29.062236,544.229391,1220,550,5,502.804919,768.534555,34.966476,71.608163,1.016062,1.010958,2.668332,541.495354,70.851808,1.076949,65.458864,88.902,3.221086,0.55,4.3372723376
"LH8149","H000011374","Prevenar","HG6413",2024-05-15,37.205019,31.993989,528.488727,1220,550,5,516.140699,841.000819,39.621369,75.044351,1.064947,1.040463,1.10164,516.338172,76.347096,1.000383,74.563262,88.751,3.517991,0.55,4.5092107058
"LJ1151","H000028394","Prevenar","LD1764",2024-09-06,30.663297,25.585111,535.791938,1487,518,4,519.425087,684.046143,29.222733,59.543004,0.95302,0.966811,2.438456,543.545337,62.961734,1.046436,61.03844,88.454,0.997893,0.518,NA
"LX3435","H000031244","Prevenar","LY2084",2025-04-26,35.276664,29.174702,549.326599,1240,541,5,523.389654,746.3009,33.670032,20.518578,0.954456,0.984842,4.098384,566.814879,20.727742,1.082969,19.749063,88.051,2.491752,0.541,NA
"N73145","H000010932","Prevenar","N16508",2016-06-18,32.641425,27.698271,482.804233,1345,498,5,466.582682,889.709525,33.880588,65.666777,1.037963,1.032086,-1.413265,480.070435,67.248589,1.028908,64.98913,88.465,-0.174102,0.498,NA
"GN5898","H000013782","Prevenar","GD9427",2022-11-22,33.859219,28.377892,538.875103,1272,527,5,522.102252,813.787333,33.923922,70.709609,1.001911,0.977343,1.61089,525.661446,68.637452,1.006817,66.501065,89.734,1.675593,0.527,4.5208458169
"HN7633","H000011044","Prevenar","HK5976",2023-12-14,36.621463,31.4587,503.390597,1224,548,5,510.376756,882.197916,37.664602,69.917092,1.028484,1.089282,2.164084,533.147707,68.327427,1.044616,69.275689,89.461,3.207224,0.548,4.1676359659
"LJ1144","H000019489","Prevenar","LD1764",2024-09-17,30.663297,25.585111,535.791938,1487,518,4,519.425087,684.046143,29.222733,59.543004,0.95302,0.966811,2.438456,543.545337,62.961734,1.046436,61.03844,88.454,0.997893,0.518,NA
"NM6521","H000033648","Prevenar","MT7607",2026-01-22,35.740002,30.065935,497.597309,1375,487,5,505.486284,798.392524,32.812345,NA,0.918085,0.979454,2.235902,530.858978,NA,1.050195,NA,87.412,-0.691755,0.487,NA
"W45481","H000010932","Prevenar","T49736",2018-03-22,38.772776,32.62322,505.921804,1304,514,6,494.090334,911.310958,38.341514,71.207982,0.988877,1.016111,1.580237,519.855033,73.635283,1.052146,71.91325,88.424,1.148975,0.514,NA
"HN7330","H000010932","Prevenar","HL6201",2024-01-23,36.243495,31.247071,496.88057,1207,556,5,514.173998,823.045523,39.200833,75.54376,1.081596,1.118139,0.664466,513.66813,68.187496,0.999016,70.560693,89.288,3.621804,0.556,NA
"M02684","H000008090","Prevenar","L45099",2015-07-26,31.503044,27.177762,559.683677,1265,530,5,549.811598,729.622979,33.91409,69.940796,1.076534,0.946277,-0.489475,491.963847,72.868406,0.894786,71.583104,89.56,1.92157,0.53,4.4311174935
"GR3531","H000013782","Prevenar","FT3234",2023-01-25,34.281985,29.007039,530.711959,1364,491,5,514.839254,794.902817,32.805919,64.855292,0.956943,0.925857,0.985824,513.471787,69.363736,0.997344,67.289183,89.418,-0.490242,0.491,4.6274882999
"CG9069","H000013782","Prevenar","AL6318",2019-06-05,33.724824,28.902003,588.842689,1170,574,4,545.716343,769.46082,34.898391,67.52324,1.034798,0.974021,3.179924,554.258074,70.416222,1.015652,65.258997,80.941,4.35349,0.574,4.2172053494
"ED8345","H000010932","Prevenar","DY9970",2020-11-14,32.501967,26.724274,493.947072,1327,505,4,501.870041,810.772549,32.63559,63.49669,1.004111,1.021936,0.131197,502.715717,63.437616,1.001685,64.455163,89.942,0.264821,0.505,NA
"FA7508","H000006081","Prevenar","EC6010",2021-05-02,34.964142,30.083519,534.175011,1319,508,5,521.502976,862.987638,33.318744,68.24447,0.95294,0.950852,2.227402,533.004275,70.999759,1.022054,69.315458,89.103,0.582004,0.508,4.5458230133
"FP7059","H000019489","Prevenar","ER8660",2022-02-08,36.654264,31.149682,505.682606,1270,528,5,527.61406,781.900431,33.505522,68.183468,0.914096,1.044594,4.879484,577.874762,66.153745,1.09526,69.022833,89.706,1.730742,0.528,NA
"N90926","H000008135","Prevenar","M35795",2016-08-25,30.038636,25.870305,511.185682,1370,489,4,521.326645,763.478701,30.400739,65.170555,1.012055,0.956824,-1.138994,483.288872,65.658653,0.927037,66.961197,89.937,-0.77689,0.489,4.5430323593
"S09143","H000008135","Prevenar","N48136",2016-11-26,36.391445,31.343582,462.839167,1322,507,5,461.000104,932.130106,36.260851,71.930379,0.996411,1.095507,0.761216,508.869471,65.774417,1.103838,65.513067,89.982,0.630621,0.507,4.4259709124
"HN7334","H000010932","Prevenar","HG6413",2024-01-31,37.205019,31.993989,528.488727,1220,550,5,516.140699,841.000819,39.621369,75.044351,1.064947,1.040463,1.10164,516.338172,76.347096,1.000383,74.563262,88.751,3.517991,0.55,NA
"LJ1165","H000031244","Prevenar","HP3381",2024-07-10,36.869813,31.148489,479.865258,1314,510,5,482.883492,814.935701,35.060712,72.020806,0.950933,1.06203,2.510922,535.927983,70.919968,1.109849,71.366037,88.595,0.701821,0.51,NA
"X06679","H000008135","Prevenar","W12892",2018-06-24,30.971347,26.624734,559.81924,1351,496,5,534.700339,817.244522,32.707009,69.75296,1.056041,0.886194,-2.288483,469.781679,72.335277,0.878589,69.089617,88.431,-0.552822,0.496,4.2604364365
"AH5725","H000008090","Prevenar","AF2642",2019-03-03,34.645425,29.956413,475.311017,1353,495,5,511.286996,819.019494,34.923296,72.123073,1.00802,1.041523,-0.693244,491.108569,67.576347,0.960534,72.691156,88.879,-0.415373,0.495,4.3005070642
"AM6083","H000017723","Prevenar","X72431",2019-02-27,28.4086,24.229139,507.832898,1384,484,4,462.448556,740.535959,30.236,61.03698,1.064326,0.953912,-2.7181,455.150027,66.091926,0.984218,60.18538,88.439,-0.8907,0.484,4.4520902683
"EC6014","H000013782","Prevenar","DN7200",2020-09-25,37.188444,31.131078,498.748044,1404,477,6,489.656177,938.103698,35.48329,67.926176,0.954148,0.957023,0.139155,500.250533,71.063044,1.021636,69.767609,89.118,-1.565999,0.477,4.3924849911
"GX2929","H000011044","Prevenar","GD9426",2023-05-23,36.370393,31.18525,534.437543,1284,522,5,483.397335,832.541883,35.901306,72.468858,0.987102,0.976896,1.871664,528.91172,74.404565,1.094155,67.298731,89.581,1.402576,0.522,4.6917841131
"L30209","H000006081","Prevenar","L45102",2015-06-23,35.802119,30.429686,520.333754,1235,543,5,561.014433,792.147024,35.79005,68.709195,0.999663,1.043851,2.86011,543.334164,67.818649,0.968485,73.120839,89.918,2.848041,0.543,4.3599154853
"ND7560","H000033648","Prevenar","MC9133",2025-09-14,36.557666,30.257658,497.176508,1307,513,5,519.319641,763.772909,32.777138,NA,0.896587,1.031423,4.517467,571.945808,NA,1.101337,NA,88.942,0.736939,0.513,NA
"CW6584","H000013782","Prevenar","CA6596",2019-11-26,33.964924,29.185043,523.376623,1324,506,5,491.588668,835.167703,35.028736,76.571567,1.031321,0.965918,-0.711765,490.185746,72.043669,0.997146,67.668004,88.974,0.352046,0.506,4.2843992966
"W88034","H000008090","Prevenar","W42918",2018-07-05,32.466455,28.060098,531.895589,1317,509,5,521.881838,830.620381,33.812776,72.88937,1.041468,0.95785,-0.661685,489.190426,71.709435,0.937359,70.359395,89.426,0.684636,0.509,4.3555486275
"GR2553","H000019489","Prevenar","GD9424",2022-12-22,34.299261,29.810102,510.814815,1378,486,4,492.444674,768.143343,31.029423,66.967771,0.904667,0.951865,2.452652,537.464929,70.317862,1.091422,67.789061,89.71,-0.817186,0.486,NA
"HA2711","H000010932","Prevenar","HA3691",2023-08-10,32.508301,27.712391,534.547152,1299,516,5,497.360607,754.997649,32.719398,62.865078,1.006494,0.965691,0.802711,512.876751,66.867536,1.031197,62.2158,89.06,1.013809,0.516,NA
"EA9687","H000010932","Prevenar","DE6964",2020-08-08,34.732918,29.428254,532.032032,1345,498,5,512.808526,866.958179,33.764073,74.185393,0.972106,0.936937,0.711018,512.784171,73.02933,0.999953,70.390617,89.32,-0.257827,0.498,NA
"EH7854","H000013782","Prevenar","DN7200",2020-09-30,37.188444,31.131078,498.748044,1404,477,6,489.656177,938.103698,35.48329,67.926176,0.954148,0.957023,0.139155,500.250533,71.063044,1.021636,69.767609,89.118,-1.565999,0.477,4.4559467797
"CH8179","H000008135","Prevenar","AA0268",2019-06-02,34.166802,29.114855,497.588652,1319,508,5,487.453664,708.475453,34.838981,68.491775,1.019673,1.020933,-0.194347,498.203318,65.061604,1.022053,63.736416,88.291,0.477832,0.508,4.4026288799
"GX2931","H000011374","Prevenar","GR5831",2023-05-05,38.289933,32.325867,617.528597,1172,573,5,617.921935,875.930834,37.479999,78.092756,0.978847,0.92748,5.609944,585.122543,77.905679,0.94692,77.955301,89.396,4.80001,0.573,4.4767187861
"M97258","H000008135","Prevenar","L78987",2016-04-01,32.703676,27.978635,541.730475,1353,495,5,533.916211,786.86749,32.798277,69.304005,1.002893,0.914486,-0.360194,493.975928,72.769126,0.925194,71.719458,88.664,-0.265593,0.495,4.5015558372
"N01866","H000008135","Prevenar","M15159",2016-05-01,32.248718,27.559041,570.496633,1251,536,4,572.484821,756.954904,32.130236,68.067931,0.996326,0.939325,2.188748,537.857801,68.393257,0.939515,68.631609,88.896,2.070265,0.536,4.5499919541
"EX9683","H000014198","Prevenar","EP0208",2021-08-25,34.382482,29.228655,510.913559,1302,515,5,494.064027,776.838421,33.806633,70.61127,0.983252,1.008111,1.740972,523.830707,69.11764,1.060249,66.838194,88.67,1.165123,0.515,4.6382514399
"AM5979","H000006081","Prevenar","X72431",2019-02-20,28.4086,24.229139,507.832898,1384,484,4,462.448556,740.535959,30.236,61.03698,1.064326,0.953912,-2.7181,455.150027,66.091926,0.984218,60.18538,88.439,-0.8907,0.484,4.3918656957
"CG9828","H000013782","Prevenar","AL6318",2019-05-14,33.724824,28.902003,588.842689,1170,574,4,545.716343,769.46082,34.898391,67.52324,1.034798,0.974021,3.179924,554.258074,70.416222,1.015652,65.258997,80.941,4.35349,0.574,3.8152267535
"DJ2691","H000006081","Prevenar","CH7196",2020-01-14,34.700561,29.456004,497.062195,1314,510,5,517.589766,864.098604,33.817721,72.60929,0.974558,1.026916,1.560611,523.766384,67.657224,1.011933,70.451318,88.903,0.677771,0.51,4.2504796304
"DJ2705","H000008135","Prevenar","CL6510",2020-02-18,37.060984,31.952388,515.340734,1322,507,5,472.915276,978.542885,36.071841,74.289078,0.97331,0.984486,1.457534,521.257896,74.138742,1.102223,68.035266,88.679,0.46839,0.507,4.191072196
"ED8349","H000010932","Prevenar","DX7884",2020-12-04,38.830663,33.677474,487.89144,1287,521,5,482.695811,866.72994,38.615012,71.576277,0.994446,1.067626,1.949144,523.794325,74.347349,1.085144,73.555613,88.624,1.733493,0.521,NA
"H22367","H000007053","Prevenar","G16360",2014-02-06,NA,NA,488,1389,482,5,489.008427,871.465466,NA,NA,NA,0.987999,NA,461.042659,NA,0.942811,NA,NA,NA,0.482,4.368772214
"GX2953","H000019489","Prevenar","GR5832",2023-05-24,38.353455,32.854194,506.321308,1314,510,5,520.58666,948.515386,39.383234,74.795763,1.02685,1.006689,-0.183433,496.380413,75.793227,0.953502,77.928664,89.884,0.846346,0.51,NA
"HG4912","H000011044","Prevenar","HG6414",2023-10-06,33.43846,28.569844,555.731762,1282,523,5,547.030622,776.935921,33.365565,65.64124,0.99782,0.941472,1.056449,524.348993,66.440138,0.958537,65.399879,89.617,0.983554,0.523,4.73081803
"L22428","H000004331","Prevenar","J41707",2014-12-17,36.969865,31.870508,552.553951,1218,551,5,521.332571,771.420557,35.780992,70.692855,0.967842,0.997572,4.466584,569.526982,72.320843,1.092445,68.234442,89.427,3.277712,0.551,4.3662004756
"G08511","H000002634","Prevenar","F64679",2012-06-05,NA,NA,405.373241,NA,493,NA,401.739768,835.732911,NA,NA,NA,1.216886,NA,502.332367,NA,1.250392,NA,NA,NA,NA,4.2165867132
"AG1673","H000017723","Prevenar","X72402",2018-11-16,35.701937,30.672129,513.996996,1224,548,5,494.324267,801.749135,37.19682,64.271195,1.041871,1.0664,1.822276,526.097795,66.762996,1.064277,64.207708,88.415,3.317158,0.548,4.2920045902
"HE4012","H000011044","Prevenar","HA3690",2023-07-30,35.010486,29.726805,549.637178,1265,530,5,522.538403,745.964259,34.06714,68.842816,0.973055,0.964446,2.879737,544.774277,70.819431,1.042554,67.327819,88.227,1.936392,0.53,4.1848984931
"HF3781","H000013782","Prevenar","HA3695",2023-10-09,35.372199,30.171093,547.99818,1254,535,5,535.805423,854.670307,38.01344,73.262044,1.07467,0.975912,-0.326192,497.639494,73.695886,0.928769,72.05618,89.336,2.315049,0.535,4.631252604
"M57892","H000008135","Prevenar","L78984",2015-10-05,34.717175,29.505562,541.498791,1317,509,5,529.02884,836.584414,34.263645,68.08866,0.986936,0.939873,1.113224,515.676921,68.856599,0.974761,67.270929,89.419,0.659695,0.509,4.4281337875
"CM3198","H000013782","Prevenar","CA6594",2019-09-29,32.632791,28.057958,562.368753,1265,530,5,528.40666,983.81531,34.171746,77.78207,1.04716,0.942951,0.431951,506.404167,68.145452,0.958361,64.03007,89.23,1.970906,0.53,4.1818683734
"GR2982","H000008135","Prevenar","GD9426",2023-02-12,36.370393,31.18525,534.437543,1284,522,5,483.397335,832.541883,35.901306,72.468858,0.987102,0.976896,1.871664,528.91172,74.404565,1.094155,67.298731,89.581,1.402576,0.522,4.6151720133
"HN7779","H000019489","Prevenar","HE8765",2024-02-11,38.48706,33.326854,480.045872,1254,535,5,498.688751,842.527106,38.405991,71.418412,0.997894,1.115428,2.622989,536.587005,70.192435,1.075996,72.918402,89.438,2.54192,0.535,NA
"H99745","H000002634","Prevenar","G16360",2014-01-10,NA,NA,488,1389,482,5,489.008427,871.465466,NA,NA,NA,0.987999,NA,461.042659,NA,0.942811,NA,NA,NA,0.482,4.3488920196
"S89887","H000006081","Prevenar","S18360",2017-06-28,32.480233,28.509742,482.758621,1398,479,4,434.534323,809.354654,31.234249,63.073957,0.961639,0.992666,-0.139636,498.334777,63.809676,1.146825,57.435524,88.911,-1.385621,0.479,4.2897513265
"T59967","H000008135","Prevenar","T02211",2017-08-24,31.311915,27.235722,522.655123,1330,504,5,510.690908,846.378657,33.074491,67.498425,1.056291,0.965032,-1.211885,477.499986,66.499371,0.935008,64.977119,88.83,0.550692,0.504,4.5429944803
"G89765","H000002634","Prevenar","G44647",2013-02-08,NA,NA,575.082875,1307,513,5,559.43219,867.836941,NA,NA,NA,0.892853,NA,534.369584,NA,0.9552,NA,NA,NA,0.513,4.4487549642
"GX2952","H000019489","Prevenar","GR5830",2023-05-26,35.660281,30.070992,586.492178,1178,570,5,546.862568,817.802965,37.986487,75.816033,1.065232,0.97125,2.275931,534.747469,75.408994,0.977846,70.313565,88.699,4.602137,0.57,NA
"HG8781","H000019489","Prevenar","HA3690",2023-07-23,35.010486,29.726805,549.637178,1265,530,5,522.538403,745.964259,34.06714,68.842816,0.973055,0.964446,2.879737,544.774277,70.819431,1.042554,67.327819,88.227,1.936392,0.53,NA
"HY4202","H000028394","Prevenar","LD1763",2024-05-23,33.815657,28.678325,577.601848,1438,536,5,541.565645,767.357237,33.918463,68.342659,1.00304,0.927613,2.151078,534.167041,71.359649,0.986338,66.907567,88.776,2.253883,0.536,NA
"LJ1147","H000019489","Prevenar","LL2273",2024-10-18,34.261785,29.156118,555.555556,1493,516,5,516.230189,861.265904,34.848681,65.146737,1.01713,0.928758,0.433633,507.286938,69.85206,0.982676,64.907536,88.319,1.02053,0.516,NA
"HY4199","H000028394","Prevenar","HR1838",2024-03-23,33.708942,NA,576.523031,1427,540,5,556.204325,774.743161,33.196116,65.981035,0.984787,0.936971,3.051452,548.530228,69.826597,0.986203,67.365661,88.604,2.538626,0.54,NA
"S26352","H000008090","Prevenar","R48338",2017-05-12,34.786135,30.179128,436.342593,1353,495,5,436.266729,895.053158,34.691104,62.567241,0.997268,1.135558,-0.376706,496.849455,60.14373,1.138866,60.133273,89.34,-0.471738,0.495,4.2721014493
"AR7675","H000006081","Prevenar","X72431",2019-03-19,28.4086,24.229139,507.832898,1384,484,4,462.448556,740.535959,30.236,61.03698,1.064326,0.953912,-2.7181,455.150027,66.091926,0.984218,60.18538,88.439,-0.8907,0.484,4.4548183742
"EM4747","H000008135","Prevenar","DX7884",2020-12-17,38.830663,33.677474,487.89144,1287,521,5,482.695811,866.72994,38.615012,71.576277,0.994446,1.067626,1.949144,523.794325,74.347349,1.085144,73.555613,88.624,1.733493,0.521,4.0253314139
"NM6492","H000032244","Prevenar","NT6700",2026-06-13,34.174536,28.690084,530.112045,1568,491,5,514.357949,807.609065,32.52857,NA,0.951836,0.926975,0.918947,516.265682,NA,1.003709,NA,87.468,-0.727019,0.491,NA
"HF3769","H000011374","Prevenar","HA3693",2023-09-15,32.581306,28.099277,559.411146,1340,500,4,564.791002,736.777398,31.778835,68.105094,0.97537,0.893188,0.707025,512.276596,68.291921,0.90702,68.948684,88.442,-0.095445,0.5,4.6389597989
"HN7632","H000011044","Prevenar","HK5976",2023-12-10,36.621463,31.4587,503.390597,1224,548,5,510.376756,882.197916,37.664602,69.917092,1.028484,1.089282,2.164084,533.147707,68.327427,1.044616,69.275689,89.461,3.207224,0.548,4.4449345857
"M21961","H000006081","Prevenar","L78983",2015-11-14,31.666306,26.520123,619.878604,1312,511,5,607.101323,768.68407,33.069977,71.305175,1.044327,0.823918,-0.686393,489.050946,77.67291,0.805551,76.071873,89.729,0.717278,0.511,4.5619174999
"L30191","H000008135","Prevenar","L45102",2015-06-09,35.802119,30.429686,520.333754,1235,543,5,561.014433,792.147024,35.79005,68.709195,0.999663,1.043851,2.86011,543.334164,67.818649,0.968485,73.120839,89.918,2.848041,0.543,4.136598041
"ER3799","H000010932","Prevenar","EE6081",2021-03-31,32.83954,28.082075,480.669197,1367,490,4,477.659788,802.615186,31.756221,63.345533,0.967012,1.018446,0.42954,506.235455,64.084619,1.059824,63.683393,88.947,-0.653779,0.49,NA
"LJ1012","H000010932","Prevenar","HR8382",2024-08-09,26.266043,22.11233,594.933921,1162,578,4,592.844975,627.107457,29.698339,60.089957,1.130674,0.971864,0.579422,511.371695,61.800129,0.862572,61.583135,88.973,4.011719,0.578,NA
"L76757","H000008135","Prevenar","L03268",2015-04-15,32.609112,27.025634,550.062578,1351,496,5,533.434134,826.461693,32.82903,57.841248,1.006744,0.901884,-0.670707,492.769162,72.315902,0.923768,70.129785,88.855,-0.450789,0.496,4.467020359
"L67174","H000006081","Prevenar","L45102",2015-06-12,35.802119,30.429686,520.333754,1235,543,5,561.014433,792.147024,35.79005,68.709195,0.999663,1.043851,2.86011,543.334164,67.818649,0.968485,73.120839,89.918,2.848041,0.543,4.1104918708
"S26400","H000011044","Prevenar","N48138",2017-02-28,37.840677,30.732315,507.819482,1340,500,5,484.056306,900.027812,37.802699,79.780811,0.998996,0.983731,0.127108,500.059816,75.709026,1.033061,72.166257,89.729,0.089129,0.5,4.4937032155
"S26394","H000008135","Prevenar","N48139",2017-04-02,35.651912,30.878211,517.236001,1297,517,5,511.137496,869.030106,35.786495,70.051427,1.003775,1.000258,1.171283,515.423962,69.2845,1.008386,68.467597,88.839,1.305866,0.517,4.5284471582
"FH0023","H000011044","Prevenar","EG3840",2021-07-28,36.063926,30.531406,547.268126,1213,553,5,518.613996,782.08927,35.879661,61.262923,0.994891,1.010808,3.514434,556.024203,67.346696,1.072135,63.820525,88.652,3.330169,0.553,4.3360302014
"LH9173","H000028394","Prevenar","LD1764",2024-09-09,30.663297,25.585111,535.791938,1487,518,4,519.425087,684.046143,29.222733,59.543004,0.95302,0.966811,2.438456,543.545337,62.961734,1.046436,61.03844,88.454,0.997893,0.518,NA
"CR3642","H000013782","Prevenar","AG8243",2019-10-20,35.609349,30.493194,508.990318,1309,512,5,482.382091,808.3439,34.246216,65.908481,0.96172,1.005966,2.15051,532.407568,69.811027,1.103705,66.161552,89.11,0.787377,0.512,4.6010389247
"H50985","H000004331","Prevenar","G57867",2013-10-22,NA,NA,525.526932,1265,530,4,547.875265,677.392455,NA,NA,NA,1.008424,NA,518.223236,NA,0.945878,NA,NA,NA,0.53,4.4496065218
"DJ2753","H000017723","Prevenar","CL6510",2020-02-25,37.060984,31.952388,515.340734,1322,507,5,472.915276,978.542885,36.071841,74.289078,0.97331,0.984486,1.457534,521.257896,74.138742,1.102223,68.035266,88.679,0.46839,0.507,4.2700040732
"ED8313","H000013782","Prevenar","DY9970",2020-11-21,32.501967,26.724274,493.947072,1327,505,4,501.870041,810.772549,32.63559,63.49669,1.004111,1.021936,0.131197,502.715717,63.437616,1.001685,64.455163,89.942,0.264821,0.505,4.4342793572
"FF8240","H000019489","Prevenar","EP0207",2021-07-30,33.605883,28.739924,508.17401,1322,507,5,503.838508,829.604217,35.315289,70.469261,1.050866,0.996997,-1.255556,482.124105,71.358036,0.956902,70.749243,89.163,0.45385,0.507,NA
"FM6059","H000008135","Prevenar","ER8659",2022-01-31,32.320277,27.437385,499.666533,1353,495,5,501.001431,760.508282,32.467423,70.417311,1.004553,0.990979,-0.525934,492.915133,65.187278,0.98386,65.361431,87.693,-0.378787,0.495,4.4179583683
"M56328","H000007688","Prevenar","L78985",2015-10-25,37.317911,31.476702,510.412299,1348,497,5,512.257869,857.718172,37.323251,70.589263,1.000143,0.9733,1.617769,496.713308,75.58675,0.969655,75.86006,89.645,1.623109,0.497,4.3604224999
"N41693","H000011802","Prevenar","L78985",2016-03-19,37.317911,31.476702,510.412299,1348,497,5,512.257869,857.718172,37.323251,70.589263,1.000143,0.9733,1.617769,496.713308,75.58675,0.969655,75.86006,89.645,1.623109,0.497,4.4333528093
"R24681","H000008135","Prevenar","M35797",2016-09-01,35.947023,31.504544,483.390119,1386,483,5,470.534641,973.813589,36.556957,68.343804,1.016968,0.999694,-1.817976,475.179353,71.85408,1.009871,69.943163,89.624,-1.208043,0.483,4.513557943
"N58142","H000010932","Prevenar","M35797",2016-03-25,35.947023,31.504544,483.390119,1386,483,5,470.534641,973.813589,36.556957,68.343804,1.016968,0.999694,-1.817976,475.179353,71.85408,1.009871,69.943163,89.624,-1.208043,0.483,NA
"NR6335","H000008090","Prevenar","ML0571",2026-01-24,33.977166,28.957824,511.945955,1294,518,5,511.128064,862.062722,36.496069,NA,1.074135,1.012028,-1.138393,482.34476,NA,0.943687,NA,88.371,1.38051,0.518,4.1025298071
"W72426","H000006081","Prevenar","T78048",2018-05-09,33.329131,28.225519,553.997699,1263,531,5,548.36707,805.155322,34.639497,71.671762,1.039316,0.959242,0.730552,511.315143,73.0519,0.932432,72.309427,89.517,2.040917,0.531,4.3688840849
"GX2941","H000013782","Prevenar","GR5831",2023-05-19,38.289933,32.325867,617.528597,1172,573,5,617.921935,875.930834,37.479999,78.092756,0.978847,0.92748,5.609944,585.122543,77.905679,0.94692,77.955301,89.396,4.80001,0.573,4.7075707014
"M32475","H000008135","Prevenar","L78984",2015-09-21,34.717175,29.505562,541.498791,1317,509,5,529.02884,836.584414,34.263645,68.08866,0.986936,0.939873,1.113224,515.676921,68.856599,0.974761,67.270929,89.419,0.659695,0.509,4.48984394
"LL4094","H000010932","Prevenar","LD1771",2024-10-11,31.342912,27.32016,516.382095,1381,485,4,510.832924,780.799168,31.217729,65.001444,0.996006,0.938534,-0.962928,486.585681,64.791295,0.952534,64.095032,88.723,-1.088111,0.485,NA
"RE8411","H000035016","Prevenar","RG2639",2026-07-06,28.746901,24.460646,508.908177,1676,459,5,514.732493,819.462121,30.806379,NA,1.071642,0.902893,-4.886461,428.771463,NA,0.832999,NA,88.15,-2.826983,0.459,NA
"FA5694","H000008135","Prevenar","EC6010",2021-06-16,34.964142,30.083519,534.175011,1319,508,5,521.502976,862.987638,33.318744,68.24447,0.95294,0.950852,2.227402,533.004275,70.999759,1.022054,69.315458,89.103,0.582004,0.508,4.6631832118
"GC1485","H000006081","Prevenar","FN7275",2022-06-28,37.403791,32.039464,557.305936,1251,536,5,575.454841,842.029142,35.749567,69.821817,0.955774,0.96148,4.119623,560.632956,72.099236,0.974243,74.447178,89.932,2.465399,0.536,4.3559546626
"DN3836","H000010932","Prevenar","DE6964",2020-05-16,34.732918,29.428254,532.032032,1345,498,5,512.808526,866.958179,33.764073,74.185393,0.972106,0.936937,0.711018,512.784171,73.02933,0.999953,70.390617,89.32,-0.257827,0.498,NA
"ED8317","H000013782","Prevenar","DN7200",2020-10-16,37.188444,31.131078,498.748044,1404,477,6,489.656177,938.103698,35.48329,67.926176,0.954148,0.957023,0.139155,500.250533,71.063044,1.021636,69.767609,89.118,-1.565999,0.477,4.4057253478
"ED8346","H000010932","Prevenar","DY9970",2020-11-17,32.501967,26.724274,493.947072,1327,505,4,501.870041,810.772549,32.63559,63.49669,1.004111,1.021936,0.131197,502.715717,63.437616,1.001685,64.455163,89.942,0.264821,0.505,NA
"EP6194","H000006081","Prevenar","EE6081",2021-04-05,32.83954,28.082075,480.669197,1367,490,4,477.659788,802.615186,31.756221,63.345533,0.967012,1.018446,0.42954,506.235455,64.084619,1.059824,63.683393,88.947,-0.653779,0.49,4.6911663711
"H38800","H000006081","Prevenar","G53268",2013-10-09,NA,NA,523.103749,1412,474,4,516.147636,838.13546,NA,NA,NA,0.905829,NA,470.976382,NA,0.912484,NA,NA,NA,0.474,4.5436204334
"GT1610","H000011373","Prevenar","GR5832",2023-05-26,38.353455,32.854194,506.321308,1314,510,5,520.58666,948.515386,39.383234,74.795763,1.02685,1.006689,-0.183433,496.380413,75.793227,0.953502,77.928664,89.884,0.846346,0.51,4.462263341
"G32833","H000002634","Prevenar","G12095",2012-09-15,NA,NA,542.346542,1340,500,5,536.45662,804.926447,NA,NA,NA,0.921354,NA,516.232077,NA,0.9623,NA,NA,NA,0.5,4.6165035708
"GR3698","H000019489","Prevenar","GD9428",2023-03-15,35.670435,30.260224,527.929442,1289,520,5,519.88649,799.137641,35.266285,67.738999,0.98867,0.984079,1.749674,525.478134,70.832934,1.010756,69.753801,89.862,1.345524,0.52,NA
"AP9217","H000008135","Prevenar","X72431",2019-03-05,28.4086,24.229139,507.832898,1384,484,4,462.448556,740.535959,30.236,61.03698,1.064326,0.953912,-2.7181,455.150027,66.091926,0.984218,60.18538,88.439,-0.8907,0.484,4.2466633687
"L76753","H000008135","Prevenar","J97625",2015-04-06,33.85923,28.553698,540.542636,1261,532,5,536.220154,800.801203,36.415029,74.220138,1.075483,0.984784,-0.365441,494.956865,75.543615,0.923048,74.939526,89.755,2.190358,0.532,4.2716443519
"LC5391","H000019489","Prevenar","LD1763",2024-05-28,33.815657,28.678325,577.601848,1438,536,5,541.565645,767.357237,33.918463,68.342659,1.00304,0.927613,2.151078,534.167041,71.359649,0.986338,66.907567,88.776,2.253883,0.536,NA
"HF3319","H000010932","Prevenar","HA3693",2023-09-03,32.581306,28.099277,559.411146,1340,500,4,564.791002,736.777398,31.778835,68.105094,0.97537,0.893188,0.707025,512.276596,68.291921,0.90702,68.948684,88.442,-0.095445,0.5,NA
"LX2593X","H000010932","Prevenar","LK1422",2025-01-27,32.160612,27.756779,484.419942,1367,490,4,494.664194,760.409296,31.542108,64.069729,0.980768,1.010926,-0.101679,499.315348,66.244089,1.009227,67.644983,88.574,-0.720183,0.49,NA
"W11604","H000010932","Prevenar","T22133",2018-02-13,33.334381,28.770425,539.612024,1299,516,5,538.298972,827.201728,36.171339,75.692852,1.085106,0.955917,-1.282817,475.367667,73.628151,0.883092,73.44899,88.273,1.55414,0.516,NA
"X98605","H000008090","Prevenar","X37455",2018-11-22,34.012337,29.144875,480.431849,1299,516,5,468.264044,866.76622,37.541291,71.755309,1.103755,1.073555,-2.469421,467.286802,70.906408,0.997913,69.110575,89.714,1.059533,0.516,4.2857736241
"DK2113","H000011044","Prevenar","DE6963",2020-03-08,41.482439,35.339596,479.527105,1265,530,6,462.840535,969.65746,41.409623,73.816244,0.998245,1.104851,2.652918,530.737837,72.511544,1.146697,69.988289,89.432,2.580102,0.53,4.0658016289
"EK9782","H000008135","Prevenar","DR8857",2020-11-05,36.548088,31.685155,527.460921,1319,508,5,464.153608,913.707909,38.403106,67.34125,1.050756,0.962845,-1.169101,483.331486,74.210984,1.041318,65.303977,88.935,0.685916,0.508,4.0304829211
"HJ3851","H000019489","Prevenar","HG6415",2023-11-21,36.645639,31.260859,501.675042,1297,517,5,488.105925,851.015617,37.785513,72.406355,1.031105,1.030047,0.251687,501.159926,74.33159,1.026744,72.321097,89.44,1.391561,0.517,NA
"AW6824","H000013782","Prevenar","AL6316",2019-04-19,38.269591,33.237761,516.364136,1404,477,5,509.926441,858.638862,34.474041,71.920463,0.900821,0.923053,2.259063,529.108151,76.457813,1.037617,75.504586,89.453,-1.536487,0.477,4.5197077053
"EL8855","H000010932","Prevenar","DY9970",2020-12-07,32.501967,26.724274,493.947072,1327,505,4,501.870041,810.772549,32.63559,63.49669,1.004111,1.021936,0.131197,502.715717,63.437616,1.001685,64.455163,89.942,0.264821,0.505,NA
"EW0927","H000010932","Prevenar","DY9971",2021-04-30,35.029005,29.63065,492.1875,1348,497,5,498.727038,833.975387,34.604304,70.23055,0.987876,1.01024,0.287917,503.329891,69.486894,1.009229,70.410144,89.303,-0.136785,0.497,NA
"ER3844","H000019488","Prevenar","EC6010",2021-03-28,34.964142,30.083519,534.175011,1319,508,5,521.502976,862.987638,33.318744,68.24447,0.95294,0.950852,2.227402,533.004275,70.999759,1.022054,69.315458,89.103,0.582004,0.508,NA
"HM1398","H000010932","Prevenar","HA3691",2023-10-03,32.508301,27.712391,534.547152,1299,516,5,497.360607,754.997649,32.719398,62.865078,1.006494,0.965691,0.802711,512.876751,66.867536,1.031197,62.2158,89.06,1.013809,0.516,NA
"S26212","H000008135","Prevenar","N48138",2017-02-11,37.840677,30.732315,507.819482,1340,500,5,484.056306,900.027812,37.802699,79.780811,0.998996,0.983731,0.127108,500.059816,75.709026,1.033061,72.166257,89.729,0.089129,0.5,4.5214681133
"N41692","H000011802","Prevenar","L78985",2016-03-15,37.317911,31.476702,510.412299,1348,497,5,512.257869,857.718172,37.323251,70.589263,1.000143,0.9733,1.617769,496.713308,75.58675,0.969655,75.86006,89.645,1.623109,0.497,4.2332027978
"CW6531","H000011044","Prevenar","AM9028",2019-09-14,31.579869,26.85798,579.386159,1330,504,4,572.369343,796.054398,32.091052,72.995959,1.016187,0.870043,-0.30461,496.061059,71.177169,0.86668,70.315158,88.751,0.206573,0.504,4.3751559829
"G51689","H000004331","Prevenar","G12095",2012-10-03,NA,NA,542.346542,1340,500,5,536.45662,804.926447,NA,NA,NA,0.921354,NA,516.232077,NA,0.9623,NA,NA,NA,0.5,4.7002665809
"H58958","H000002634","Prevenar","G16360",2014-01-17,NA,NA,488,1389,482,5,489.008427,871.465466,NA,NA,NA,0.987999,NA,461.042659,NA,0.942811,NA,NA,NA,0.482,4.4855416411
"HF3756","H000010932","Prevenar","HA3693",2023-09-25,32.581306,28.099277,559.411146,1340,500,4,564.791002,736.777398,31.778835,68.105094,0.97537,0.893188,0.707025,512.276596,68.291921,0.90702,68.948684,88.442,-0.095445,0.5,NA
"M56315","H000008135","Prevenar","L78984",2015-10-13,34.717175,29.505562,541.498791,1317,509,5,529.02884,836.584414,34.263645,68.08866,0.986936,0.939873,1.113224,515.676921,68.856599,0.974761,67.270929,89.419,0.659695,0.509,4.6007874279
"MC1716","H000035016","Prevenar","LL2279",2025-01-13,34.15111,29.343126,513.458529,1507,511,5,539.827664,839.110777,34.927419,67.167673,1.022732,0.994272,NA,499.170736,66.940913,0.924685,70.378726,89.307,NA,0.511,NA
"FG4115","H000013782","Prevenar","EN6054",2021-10-05,29.23637,24.948861,509.625963,1332,503,5,496.967372,804.38986,33.262679,57.146316,1.137716,0.986954,-3.79332,442.094275,67.345438,0.889584,65.672645,89.821,0.232989,0.503,4.3654317754
"FY2991","H000014198","Prevenar","FN7275",2022-06-20,37.403791,32.039464,557.305936,1251,536,5,575.454841,842.029142,35.749567,69.821817,0.955774,0.96148,4.119623,560.632956,72.099236,0.974243,74.447178,89.932,2.465399,0.536,4.5541320813
"GW4596","H000019489","Prevenar","GR5829",2023-04-11,31.944061,27.201208,557.860765,1343,499,4,546.266469,807.874059,31.930121,72.20982,0.999564,0.894078,-0.180638,498.988645,72.026702,0.913453,70.529735,89.038,-0.194578,0.499,NA
"HF3807","H000019489","Prevenar","HA3690",2023-07-21,35.010486,29.726805,549.637178,1265,530,5,522.538403,745.964259,34.06714,68.842816,0.973055,0.964446,2.879737,544.774277,70.819431,1.042554,67.327819,88.227,1.936392,0.53,NA
"LC5415","H000019252","Prevenar","HA3695",2024-05-11,35.372199,30.171093,547.99818,1254,535,5,535.805423,854.670307,38.01344,73.262044,1.07467,0.975912,-0.326192,497.639494,73.695886,0.928769,72.05618,89.336,2.315049,0.535,4.1420739343
"M21974","H000006081","Prevenar","L78980",2015-08-15,38.019978,33.232234,508.933557,1272,527,5,506.910477,950.354057,39.31671,74.517319,1.034107,1.036202,0.669278,509.964626,74.801117,1.006025,74.503773,88.258,1.96601,0.527,4.3794149042
"M56327","H000007688","Prevenar","L78985",2015-10-22,37.317911,31.476702,510.412299,1348,497,5,512.257869,857.718172,37.323251,70.589263,1.000143,0.9733,1.617769,496.713308,75.58675,0.969655,75.86006,89.645,1.623109,0.497,4.4134474999
"N04276","H000007688","Prevenar","M35797",2016-03-12,35.947023,31.504544,483.390119,1386,483,5,470.534641,973.813589,36.556957,68.343804,1.016968,0.999694,-1.817976,475.179353,71.85408,1.009871,69.943163,89.624,-1.208043,0.483,4.2882512544
"EL8921","H000010932","Prevenar","EE6081",2021-03-22,32.83954,28.082075,480.669197,1367,490,4,477.659788,802.615186,31.756221,63.345533,0.967012,1.018446,0.42954,506.235455,64.084619,1.059824,63.683393,88.947,-0.653779,0.49,NA
"GG9472","H000019489","Prevenar","FT3234",2022-08-08,34.281985,29.007039,530.711959,1364,491,5,514.839254,794.902817,32.805919,64.855292,0.956943,0.925857,0.985824,513.471787,69.363736,0.997344,67.289183,89.418,-0.490242,0.491,NA
"GH5589","H000010932","Prevenar","GD9427",2022-11-04,33.859219,28.377892,538.875103,1272,527,5,522.102252,813.787333,33.923922,70.709609,1.001911,0.977343,1.61089,525.661446,68.637452,1.006817,66.501065,89.734,1.675593,0.527,NA
"GD0332","H000013782","Prevenar","GD9427",2022-11-02,33.859219,28.377892,538.875103,1272,527,5,522.102252,813.787333,33.923922,70.709609,1.001911,0.977343,1.61089,525.661446,68.637452,1.006817,66.501065,89.734,1.675593,0.527,4.3246237082
"HG8789","H000019489","Prevenar","HG6414",2023-09-21,33.43846,28.569844,555.731762,1282,523,5,547.030622,776.935921,33.365565,65.64124,0.99782,0.941472,1.056449,524.348993,66.440138,0.958537,65.399879,89.617,0.983554,0.523,NA
"HN7335","H000010932","Prevenar","HL5142",2024-02-05,35.814108,30.063159,575.103391,1235,543,5,545.440235,894.245555,35.554752,72.847397,0.992758,0.943884,3.178026,546.790443,72.263431,1.002475,68.536168,89.849,2.91867,0.543,NA
"L22459","H000002634","Prevenar","J41707",2014-12-14,36.969865,31.870508,552.553951,1218,551,5,521.332571,771.420557,35.780992,70.692855,0.967842,0.997572,4.466584,569.526982,72.320843,1.092445,68.234442,89.427,3.277712,0.551,4.3512495186
"MG4263","H000035016","Prevenar","MG4281",2025-06-25,33.098757,26.926521,549.117549,1493,516,5,510.728262,813.881478,32.742554,NA,0.989238,0.939142,1.290876,521.309774,NA,1.020718,NA,89.697,0.934673,0.516,NA
"S10670","H000008135","Prevenar","N48136",2016-12-25,36.391445,31.343582,462.839167,1322,507,5,461.000104,932.130106,36.260851,71.930379,0.996411,1.095507,0.761216,508.869471,65.774417,1.103838,65.513067,89.982,0.630621,0.507,4.3233314976
"W28239","H000013782","Prevenar","T02219",2018-01-12,35.545915,30.606363,527.916251,1294,518,5,522.580054,841.710242,33.888157,73.309091,0.953363,0.981018,2.891367,543.229844,69.55905,1.039515,68.855944,89.861,1.233608,0.518,4.6199009773
"GC1564","H000011373","Prevenar","FH2518",2022-06-16,37.689702,31.632993,528.20982,1272,527,6,530.383264,909.545187,38.090483,84.205828,1.010634,0.998054,1.672662,521.634844,78.593561,0.983505,78.916953,89.062,2.073443,0.527,4.4983775088
"G09785","H000002634","Prevenar","F87646",2012-07-18,NA,NA,528.599927,1231,545,5,517.638758,713.542663,NA,NA,NA,1.031166,NA,499.943236,NA,0.965815,NA,NA,NA,0.545,3.9860677083
"H50976","H000004331","Prevenar","G57867",2013-09-24,NA,NA,525.526932,1265,530,4,547.875265,677.392455,NA,NA,NA,1.008424,NA,518.223236,NA,0.945878,NA,NA,NA,0.53,4.649382716
"R59675","H000011374","Prevenar","N16509",2016-10-23,35.017181,30.460106,479.967559,1345,498,5,464.609001,936.027006,36.092024,65.651805,1.030695,1.037843,-1.339848,483.296267,67.201444,1.040221,65.051054,89.849,-0.265005,0.498,4.5093015712
"DW4265","H000010932","Prevenar","DE6964",2020-06-06,34.732918,29.428254,532.032032,1345,498,5,512.808526,866.958179,33.764073,74.185393,0.972106,0.936937,0.711018,512.784171,73.02933,0.999953,70.390617,89.32,-0.257827,0.498,NA
"S75070","H000008090","Prevenar","S18368",2017-04-30,33.28834,28.099133,434.952656,1309,512,6,469.853405,859.426899,35.316359,66.767166,1.060923,1.176913,-1.02179,482.505731,61.753492,1.026928,66.708613,89.505,1.006229,0.512,4.1272704323
"T37685","H000008090","Prevenar","T02219",2017-11-11,35.545915,30.606363,527.916251,1294,518,5,522.580054,841.710242,33.888157,73.309091,0.953363,0.981018,2.891367,543.229844,69.55905,1.039515,68.855944,89.861,1.233608,0.518,4.4833311755
"X75942","H000011612","Prevenar","W42944",2018-10-22,32.13037,27.091151,499.099505,1353,495,5,487.32544,760.47529,32.01487,83.929946,0.996405,0.992649,-0.129491,497.218174,71.215434,1.0203,69.535419,89.523,-0.244991,0.495,4.4740065969
"AH5730","H000011374","Prevenar","X72402",2018-12-17,35.701937,30.672129,513.996996,1224,548,5,494.324267,801.749135,37.19682,64.271195,1.041871,1.0664,1.822276,526.097795,66.762996,1.064277,64.207708,88.415,3.317158,0.548,4.3347493136
"AD8193","H000014198","Prevenar","X72402",2018-11-18,35.701937,30.672129,513.996996,1224,548,5,494.324267,801.749135,37.19682,64.271195,1.041871,1.0664,1.822276,526.097795,66.762996,1.064277,64.207708,88.415,3.317158,0.548,4.2880609187
"DN3797","H000008135","Prevenar","CM4653",2020-03-14,36.291951,30.835861,502.143163,1343,499,5,476.24815,854.957668,35.52049,65.174877,0.978743,0.994465,0.77916,510.20935,65.587334,1.07131,62.205062,89.201,0.007699,0.499,4.2297912843
"S15150","H000011044","Prevenar","N48136",2016-12-26,36.391445,31.343582,462.839167,1322,507,5,461.000104,932.130106,36.260851,71.930379,0.996411,1.095507,0.761216,508.869471,65.774417,1.103838,65.513067,89.982,0.630621,0.507,4.4586012026
"T19290","H000013782","Prevenar","R48338",2017-06-21,34.786135,30.179128,436.342593,1353,495,5,436.266729,895.053158,34.691104,62.567241,0.997268,1.135558,-0.376706,496.849455,60.14373,1.138866,60.133273,89.34,-0.471738,0.495,4.1357255645
"CY8507","H000019252","Prevenar","AG8243",2019-10-13,35.609349,30.493194,508.990318,1309,512,5,482.382091,808.3439,34.246216,65.908481,0.96172,1.005966,2.15051,532.407568,69.811027,1.103705,66.161552,89.11,0.787377,0.512,4.7079222746
"J35428","H000004331","Prevenar","H28262",2014-07-14,27.686804,23.698251,556.900029,1340,500,4,559.043494,635.23487,27.980729,61.069799,1.010616,0.898508,-0.225435,495.122704,60.746019,0.88566,60.979826,89.862,0.06849,0.5,4.5111886341
"GF0554","H000019489","Prevenar","FT3234",2022-06-17,34.281985,29.007039,530.711959,1364,491,5,514.839254,794.902817,32.805919,64.855292,0.956943,0.925857,0.985824,513.471787,69.363736,0.997344,67.289183,89.418,-0.490242,0.491,NA
"EL8861","H000010932","Prevenar","DX7884",2020-12-19,38.830663,33.677474,487.89144,1287,521,5,482.695811,866.72994,38.615012,71.576277,0.994446,1.067626,1.949144,523.794325,74.347349,1.085144,73.555613,88.624,1.733493,0.521,NA
"S26399","H000011044","Prevenar","N48138",2017-02-24,37.840677,30.732315,507.819482,1340,500,5,484.056306,900.027812,37.802699,79.780811,0.998996,0.983731,0.127108,500.059816,75.709026,1.033061,72.166257,89.729,0.089129,0.5,4.4750482693
"RE8412","H000035016","Prevenar","NT6700",2026-07-16,34.174536,28.690084,530.112045,1568,491,5,514.357949,807.609065,32.52857,NA,0.951836,0.926975,0.918947,516.265682,NA,1.003709,NA,87.468,-0.727019,0.491,NA
"S93499","H000008135","Prevenar","R48338",2017-06-11,34.786135,30.179128,436.342593,1353,495,5,436.266729,895.053158,34.691104,62.567241,0.997268,1.135558,-0.376706,496.849455,60.14373,1.138866,60.133273,89.34,-0.471738,0.495,4.1754429961
"S93491","H000008090","Prevenar","T02211",2017-07-30,31.311915,27.235722,522.655123,1330,504,5,510.690908,846.378657,33.074491,67.498425,1.056291,0.965032,-1.211885,477.499986,66.499371,0.935008,64.977119,88.83,0.550692,0.504,4.4241949521
"DL7371","H000010932","Prevenar","CM4654",2020-03-10,37.75738,32.305048,517.930256,1299,516,5,495.800177,890.631804,36.671055,74.164796,0.971229,0.995915,2.312392,531.094831,70.069146,1.071187,67.075237,89.741,1.226067,0.516,NA
"EL8867","H000010932","Prevenar","DX7884",2021-01-08,38.830663,33.677474,487.89144,1287,521,5,482.695811,866.72994,38.615012,71.576277,0.994446,1.067626,1.949144,523.794325,74.347349,1.085144,73.555613,88.624,1.733493,0.521,NA
"H36093","H000002634","Prevenar","G57867",2013-09-13,NA,NA,525.526932,1265,530,4,547.875265,677.392455,NA,NA,NA,1.008424,NA,518.223236,NA,0.945878,NA,NA,NA,0.53,4.5508929911
"NJ4982","H000013782","Prevenar","ML0571",2025-11-23,33.977166,28.957824,511.945955,1294,518,5,511.128064,862.062722,36.496069,NA,1.074135,1.012028,-1.138393,482.34476,NA,0.943687,NA,88.371,1.38051,0.518,4.4858572037
"FT0524","H000011044","Prevenar","ER8660",2022-03-25,36.654264,31.149682,505.682606,1270,528,5,527.61406,781.900431,33.505522,68.183468,0.914096,1.044594,4.879484,577.874762,66.153745,1.09526,69.022833,89.706,1.730742,0.528,4.4365709295
"H22360","H000007053","Prevenar","G16360",2014-02-07,NA,NA,488,1389,482,5,489.008427,871.465466,NA,NA,NA,0.987999,NA,461.042659,NA,0.942811,NA,NA,NA,0.482,4.5419849732
"H99742","H000004330","Prevenar","G85984",2013-12-27,NA,NA,588.326486,1280,524,4,567.045,716.806943,NA,NA,NA,0.890491,NA,521.29963,NA,0.919327,NA,NA,NA,0.524,4.6951246626
"HC4718","H000011374","Prevenar","GD9428",2023-04-18,35.670435,30.260224,527.929442,1289,520,5,519.88649,799.137641,35.266285,67.738999,0.98867,0.984079,1.749674,525.478134,70.832934,1.010756,69.753801,89.862,1.345524,0.52,4.6092322903
"GR3550","H000017723","Prevenar","GM6508",2023-02-08,34.149896,29.022377,529.769481,1190,564,5,519.699871,755.227999,36.598109,63.264006,1.07169,1.065461,1.712557,526.690328,67.489541,1.013451,66.206731,88.913,4.160769,0.564,4.3466515487
"LJ1140","H000019489","Prevenar","LD1764",2024-08-30,30.663297,25.585111,535.791938,1487,518,4,519.425087,684.046143,29.222733,59.543004,0.95302,0.966811,2.438456,543.545337,62.961734,1.046436,61.03844,88.454,0.997893,0.518,NA
"NJ4988","H000035016","Prevenar","ML0563",2025-11-07,34.097216,28.458773,530.697525,1484,519,5,524.669541,772.959337,32.928776,NA,0.965732,0.978435,1.918226,537.678125,NA,1.024794,NA,89.962,0.749787,0.519,NA
"DW4267","H000010932","Prevenar","DE6964",2020-06-13,34.732918,29.428254,532.032032,1345,498,5,512.808526,866.958179,33.764073,74.185393,0.972106,0.936937,0.711018,512.784171,73.02933,0.999953,70.390617,89.32,-0.257827,0.498,NA
"L30208","H000006081","Prevenar","L45102",2015-06-19,35.802119,30.429686,520.333754,1235,543,5,561.014433,792.147024,35.79005,68.709195,0.999663,1.043851,2.86011,543.334164,67.818649,0.968485,73.120839,89.918,2.848041,0.543,4.7213744532
"HN7337","H000010932","Prevenar","HE8765",2024-02-10,38.48706,33.326854,480.045872,1254,535,5,498.688751,842.527106,38.405991,71.418412,0.997894,1.115428,2.622989,536.587005,70.192435,1.075996,72.918402,89.438,2.54192,0.535,NA
"HN7638","H000011044","Prevenar","HL5142",2024-01-05,35.814108,30.063159,575.103391,1235,543,5,545.440235,894.245555,35.554752,72.847397,0.992758,0.943884,3.178026,546.790443,72.263431,1.002475,68.536168,89.849,2.91867,0.543,4.2603653436
"L38297","H000008135","Prevenar","J53524",2015-02-26,35.257854,30.060065,571.73095,1231,545,5,552.716756,777.40499,35.443293,69.903407,1.00526,0.953276,2.649745,542.165754,74.341468,0.980911,71.869075,88.88,2.835184,0.545,4.3529802125
"N39529","H000011374","Prevenar","M15159",2016-08-13,32.248718,27.559041,570.496633,1251,536,4,572.484821,756.954904,32.130236,68.067931,0.996326,0.939325,2.188748,537.857801,68.393257,0.939515,68.631609,88.896,2.070265,0.536,4.8276780859
"AP9876","H000013782","Prevenar","AH4655",2019-03-06,35.202192,30.453831,495.568783,1375,487,5,453.369687,899.133861,36.68512,69.471747,1.042126,0.982255,-2.207709,467.097935,74.793512,1.03028,68.424631,89.035,-0.724781,0.487,4.2814720849
"ED8300","H000008135","Prevenar","DY9970",2020-11-25,32.501967,26.724274,493.947072,1327,505,4,501.870041,810.772549,32.63559,63.49669,1.004111,1.021936,0.131197,502.715717,63.437616,1.001685,64.455163,89.942,0.264821,0.505,4.1571748352
"FF8698","H000017723","Prevenar","EG3840",2021-08-19,36.063926,30.531406,547.268126,1213,553,5,518.613996,782.08927,35.879661,61.262923,0.994891,1.010808,3.514434,556.024203,67.346696,1.072135,63.820525,88.652,3.330169,0.553,4.3531603995
"FD8490","H000008135","Prevenar","EG3841",2021-07-12,32.903134,27.996564,456.792604,1381,485,5,474.499459,843.541495,34.10148,65.828132,1.03642,1.062135,-2.422454,468.125964,64.449094,0.986568,66.947363,88.281,-1.224108,0.485,4.5315713711
"HN7754","H000017723","Prevenar","HL6201",2024-01-18,36.243495,31.247071,496.88057,1207,556,5,514.173998,823.045523,39.200833,75.54376,1.081596,1.118139,0.664466,513.66813,68.187496,0.999016,70.560693,89.288,3.621804,0.556,4.244447188
"W61576","H000011374","Prevenar","T78048",2018-04-26,33.329131,28.225519,553.997699,1263,531,5,548.36707,805.155322,34.639497,71.671762,1.039316,0.959242,0.730552,511.315143,73.0519,0.932432,72.309427,89.517,2.040917,0.531,4.2980098043
"L30213","H000006081","Prevenar","L78979",2015-06-26,31.930948,26.370397,591.883822,1330,504,4,523.092688,845.368104,32.903365,68.976488,1.030454,0.851858,-0.556613,489.299832,77.333184,0.935398,68.345209,88.954,0.415805,0.504,4.3444715691
"S51057","H000008135","Prevenar","S18368",2017-05-23,33.28834,28.099133,434.952656,1309,512,6,469.853405,859.426899,35.316359,66.767166,1.060923,1.176913,-1.02179,482.505731,61.753492,1.026928,66.708613,89.505,1.006229,0.512,4.0441762902
"GR3611","H000011044","Prevenar","GP4368",2023-03-20,33.962559,28.891935,531.334965,1231,545,5,527.725564,819.435881,37.16303,74.160943,1.094235,1.025205,0.115769,497.815643,72.580292,0.943323,72.087248,89.046,3.31624,0.545,4.5018380161
"HA2709","H000010932","Prevenar","HA3693",2023-08-28,32.581306,28.099277,559.411146,1340,500,4,564.791002,736.777398,31.778835,68.105094,0.97537,0.893188,0.707025,512.276596,68.291921,0.90702,68.948684,88.442,-0.095445,0.5,NA
"LC5396","H000019489","Prevenar","LD1763",2024-06-13,33.815657,28.678325,577.601848,1438,536,5,541.565645,767.357237,33.918463,68.342659,1.00304,0.927613,2.151078,534.167041,71.359649,0.986338,66.907567,88.776,2.253883,0.536,NA
"FD0335","H000019489","Prevenar","EC6010",2021-05-07,34.964142,30.083519,534.175011,1319,508,5,521.502976,862.987638,33.318744,68.24447,0.95294,0.950852,2.227402,533.004275,70.999759,1.022054,69.315458,89.103,0.582004,0.508,NA
"G09775","H000002634","Prevenar","F64679",2012-08-13,NA,NA,405.373241,NA,493,NA,401.739768,835.732911,NA,NA,NA,1.216886,NA,502.332367,NA,1.250392,NA,NA,NA,NA,4.4387322724
"R59677","H000011374","Prevenar","N48137",2017-02-03,36.662433,29.976026,484.413017,1277,525,5,482.487915,863.253064,37.867811,73.046703,1.032878,1.083556,0.476733,508.180631,72.91529,1.05325,72.625518,89.196,1.682111,0.525,4.5607571993
"R59673","H000011374","Prevenar","N16508",2016-10-14,32.641425,27.698271,482.804233,1345,498,5,466.582682,889.709525,33.880588,65.666777,1.037963,1.032086,-1.413265,480.070435,67.248589,1.028908,64.98913,88.465,-0.174102,0.498,4.2643941163
"N41691","H000011802","Prevenar","L78985",2016-03-16,37.317911,31.476702,510.412299,1348,497,5,512.257869,857.718172,37.323251,70.589263,1.000143,0.9733,1.617769,496.713308,75.58675,0.969655,75.86006,89.645,1.623109,0.497,4.3251636139
"MW1319","H000013782","Prevenar","ML0570",2025-10-14,31.407444,26.05803,501.554574,1353,495,5,491.965896,767.703143,31.903319,NA,1.015788,0.985965,-0.873817,486.829104,NA,0.989559,NA,88.74,-0.377942,0.495,4.5157136919
"ED8342","H000010932","Prevenar","DL7418",2020-10-31,33.690225,29.020656,522.80634,1294,518,5,519.80723,788.915972,33.864673,63.395272,1.005178,0.99154,1.157296,515.712971,64.734858,0.992124,64.363502,89.855,1.331745,0.518,NA
"EC6052","H000008135","Prevenar","DN7200",2020-09-17,37.188444,31.131078,498.748044,1404,477,6,489.656177,938.103698,35.48329,67.926176,0.954148,0.957023,0.139155,500.250533,71.063044,1.021636,69.767609,89.118,-1.565999,0.477,4.2846417123
"EL8918","H000010932","Prevenar","DY9971",2021-03-11,35.029005,29.63065,492.1875,1348,497,5,498.727038,833.975387,34.604304,70.23055,0.987876,1.01024,0.287917,503.329891,69.486894,1.009229,70.410144,89.303,-0.136785,0.497,NA
"N90927","H000008135","Prevenar","M35795",2016-08-28,30.038636,25.870305,511.185682,1370,489,4,521.326645,763.478701,30.400739,65.170555,1.012055,0.956824,-1.138994,483.288872,65.658653,0.927037,66.961197,89.937,-0.77689,0.489,4.6179520414
"EL8862","H000010932","Prevenar","DX7883",2020-12-22,34.983679,29.968876,481.37722,1309,512,5,497.902194,840.019333,34.937003,65.752886,0.998666,1.064141,0.890181,512.937844,63.892555,1.030198,66.085892,89.806,0.843505,0.512,NA
"FF8238","H000019489","Prevenar","EP0207",2021-08-23,33.605883,28.739924,508.17401,1322,507,5,503.838508,829.604217,35.315289,70.469261,1.050866,0.996997,-1.255556,482.124105,71.358036,0.956902,70.749243,89.163,0.45385,0.507,NA
"J56514","H000004331","Prevenar","H28262",2014-08-04,27.686804,23.698251,556.900029,1340,500,4,559.043494,635.23487,27.980729,61.069799,1.010616,0.898508,-0.225435,495.122704,60.746019,0.88566,60.979826,89.862,0.06849,0.5,4.7261990994
"RE8406","H000035016","Prevenar","MN4845",2026-04-21,38.260219,32.280374,547.816204,1516,508,6,539.639835,913.964414,38.16433,NA,0.997494,0.927884,0.73072,509.587088,NA,0.94431,NA,88.771,0.634831,0.508,NA
"RE8365","H000010932","Prevenar","NA2054",2026-06-25,33.149477,28.532185,565.716159,1343,499,4,571.379423,735.677302,30.374332,NA,0.916284,0.881449,2.660356,544.208956,NA,0.952448,NA,89.8,-0.114789,0.499,4.7331094141
"GX2798","H000010932","Prevenar","GR5832",2023-06-24,38.353455,32.854194,506.321308,1314,510,5,520.58666,948.515386,39.383234,74.795763,1.02685,1.006689,-0.183433,496.380413,75.793227,0.953502,77.928664,89.884,0.846346,0.51,NA
"HD8386","H000006081","Prevenar","HA3691",2023-08-15,32.508301,27.712391,534.547152,1299,516,5,497.360607,754.997649,32.719398,62.865078,1.006494,0.965691,0.802711,512.876751,66.867536,1.031197,62.2158,89.06,1.013809,0.516,4.5774318327
"HT5057","H000010932","Prevenar","HA3695",2024-05-02,35.372199,30.171093,547.99818,1254,535,5,535.805423,854.670307,38.01344,73.262044,1.07467,0.975912,-0.326192,497.639494,73.695886,0.928769,72.05618,89.336,2.315049,0.535,4.1932271783
"RH4678","H000033648","Prevenar","MT7607",2026-04-12,35.740002,30.065935,497.597309,1375,487,5,505.486284,798.392524,32.812345,NA,0.918085,0.979454,2.235902,530.858978,NA,1.050195,NA,87.412,-0.691755,0.487,NA
"S51049","H000008135","Prevenar","N69712",2017-04-19,36.736087,31.439599,508.850762,1330,504,5,499.398725,904.14224,35.132847,69.891854,0.956358,0.991132,1.885559,527.353172,69.928547,1.055976,68.629606,89.361,0.282318,0.504,4.6709665229
"X56185","H000011374","Prevenar","X72402",2018-11-19,35.701937,30.672129,513.996996,1224,548,5,494.324267,801.749135,37.19682,64.271195,1.041871,1.0664,1.822276,526.097795,66.762996,1.064277,64.207708,88.415,3.317158,0.548,4.2695636454
"GL2480","H000008135","Prevenar","GD9424",2022-10-09,34.299261,29.810102,510.814815,1378,486,4,492.444674,768.143343,31.029423,66.967771,0.904667,0.951865,2.452652,537.464929,70.317862,1.091422,67.789061,89.71,-0.817186,0.486,4.801604057
"HF3770","H000011374","Prevenar","HA3695",2023-09-08,35.372199,30.171093,547.99818,1254,535,5,535.805423,854.670307,38.01344,73.262044,1.07467,0.975912,-0.326192,497.639494,73.695886,0.928769,72.05618,89.336,2.315049,0.535,4.2716828909
"FH7105","H000019489","Prevenar","EP0207",2021-10-17,33.605883,28.739924,508.17401,1322,507,5,503.838508,829.604217,35.315289,70.469261,1.050866,0.996997,-1.255556,482.124105,71.358036,0.956902,70.749243,89.163,0.45385,0.507,NA
"M97924","H000011044","Prevenar","L78983",2015-12-21,31.666306,26.520123,619.878604,1312,511,5,607.101323,768.68407,33.069977,71.305175,1.044327,0.823918,-0.686393,489.050946,77.67291,0.805551,76.071873,89.729,0.717278,0.511,4.4455275068
"R32087","H000011374","Prevenar","M35797",2016-09-15,35.947023,31.504544,483.390119,1386,483,5,470.534641,973.813589,36.556957,68.343804,1.016968,0.999694,-1.817976,475.179353,71.85408,1.009871,69.943163,89.624,-1.208043,0.483,4.4428293417
"H22362","H000007053","Prevenar","G16360",2014-02-01,NA,NA,488,1389,482,5,489.008427,871.465466,NA,NA,NA,0.987999,NA,461.042659,NA,0.942811,NA,NA,NA,0.482,4.3889767932
"H81496A","H000002634","Prevenar","H08588",2014-01-26,NA,NA,589.24681,1299,516,5,515.343357,777.492273,NA,NA,NA,0.876311,NA,545.651115,NA,1.058811,NA,NA,NA,0.516,NA
"X06518","H000006081","Prevenar","W42918",2018-07-06,32.466455,28.060098,531.895589,1317,509,5,521.881838,830.620381,33.812776,72.88937,1.041468,0.95785,-0.661685,489.190426,71.709435,0.937359,70.359395,89.426,0.684636,0.509,4.1530539719
"GW4599","H000028394","Prevenar","GD9428",2023-04-08,35.670435,30.260224,527.929442,1289,520,5,519.88649,799.137641,35.266285,67.738999,0.98867,0.984079,1.749674,525.478134,70.832934,1.010756,69.753801,89.862,1.345524,0.52,NA
"MC2195","H000013782","Prevenar","LY2083",2025-06-10,34.762146,29.557527,482.562665,1229,546,5,467.824418,850.315446,37.343402,-1994.111793,1.074255,1.131062,0.479877,508.081009,66.557724,1.086051,64.524943,89.011,3.061133,0.546,3.9781702861
"EM4901","H000011044","Prevenar","DX7884",2021-02-04,38.830663,33.677474,487.89144,1287,521,5,482.695811,866.72994,38.615012,71.576277,0.994446,1.067626,1.949144,523.794325,74.347349,1.085144,73.555613,88.624,1.733493,0.521,4.2263401367
"S25794","H000008135","Prevenar","N48136",2017-01-05,36.391445,31.343582,462.839167,1322,507,5,461.000104,932.130106,36.260851,71.930379,0.996411,1.095507,0.761216,508.869471,65.774417,1.103838,65.513067,89.982,0.630621,0.507,4.4620144558
"FG4137","H000019489","Prevenar","EP0207",2021-09-17,33.605883,28.739924,508.17401,1322,507,5,503.838508,829.604217,35.315289,70.469261,1.050866,0.996997,-1.255556,482.124105,71.358036,0.956902,70.749243,89.163,0.45385,0.507,NA
"FY2981","H000006081","Prevenar","FH2519",2022-04-16,33.522612,28.064301,538.109327,1312,511,5,529.117002,744.497873,32.717014,71.706235,0.975969,0.949476,1.622632,523.502208,68.777207,0.989388,67.627874,89.56,0.817033,0.511,4.6905668077
"GT1666","H000017723","Prevenar","GR5832",2023-05-29,38.353455,32.854194,506.321308,1314,510,5,520.58666,948.515386,39.383234,74.795763,1.02685,1.006689,-0.183433,496.380413,75.793227,0.953502,77.928664,89.884,0.846346,0.51,4.6782446718
"J35425","H000004331","Prevenar","H28262",2014-07-11,27.686804,23.698251,556.900029,1340,500,4,559.043494,635.23487,27.980729,61.069799,1.010616,0.898508,-0.225435,495.122704,60.746019,0.88566,60.979826,89.862,0.06849,0.5,4.4929153416
"HX9161","H000013782","Prevenar","HG6415",2024-05-06,36.645639,31.260859,501.675042,1297,517,5,488.105925,851.015617,37.785513,72.406355,1.031105,1.030047,0.251687,501.159926,74.33159,1.026744,72.321097,89.44,1.391561,0.517,4.3857001202
"L22463","H000006081","Prevenar","J41707",2014-12-18,36.969865,31.870508,552.553951,1218,551,5,521.332571,771.420557,35.780992,70.692855,0.967842,0.997572,4.466584,569.526982,72.320843,1.092445,68.234442,89.427,3.277712,0.551,4.3455312357
"L38296","H000008135","Prevenar","J97627",2015-02-23,29.003889,25.096541,532.157375,1351,496,4,506.090926,725.304768,29.589903,63.866363,1.020205,0.931602,-0.888241,485.940527,64.668557,0.960184,61.500923,89.133,-0.302227,0.496,4.4679634313
"EH7868","H000017723","Prevenar","DN7200",2020-10-02,37.188444,31.131078,498.748044,1404,477,6,489.656177,938.103698,35.48329,67.926176,0.954148,0.957023,0.139155,500.250533,71.063044,1.021636,69.767609,89.118,-1.565999,0.477,4.5313265042
"L35111","H000004330","Prevenar","J41700",2015-01-30,32.432006,27.899017,521.36007,1270,528,5,497.62817,810.082945,36.178123,67.927133,1.115507,1.011998,-1.754094,472.982805,69.587222,0.950474,66.419666,88.378,1.992023,0.528,4.2460107438
"FL8877","H000006081","Prevenar","EP0207",2021-11-15,33.605883,28.739924,508.17401,1322,507,5,503.838508,829.604217,35.315289,70.469261,1.050866,0.996997,-1.255556,482.124105,71.358036,0.956902,70.749243,89.163,0.45385,0.507,4.6411382996
"GM8405","H000011373","Prevenar","GJ3338",2022-12-15,37.260732,31.790747,529.275093,1270,528,5,531.802818,836.963533,36.437741,73.23448,0.977913,0.998444,2.246152,540.387244,72.069628,1.016142,72.41382,88.685,1.423161,0.528,4.2914249103
"AX8868","H000011374","Prevenar","AL6315",2019-06-23,36.245892,27.624091,473.80856,1343,499,5,491.377819,900.207058,36.679584,70.683459,1.011965,1.054105,-0.373199,493.538507,69.970822,1.004397,72.565405,88.847,0.060493,0.499,4.3401885843
"CK6578","H000011373","Prevenar","AM9028",2019-08-02,31.579869,26.85798,579.386159,1330,504,4,572.369343,796.054398,32.091052,72.995959,1.016187,0.870043,-0.30461,496.061059,71.177169,0.86668,70.315158,88.751,0.206573,0.504,4.2801381242
"R59728","H000008135","Prevenar","N48136",2016-11-29,36.391445,31.343582,462.839167,1322,507,5,461.000104,932.130106,36.260851,71.930379,0.996411,1.095507,0.761216,508.869471,65.774417,1.103838,65.513067,89.982,0.630621,0.507,4.253048592
"CL3160","H000008135","Prevenar","AA0268",2019-07-19,34.166802,29.114855,497.588652,1319,508,5,487.453664,708.475453,34.838981,68.491775,1.019673,1.020933,-0.194347,498.203318,65.061604,1.022053,63.736416,88.291,0.477832,0.508,4.4686805208
"ER3800","H000010932","Prevenar","EE6081",2021-04-04,32.83954,28.082075,480.669197,1367,490,4,477.659788,802.615186,31.756221,63.345533,0.967012,1.018446,0.42954,506.235455,64.084619,1.059824,63.683393,88.947,-0.653779,0.49,NA
"FP0772","H000011374","Prevenar","ER8659",2022-01-05,32.320277,27.437385,499.666533,1353,495,5,501.001431,760.508282,32.467423,70.417311,1.004553,0.990979,-0.525934,492.915133,65.187278,0.98386,65.361431,87.693,-0.378787,0.495,4.2653427848
"DJ2751","H000014198","Prevenar","CL6510",2020-02-05,37.060984,31.952388,515.340734,1322,507,5,472.915276,978.542885,36.071841,74.289078,0.97331,0.984486,1.457534,521.257896,74.138742,1.102223,68.035266,88.679,0.46839,0.507,4.0890239227
"L95543","H000008135","Prevenar","L03268",2015-05-11,32.609112,27.025634,550.062578,1351,496,5,533.434134,826.461693,32.82903,57.841248,1.006744,0.901884,-0.670707,492.769162,72.315902,0.923768,70.129785,88.855,-0.450789,0.496,4.6871653453
"GJ2986","H000019252","Prevenar","FX7964",2022-07-30,42.920051,37.318969,446.346524,1289,520,5,461.206861,917.605217,39.043957,70.857037,0.90969,1.164633,5.43259,571.436088,65.943178,1.239002,68.138642,89.137,1.556496,0.52,4.4944120733
"HF3786","H000017723","Prevenar","HA3693",2023-09-03,32.581306,28.099277,559.411146,1340,500,4,564.791002,736.777398,31.778835,68.105094,0.97537,0.893188,0.707025,512.276596,68.291921,0.90702,68.948684,88.442,-0.095445,0.5,4.8352868528
"M97038","H000007688","Prevenar","L78985",2015-12-12,37.317911,31.476702,510.412299,1348,497,5,512.257869,857.718172,37.323251,70.589263,1.000143,0.9733,1.617769,496.713308,75.58675,0.969655,75.86006,89.645,1.623109,0.497,4.4158521077
"N90915","H000011374","Prevenar","M35795",2016-08-22,30.038636,25.870305,511.185682,1370,489,4,521.326645,763.478701,30.400739,65.170555,1.012055,0.956824,-1.138994,483.288872,65.658653,0.927037,66.961197,89.937,-0.77689,0.489,4.7534132651
"MW1324","H000035016","Prevenar","MG4281",2025-09-17,33.098757,26.926521,549.117549,1493,516,5,510.728262,813.881478,32.742554,NA,0.989238,0.939142,1.290876,521.309774,NA,1.020718,NA,89.697,0.934673,0.516,NA
"CM3333","H000008090","Prevenar","CA6594",2019-11-10,32.632791,28.057958,562.368753,1265,530,5,528.40666,983.81531,34.171746,77.78207,1.04716,0.942951,0.431951,506.404167,68.145452,0.958361,64.03007,89.23,1.970906,0.53,4.2415785191
"DJ2706","H000008135","Prevenar","CL6510",2020-02-22,37.060984,31.952388,515.340734,1322,507,5,472.915276,978.542885,36.071841,74.289078,0.97331,0.984486,1.457534,521.257896,74.138742,1.102223,68.035266,88.679,0.46839,0.507,4.1752858206
"CM3131","H000008135","Prevenar","AM9030",2019-09-08,33.469938,28.1335,543.037623,1370,489,5,555.685723,837.53978,32.402512,69.187094,0.968108,0.900029,0.362318,504.850541,67.822997,0.908518,69.402689,88.843,-0.705108,0.489,4.6477388648
"FA1611","H000010932","Prevenar","EC6010",2021-05-14,34.964142,30.083519,534.175011,1319,508,5,521.502976,862.987638,33.318744,68.24447,0.95294,0.950852,2.227402,533.004275,70.999759,1.022054,69.315458,89.103,0.582004,0.508,NA
"MY7332","H000011802","Prevenar","MC9133",2025-08-23,36.557666,30.257658,497.176508,1307,513,5,519.319641,763.772909,32.777138,NA,0.896587,1.031423,4.517467,571.945808,NA,1.101337,NA,88.942,0.736939,0.513,4.3616629258
"T37737","H000010932","Prevenar","T02211",2017-08-11,31.311915,27.235722,522.655123,1330,504,5,510.690908,846.378657,33.074491,67.498425,1.056291,0.965032,-1.211885,477.499986,66.499371,0.935008,64.977119,88.83,0.550692,0.504,NA
"CW6582","H000013782","Prevenar","CA6596",2019-11-24,33.964924,29.185043,523.376623,1324,506,5,491.588668,835.167703,35.028736,76.571567,1.031321,0.965918,-0.711765,490.185746,72.043669,0.997146,67.668004,88.974,0.352046,0.506,4.1769870338
"FF8654","H000008135","Prevenar","ER8660",2021-10-26,36.654264,31.149682,505.682606,1270,528,5,527.61406,781.900431,33.505522,68.183468,0.914096,1.044594,4.879484,577.874762,66.153745,1.09526,69.022833,89.706,1.730742,0.528,4.608154777
"HN7782","H000032244","Prevenar","HE8765",2024-01-26,38.48706,33.326854,480.045872,1254,535,5,498.688751,842.527106,38.405991,71.418412,0.997894,1.115428,2.622989,536.587005,70.192435,1.075996,72.918402,89.438,2.54192,0.535,NA
"CG7294","H000008135","Prevenar","AA0268",2019-05-29,34.166802,29.114855,497.588652,1319,508,5,487.453664,708.475453,34.838981,68.491775,1.019673,1.020933,-0.194347,498.203318,65.061604,1.022053,63.736416,88.291,0.477832,0.508,4.4700282043
"EA9688","H000010932","Prevenar","CW4302",2020-08-10,37.377597,32.177945,529.212656,1312,511,5,530.417354,855.194296,36.803434,77.752654,0.984639,0.965341,1.371325,518.84066,76.173432,0.978174,76.346833,89.047,0.797163,0.511,NA
"LL4204","H000019489","Prevenar","LH1388",2024-11-25,31.015032,26.292981,537.313433,1513,509,5,535.631881,769.941556,33.562677,73.746933,1.082142,0.947369,-1.671407,470.394656,72.769873,0.878205,72.542136,89.635,0.876237,0.509,NA
"LL4194","H000019489","Prevenar","LL2273",2024-10-27,34.261785,29.156118,555.555556,1493,516,5,516.230189,861.265904,34.848681,65.146737,1.01713,0.928758,0.433633,507.286938,69.85206,0.982676,64.907536,88.319,1.02053,0.516,NA
"W72425","H000006081","Prevenar","T78048",2018-05-19,33.329131,28.225519,553.997699,1263,531,5,548.36707,805.155322,34.639497,71.671762,1.039316,0.959242,0.730552,511.315143,73.0519,0.932432,72.309427,89.517,2.040917,0.531,4.365115461
"L30167","H000008135","Prevenar","L45102",2015-05-30,35.802119,30.429686,520.333754,1235,543,5,561.014433,792.147024,35.79005,68.709195,0.999663,1.043851,2.86011,543.334164,67.818649,0.968485,73.120839,89.918,2.848041,0.543,4.2303594284
"R59716","H000008135","Prevenar","N16509",2016-10-22,35.017181,30.460106,479.967559,1345,498,5,464.609001,936.027006,36.092024,65.651805,1.030695,1.037843,-1.339848,483.296267,67.201444,1.040221,65.051054,89.849,-0.265005,0.498,4.3451590695
"DW4266","H000010932","Prevenar","DE6964",2020-06-09,34.732918,29.428254,532.032032,1345,498,5,512.808526,866.958179,33.764073,74.185393,0.972106,0.936937,0.711018,512.784171,73.02933,0.999953,70.390617,89.32,-0.257827,0.498,NA
"H81496","H000002634","Prevenar","H08588",2014-01-26,NA,NA,589.24681,1299,516,5,515.343357,777.492273,NA,NA,NA,0.876311,NA,545.651115,NA,1.058811,NA,NA,NA,0.516,4.7578865796
"M21966","H000004330","Prevenar","L78985",2015-09-19,37.317911,31.476702,510.412299,1348,497,5,512.257869,857.718172,37.323251,70.589263,1.000143,0.9733,1.617769,496.713308,75.58675,0.969655,75.86006,89.645,1.623109,0.497,4.3162499124
"N90912","H000008090","Prevenar","M91475",2016-09-27,33.390557,25.658763,496.206949,1312,511,5,519.002715,814.243875,33.390619,65.338372,1.000002,1.030495,0.757447,511.337766,62.347286,0.985231,65.211523,89.05,0.757509,0.511,4.7160979463
"GH5502","H000010932","Prevenar","FX7963",2022-09-09,37.150771,31.505768,520.111061,1249,537,5,527.887857,835.990253,37.675195,67.589601,1.014116,1.031682,2.13074,529.120303,68.592581,1.002335,69.618189,88.446,2.655164,0.537,NA
"GH5610","H000013782","Prevenar","GD9427",2022-11-11,33.859219,28.377892,538.875103,1272,527,5,522.102252,813.787333,33.923922,70.709609,1.001911,0.977343,1.61089,525.661446,68.637452,1.006817,66.501065,89.734,1.675593,0.527,4.4842467205
"FP0676","H000006081","Prevenar","FH2518",2022-05-05,37.689702,31.632993,528.20982,1272,527,6,530.383264,909.545187,38.090483,84.205828,1.010634,0.998054,1.672662,521.634844,78.593561,0.983505,78.916953,89.062,2.073443,0.527,4.5062256365
"GR2540","H000008135","Prevenar","GG0364",2022-12-27,37.853613,32.825179,493.573446,1375,487,5,489.578249,885.652934,36.376408,72.571678,0.960976,0.987117,0.393145,507.000233,74.366498,1.035586,73.764543,89.403,-1.08406,0.487,4.679424895
"H20766","H000004331","Prevenar","G44649",2013-07-07,NA,NA,491.658568,1251,536,5,522.420549,816.645492,NA,NA,NA,1.091043,NA,544.492669,NA,1.04225,NA,NA,NA,0.536,4.3883069522
"G68765","H000002634","Prevenar","G12095",2012-11-30,NA,NA,542.346542,1340,500,5,536.45662,804.926447,NA,NA,NA,0.921354,NA,516.232077,NA,0.9623,NA,NA,NA,0.5,4.4884298719
"H96892","H000004331","Prevenar","G85984",2013-12-31,NA,NA,588.326486,1280,524,4,567.045,716.806943,NA,NA,NA,0.890491,NA,521.29963,NA,0.919327,NA,NA,NA,0.524,4.5617278069
"EP6207","H000008135","Prevenar","EG3841",2021-04-13,32.903134,27.996564,456.792604,1381,485,5,474.499459,843.541495,34.10148,65.828132,1.03642,1.062135,-2.422454,468.125964,64.449094,0.986568,66.947363,88.281,-1.224108,0.485,4.5768860392
"GC1487","H000008135","Prevenar","FT3234",2022-06-04,34.281985,29.007039,530.711959,1364,491,5,514.839254,794.902817,32.805919,64.855292,0.956943,0.925857,0.985824,513.471787,69.363736,0.997344,67.289183,89.418,-0.490242,0.491,4.5775379507
"G86639","H000002634","Prevenar","G44647",2013-01-28,NA,NA,575.082875,1307,513,5,559.43219,867.836941,NA,NA,NA,0.892853,NA,534.369584,NA,0.9552,NA,NA,NA,0.513,4.3560392733
"GW4144","H000010932","Prevenar","GD9428",2023-04-19,35.670435,30.260224,527.929442,1289,520,5,519.88649,799.137641,35.266285,67.738999,0.98867,0.984079,1.749674,525.478134,70.832934,1.010756,69.753801,89.862,1.345524,0.52,NA
"M97234","H000008135","Prevenar","L78983",2015-12-10,31.666306,26.520123,619.878604,1312,511,5,607.101323,768.68407,33.069977,71.305175,1.044327,0.823918,-0.686393,489.050946,77.67291,0.805551,76.071873,89.729,0.717278,0.511,4.7517076401
"MG3450","H000010932","Prevenar","LY2086",2025-07-31,35.147945,29.466173,535.851259,1211,554,5,522.026993,727.295727,34.062994,NA,0.969132,1.034698,4.357654,572.103832,NA,1.095928,NA,89.605,3.272703,0.554,4.4694216079
"L67961","H000008090","Prevenar","J53524",2015-04-04,35.257854,30.060065,571.73095,1231,545,5,552.716756,777.40499,35.443293,69.903407,1.00526,0.953276,2.649745,542.165754,74.341468,0.980911,71.869075,88.88,2.835184,0.545,4.5175664612
"L95556","H000006081","Prevenar","L45101",2015-05-28,36.142837,30.119226,536.922624,1251,536,5,523.002679,870.454142,37.091074,72.522698,1.026236,0.997944,1.638386,522.120482,74.007395,0.998313,72.088723,89.132,2.586622,0.536,4.4333007145
"T67401","H000011374","Prevenar","T02211",2017-09-10,31.311915,27.235722,522.655123,1330,504,5,510.690908,846.378657,33.074491,67.498425,1.056291,0.965032,-1.211885,477.499986,66.499371,0.935008,64.977119,88.83,0.550692,0.504,4.6642774101
"W44032","H000013782","Prevenar","T78048",2018-04-15,33.329131,28.225519,553.997699,1263,531,5,548.36707,805.155322,34.639497,71.671762,1.039316,0.959242,0.730552,511.315143,73.0519,0.932432,72.309427,89.517,2.040917,0.531,4.314939496
"AJ9193","H000010932","Prevenar","X72402",2018-11-28,35.701937,30.672129,513.996996,1224,548,5,494.324267,801.749135,37.19682,64.271195,1.041871,1.0664,1.822276,526.097795,66.762996,1.064277,64.207708,88.415,3.317158,0.548,NA
"G09766","H000002634","Prevenar","F64679",2012-06-18,NA,NA,405.373241,NA,493,NA,401.739768,835.732911,NA,NA,NA,1.216886,NA,502.332367,NA,1.250392,NA,NA,NA,NA,4.2918210893
"L22464","H000006081","Prevenar","J41701",2015-01-09,32.540882,26.44803,578.069469,1135,592,5,558.438475,818.134774,35.165726,67.85301,1.080663,1.024316,3.097312,547.928501,68.429306,0.98118,66.105476,89.579,5.722156,0.592,4.1431106158
"X23345","H000010932","Prevenar","W42918",2018-07-25,32.466455,28.060098,531.895589,1317,509,5,521.881838,830.620381,33.812776,72.88937,1.041468,0.95785,-0.661685,489.190426,71.709435,0.937359,70.359395,89.426,0.684636,0.509,4.0426846713
"FP0883","H000013782","Prevenar","ER8659",2022-01-28,32.320277,27.437385,499.666533,1353,495,5,501.001431,760.508282,32.467423,70.417311,1.004553,0.990979,-0.525934,492.915133,65.187278,0.98386,65.361431,87.693,-0.378787,0.495,4.6132549721
"G68771","H000002634","Prevenar","G12660",2013-01-02,NA,NA,556.629406,1289,520,5,550.396698,847.912475,NA,NA,NA,0.934139,NA,498.844006,NA,0.906335,NA,NA,NA,0.52,4.3642371275
"EP6205","H000008135","Prevenar","DY9971",2021-05-04,35.029005,29.63065,492.1875,1348,497,5,498.727038,833.975387,34.604304,70.23055,0.987876,1.01024,0.287917,503.329891,69.486894,1.009229,70.410144,89.303,-0.136785,0.497,4.7114784173
"GR2965","H000006081","Prevenar","GJ3337",2023-01-15,39.875879,34.519261,518.082422,1263,531,5,516.324285,843.394017,38.231438,71.945287,0.958761,1.024845,3.776109,553.79175,71.738112,1.072566,71.494665,89.438,2.131668,0.531,4.4231183423
"GD6692","H000014198","Prevenar","FN7274",2022-05-17,38.759385,31.843934,633.186491,1040,647,5,627.160829,661.17433,37.447818,76.669109,0.966161,1.022208,9.837316,669.917513,74.868572,1.068175,74.156092,89.704,8.525749,0.647,4.525519812
"J56516","H000004331","Prevenar","H28262",2014-08-08,27.686804,23.698251,556.900029,1340,500,4,559.043494,635.23487,27.980729,61.069799,1.010616,0.898508,-0.225435,495.122704,60.746019,0.88566,60.979826,89.862,0.06849,0.5,4.6338202301
"N41741","H000011802","Prevenar","L78987",2016-04-09,32.703676,27.978635,541.730475,1353,495,5,533.916211,786.86749,32.798277,69.304005,1.002893,0.914486,-0.360194,493.975928,72.769126,0.925194,71.719458,88.664,-0.265593,0.495,4.3530799375
"FH0024","H000011044","Prevenar","EP0208",2021-08-01,34.382482,29.228655,510.913559,1302,515,5,494.064027,776.838421,33.806633,70.61127,0.983252,1.008111,1.740972,523.830707,69.11764,1.060249,66.838194,88.67,1.165123,0.515,4.5432290498
"HP2981","H000029483","Prevenar","HA3695",NA,35.372199,30.171093,547.99818,1254,535,5,535.805423,854.670307,38.01344,73.262044,1.07467,0.975912,-0.326192,497.639494,73.695886,0.928769,72.05618,89.336,2.315049,0.535,NA
"MY7331","H000033648","Prevenar","LY2082",2025-08-19,31.549138,25.395454,510.635261,1359,493,4,438.898103,689.897645,29.912218,NA,0.948115,0.966377,1.116597,520.470465,NA,1.185857,NA,89.332,-0.520323,0.493,NA
"R59703","H000008090","Prevenar","N48136",2016-12-28,36.391445,31.343582,462.839167,1322,507,5,461.000104,932.130106,36.260851,71.930379,0.996411,1.095507,0.761216,508.869471,65.774417,1.103838,65.513067,89.982,0.630621,0.507,4.3601388536
"R98841","H000010932","Prevenar","N28779",2016-11-14,34.03558,29.497155,485.316847,1449,462,5,460.765664,876.810431,34.074292,69.977037,1.001137,0.952681,-2.805679,461.826623,69.341987,1.002303,65.834118,88.673,-2.766967,0.462,NA
"EK9778","H000006081","Prevenar","DR8857",2020-11-09,36.548088,31.685155,527.460921,1319,508,5,464.153608,913.707909,38.403106,67.34125,1.050756,0.962845,-1.169101,483.331486,74.210984,1.041318,65.303977,88.935,0.685916,0.508,4.1037422891
"FD1841","H000019489","Prevenar","EC6010",2021-06-07,34.964142,30.083519,534.175011,1319,508,5,521.502976,862.987638,33.318744,68.24447,0.95294,0.950852,2.227402,533.004275,70.999759,1.022054,69.315458,89.103,0.582004,0.508,NA
"H99743","H000002634","Prevenar","G16360",2014-01-06,NA,NA,488,1389,482,5,489.008427,871.465466,NA,NA,NA,0.987999,NA,461.042659,NA,0.942811,NA,NA,NA,0.482,4.518391007
"J27345","H000004331","Prevenar","G53268",2014-05-03,NA,NA,523.103749,1412,474,4,516.147636,838.13546,NA,NA,NA,0.905829,NA,470.976382,NA,0.912484,NA,NA,NA,0.474,4.9382873796
"S26361","H000011373","Prevenar","N48139",2017-03-26,35.651912,30.878211,517.236001,1297,517,5,511.137496,869.030106,35.786495,70.051427,1.003775,1.000258,1.171283,515.423962,69.2845,1.008386,68.467597,88.839,1.305866,0.517,4.6008142763
"HG8785","H000019489","Prevenar","HA3695",2023-10-12,35.372199,30.171093,547.99818,1254,535,5,535.805423,854.670307,38.01344,73.262044,1.07467,0.975912,-0.326192,497.639494,73.695886,0.928769,72.05618,89.336,2.315049,0.535,NA
"NX0588","H000008090","Prevenar","MT7607",2026-06-10,35.740002,30.065935,497.597309,1375,487,5,505.486284,798.392524,32.812345,NA,0.918085,0.979454,2.235902,530.858978,NA,1.050195,NA,87.412,-0.691755,0.487,4.4651513212
"S25815","H000011373","Prevenar","N48138",2017-02-19,37.840677,30.732315,507.819482,1340,500,5,484.056306,900.027812,37.802699,79.780811,0.998996,0.983731,0.127108,500.059816,75.709026,1.033061,72.166257,89.729,0.089129,0.5,4.4210438251
"AR7679","H000006081","Prevenar","AA1755",2019-03-28,35.366807,30.524104,459.989997,1340,500,5,486.257787,915.115154,35.857355,68.963351,1.01387,1.087205,-0.417972,493.261632,65.80452,1.014404,69.562296,88.982,0.072576,0.5,4.5065835177
"H38703","H000004331","Prevenar","G16360",2014-02-22,NA,NA,488,1389,482,5,489.008427,871.465466,NA,NA,NA,0.987999,NA,461.042659,NA,0.942811,NA,NA,NA,0.482,4.3324495008
"H31650","H000004331","Prevenar","G54764",2013-07-25,NA,NA,564.586068,1282,523,5,547.031689,855.609762,NA,NA,NA,0.925937,NA,558.033966,NA,1.020113,NA,NA,NA,0.523,4.2647254069
"CJ4095","H000019489","Prevenar","AM9030",2019-06-20,33.469938,28.1335,543.037623,1370,489,5,555.685723,837.53978,32.402512,69.187094,0.968108,0.900029,0.362318,504.850541,67.822997,0.908518,69.402689,88.843,-0.705108,0.489,NA
"FJ2041","H000011373","Prevenar","EN6054",2021-10-13,29.23637,24.948861,509.625963,1332,503,5,496.967372,804.38986,33.262679,57.146316,1.137716,0.986954,-3.79332,442.094275,67.345438,0.889584,65.672645,89.821,0.232989,0.503,4.0988831882
"HA2748","H000019489","Prevenar","GR5832",2023-06-11,38.353455,32.854194,506.321308,1314,510,5,520.58666,948.515386,39.383234,74.795763,1.02685,1.006689,-0.183433,496.380413,75.793227,0.953502,77.928664,89.884,0.846346,0.51,NA
"HA2735","H000013782","Prevenar","GW0213",2023-07-02,33.966608,27.442478,560.795192,1280,524,5,566.75243,777.967186,34.557143,70.615358,1.017386,0.933977,1.055609,514.819406,69.724708,0.908367,70.465382,89.121,1.646143,0.524,4.5878303579
"LX2597","H000010932","Prevenar","LX1720",2025-02-08,31.406578,27.199084,570.026613,1372,488,4,531.093842,716.924298,29.775645,68.308146,0.94807,0.855513,0.790117,514.376412,69.550339,0.96842,64.800057,88.523,-0.840816,0.488,NA
"ED8303","H000006081","Prevenar","DL7418",2020-11-04,33.690225,29.020656,522.80634,1294,518,5,519.80723,788.915972,33.864673,63.395272,1.005178,0.99154,1.157296,515.712971,64.734858,0.992124,64.363502,89.855,1.331745,0.518,4.307258764
"GW4145","H000010932","Prevenar","GD9427",2023-05-09,33.859219,28.377892,538.875103,1272,527,5,522.102252,813.787333,33.923922,70.709609,1.001911,0.977343,1.61089,525.661446,68.637452,1.006817,66.501065,89.734,1.675593,0.527,NA
"FM6064","H000011044","Prevenar","ER8659",2021-12-29,32.320277,27.437385,499.666533,1353,495,5,501.001431,760.508282,32.467423,70.417311,1.004553,0.990979,-0.525934,492.915133,65.187278,0.98386,65.361431,87.693,-0.378787,0.495,4.4983276145
"NJ6144","H000008090","Prevenar","ML0571",2025-10-19,33.977166,28.957824,511.945955,1294,518,5,511.128064,862.062722,36.496069,NA,1.074135,1.012028,-1.138393,482.34476,NA,0.943687,NA,88.371,1.38051,0.518,4.3428924748
"AW6842","H000008090","Prevenar","AM9028",2019-07-12,31.579869,26.85798,579.386159,1330,504,4,572.369343,796.054398,32.091052,72.995959,1.016187,0.870043,-0.30461,496.061059,71.177169,0.86668,70.315158,88.751,0.206573,0.504,4.2
"ED8329","H000017723","Prevenar","DN7200",2020-10-24,37.188444,31.131078,498.748044,1404,477,6,489.656177,938.103698,35.48329,67.926176,0.954148,0.957023,0.139155,500.250533,71.063044,1.021636,69.767609,89.118,-1.565999,0.477,4.4397124515
"FT0525","H000011374","Prevenar","ER8660",2022-02-12,36.654264,31.149682,505.682606,1270,528,5,527.61406,781.900431,33.505522,68.183468,0.914096,1.044594,4.879484,577.874762,66.153745,1.09526,69.022833,89.706,1.730742,0.528,4.1330975721
"S89836","H000011374","Prevenar","S18368",2017-06-03,33.28834,28.099133,434.952656,1309,512,6,469.853405,859.426899,35.316359,66.767166,1.060923,1.176913,-1.02179,482.505731,61.753492,1.026928,66.708613,89.505,1.006229,0.512,4.3549382716
"AL4551","H000008135","Prevenar","X72402",2019-02-06,35.701937,30.672129,513.996996,1224,548,5,494.324267,801.749135,37.19682,64.271195,1.041871,1.0664,1.822276,526.097795,66.762996,1.064277,64.207708,88.415,3.317158,0.548,4.3215725557
"EL3816","H000006081","Prevenar","DY9970",2020-12-12,32.501967,26.724274,493.947072,1327,505,4,501.870041,810.772549,32.63559,63.49669,1.004111,1.021936,0.131197,502.715717,63.437616,1.001685,64.455163,89.942,0.264821,0.505,4.4463094601
"FD9112","H000019489","Prevenar","EC6010",2021-07-22,34.964142,30.083519,534.175011,1319,508,5,521.502976,862.987638,33.318744,68.24447,0.95294,0.950852,2.227402,533.004275,70.999759,1.022054,69.315458,89.103,0.582004,0.508,NA
"GG9470","H000019489","Prevenar","FT3234",2022-07-26,34.281985,29.007039,530.711959,1364,491,5,514.839254,794.902817,32.805919,64.855292,0.956943,0.925857,0.985824,513.471787,69.363736,0.997344,67.289183,89.418,-0.490242,0.491,NA
"GR3606","H000011044","Prevenar","GP4368",2023-03-17,33.962559,28.891935,531.334965,1231,545,5,527.725564,819.435881,37.16303,74.160943,1.094235,1.025205,0.115769,497.815643,72.580292,0.943323,72.087248,89.046,3.31624,0.545,4.479234856
"CK6580","H000013782","Prevenar","AL6315",2019-07-11,36.245892,27.624091,473.80856,1343,499,5,491.377819,900.207058,36.679584,70.683459,1.011965,1.054105,-0.373199,493.538507,69.970822,1.004397,72.565405,88.847,0.060493,0.499,4.3958083516
"DJ2707","H000008135","Prevenar","CM4654",2020-02-29,37.75738,32.305048,517.930256,1299,516,5,495.800177,890.631804,36.671055,74.164796,0.971229,0.995915,2.312392,531.094831,70.069146,1.071187,67.075237,89.741,1.226067,0.516,4.2628109189
"L44678","H000008135","Prevenar","L45101",2015-05-24,36.142837,30.119226,536.922624,1251,536,5,523.002679,870.454142,37.091074,72.522698,1.026236,0.997944,1.638386,522.120482,74.007395,0.998313,72.088723,89.132,2.586622,0.536,4.2672201007
"W28192","H000006081","Prevenar","T32888",2018-04-06,36.120599,30.974095,519.548656,1247,538,5,522.549901,793.689555,36.126222,75.67838,1.000156,1.035489,2.64623,537.903234,71.334935,1.029382,71.747011,88.83,2.651853,0.538,4.1798591405
"LC5395","H000019489","Prevenar","HR1838",2024-06-02,33.708942,NA,576.523031,1427,540,5,556.204325,774.743161,33.196116,65.981035,0.984787,0.936971,3.051452,548.530228,69.826597,0.986203,67.365661,88.604,2.538626,0.54,NA
"AW6840","H000008090","Prevenar","AL6315",2019-06-08,36.245892,27.624091,473.80856,1343,499,5,491.377819,900.207058,36.679584,70.683459,1.011965,1.054105,-0.373199,493.538507,69.970822,1.004397,72.565405,88.847,0.060493,0.499,4.2372335729
"EH7872","H000008135","Prevenar","DH4001",2020-10-01,36.272011,30.942096,481.466113,1395,480,5,480.916141,862.281893,34.157778,64.338957,0.941712,0.996641,0.769932,509.549443,69.157677,1.059539,69.078679,89.837,-1.344301,0.48,4.5857868098
"H50981","H000004331","Prevenar","G57867",2013-10-05,NA,NA,525.526932,1265,530,4,547.875265,677.392455,NA,NA,NA,1.008424,NA,518.223236,NA,0.945878,NA,NA,NA,0.53,4.4549789514
"DL7815","H000017723","Prevenar","CM4654",2020-03-03,37.75738,32.305048,517.930256,1299,516,5,495.800177,890.631804,36.671055,74.164796,0.971229,0.995915,2.312392,531.094831,70.069146,1.071187,67.075237,89.741,1.226067,0.516,4.1359538869
"EL3807","H000008135","Prevenar","DX7884",2021-01-19,38.830663,33.677474,487.89144,1287,521,5,482.695811,866.72994,38.615012,71.576277,0.994446,1.067626,1.949144,523.794325,74.347349,1.085144,73.555613,88.624,1.733493,0.521,4.1156059194
"H26118","H000002634","Prevenar","G54765",2013-09-02,NA,NA,478.742264,1249,537,5,494.653751,883.602584,NA,NA,NA,1.120745,NA,493.266477,NA,0.997195,NA,NA,NA,0.537,4.0072913809
"AW6846","H000008135","Prevenar","AL6317",2019-05-03,34.412201,29.355668,495.573997,1332,503,5,516.321936,850.374176,34.174812,67.276953,0.993102,1.015348,0.503521,506.675197,63.735547,0.981316,66.40393,89.741,0.266132,0.503,4.1733190614
"G09769","H000002634","Prevenar","F86733",2012-06-28,NA,NA,444.110755,NA,480,NA,434.421616,874.205862,NA,NA,NA,1.081714,NA,488.885727,NA,1.125372,NA,NA,NA,NA,4.1923495542
"AR7667","H000010932","Prevenar","AL6315",2019-03-30,36.245892,27.624091,473.80856,1343,499,5,491.377819,900.207058,36.679584,70.683459,1.011965,1.054105,-0.373199,493.538507,69.970822,1.004397,72.565405,88.847,0.060493,0.499,NA
"GR3513","H000014198","Prevenar","GM6508",2023-02-04,34.149896,29.022377,529.769481,1190,564,5,519.699871,755.227999,36.598109,63.264006,1.07169,1.065461,1.712557,526.690328,67.489541,1.013451,66.206731,88.913,4.160769,0.564,4.2471299779
"L57947","H000008135","Prevenar","J53524",2015-03-13,35.257854,30.060065,571.73095,1231,545,5,552.716756,777.40499,35.443293,69.903407,1.00526,0.953276,2.649745,542.165754,74.341468,0.980911,71.869075,88.88,2.835184,0.545,4.3749993378
"LJ1141","H000019489","Prevenar","LD1764",2024-09-01,30.663297,25.585111,535.791938,1487,518,4,519.425087,684.046143,29.222733,59.543004,0.95302,0.966811,2.438456,543.545337,62.961734,1.046436,61.03844,88.454,0.997893,0.518,NA
"S93497","H000008135","Prevenar","S18368",2017-05-25,33.28834,28.099133,434.952656,1309,512,6,469.853405,859.426899,35.316359,66.767166,1.060923,1.176913,-1.02179,482.505731,61.753492,1.026928,66.708613,89.505,1.006229,0.512,4.1058593486
"LE0994","H000013782","Prevenar","HR8382",2024-07-17,26.266043,22.11233,594.933921,1162,578,4,592.844975,627.107457,29.698339,60.089957,1.130674,0.971864,0.579422,511.371695,61.800129,0.862572,61.583135,88.973,4.011719,0.578,4.4292532682
"M56319","H000008135","Prevenar","L78984",2015-10-28,34.717175,29.505562,541.498791,1317,509,5,529.02884,836.584414,34.263645,68.08866,0.986936,0.939873,1.113224,515.676921,68.856599,0.974761,67.270929,89.419,0.659695,0.509,4.3217525992
"W72985","H000011373","Prevenar","T61735",2018-05-01,30.662327,23.796268,507.684715,1332,503,4,537.918538,845.467692,32.743674,68.065619,1.06788,0.9904,-1.922172,470.849858,68.055503,0.875318,72.108369,89.986,0.159175,0.503,NA
"AP9874","H000011374","Prevenar","AH4655",2019-03-08,35.202192,30.453831,495.568783,1375,487,5,453.369687,899.133861,36.68512,69.471747,1.042126,0.982255,-2.207709,467.097935,74.793512,1.03028,68.424631,89.035,-0.724781,0.487,4.1141828175
"GC1643","H000011374","Prevenar","FX7963",2022-07-05,37.150771,31.505768,520.111061,1249,537,5,527.887857,835.990253,37.675195,67.589601,1.014116,1.031682,2.13074,529.120303,68.592581,1.002335,69.618189,88.446,2.655164,0.537,4.4139818657
"H78831","H000004331","Prevenar","G57867",2013-11-04,NA,NA,525.526932,1265,530,4,547.875265,677.392455,NA,NA,NA,1.008424,NA,518.223236,NA,0.945878,NA,NA,NA,0.53,4.6292189281
"EW0916","H000006081","Prevenar","EG3841",2021-04-25,32.903134,27.996564,456.792604,1381,485,5,474.499459,843.541495,34.10148,65.828132,1.03642,1.062135,-2.422454,468.125964,64.449094,0.986568,66.947363,88.281,-1.224108,0.485,4.7329457239
"GM8418","H000014198","Prevenar","GJ3338",2023-01-09,37.260732,31.790747,529.275093,1270,528,5,531.802818,836.963533,36.437741,73.23448,0.977913,0.998444,2.246152,540.387244,72.069628,1.016142,72.41382,88.685,1.423161,0.528,4.6210091552
"G32136","H000004331","Prevenar","G44647",2013-04-14,NA,NA,575.082875,1307,513,5,559.43219,867.836941,NA,NA,NA,0.892853,NA,534.369584,NA,0.9552,NA,NA,NA,0.513,4.4157124459
"H96881","H000004331","Prevenar","G85984",2013-12-07,NA,NA,588.326486,1280,524,4,567.045,716.806943,NA,NA,NA,0.890491,NA,521.29963,NA,0.919327,NA,NA,NA,0.524,4.4539734341
"M21972","H000007688","Prevenar","L78985",2015-09-13,37.317911,31.476702,510.412299,1348,497,5,512.257869,857.718172,37.323251,70.589263,1.000143,0.9733,1.617769,496.713308,75.58675,0.969655,75.86006,89.645,1.623109,0.497,4.2150746956
"LH9172","H000028394","Prevenar","LD1763",2024-07-05,33.815657,28.678325,577.601848,1438,536,5,541.565645,767.357237,33.918463,68.342659,1.00304,0.927613,2.151078,534.167041,71.359649,0.986338,66.907567,88.776,2.253883,0.536,NA
"M56320","H000008135","Prevenar","M15160",2015-11-03,36.069976,31.045985,537.897478,1258,533,5,547.94042,882.808632,37.375726,76.212483,1.0362,0.991269,0.989265,514.573478,75.56534,0.939105,76.9762,89.733,2.295015,0.533,4.6010805483
"RE8410","H000035016","Prevenar","NT6700",2026-07-01,34.174536,28.690084,530.112045,1568,491,5,514.357949,807.609065,32.52857,NA,0.951836,0.926975,0.918947,516.265682,NA,1.003709,NA,87.468,-0.727019,0.491,NA
"HN9190","H000010932","Prevenar","HG6413",2023-12-23,37.205019,31.993989,528.488727,1220,550,5,516.140699,841.000819,39.621369,75.044351,1.064947,1.040463,1.10164,516.338172,76.347096,1.000383,74.563262,88.751,3.517991,0.55,NA
"FA5690","H000008135","Prevenar","EC6010",2021-05-15,34.964142,30.083519,534.175011,1319,508,5,521.502976,862.987638,33.318744,68.24447,0.95294,0.950852,2.227402,533.004275,70.999759,1.022054,69.315458,89.103,0.582004,0.508,4.6585479468
"ER7173","H000011373","Prevenar","EP0207",2021-03-11,33.605883,28.739924,508.17401,1322,507,5,503.838508,829.604217,35.315289,70.469261,1.050866,0.996997,-1.255556,482.124105,71.358036,0.956902,70.749243,89.163,0.45385,0.507,4.5090811777
"R59701","H000008090","Prevenar","N48136",2016-11-23,36.391445,31.343582,462.839167,1322,507,5,461.000104,932.130106,36.260851,71.930379,0.996411,1.095507,0.761216,508.869471,65.774417,1.103838,65.513067,89.982,0.630621,0.507,4.6046329294
"J80544","H000008090","Prevenar","J41701",2014-10-21,32.540882,26.44803,578.069469,1135,592,5,558.438475,818.134774,35.165726,67.85301,1.080663,1.024316,3.097312,547.928501,68.429306,0.98118,66.105476,89.579,5.722156,0.592,4.1199435416
"FT0529","H000013782","Prevenar","ER8660",2022-04-04,36.654264,31.149682,505.682606,1270,528,5,527.61406,781.900431,33.505522,68.183468,0.914096,1.044594,4.879484,577.874762,66.153745,1.09526,69.022833,89.706,1.730742,0.528,4.3963806328
"FT6711","H000013782","Prevenar","FN7274",2022-05-23,38.759385,31.843934,633.186491,1040,647,5,627.160829,661.17433,37.447818,76.669109,0.966161,1.022208,9.837316,669.917513,74.868572,1.068175,74.156092,89.704,8.525749,0.647,4.4914241304
"L36865","H000008135","Prevenar","J41700",2015-01-20,32.432006,27.899017,521.36007,1270,528,5,497.62817,810.082945,36.178123,67.927133,1.115507,1.011998,-1.754094,472.982805,69.587222,0.950474,66.419666,88.378,1.992023,0.528,4.4311756778
"FM6067","H000011373","Prevenar","ER8659",2021-12-12,32.320277,27.437385,499.666533,1353,495,5,501.001431,760.508282,32.467423,70.417311,1.004553,0.990979,-0.525934,492.915133,65.187278,0.98386,65.361431,87.693,-0.378787,0.495,4.3441207248
"GE7257","H000019489","Prevenar","FH2518",2022-05-31,37.689702,31.632993,528.20982,1272,527,6,530.383264,909.545187,38.090483,84.205828,1.010634,0.998054,1.672662,521.634844,78.593561,0.983505,78.916953,89.062,2.073443,0.527,NA
"DN3839","H000010932","Prevenar","DE6964",2020-06-04,34.732918,29.428254,532.032032,1345,498,5,512.808526,866.958179,33.764073,74.185393,0.972106,0.936937,0.711018,512.784171,73.02933,0.999953,70.390617,89.32,-0.257827,0.498,NA
"AW6507","H000008135","Prevenar","AL6316",2019-04-28,38.269591,33.237761,516.364136,1404,477,5,509.926441,858.638862,34.474041,71.920463,0.900821,0.923053,2.259063,529.108151,76.457813,1.037617,75.504586,89.453,-1.536487,0.477,4.4059973179
"MG4227","H000031244","Prevenar","ML0570",2025-10-09,31.407444,26.05803,501.554574,1353,495,5,491.965896,767.703143,31.903319,NA,1.015788,0.985965,-0.873817,486.829104,NA,0.989559,NA,88.74,-0.377942,0.495,NA
"R59715","H000008135","Prevenar","N16509",2016-10-20,35.017181,30.460106,479.967559,1345,498,5,464.609001,936.027006,36.092024,65.651805,1.030695,1.037843,-1.339848,483.296267,67.201444,1.040221,65.051054,89.849,-0.265005,0.498,4.467400503
"HJ6205","H000017723","Prevenar","HA3690",2023-08-06,35.010486,29.726805,549.637178,1265,530,5,522.538403,745.964259,34.06714,68.842816,0.973055,0.964446,2.879737,544.774277,70.819431,1.042554,67.327819,88.227,1.936392,0.53,4.4356734728
"R59734","H000011373","Prevenar","N28779",2016-11-18,34.03558,29.497155,485.316847,1449,462,5,460.765664,876.810431,34.074292,69.977037,1.001137,0.952681,-2.805679,461.826623,69.341987,1.002303,65.834118,88.673,-2.766967,0.462,4.5697853895
"R59719","H000008135","Prevenar","N16509",2016-11-03,35.017181,30.460106,479.967559,1345,498,5,464.609001,936.027006,36.092024,65.651805,1.030695,1.037843,-1.339848,483.296267,67.201444,1.040221,65.051054,89.849,-0.265005,0.498,4.4679789621
"DJ2692","H000006081","Prevenar","CH7196",2020-01-12,34.700561,29.456004,497.062195,1314,510,5,517.589766,864.098604,33.817721,72.60929,0.974558,1.026916,1.560611,523.766384,67.657224,1.011933,70.451318,88.903,0.677771,0.51,4.4841729245
"LC5373","H000013782","Prevenar","HL6201",2024-05-29,36.243495,31.247071,496.88057,1207,556,5,514.173998,823.045523,39.200833,75.54376,1.081596,1.118139,0.664466,513.66813,68.187496,0.999016,70.560693,89.288,3.621804,0.556,4.3051672204
"EC6043","H000010932","Prevenar","DH4001",2020-08-31,36.272011,30.942096,481.466113,1395,480,5,480.916141,862.281893,34.157778,64.338957,0.941712,0.996641,0.769932,509.549443,69.157677,1.059539,69.078679,89.837,-1.344301,0.48,NA
"ED8337","H000010932","Prevenar","DN7200",2020-10-10,37.188444,31.131078,498.748044,1404,477,6,489.656177,938.103698,35.48329,67.926176,0.954148,0.957023,0.139155,500.250533,71.063044,1.021636,69.767609,89.118,-1.565999,0.477,NA
"LJ1163","H000031244","Prevenar","HG6413",2024-06-24,37.205019,31.993989,528.488727,1220,550,5,516.140699,841.000819,39.621369,75.044351,1.064947,1.040463,1.10164,516.338172,76.347096,1.000383,74.563262,88.751,3.517991,0.55,NA
"LL4203","H000019489","Prevenar","LH1388",2024-11-27,31.015032,26.292981,537.313433,1513,509,5,535.631881,769.941556,33.562677,73.746933,1.082142,0.947369,-1.671407,470.394656,72.769873,0.878205,72.542136,89.635,0.876237,0.509,NA
"GR2555","H000019489","Prevenar","GD9424",2022-12-30,34.299261,29.810102,510.814815,1378,486,4,492.444674,768.143343,31.029423,66.967771,0.904667,0.951865,2.452652,537.464929,70.317862,1.091422,67.789061,89.71,-0.817186,0.486,NA
"AK9116","H000014198","Prevenar","X37457",2019-01-01,34.453865,29.423984,546.111347,1340,500,5,539.736507,925.361388,35.185874,68.014046,1.021246,0.915416,-0.658066,489.518541,71.734616,0.906958,70.897246,89.439,0.073943,0.5,4.5977416965
"T19578","H000008135","Prevenar","R48338",2017-07-08,34.786135,30.179128,436.342593,1353,495,5,436.266729,895.053158,34.691104,62.567241,0.997268,1.135558,-0.376706,496.849455,60.14373,1.138866,60.133273,89.34,-0.471738,0.495,4.0584013038
"GW4136","H000006081","Prevenar","GR5829",2023-05-07,31.944061,27.201208,557.860765,1343,499,4,546.266469,807.874059,31.930121,72.20982,0.999564,0.894078,-0.180638,498.988645,72.026702,0.913453,70.529735,89.038,-0.194578,0.499,5.1234654462
"HE3376","H000017723","Prevenar","HA3690",2023-08-02,35.010486,29.726805,549.637178,1265,530,5,522.538403,745.964259,34.06714,68.842816,0.973055,0.964446,2.879737,544.774277,70.819431,1.042554,67.327819,88.227,1.936392,0.53,4.2851934153
"HG4909","H000011044","Prevenar","HA3691",2023-08-18,32.508301,27.712391,534.547152,1299,516,5,497.360607,754.997649,32.719398,62.865078,1.006494,0.965691,0.802711,512.876751,66.867536,1.031197,62.2158,89.06,1.013809,0.516,4.6124203557
"DK2068","H000013782","Prevenar","CM4654",2020-03-03,37.75738,32.305048,517.930256,1299,516,5,495.800177,890.631804,36.671055,74.164796,0.971229,0.995915,2.312392,531.094831,70.069146,1.071187,67.075237,89.741,1.226067,0.516,4.3764598246
"EL8859","H000010932","Prevenar","DX7884",2020-12-30,38.830663,33.677474,487.89144,1287,521,5,482.695811,866.72994,38.615012,71.576277,0.994446,1.067626,1.949144,523.794325,74.347349,1.085144,73.555613,88.624,1.733493,0.521,NA
"M21965","H000008090","Prevenar","L78985",2015-09-26,37.317911,31.476702,510.412299,1348,497,5,512.257869,857.718172,37.323251,70.589263,1.000143,0.9733,1.617769,496.713308,75.58675,0.969655,75.86006,89.645,1.623109,0.497,4.4133291307
"W61578","H000011374","Prevenar","T22133",2018-03-26,33.334381,28.770425,539.612024,1299,516,5,538.298972,827.201728,36.171339,75.692852,1.085106,0.955917,-1.282817,475.367667,73.628151,0.883092,73.44899,88.273,1.55414,0.516,4.2647919773
"R59674","H000011374","Prevenar","N16509",2016-10-20,35.017181,30.460106,479.967559,1345,498,5,464.609001,936.027006,36.092024,65.651805,1.030695,1.037843,-1.339848,483.296267,67.201444,1.040221,65.051054,89.849,-0.265005,0.498,4.4557723502
"DK2065","H000010932","Prevenar","CL6510",2020-02-15,37.060984,31.952388,515.340734,1322,507,5,472.915276,978.542885,36.071841,74.289078,0.97331,0.984486,1.457534,521.257896,74.138742,1.102223,68.035266,88.679,0.46839,0.507,NA
"LH8150","H000011374","Prevenar","HR8380",2024-05-24,41.663018,35.515483,429.724596,1375,487,6,417.616912,939.998312,40.546917,68.746143,0.973211,1.133155,-0.050491,500.348206,72.318618,1.198103,70.281008,89.35,-1.166592,0.487,4.0151339978
"J80520","H000002634","Prevenar","J10436",2014-10-23,28.529759,24.506961,533.304436,1452,461,4,505.175308,765.892645,28.60389,60.921513,1.002598,0.863517,-2.506891,459.324005,64.089013,0.909237,60.70864,89.837,-2.43276,0.461,4.6582468281
"M81798","H000008135","Prevenar","L78983",2015-12-02,31.666306,26.520123,619.878604,1312,511,5,607.101323,768.68407,33.069977,71.305175,1.044327,0.823918,-0.686393,489.050946,77.67291,0.805551,76.071873,89.729,0.717278,0.511,4.5219117495
"EL8858","H000010932","Prevenar","DR8857",2021-03-17,36.548088,31.685155,527.460921,1319,508,5,464.153608,913.707909,38.403106,67.34125,1.050756,0.962845,-1.169101,483.331486,74.210984,1.041318,65.303977,88.935,0.685916,0.508,NA
"H34415","H000004331","Prevenar","G48529",2013-08-20,NA,NA,560.531898,1292,519,4,553.066038,784.600812,NA,NA,NA,0.92673,NA,541.893525,NA,0.979799,NA,NA,NA,0.519,4.4077425842
"M57894","H000008135","Prevenar","L78984",2015-10-10,34.717175,29.505562,541.498791,1317,509,5,529.02884,836.584414,34.263645,68.08866,0.986936,0.939873,1.113224,515.676921,68.856599,0.974761,67.270929,89.419,0.659695,0.509,4.6023965821
"N31255","H000008135","Prevenar","M15158",2016-04-16,30.185349,25.870819,572.135202,1343,499,4,561.440005,730.006908,29.829174,70.547567,0.9882,0.871821,0.320149,504.755464,70.2071,0.899037,68.894685,89.462,-0.036026,0.499,4.6597708497
"W61581","H000011374","Prevenar","T78048",2018-04-20,33.329131,28.225519,553.997699,1263,531,5,548.36707,805.155322,34.639497,71.671762,1.039316,0.959242,0.730552,511.315143,73.0519,0.932432,72.309427,89.517,2.040917,0.531,4.1870262699
"CR3633","H000013782","Prevenar","AL6316",2019-10-18,38.269591,33.237761,516.364136,1404,477,5,509.926441,858.638862,34.474041,71.920463,0.900821,0.923053,2.259063,529.108151,76.457813,1.037617,75.504586,89.453,-1.536487,0.477,4.5971908297
"EC6018","H000013782","Prevenar","DH4001",2020-10-05,36.272011,30.942096,481.466113,1395,480,5,480.916141,862.281893,34.157778,64.338957,0.941712,0.996641,0.769932,509.549443,69.157677,1.059539,69.078679,89.837,-1.344301,0.48,4.3681947585
"H06757","H000004331","Prevenar","G44647",2013-06-18,NA,NA,575.082875,1307,513,5,559.43219,867.836941,NA,NA,NA,0.892853,NA,534.369584,NA,0.9552,NA,NA,NA,0.513,4.4289380474
"NM6370","H000010932","Prevenar","ML0571",2025-12-11,33.977166,28.957824,511.945955,1294,518,5,511.128064,862.062722,36.496069,NA,1.074135,1.012028,-1.138393,482.34476,NA,0.943687,NA,88.371,1.38051,0.518,4.1932710003
"NM6371","H000010932","Prevenar","MT7607",2026-01-15,35.740002,30.065935,497.597309,1375,487,5,505.486284,798.392524,32.812345,NA,0.918085,0.979454,2.235902,530.858978,NA,1.050195,NA,87.412,-0.691755,0.487,4.5194844047
"NM6372","H000010932","Prevenar","MT7607",2026-05-14,35.740002,30.065935,497.597309,1375,487,5,505.486284,798.392524,32.812345,NA,0.918085,0.979454,2.235902,530.858978,NA,1.050195,NA,87.412,-0.691755,0.487,4.5308809785
"CG1801","H000008135","Prevenar","AA0268",2019-05-08,34.166802,29.114855,497.588652,1319,508,5,487.453664,708.475453,34.838981,68.491775,1.019673,1.020933,-0.194347,498.203318,65.061604,1.022053,63.736416,88.291,0.477832,0.508,4.2856581027
"GG9457","H000028394","Prevenar","FT3234",2022-08-02,34.281985,29.007039,530.711959,1364,491,5,514.839254,794.902817,32.805919,64.855292,0.956943,0.925857,0.985824,513.471787,69.363736,0.997344,67.289183,89.418,-0.490242,0.491,NA
"L90654","H000008135","Prevenar","L03268",2015-04-25,32.609112,27.025634,550.062578,1351,496,5,533.434134,826.461693,32.82903,57.841248,1.006744,0.901884,-0.670707,492.769162,72.315902,0.923768,70.129785,88.855,-0.450789,0.496,4.6370876005
"N90898","H000006081","Prevenar","M15159",2016-08-14,32.248718,27.559041,570.496633,1251,536,4,572.484821,756.954904,32.130236,68.067931,0.996326,0.939325,2.188748,537.857801,68.393257,0.939515,68.631609,88.896,2.070265,0.536,4.6288095708
"S93495","H000008090","Prevenar","S46084",2017-08-11,34.630548,29.461025,530.606566,1188,565,5,507,767.102898,36.071303,66.802263,1.041604,1.064348,2.640168,542.193001,69.922873,1.069034,66.81202,89.79,4.080924,0.565,4.1559101312
"FM6163","H000017723","Prevenar","ER8660",2022-02-05,36.654264,31.149682,505.682606,1270,528,5,527.61406,781.900431,33.505522,68.183468,0.914096,1.044594,4.879484,577.874762,66.153745,1.09526,69.022833,89.706,1.730742,0.528,4.2202324703
"MC2196","H000013782","Prevenar","LY2083",2025-06-21,34.762146,29.557527,482.562665,1229,546,5,467.824418,850.315446,37.343402,-1994.111793,1.074255,1.131062,0.479877,508.081009,66.557724,1.086051,64.524943,89.011,3.061133,0.546,4.0650770873
"LX2596","H000010932","Prevenar","LK1422",2025-01-30,32.160612,27.756779,484.419942,1367,490,4,494.664194,760.409296,31.542108,64.069729,0.980768,1.010926,-0.101679,499.315348,66.244089,1.009227,67.644983,88.574,-0.720183,0.49,NA
"MW1302","H000010932","Prevenar","ML0570",2025-10-31,31.407444,26.05803,501.554574,1353,495,5,491.965896,767.703143,31.903319,NA,1.015788,0.985965,-0.873817,486.829104,NA,0.989559,NA,88.74,-0.377942,0.495,4.6502784637
"T19610","H000006081","Prevenar","S46084",2017-07-21,34.630548,29.461025,530.606566,1188,565,5,507,767.102898,36.071303,66.802263,1.041604,1.064348,2.640168,542.193001,69.922873,1.069034,66.81202,89.79,4.080924,0.565,3.8451519302
"T37755","H000013782","Prevenar","T02214",2017-08-29,29.668403,26.245249,509.66811,1412,474,4,509.374133,749.245151,29.905583,66.455396,1.007994,0.930956,-1.775536,470.715647,63.143149,0.924106,63.106728,88.611,-1.538356,0.474,4.440480236
"GF1156","H000008135","Prevenar","FH2519",2022-08-02,33.522612,28.064301,538.109327,1312,511,5,529.117002,744.497873,32.717014,71.706235,0.975969,0.949476,1.622632,523.502208,68.777207,0.989388,67.627874,89.56,0.817033,0.511,4.5643694563
"M96998","H000008090","Prevenar","L78983",2015-12-27,31.666306,26.520123,619.878604,1312,511,5,607.101323,768.68407,33.069977,71.305175,1.044327,0.823918,-0.686393,489.050946,77.67291,0.805551,76.071873,89.729,0.717278,0.511,4.4165111215
"M32474","H000008135","Prevenar","L78984",2015-09-18,34.717175,29.505562,541.498791,1317,509,5,529.02884,836.584414,34.263645,68.08866,0.986936,0.939873,1.113224,515.676921,68.856599,0.974761,67.270929,89.419,0.659695,0.509,4.3056010068
"LJ1154","H000028394","Prevenar","LL2273",2024-09-24,34.261785,29.156118,555.555556,1493,516,5,516.230189,861.265904,34.848681,65.146737,1.01713,0.928758,0.433633,507.286938,69.85206,0.982676,64.907536,88.319,1.02053,0.516,NA
"FJ5977","H000011044","Prevenar","EP0208",2021-09-27,34.382482,29.228655,510.913559,1302,515,5,494.064027,776.838421,33.806633,70.61127,0.983252,1.008111,1.740972,523.830707,69.11764,1.060249,66.838194,88.67,1.165123,0.515,4.5013461264
"HA8608","H000011374","Prevenar","GP4368",2023-04-05,33.962559,28.891935,531.334965,1231,545,5,527.725564,819.435881,37.16303,74.160943,1.094235,1.025205,0.115769,497.815643,72.580292,0.943323,72.087248,89.046,3.31624,0.545,4.3181956298
"J56511","H000004331","Prevenar","H28262",2014-07-19,27.686804,23.698251,556.900029,1340,500,4,559.043494,635.23487,27.980729,61.069799,1.010616,0.898508,-0.225435,495.122704,60.746019,0.88566,60.979826,89.862,0.06849,0.5,4.3374371482
"LE0960","H000010932","Prevenar","HR8371",2024-06-05,36.097898,31.221353,519.573474,1222,549,5,498.520442,829.425918,38.429728,68.463068,1.064597,1.056291,1.09189,515.519675,71.105484,1.034099,68.224301,89.043,3.42372,0.549,NA
"H38752","H000004331","Prevenar","G16360",2014-02-14,NA,NA,488,1389,482,5,489.008427,871.465466,NA,NA,NA,0.987999,NA,461.042659,NA,0.942811,NA,NA,NA,0.482,4.5186580954
"GH5620","H000019489","Prevenar","GD9424",2022-11-15,34.299261,29.810102,510.814815,1378,486,4,492.444674,768.143343,31.029423,66.967771,0.904667,0.951865,2.452652,537.464929,70.317862,1.091422,67.789061,89.71,-0.817186,0.486,NA
"MG3452","H000010932","Prevenar","LY2082",2025-08-05,31.549138,25.395454,510.635261,1359,493,4,438.898103,689.897645,29.912218,NA,0.948115,0.966377,1.116597,520.470465,NA,1.185857,NA,89.332,-0.520323,0.493,4.4412779204
"M97097","H000006081","Prevenar","M15162",2016-03-06,36.801454,30.901783,464.874858,1348,497,5,472.609252,893.006848,35.756091,70.282751,0.971595,1.069526,0.873903,511.731796,67.902342,1.08278,69.032073,89.48,-0.17146,0.497,4.4245693123
"G68770","H000002634","Prevenar","G12660",2012-12-28,NA,NA,556.629406,1289,520,5,550.396698,847.912475,NA,NA,NA,0.934139,NA,498.844006,NA,0.906335,NA,NA,NA,0.52,4.3479034972
"AJ6040","H000010932","Prevenar","X37457",2018-12-28,34.453865,29.423984,546.111347,1340,500,5,539.736507,925.361388,35.185874,68.014046,1.021246,0.915416,-0.658066,489.518541,71.734616,0.906958,70.897246,89.439,0.073943,0.5,NA
"G96398","H000004331","Prevenar","G12095",2013-03-06,NA,NA,542.346542,1340,500,5,536.45662,804.926447,NA,NA,NA,0.921354,NA,516.232077,NA,0.9623,NA,NA,NA,0.5,4.5190041458
"M02678","H000006081","Prevenar","L78980",2015-07-13,38.019978,33.232234,508.933557,1272,527,5,506.910477,950.354057,39.31671,74.517319,1.034107,1.036202,0.669278,509.964626,74.801117,1.006025,74.503773,88.258,1.96601,0.527,4.2845644665
"DA1911","H000017723","Prevenar","CH7196",2019-12-25,34.700561,29.456004,497.062195,1314,510,5,517.589766,864.098604,33.817721,72.60929,0.974558,1.026916,1.560611,523.766384,67.657224,1.011933,70.451318,88.903,0.677771,0.51,4.4724069339
"S25792","H000008135","Prevenar","N48136",2017-01-04,36.391445,31.343582,462.839167,1322,507,5,461.000104,932.130106,36.260851,71.930379,0.996411,1.095507,0.761216,508.869471,65.774417,1.103838,65.513067,89.982,0.630621,0.507,4.3114716017
"S89895","H000008090","Prevenar","R48338",2017-06-25,34.786135,30.179128,436.342593,1353,495,5,436.266729,895.053158,34.691104,62.567241,0.997268,1.135558,-0.376706,496.849455,60.14373,1.138866,60.133273,89.34,-0.471738,0.495,4.2141481131
"FD1930","H000019489","Prevenar","EC6010",2021-07-13,34.964142,30.083519,534.175011,1319,508,5,521.502976,862.987638,33.318744,68.24447,0.95294,0.950852,2.227402,533.004275,70.999759,1.022054,69.315458,89.103,0.582004,0.508,NA
"CM3130","H000008135","Prevenar","AM9030",2019-09-06,33.469938,28.1335,543.037623,1370,489,5,555.685723,837.53978,32.402512,69.187094,0.968108,0.900029,0.362318,504.850541,67.822997,0.908518,69.402689,88.843,-0.705108,0.489,4.4748704319
"S26395","H000008135","Prevenar","N69712",2017-04-05,36.736087,31.439599,508.850762,1330,504,5,499.398725,904.14224,35.132847,69.891854,0.956358,0.991132,1.885559,527.353172,69.928547,1.055976,68.629606,89.361,0.282318,0.504,4.5256369279
"T19577","H000008135","Prevenar","R48338",2017-06-22,34.786135,30.179128,436.342593,1353,495,5,436.266729,895.053158,34.691104,62.567241,0.997268,1.135558,-0.376706,496.849455,60.14373,1.138866,60.133273,89.34,-0.471738,0.495,4.0696182896
"X06752","H000013782","Prevenar","W12926",2018-07-04,35.29362,30.583589,506.147258,1299,516,5,501.333333,818.473892,35.290872,69.341006,0.999922,1.019477,1.170821,516.045604,67.681188,1.029346,67.037477,89.776,1.168073,0.516,3.8515511213
"EX9679","H000014198","Prevenar","EE6081",2021-04-15,32.83954,28.082075,480.669197,1367,490,4,477.659788,802.615186,31.756221,63.345533,0.967012,1.018446,0.42954,506.235455,64.084619,1.059824,63.683393,88.947,-0.653779,0.49,4.6823307451
"G03000","H000002634","Prevenar","F64679",2012-05-26,NA,NA,405.373241,NA,493,NA,401.739768,835.732911,NA,NA,NA,1.216886,NA,502.332367,NA,1.250392,NA,NA,NA,NA,4.4886255925
"CM3339","H000010932","Prevenar","AM9028",2019-09-03,31.579869,26.85798,579.386159,1330,504,4,572.369343,796.054398,32.091052,72.995959,1.016187,0.870043,-0.30461,496.061059,71.177169,0.86668,70.315158,88.751,0.206573,0.504,NA
"F95816","H000004331","Prevenar","F87646",2012-09-12,NA,NA,528.599927,1231,545,5,517.638758,713.542663,NA,NA,NA,1.031166,NA,499.943236,NA,0.965815,NA,NA,NA,0.545,4.0508800364
"LL4095","H000010932","Prevenar","LD1771",2024-10-02,31.342912,27.32016,516.382095,1381,485,4,510.832924,780.799168,31.217729,65.001444,0.996006,0.938534,-0.962928,486.585681,64.791295,0.952534,64.095032,88.723,-1.088111,0.485,NA
"HN7636","H000011044","Prevenar","HL5142",2023-12-27,35.814108,30.063159,575.103391,1235,543,5,545.440235,894.245555,35.554752,72.847397,0.992758,0.943884,3.178026,546.790443,72.263431,1.002475,68.536168,89.849,2.91867,0.543,4.3630986571
"HY4218","H000032244","Prevenar","HP3381",2024-04-10,36.869813,31.148489,479.865258,1314,510,5,482.883492,814.935701,35.060712,72.020806,0.950933,1.06203,2.510922,535.927983,70.919968,1.109849,71.366037,88.595,0.701821,0.51,NA
"R59717","H000008135","Prevenar","N16509",2016-10-26,35.017181,30.460106,479.967559,1345,498,5,464.609001,936.027006,36.092024,65.651805,1.030695,1.037843,-1.339848,483.296267,67.201444,1.040221,65.051054,89.849,-0.265005,0.498,4.34073747
"J04286","H000002634","Prevenar","H08588",2014-05-30,NA,NA,589.24681,1299,516,5,515.343357,777.492273,NA,NA,NA,0.876311,NA,545.651115,NA,1.058811,NA,NA,NA,0.516,4.6007781617
"FJ5976","H000011044","Prevenar","EP0208",2021-09-14,34.382482,29.228655,510.913559,1302,515,5,494.064027,776.838421,33.806633,70.61127,0.983252,1.008111,1.740972,523.830707,69.11764,1.060249,66.838194,88.67,1.165123,0.515,4.441182568
"EL3820","H000011373","Prevenar","EC6010",2020-12-12,34.964142,30.083519,534.175011,1319,508,5,521.502976,862.987638,33.318744,68.24447,0.95294,0.950852,2.227402,533.004275,70.999759,1.022054,69.315458,89.103,0.582004,0.508,4.6784212405
"H19433","H000002634","Prevenar","G48529",2014-03-19,NA,NA,560.531898,1292,519,4,553.066038,784.600812,NA,NA,NA,0.92673,NA,541.893525,NA,0.979799,NA,NA,NA,0.519,4.6219364831
"S51058","H000008135","Prevenar","R25774",2017-05-09,34.843757,29.009998,478.412158,1299,516,5,432.267054,815.753865,35.643607,70.029334,1.022955,1.079514,0.268645,504.863185,72.101024,1.167943,65.146541,88.385,1.068495,0.516,4.5001254366
"L34341","H000008135","Prevenar","J41709",2015-01-01,33.894932,30.030618,467.09624,1467,456,5,458.342403,1020.281247,35.759742,70.129582,1.055017,0.976241,-5.352627,432.218824,72.797513,0.943004,71.433217,88.752,-3.487817,0.456,4.5822923551
"L95559","H000008090","Prevenar","L03264",2015-05-16,32.183019,27.871149,514.837398,1452,461,5,524.022094,863.489308,32.774261,65.112107,1.018371,0.895572,-3.40518,452.756451,72.344333,0.864003,73.634956,89.966,-2.813939,0.461,4.6895750085
"MG4262","H000035016","Prevenar","MG4281",2025-05-28,33.098757,26.926521,549.117549,1493,516,5,510.728262,813.881478,32.742554,NA,0.989238,0.939142,1.290876,521.309774,NA,1.020718,NA,89.697,0.934673,0.516,NA
"H99617","H000004331","Prevenar","G85984",2013-12-22,NA,NA,588.326486,1280,524,4,567.045,716.806943,NA,NA,NA,0.890491,NA,521.29963,NA,0.919327,NA,NA,NA,0.524,4.7241911918
"GR3697","H000019489","Prevenar","GD9428",2023-02-14,35.670435,30.260224,527.929442,1289,520,5,519.88649,799.137641,35.266285,67.738999,0.98867,0.984079,1.749674,525.478134,70.832934,1.010756,69.753801,89.862,1.345524,0.52,NA
"DA1904","H000011044","Prevenar","AR4715",2019-12-14,33.684935,28.632195,543.450065,1351,496,5,536.836841,832.446686,33.342807,71.153131,0.989843,0.912511,0.074275,500.992424,68.020012,0.93323,67.192279,89.981,-0.267853,0.496,4.4305253007
"G32834","H000002634","Prevenar","G12095",2012-09-18,NA,NA,542.346542,1340,500,5,536.45662,804.926447,NA,NA,NA,0.921354,NA,516.232077,NA,0.9623,NA,NA,NA,0.5,4.6977161595
"DN5224","H000010932","Prevenar","CM4654",2020-04-01,37.75738,32.305048,517.930256,1299,516,5,495.800177,890.631804,36.671055,74.164796,0.971229,0.995915,2.312392,531.094831,70.069146,1.071187,67.075237,89.741,1.226067,0.516,NA
"FP0839","H000006081","Prevenar","ER8660",2022-03-12,36.654264,31.149682,505.682606,1270,528,5,527.61406,781.900431,33.505522,68.183468,0.914096,1.044594,4.879484,577.874762,66.153745,1.09526,69.022833,89.706,1.730742,0.528,4.6748541397
"G68772","H000002634","Prevenar","G12660",2013-01-04,NA,NA,556.629406,1289,520,5,550.396698,847.912475,NA,NA,NA,0.934139,NA,498.844006,NA,0.906335,NA,NA,NA,0.52,4.4562682428
"R59681","H000011374","Prevenar","N48138",2017-03-05,37.840677,30.732315,507.819482,1340,500,5,484.056306,900.027812,37.802699,79.780811,0.998996,0.983731,0.127108,500.059816,75.709026,1.033061,72.166257,89.729,0.089129,0.5,4.4557639958
"MD2721","H000035016","Prevenar","LY2091",2025-03-19,30.805031,25.628628,504.01979,1427,540,5,518.306826,710.679491,32.488851,NA,1.054661,1.071649,0.768101,512.138695,NA,0.988099,NA,88.529,2.451921,0.54,NA
"S89835","H000011374","Prevenar","S18368",2017-05-30,33.28834,28.099133,434.952656,1309,512,6,469.853405,859.426899,35.316359,66.767166,1.060923,1.176913,-1.02179,482.505731,61.753492,1.026928,66.708613,89.505,1.006229,0.512,4.2104938271
"T37752","H000013782","Prevenar","T02211",2017-09-20,31.311915,27.235722,522.655123,1330,504,5,510.690908,846.378657,33.074491,67.498425,1.056291,0.965032,-1.211885,477.499986,66.499371,0.935008,64.977119,88.83,0.550692,0.504,4.2724823586
"LJ1158","H000028394","Prevenar","LH1388",2024-11-15,31.015032,26.292981,537.313433,1513,509,5,535.631881,769.941556,33.562677,73.746933,1.082142,0.947369,-1.671407,470.394656,72.769873,0.878205,72.542136,89.635,0.876237,0.509,NA
"LE1000","H000019489","Prevenar","LD1763",2024-06-20,33.815657,28.678325,577.601848,1438,536,5,541.565645,767.357237,33.918463,68.342659,1.00304,0.927613,2.151078,534.167041,71.359649,0.986338,66.907567,88.776,2.253883,0.536,NA
"GF1169","H000013782","Prevenar","FX7964",2022-09-20,42.920051,37.318969,446.346524,1289,520,5,461.206861,917.605217,39.043957,70.857037,0.90969,1.164633,5.43259,571.436088,65.943178,1.239002,68.138642,89.137,1.556496,0.52,4.7980215762
"GH5819","H000011044","Prevenar","GD9427",2022-11-23,33.859219,28.377892,538.875103,1272,527,5,522.102252,813.787333,33.923922,70.709609,1.001911,0.977343,1.61089,525.661446,68.637452,1.006817,66.501065,89.734,1.675593,0.527,4.4332144109
"LJ1172","H000032244","Prevenar","LH1385",2024-11-17,32.114314,28.05155,597.530242,1284,522,4,555.434467,727.719277,30.90445,68.318928,0.962326,0.873019,2.168223,542.077504,68.16322,0.975952,63.361147,89.462,0.95836,0.522,NA
"MC2224","H000033648","Prevenar","LX1720",2025-02-07,31.406578,27.199084,570.026613,1372,488,4,531.093842,716.924298,29.775645,68.308146,0.94807,0.855513,0.790117,514.376412,69.550339,0.96842,64.800057,88.523,-0.840816,0.488,NA
"AH5708","H000008135","Prevenar","AF2642",2018-12-26,34.645425,29.956413,475.311017,1353,495,5,511.286996,819.019494,34.923296,72.123073,1.00802,1.041523,-0.693244,491.108569,67.576347,0.960534,72.691156,88.879,-0.415373,0.495,4.4332964156
"GD0333","H000013782","Prevenar","FH2518",2022-07-24,37.689702,31.632993,528.20982,1272,527,6,530.383264,909.545187,38.090483,84.205828,1.010634,0.998054,1.672662,521.634844,78.593561,0.983505,78.916953,89.062,2.073443,0.527,4.5665164194
"G66317","H000002634","Prevenar","G44647",2013-05-05,NA,NA,575.082875,1307,513,5,559.43219,867.836941,NA,NA,NA,0.892853,NA,534.369584,NA,0.9552,NA,NA,NA,0.513,4.4037815368
"N90917","H000011374","Prevenar","N28779",2016-11-14,34.03558,29.497155,485.316847,1449,462,5,460.765664,876.810431,34.074292,69.977037,1.001137,0.952681,-2.805679,461.826623,69.341987,1.002303,65.834118,88.673,-2.766967,0.462,4.7246881681
"GP3832","H000006081","Prevenar","GD9427",2022-11-13,33.859219,28.377892,538.875103,1272,527,5,522.102252,813.787333,33.923922,70.709609,1.001911,0.977343,1.61089,525.661446,68.637452,1.006817,66.501065,89.734,1.675593,0.527,4.6828551232
"LJ1002","H000010932","Prevenar","HR8382",2024-07-28,26.266043,22.11233,594.933921,1162,578,4,592.844975,627.107457,29.698339,60.089957,1.130674,0.971864,0.579422,511.371695,61.800129,0.862572,61.583135,88.973,4.011719,0.578,NA
"S93498","H000008135","Prevenar","S18368",2017-05-28,33.28834,28.099133,434.952656,1309,512,6,469.853405,859.426899,35.316359,66.767166,1.060923,1.176913,-1.02179,482.505731,61.753492,1.026928,66.708613,89.505,1.006229,0.512,4.1816413917
"DA1888","H000006081","Prevenar","AR4715",2019-12-12,33.684935,28.632195,543.450065,1351,496,5,536.836841,832.446686,33.342807,71.153131,0.989843,0.912511,0.074275,500.992424,68.020012,0.93323,67.192279,89.981,-0.267853,0.496,4.4139580475
"M56261","H000008090","Prevenar","L03264",2015-11-15,32.183019,27.871149,514.837398,1452,461,5,524.022094,863.489308,32.774261,65.112107,1.018371,0.895572,-3.40518,452.756451,72.344333,0.864003,73.634956,89.966,-2.813939,0.461,4.8569250152
"S93492","H000008090","Prevenar","R48338",2017-06-27,34.786135,30.179128,436.342593,1353,495,5,436.266729,895.053158,34.691104,62.567241,0.997268,1.135558,-0.376706,496.849455,60.14373,1.138866,60.133273,89.34,-0.471738,0.495,4.1369804879
"AH5705","H000008135","Prevenar","X72402",2018-12-12,35.701937,30.672129,513.996996,1224,548,5,494.324267,801.749135,37.19682,64.271195,1.041871,1.0664,1.822276,526.097795,66.762996,1.064277,64.207708,88.415,3.317158,0.548,4.2085305787
"HF3806","H000019489","Prevenar","HA3690",2023-07-18,35.010486,29.726805,549.637178,1265,530,5,522.538403,745.964259,34.06714,68.842816,0.973055,0.964446,2.879737,544.774277,70.819431,1.042554,67.327819,88.227,1.936392,0.53,NA
"L22405","H000008090","Prevenar","J41700",2015-01-28,32.432006,27.899017,521.36007,1270,528,5,497.62817,810.082945,36.178123,67.927133,1.115507,1.011998,-1.754094,472.982805,69.587222,0.950474,66.419666,88.378,1.992023,0.528,4.3870234716
"M02673","H000008135","Prevenar","L78980",2015-07-16,38.019978,33.232234,508.933557,1272,527,5,506.910477,950.354057,39.31671,74.517319,1.034107,1.036202,0.669278,509.964626,74.801117,1.006025,74.503773,88.258,1.96601,0.527,4.2052576993
"NM6532","H000035016","Prevenar","ML0564",2025-12-21,36.753328,31.250156,493.916706,1590,484,5,491.640726,874.930483,35.691528,NA,0.97111,0.980139,0.974279,498.508773,NA,1.01397,NA,88.774,-0.087521,0.484,NA
"NM6390","H000013782","Prevenar","MT7607",2026-01-16,35.740002,30.065935,497.597309,1375,487,5,505.486284,798.392524,32.812345,NA,0.918085,0.979454,2.235902,530.858978,NA,1.050195,NA,87.412,-0.691755,0.487,4.5909820355
"CJ3917","H000011374","Prevenar","AL6315",2019-06-29,36.245892,27.624091,473.80856,1343,499,5,491.377819,900.207058,36.679584,70.683459,1.011965,1.054105,-0.373199,493.538507,69.970822,1.004397,72.565405,88.847,0.060493,0.499,4.1407538457
"DJ2699","H000006081","Prevenar","CM4654",2020-02-27,37.75738,32.305048,517.930256,1299,516,5,495.800177,890.631804,36.671055,74.164796,0.971229,0.995915,2.312392,531.094831,70.069146,1.071187,67.075237,89.741,1.226067,0.516,4.1815567397
"GH5609","H000013782","Prevenar","GD9427",2022-11-02,33.859219,28.377892,538.875103,1272,527,5,522.102252,813.787333,33.923922,70.709609,1.001911,0.977343,1.61089,525.661446,68.637452,1.006817,66.501065,89.734,1.675593,0.527,4.6239174423
"G32107","H000004331","Prevenar","G12095",2013-04-05,NA,NA,542.346542,1340,500,5,536.45662,804.926447,NA,NA,NA,0.921354,NA,516.232077,NA,0.9623,NA,NA,NA,0.5,4.7107689638
"ED8321","H000011044","Prevenar","DR8857",2020-11-13,36.548088,31.685155,527.460921,1319,508,5,464.153608,913.707909,38.403106,67.34125,1.050756,0.962845,-1.169101,483.331486,74.210984,1.041318,65.303977,88.935,0.685916,0.508,3.9585506411
"HG8828","H000028394","Prevenar","HG6415",2023-11-11,36.645639,31.260859,501.675042,1297,517,5,488.105925,851.015617,37.785513,72.406355,1.031105,1.030047,0.251687,501.159926,74.33159,1.026744,72.321097,89.44,1.391561,0.517,NA
"S10671","H000008135","Prevenar","N48136",2016-12-19,36.391445,31.343582,462.839167,1322,507,5,461.000104,932.130106,36.260851,71.930379,0.996411,1.095507,0.761216,508.869471,65.774417,1.103838,65.513067,89.982,0.630621,0.507,4.3369262036
"DJ2716","H000010932","Prevenar","CL6510",2020-02-09,37.060984,31.952388,515.340734,1322,507,5,472.915276,978.542885,36.071841,74.289078,0.97331,0.984486,1.457534,521.257896,74.138742,1.102223,68.035266,88.679,0.46839,0.507,NA
"GE6476","H000017723","Prevenar","FN7275",2022-06-24,37.403791,32.039464,557.305936,1251,536,5,575.454841,842.029142,35.749567,69.821817,0.955774,0.96148,4.119623,560.632956,72.099236,0.974243,74.447178,89.932,2.465399,0.536,4.4549036579
"L22430","H000004331","Prevenar","J41701",2014-12-23,32.540882,26.44803,578.069469,1135,592,5,558.438475,818.134774,35.165726,67.85301,1.080663,1.024316,3.097312,547.928501,68.429306,0.98118,66.105476,89.579,5.722156,0.592,4.4205730003
"GE6423","H000011044","Prevenar","FH2518",2022-07-19,37.689702,31.632993,528.20982,1272,527,6,530.383264,909.545187,38.090483,84.205828,1.010634,0.998054,1.672662,521.634844,78.593561,0.983505,78.916953,89.062,2.073443,0.527,4.5751818657
"T22739","H000011374","Prevenar","S18368",2017-06-04,33.28834,28.099133,434.952656,1309,512,6,469.853405,859.426899,35.316359,66.767166,1.060923,1.176913,-1.02179,482.505731,61.753492,1.026928,66.708613,89.505,1.006229,0.512,4.199382716
"NM6535","H000035016","Prevenar","ML0564",2026-03-20,36.753328,31.250156,493.916706,1590,484,5,491.640726,874.930483,35.691528,NA,0.97111,0.980139,0.974279,498.508773,NA,1.01397,NA,88.774,-0.087521,0.484,NA
"NM6456","H000031244","Prevenar","ML0573",2026-01-05,34.513556,28.432687,522.690173,1235,543,5,517.167676,764.968414,33.301261,NA,0.964875,1.039444,3.858287,563.085814,NA,1.088788,NA,88.59,2.645991,0.543,NA
"FD9084","H000017723","Prevenar","EP0208",2021-08-06,34.382482,29.228655,510.913559,1302,515,5,494.064027,776.838421,33.806633,70.61127,0.983252,1.008111,1.740972,523.830707,69.11764,1.060249,66.838194,88.67,1.165123,0.515,4.3032764746
"FY7375","H000019489","Prevenar","FH2518",2022-06-11,37.689702,31.632993,528.20982,1272,527,6,530.383264,909.545187,38.090483,84.205828,1.010634,0.998054,1.672662,521.634844,78.593561,0.983505,78.916953,89.062,2.073443,0.527,NA
"M56262","H000008090","Prevenar","L03264",2015-11-17,32.183019,27.871149,514.837398,1452,461,5,524.022094,863.489308,32.774261,65.112107,1.018371,0.895572,-3.40518,452.756451,72.344333,0.864003,73.634956,89.966,-2.813939,0.461,4.8191298942
"M32491","H000008090","Prevenar","L03264",2015-11-06,32.183019,27.871149,514.837398,1452,461,5,524.022094,863.489308,32.774261,65.112107,1.018371,0.895572,-3.40518,452.756451,72.344333,0.864003,73.634956,89.966,-2.813939,0.461,4.9359914306
"CD4420","H000019488","Prevenar","AG8243",2019-05-08,35.609349,30.493194,508.990318,1309,512,5,482.382091,808.3439,34.246216,65.908481,0.96172,1.005966,2.15051,532.407568,69.811027,1.103705,66.161552,89.11,0.787377,0.512,NA
"ED8336","H000010932","Prevenar","DH4001",2020-10-01,36.272011,30.942096,481.466113,1395,480,5,480.916141,862.281893,34.157778,64.338957,0.941712,0.996641,0.769932,509.549443,69.157677,1.059539,69.078679,89.837,-1.344301,0.48,NA
"ED8348","H000010932","Prevenar","DY9970",2020-11-27,32.501967,26.724274,493.947072,1327,505,4,501.870041,810.772549,32.63559,63.49669,1.004111,1.021936,0.131197,502.715717,63.437616,1.001685,64.455163,89.942,0.264821,0.505,4.2783244874
"GE6465","H000006081","Prevenar","FX7959",2022-08-11,36.942326,31.375741,478.739913,1317,509,5,515.262515,814.036609,35.020184,64.877678,0.947969,1.064208,2.680287,537.442434,64.3759,1.043046,69.287075,88.38,0.758145,0.509,4.7053351539
"M48081","H000007053","Prevenar","L78985",2015-09-07,37.317911,31.476702,510.412299,1348,497,5,512.257869,857.718172,37.323251,70.589263,1.000143,0.9733,1.617769,496.713308,75.58675,0.969655,75.86006,89.645,1.623109,0.497,4.4734483525
"HE3369","H000013782","Prevenar","HA3691",2023-07-26,32.508301,27.712391,534.547152,1299,516,5,497.360607,754.997649,32.719398,62.865078,1.006494,0.965691,0.802711,512.876751,66.867536,1.031197,62.2158,89.06,1.013809,0.516,4.3464857762
"H99741","H000004330","Prevenar","G85984",2013-12-23,NA,NA,588.326486,1280,524,4,567.045,716.806943,NA,NA,NA,0.890491,NA,521.29963,NA,0.919327,NA,NA,NA,0.524,4.6117516278
"R32085","H000011373","Prevenar","M35795",2016-09-09,30.038636,25.870305,511.185682,1370,489,4,521.326645,763.478701,30.400739,65.170555,1.012055,0.956824,-1.138994,483.288872,65.658653,0.927037,66.961197,89.937,-0.77689,0.489,4.7530791322
"L35112","H000004330","Prevenar","J53524",2015-02-13,35.257854,30.060065,571.73095,1231,545,5,552.716756,777.40499,35.443293,69.903407,1.00526,0.953276,2.649745,542.165754,74.341468,0.980911,71.869075,88.88,2.835184,0.545,4.1865040008
"LC5370","H000013782","Prevenar","HG6415",2024-05-03,36.645639,31.260859,501.675042,1297,517,5,488.105925,851.015617,37.785513,72.406355,1.031105,1.030047,0.251687,501.159926,74.33159,1.026744,72.321097,89.44,1.391561,0.517,4.3857001202
"M56263","H000008090","Prevenar","L78985",2015-11-28,37.317911,31.476702,510.412299,1348,497,5,512.257869,857.718172,37.323251,70.589263,1.000143,0.9733,1.617769,496.713308,75.58675,0.969655,75.86006,89.645,1.623109,0.497,4.4720491487
"NT6405","H000013782","Prevenar","MT7607",2026-07-10,35.740002,30.065935,497.597309,1375,487,5,505.486284,798.392524,32.812345,NA,0.918085,0.979454,2.235902,530.858978,NA,1.050195,NA,87.412,-0.691755,0.487,4.2932166548
"S25795","H000008135","Prevenar","N48136",2017-01-14,36.391445,31.343582,462.839167,1322,507,5,461.000104,932.130106,36.260851,71.930379,0.996411,1.095507,0.761216,508.869471,65.774417,1.103838,65.513067,89.982,0.630621,0.507,4.2131782907
"X65740","H000011612","Prevenar","W42918",2018-07-19,32.466455,28.060098,531.895589,1317,509,5,521.881838,830.620381,33.812776,72.88937,1.041468,0.95785,-0.661685,489.190426,71.709435,0.937359,70.359395,89.426,0.684636,0.509,4.1991733878
"T53673","H000008090","Prevenar","T02219",2017-10-31,35.545915,30.606363,527.916251,1294,518,5,522.580054,841.710242,33.888157,73.309091,0.953363,0.981018,2.891367,543.229844,69.55905,1.039515,68.855944,89.861,1.233608,0.518,4.6328715493
"G68769","H000002634","Prevenar","G12095",2012-12-23,NA,NA,542.346542,1340,500,5,536.45662,804.926447,NA,NA,NA,0.921354,NA,516.232077,NA,0.9623,NA,NA,NA,0.5,4.5929079519
"HA2700","H000006081","Prevenar","HG6414",2023-09-12,33.43846,28.569844,555.731762,1282,523,5,547.030622,776.935921,33.365565,65.64124,0.99782,0.941472,1.056449,524.348993,66.440138,0.958537,65.399879,89.617,0.983554,0.523,4.4648391959
"HJ3849","H000019489","Prevenar","HG6415",2023-11-24,36.645639,31.260859,501.675042,1297,517,5,488.105925,851.015617,37.785513,72.406355,1.031105,1.030047,0.251687,501.159926,74.33159,1.026744,72.321097,89.44,1.391561,0.517,NA
"M97002","H000008090","Prevenar","M15161",2016-01-27,34.948232,30.489941,508.189263,1297,517,5,584.342212,914.522117,36.94606,74.97519,1.057165,1.016989,-0.748797,488.876304,75.560598,0.836627,86.883471,89.457,1.249031,0.517,4.2409320077
"RL1688","H000033648","Prevenar","MT7607",2026-07-19,35.740002,30.065935,497.597309,1375,487,5,505.486284,798.392524,32.812345,NA,0.918085,0.979454,2.235902,530.858978,NA,1.050195,NA,87.412,-0.691755,0.487,NA
"CR3607","H000008135","Prevenar","AG8243",2019-10-10,35.609349,30.493194,508.990318,1309,512,5,482.382091,808.3439,34.246216,65.908481,0.96172,1.005966,2.15051,532.407568,69.811027,1.103705,66.161552,89.11,0.787377,0.512,4.4462330761
"LC5406","H000032244","Prevenar","HR8378",2024-05-25,32.314159,26.328023,476.978096,1304,514,5,479.593356,834.267226,34.097087,61.770334,1.055175,1.078032,-0.849399,487.31057,65.615336,1.016091,65.975103,89.653,0.933528,0.514,NA
"GM8415","H000013782","Prevenar","FX7961",2022-11-30,35.089823,30.249592,530.349345,1176,571,5,522.646179,825.396522,39.674411,73.883716,1.130653,1.076216,0.412241,504.814957,71.560743,0.965883,70.521345,88.62,4.996829,0.571,4.1350236646
"G32146","H000004331","Prevenar","G44647",2013-04-23,NA,NA,575.082875,1307,513,5,559.43219,867.836941,NA,NA,NA,0.892853,NA,534.369584,NA,0.9552,NA,NA,NA,0.513,4.7665863594
"H19426","H000002634","Prevenar","G48529",2014-03-11,NA,NA,560.531898,1292,519,4,553.066038,784.600812,NA,NA,NA,0.92673,NA,541.893525,NA,0.979799,NA,NA,NA,0.519,4.5934791489
"HA2710","H000010932","Prevenar","HA3691",2023-08-08,32.508301,27.712391,534.547152,1299,516,5,497.360607,754.997649,32.719398,62.865078,1.006494,0.965691,0.802711,512.876751,66.867536,1.031197,62.2158,89.06,1.013809,0.516,NA
"L30198","H000008135","Prevenar","L45102",2015-06-15,35.802119,30.429686,520.333754,1235,543,5,561.014433,792.147024,35.79005,68.709195,0.999663,1.043851,2.86011,543.334164,67.818649,0.968485,73.120839,89.918,2.848041,0.543,4.1176682934
"LJ1170","H000032244","Prevenar","LD1771",2024-09-19,31.342912,27.32016,516.382095,1381,485,4,510.832924,780.799168,31.217729,65.001444,0.996006,0.938534,-0.962928,486.585681,64.791295,0.952534,64.095032,88.723,-1.088111,0.485,NA
"N90928","H000008135","Prevenar","M91463",2016-09-17,36.921068,32.330109,518.682617,1361,492,5,478.477906,874.57108,36.775878,71.869249,0.996068,0.947687,-0.438384,493.489629,74.062343,1.031374,68.321539,89.82,-0.583573,0.492,4.3232275132
"CK6540","H000008090","Prevenar","CA6594",2019-09-28,32.632791,28.057958,562.368753,1265,530,5,528.40666,983.81531,34.171746,77.78207,1.04716,0.942951,0.431951,506.404167,68.145452,0.958361,64.03007,89.23,1.970906,0.53,4.3408907566
"M32478","H000008135","Prevenar","L78984",2015-09-30,34.717175,29.505562,541.498791,1317,509,5,529.02884,836.584414,34.263645,68.08866,0.986936,0.939873,1.113224,515.676921,68.856599,0.974761,67.270929,89.419,0.659695,0.509,4.4518988924
"AW6839","H000010932","Prevenar","AL6315",2019-05-27,36.245892,27.624091,473.80856,1343,499,5,491.377819,900.207058,36.679584,70.683459,1.011965,1.054105,-0.373199,493.538507,69.970822,1.004397,72.565405,88.847,0.060493,0.499,NA
"H22361","H000007053","Prevenar","G16360",2014-01-31,NA,NA,488,1389,482,5,489.008427,871.465466,NA,NA,NA,0.987999,NA,461.042659,NA,0.942811,NA,NA,NA,0.482,4.3563408681
"L22425","H000004331","Prevenar","J41701",2014-12-10,32.540882,26.44803,578.069469,1135,592,5,558.438475,818.134774,35.165726,67.85301,1.080663,1.024316,3.097312,547.928501,68.429306,0.98118,66.105476,89.579,5.722156,0.592,4.1037867546
"M56316","H000008135","Prevenar","L78984",2015-10-16,34.717175,29.505562,541.498791,1317,509,5,529.02884,836.584414,34.263645,68.08866,0.986936,0.939873,1.113224,515.676921,68.856599,0.974761,67.270929,89.419,0.659695,0.509,4.1653646289
"M32480","H000006081","Prevenar","L78984",2015-09-23,34.717175,29.505562,541.498791,1317,509,5,529.02884,836.584414,34.263645,68.08866,0.986936,0.939873,1.113224,515.676921,68.856599,0.974761,67.270929,89.419,0.659695,0.509,4.4383247067
"R59672","H000011374","Prevenar","M91475",2016-10-07,33.390557,25.658763,496.206949,1312,511,5,519.002715,814.243875,33.390619,65.338372,1.000002,1.030495,0.757447,511.337766,62.347286,0.985231,65.211523,89.05,0.757509,0.511,4.749801541
"DK2067","H000010932","Prevenar","CL6510",2020-02-20,37.060984,31.952388,515.340734,1322,507,5,472.915276,978.542885,36.071841,74.289078,0.97331,0.984486,1.457534,521.257896,74.138742,1.102223,68.035266,88.679,0.46839,0.507,NA
"EL8915","H000010932","Prevenar","DX7884",2021-01-30,38.830663,33.677474,487.89144,1287,521,5,482.695811,866.72994,38.615012,71.576277,0.994446,1.067626,1.949144,523.794325,74.347349,1.085144,73.555613,88.624,1.733493,0.521,NA
"FG5406","H000019488","Prevenar","EP0207",2021-09-16,33.605883,28.739924,508.17401,1322,507,5,503.838508,829.604217,35.315289,70.469261,1.050866,0.996997,-1.255556,482.124105,71.358036,0.956902,70.749243,89.163,0.45385,0.507,NA
"FG5401","H000017723","Prevenar","EP0209",2021-10-07,34.413722,29.062236,544.229391,1220,550,5,502.804919,768.534555,34.966476,71.608163,1.016062,1.010958,2.668332,541.495354,70.851808,1.076949,65.458864,88.902,3.221086,0.55,4.2084980311
"GH5832","H000006081","Prevenar","FT3234",2022-09-05,34.281985,29.007039,530.711959,1364,491,5,514.839254,794.902817,32.805919,64.855292,0.956943,0.925857,0.985824,513.471787,69.363736,0.997344,67.289183,89.418,-0.490242,0.491,4.7415816078
"H87642","H000002634","Prevenar","H58985",2014-01-23,NA,NA,500.385981,1275,526,5,534.466698,865.483267,NA,NA,NA,1.0506,NA,536.954009,NA,1.004654,NA,NA,NA,0.526,4.2476967268
"FY2983","H000008135","Prevenar","FH2518",2022-05-10,37.689702,31.632993,528.20982,1272,527,6,530.383264,909.545187,38.090483,84.205828,1.010634,0.998054,1.672662,521.634844,78.593561,0.983505,78.916953,89.062,2.073443,0.527,4.3904895833
"LX2602","H000010932","Prevenar","HY2161",2025-05-11,35.357129,29.675545,516.837482,1209,555,5,489.174018,783.093192,38.616691,72.717744,1.09219,1.073502,0.57306,507.9944,70.911143,1.038474,67.11566,89.366,3.832621,0.555,4.201663751
"L52160","H000006081","Prevenar","J41700",2015-02-11,32.432006,27.899017,521.36007,1270,528,5,497.62817,810.082945,36.178123,67.927133,1.115507,1.011998,-1.754094,472.982805,69.587222,0.950474,66.419666,88.378,1.992023,0.528,4.3961062538
"MC2225","H000033648","Prevenar","LY2083",2025-02-10,34.762146,29.557527,482.562665,1229,546,5,467.824418,850.315446,37.343402,-1994.111793,1.074255,1.131062,0.479877,508.081009,66.557724,1.086051,64.524943,89.011,3.061133,0.546,NA
"CJ4096","H000019489","Prevenar","AG8243",2019-08-18,35.609349,30.493194,508.990318,1309,512,5,482.382091,808.3439,34.246216,65.908481,0.96172,1.005966,2.15051,532.407568,69.811027,1.103705,66.161552,89.11,0.787377,0.512,NA
"H37007","H000002634","Prevenar","G57867",2013-09-18,NA,NA,525.526932,1265,530,4,547.875265,677.392455,NA,NA,NA,1.008424,NA,518.223236,NA,0.945878,NA,NA,NA,0.53,4.5638720646
"RE8407","H000035016","Prevenar","MN4845",2026-04-25,38.260219,32.280374,547.816204,1516,508,6,539.639835,913.964414,38.16433,NA,0.997494,0.927884,0.73072,509.587088,NA,0.94431,NA,88.771,0.634831,0.508,NA
"S26210","H000011044","Prevenar","N28779",2017-02-03,34.03558,29.497155,485.316847,1449,462,5,460.765664,876.810431,34.074292,69.977037,1.001137,0.952681,-2.805679,461.826623,69.341987,1.002303,65.834118,88.673,-2.766967,0.462,4.6276713546
"W28199","H000008135","Prevenar","T49721",2018-04-08,29.746132,25.105329,518.786781,1386,483,4,516.151631,721.479993,30.202204,64.959656,1.015332,0.931976,-1.390688,476.1956,67.148379,0.922589,66.807302,70.278,-0.934616,0.483,4.6006583605
"EW0928","H000010932","Prevenar","DY9971",2021-05-04,35.029005,29.63065,492.1875,1348,497,5,498.727038,833.975387,34.604304,70.23055,0.987876,1.01024,0.287917,503.329891,69.486894,1.009229,70.410144,89.303,-0.136785,0.497,NA
"X98631","H000013782","Prevenar","X72402",2018-11-21,35.701937,30.672129,513.996996,1224,548,5,494.324267,801.749135,37.19682,64.271195,1.041871,1.0664,1.822276,526.097795,66.762996,1.064277,64.207708,88.415,3.317158,0.548,4.1053968444
"AM6027","H000010932","Prevenar","X72431",2019-02-19,28.4086,24.229139,507.832898,1384,484,4,462.448556,740.535959,30.236,61.03698,1.064326,0.953912,-2.7181,455.150027,66.091926,0.984218,60.18538,88.439,-0.8907,0.484,NA
"DC5811","H000006081","Prevenar","AR4713",2019-11-12,41.114769,33.512706,534.988386,1272,527,5,522.742098,945.629592,37.714041,77.259598,0.917287,0.985963,5.343758,575.042319,76.443106,1.10005,74.693266,89.652,1.94303,0.527,4.1837807312
"M21957","H000008135","Prevenar","L78980",2015-08-23,38.019978,33.232234,508.933557,1272,527,5,506.910477,950.354057,39.31671,74.517319,1.034107,1.036202,0.669278,509.964626,74.801117,1.006025,74.503773,88.258,1.96601,0.527,4.0978188406
"W07367","H000010932","Prevenar","T32888",2017-12-03,36.120599,30.974095,519.548656,1247,538,5,522.549901,793.689555,36.126222,75.67838,1.000156,1.035489,2.64623,537.903234,71.334935,1.029382,71.747011,88.83,2.651853,0.538,NA
"MD2723","H000035016","Prevenar","LY2091",2025-04-02,30.805031,25.628628,504.01979,1427,540,5,518.306826,710.679491,32.488851,NA,1.054661,1.071649,0.768101,512.138695,NA,0.988099,NA,88.529,2.451921,0.54,NA
"L76758","H000008135","Prevenar","L03268",2015-04-16,32.609112,27.025634,550.062578,1351,496,5,533.434134,826.461693,32.82903,57.841248,1.006744,0.901884,-0.670707,492.769162,72.315902,0.923768,70.129785,88.855,-0.450789,0.496,4.5021531743
"M02677","H000006081","Prevenar","L78980",2015-07-06,38.019978,33.232234,508.933557,1272,527,5,506.910477,950.354057,39.31671,74.517319,1.034107,1.036202,0.669278,509.964626,74.801117,1.006025,74.503773,88.258,1.96601,0.527,4.3353737655
"GH5623","H000028394","Prevenar","FT3234",2022-08-29,34.281985,29.007039,530.711959,1364,491,5,514.839254,794.902817,32.805919,64.855292,0.956943,0.925857,0.985824,513.471787,69.363736,0.997344,67.289183,89.418,-0.490242,0.491,NA
"LT9674","H000033648","Prevenar","LH1383",2024-10-21,34.878566,29.927707,487.921569,1299,516,5,474.538687,797.457733,35.44644,66.073905,1.016281,1.057328,0.523154,507.628337,67.831289,1.06973,65.970788,88.271,1.091028,0.516,NA
"M97250","H000008135","Prevenar","M15162",2016-02-26,36.801454,30.901783,464.874858,1348,497,5,472.609252,893.006848,35.756091,70.282751,0.971595,1.069526,0.873903,511.731796,67.902342,1.08278,69.032073,89.48,-0.17146,0.497,4.3207106783
"GW4131","H000006081","Prevenar","GR5831",2023-05-01,38.289933,32.325867,617.528597,1172,573,5,617.921935,875.930834,37.479999,78.092756,0.978847,0.92748,5.609944,585.122543,77.905679,0.94692,77.955301,89.396,4.80001,0.573,4.6984604982
"W72981","H000010932","Prevenar","T78048",2018-05-02,33.329131,28.225519,553.997699,1263,531,5,548.36707,805.155322,34.639497,71.671762,1.039316,0.959242,0.730552,511.315143,73.0519,0.932432,72.309427,89.517,2.040917,0.531,NA
"L36867","H000008135","Prevenar","J41701",2015-01-07,32.540882,26.44803,578.069469,1135,592,5,558.438475,818.134774,35.165726,67.85301,1.080663,1.024316,3.097312,547.928501,68.429306,0.98118,66.105476,89.579,5.722156,0.592,4.2630069257
"FY2990","H000014198","Prevenar","FH2519",2022-04-22,33.522612,28.064301,538.109327,1312,511,5,529.117002,744.497873,32.717014,71.706235,0.975969,0.949476,1.622632,523.502208,68.777207,0.989388,67.627874,89.56,0.817033,0.511,NA
"CM3337","H000010932","Prevenar","AM9028",2019-08-25,31.579869,26.85798,579.386159,1330,504,4,572.369343,796.054398,32.091052,72.995959,1.016187,0.870043,-0.30461,496.061059,71.177169,0.86668,70.315158,88.751,0.206573,0.504,NA
"M32489A","H000004330","Prevenar","L78985",2015-10-27,37.317911,31.476702,510.412299,1348,497,5,512.257869,857.718172,37.323251,70.589263,1.000143,0.9733,1.617769,496.713308,75.58675,0.969655,75.86006,89.645,1.623109,0.497,NA
"EL8942","H000011044","Prevenar","DY9970",2020-12-21,32.501967,26.724274,493.947072,1327,505,4,501.870041,810.772549,32.63559,63.49669,1.004111,1.021936,0.131197,502.715717,63.437616,1.001685,64.455163,89.942,0.264821,0.505,4.5666863358
"H96896","H000002634","Prevenar","G16360",2014-01-12,NA,NA,488,1389,482,5,489.008427,871.465466,NA,NA,NA,0.987999,NA,461.042659,NA,0.942811,NA,NA,NA,0.482,4.5014411082
"S93503","H000011374","Prevenar","S18368",2017-07-27,33.28834,28.099133,434.952656,1309,512,6,469.853405,859.426899,35.316359,66.767166,1.060923,1.176913,-1.02179,482.505731,61.753492,1.026928,66.708613,89.505,1.006229,0.512,3.9800696257
"HE3214","H000006081","Prevenar","HA3693",2023-09-14,32.581306,28.099277,559.411146,1340,500,4,564.791002,736.777398,31.778835,68.105094,0.97537,0.893188,0.707025,512.276596,68.291921,0.90702,68.948684,88.442,-0.095445,0.5,4.7356934673
"G68773","H000002634","Prevenar","G12660",2013-01-06,NA,NA,556.629406,1289,520,5,550.396698,847.912475,NA,NA,NA,0.934139,NA,498.844006,NA,0.906335,NA,NA,NA,0.52,4.523693812
"LX3441","H000033648","Prevenar","LX1720",2025-02-02,31.406578,27.199084,570.026613,1372,488,4,531.093842,716.924298,29.775645,68.308146,0.94807,0.855513,0.790117,514.376412,69.550339,0.96842,64.800057,88.523,-0.840816,0.488,NA
"NM6533","H000035016","Prevenar","ML0564",2026-01-03,36.753328,31.250156,493.916706,1590,484,5,491.640726,874.930483,35.691528,NA,0.97111,0.980139,0.974279,498.508773,NA,1.01397,NA,88.774,-0.087521,0.484,NA
"H50420","H000004331","Prevenar","G16360",2014-01-14,NA,NA,488,1389,482,5,489.008427,871.465466,NA,NA,NA,0.987999,NA,461.042659,NA,0.942811,NA,NA,NA,0.482,4.5023995095
"EE1134","H000006081","Prevenar","EC6010",2020-11-27,34.964142,30.083519,534.175011,1319,508,5,521.502976,862.987638,33.318744,68.24447,0.95294,0.950852,2.227402,533.004275,70.999759,1.022054,69.315458,89.103,0.582004,0.508,4.4214361947
"M02668","H000008135","Prevenar","L45102",2015-06-16,35.802119,30.429686,520.333754,1235,543,5,561.014433,792.147024,35.79005,68.709195,0.999663,1.043851,2.86011,543.334164,67.818649,0.968485,73.120839,89.918,2.848041,0.543,4.4615844269
"G79028","H000002634","Prevenar","G12668",2013-01-24,NA,NA,578.434265,1317,509,5,546.317837,769.911905,NA,NA,NA,0.880357,NA,500.714664,NA,0.916526,NA,NA,NA,0.509,4.4938017233
"HN7777","H000019489","Prevenar","HE8765",2024-02-05,38.48706,33.326854,480.045872,1254,535,5,498.688751,842.527106,38.405991,71.418412,0.997894,1.115428,2.622989,536.587005,70.192435,1.075996,72.918402,89.438,2.54192,0.535,NA
"M56321","H000008135","Prevenar","L78984",2015-11-01,34.717175,29.505562,541.498791,1317,509,5,529.02884,836.584414,34.263645,68.08866,0.986936,0.939873,1.113224,515.676921,68.856599,0.974761,67.270929,89.419,0.659695,0.509,4.3957724999
"HY4200","H000028394","Prevenar","HR1838",2024-04-03,33.708942,NA,576.523031,1427,540,5,556.204325,774.743161,33.196116,65.981035,0.984787,0.936971,3.051452,548.530228,69.826597,0.986203,67.365661,88.604,2.538626,0.54,NA
"MG0842","H000035016","Prevenar","MG4281",2025-05-12,33.098757,26.926521,549.117549,1493,516,5,510.728262,813.881478,32.742554,NA,0.989238,0.939142,1.290876,521.309774,NA,1.020718,NA,89.697,0.934673,0.516,NA
"G32831","H000002634","Prevenar","G12095",2012-09-09,NA,NA,542.346542,1340,500,5,536.45662,804.926447,NA,NA,NA,0.921354,NA,516.232077,NA,0.9623,NA,NA,NA,0.5,4.2015792272
"GC1488","H000008135","Prevenar","FX7963",2022-07-11,37.150771,31.505768,520.111061,1249,537,5,527.887857,835.990253,37.675195,67.589601,1.014116,1.031682,2.13074,529.120303,68.592581,1.002335,69.618189,88.446,2.655164,0.537,4.6366276502
"GX2936","H000013782","Prevenar","GR5831",2023-05-14,38.289933,32.325867,617.528597,1172,573,5,617.921935,875.930834,37.479999,78.092756,0.978847,0.92748,5.609944,585.122543,77.905679,0.94692,77.955301,89.396,4.80001,0.573,4.612201767
"M97096","H000006081","Prevenar","M15162",2016-02-03,36.801454,30.901783,464.874858,1348,497,5,472.609252,893.006848,35.756091,70.282751,0.971595,1.069526,0.873903,511.731796,67.902342,1.08278,69.032073,89.48,-0.17146,0.497,4.4064739168
"S75069","H000008090","Prevenar","S18368",2017-06-11,33.28834,28.099133,434.952656,1309,512,6,469.853405,859.426899,35.316359,66.767166,1.060923,1.176913,-1.02179,482.505731,61.753492,1.026928,66.708613,89.505,1.006229,0.512,4.3716049383
"EP6167","H000010932","Prevenar","DX7884",2021-01-15,38.830663,33.677474,487.89144,1287,521,5,482.695811,866.72994,38.615012,71.576277,0.994446,1.067626,1.949144,523.794325,74.347349,1.085144,73.555613,88.624,1.733493,0.521,NA
"RC8053","H000033648","Prevenar","MT7608",2026-04-09,31.78728,26.269751,570.933978,1224,548,5,596.275398,762.528542,34.007417,NA,1.069844,0.960282,0.782611,512.465485,NA,0.859444,NA,88.347,3.002748,0.548,NA
"T30310","H000013782","Prevenar","T02211",2017-08-20,31.311915,27.235722,522.655123,1330,504,5,510.690908,846.378657,33.074491,67.498425,1.056291,0.965032,-1.211885,477.499986,66.499371,0.935008,64.977119,88.83,0.550692,0.504,4.3675438597
"LX2592","H000010932","Prevenar","LK1422",2025-01-23,32.160612,27.756779,484.419942,1367,490,4,494.664194,760.409296,31.542108,64.069729,0.980768,1.010926,-0.101679,499.315348,66.244089,1.009227,67.644983,88.574,-0.720183,0.49,NA
"R59698","H000008090","Prevenar","N16509",2016-10-12,35.017181,30.460106,479.967559,1345,498,5,464.609001,936.027006,36.092024,65.651805,1.030695,1.037843,-1.339848,483.296267,67.201444,1.040221,65.051054,89.849,-0.265005,0.498,4.6059771188
"L22406","H000008090","Prevenar","J41700",2015-01-26,32.432006,27.899017,521.36007,1270,528,5,497.62817,810.082945,36.178123,67.927133,1.115507,1.011998,-1.754094,472.982805,69.587222,0.950474,66.419666,88.378,1.992023,0.528,4.4222766535
"GD0307","H000011373","Prevenar","FH2518",2022-07-12,37.689702,31.632993,528.20982,1272,527,6,530.383264,909.545187,38.090483,84.205828,1.010634,0.998054,1.672662,521.634844,78.593561,0.983505,78.916953,89.062,2.073443,0.527,4.8180814182
"J13976","H000004331","Prevenar","G53268",2014-04-03,NA,NA,523.103749,1412,474,4,516.147636,838.13546,NA,NA,NA,0.905829,NA,470.976382,NA,0.912484,NA,NA,NA,0.474,4.851644562
"M97245","H000008135","Prevenar","M15162",2016-01-30,36.801454,30.901783,464.874858,1348,497,5,472.609252,893.006848,35.756091,70.282751,0.971595,1.069526,0.873903,511.731796,67.902342,1.08278,69.032073,89.48,-0.17146,0.497,4.4767952794
"FL8878","H000006081","Prevenar","FD9212",2021-11-17,34.779832,29.861436,515.131863,1302,515,5,503.008201,821.716411,33.959773,66.429134,0.976421,0.998904,1.850983,526.993022,67.235515,1.047683,65.653122,88.868,1.030925,0.515,4.5908690339
"EL8920","H000010932","Prevenar","DY9970",2021-03-20,32.501967,26.724274,493.947072,1327,505,4,501.870041,810.772549,32.63559,63.49669,1.004111,1.021936,0.131197,502.715717,63.437616,1.001685,64.455163,89.942,0.264821,0.505,NA
"G09776","H000002634","Prevenar","F87646",2012-08-20,NA,NA,528.599927,1231,545,5,517.638758,713.542663,NA,NA,NA,1.031166,NA,499.943236,NA,0.965815,NA,NA,NA,0.545,4.0760774926
"N39522","H000011044","Prevenar","M35795",2016-08-19,30.038636,25.870305,511.185682,1370,489,4,521.326645,763.478701,30.400739,65.170555,1.012055,0.956824,-1.138994,483.288872,65.658653,0.927037,66.961197,89.937,-0.77689,0.489,4.6855299891
"HN7746","H000017723","Prevenar","HK5976",2023-12-12,36.621463,31.4587,503.390597,1224,548,5,510.376756,882.197916,37.664602,69.917092,1.028484,1.089282,2.164084,533.147707,68.327427,1.044616,69.275689,89.461,3.207224,0.548,4.4449345857
"ED8330","H000017723","Prevenar","DY9970",2020-11-15,32.501967,26.724274,493.947072,1327,505,4,501.870041,810.772549,32.63559,63.49669,1.004111,1.021936,0.131197,502.715717,63.437616,1.001685,64.455163,89.942,0.264821,0.505,4.2574746222
"HE3393","H000019489","Prevenar","GW0214",2023-07-08,37.60073,32.434497,497.822367,1277,525,5,500.312402,917.380393,39.139718,75.919516,1.04093,1.054815,0.333061,504.462874,73.975509,1.008296,74.345523,89.688,1.872049,0.525,NA
"X59069","H000010932","Prevenar","W42953",2018-09-08,34.853505,29.124517,533.993696,1304,514,5,532.191865,760.994415,33.517065,71.846776,0.961656,0.962822,2.437695,534.641321,72.428568,1.004603,72.184175,88.74,1.101256,0.514,NA
"HJ3850","H000019489","Prevenar","HG6415",2023-11-19,36.645639,31.260859,501.675042,1297,517,5,488.105925,851.015617,37.785513,72.406355,1.031105,1.030047,0.251687,501.159926,74.33159,1.026744,72.321097,89.44,1.391561,0.517,NA
"T63423","H000010932","Prevenar","T02211",2017-09-12,31.311915,27.235722,522.655123,1330,504,5,510.690908,846.378657,33.074491,67.498425,1.056291,0.965032,-1.211885,477.499986,66.499371,0.935008,64.977119,88.83,0.550692,0.504,NA
"AK9119","H000011373","Prevenar","X37457",2019-01-08,34.453865,29.423984,546.111347,1340,500,5,539.736507,925.361388,35.185874,68.014046,1.021246,0.915416,-0.658066,489.518541,71.734616,0.906958,70.897246,89.439,0.073943,0.5,4.388299828
"EL8876","H000010932","Prevenar","DX7884",2021-01-12,38.830663,33.677474,487.89144,1287,521,5,482.695811,866.72994,38.615012,71.576277,0.994446,1.067626,1.949144,523.794325,74.347349,1.085144,73.555613,88.624,1.733493,0.521,NA
"FL6028","H000011374","Prevenar","ER8660",2021-11-03,36.654264,31.149682,505.682606,1270,528,5,527.61406,781.900431,33.505522,68.183468,0.914096,1.044594,4.879484,577.874762,66.153745,1.09526,69.022833,89.706,1.730742,0.528,4.2168134068
"H50978","H000004331","Prevenar","G57867",2013-09-29,NA,NA,525.526932,1265,530,4,547.875265,677.392455,NA,NA,NA,1.008424,NA,518.223236,NA,0.945878,NA,NA,NA,0.53,4.5413580246
"GH5588","H000010932","Prevenar","GD9425",2022-10-28,36.040674,31.076487,526.879463,1367,490,5,512.86599,867.25698,35.718044,67.208799,0.991048,0.929685,-0.676035,494.256256,71.959048,0.963714,70.045145,89.14,-0.998665,0.49,NA
"FY2985","H000011373","Prevenar","FH2518",2022-04-30,37.689702,31.632993,528.20982,1272,527,6,530.383264,909.545187,38.090483,84.205828,1.010634,0.998054,1.672662,521.634844,78.593561,0.983505,78.916953,89.062,2.073443,0.527,4.5236920787
"HF3782","H000013782","Prevenar","HG6413",2023-11-03,37.205019,31.993989,528.488727,1220,550,5,516.140699,841.000819,39.621369,75.044351,1.064947,1.040463,1.10164,516.338172,76.347096,1.000383,74.563262,88.751,3.517991,0.55,4.3910600784
"HN7773","H000019489","Prevenar","HE8765",2024-02-03,38.48706,33.326854,480.045872,1254,535,5,498.688751,842.527106,38.405991,71.418412,0.997894,1.115428,2.622989,536.587005,70.192435,1.075996,72.918402,89.438,2.54192,0.535,NA
"M97243","H000008135","Prevenar","L78983",2016-01-20,31.666306,26.520123,619.878604,1312,511,5,607.101323,768.68407,33.069977,71.305175,1.044327,0.823918,-0.686393,489.050946,77.67291,0.805551,76.071873,89.729,0.717278,0.511,4.6645910308
"M02672","H000008135","Prevenar","L78980",2015-07-09,38.019978,33.232234,508.933557,1272,527,5,506.910477,950.354057,39.31671,74.517319,1.034107,1.036202,0.669278,509.964626,74.801117,1.006025,74.503773,88.258,1.96601,0.527,4.2578406391
"M97037","H000007688","Prevenar","L78985",2015-12-10,37.317911,31.476702,510.412299,1348,497,5,512.257869,857.718172,37.323251,70.589263,1.000143,0.9733,1.617769,496.713308,75.58675,0.969655,75.86006,89.645,1.623109,0.497,4.4158521077
"AP9221","H000008135","Prevenar","AL6315",2019-03-24,36.245892,27.624091,473.80856,1343,499,5,491.377819,900.207058,36.679584,70.683459,1.011965,1.054105,-0.373199,493.538507,69.970822,1.004397,72.565405,88.847,0.060493,0.499,4.2443404792
"DA1868","H000008135","Prevenar","CH7196",2020-01-07,34.700561,29.456004,497.062195,1314,510,5,517.589766,864.098604,33.817721,72.60929,0.974558,1.026916,1.560611,523.766384,67.657224,1.011933,70.451318,88.903,0.677771,0.51,4.2520380085
"G66306","H000002634","Prevenar","G44647",2013-04-26,NA,NA,575.082875,1307,513,5,559.43219,867.836941,NA,NA,NA,0.892853,NA,534.369584,NA,0.9552,NA,NA,NA,0.513,4.5473476718
"H38758","H000004330","Prevenar","G16360",2014-03-01,NA,NA,488,1389,482,5,489.008427,871.465466,NA,NA,NA,0.987999,NA,461.042659,NA,0.942811,NA,NA,NA,0.482,4.3437209302
"M56329","H000007688","Prevenar","L03264",2015-11-04,32.183019,27.871149,514.837398,1452,461,5,524.022094,863.489308,32.774261,65.112107,1.018371,0.895572,-3.40518,452.756451,72.344333,0.864003,73.634956,89.966,-2.813939,0.461,4.8882666635
"J80518","H000004331","Prevenar","J10436",2014-10-28,28.529759,24.506961,533.304436,1452,461,4,505.175308,765.892645,28.60389,60.921513,1.002598,0.863517,-2.506891,459.324005,64.089013,0.909237,60.70864,89.837,-2.43276,0.461,4.6898284313
"MG4207","H000031244","Prevenar","LY2083",2025-06-04,34.762146,29.557527,482.562665,1229,546,5,467.824418,850.315446,37.343402,-1994.111793,1.074255,1.131062,0.479877,508.081009,66.557724,1.086051,64.524943,89.011,3.061133,0.546,NA
"FT9256","H000011374","Prevenar","ER8660",2022-03-31,36.654264,31.149682,505.682606,1270,528,5,527.61406,781.900431,33.505522,68.183468,0.914096,1.044594,4.879484,577.874762,66.153745,1.09526,69.022833,89.706,1.730742,0.528,4.3017693935
"H31653","H000004331","Prevenar","G54764",2013-08-05,NA,NA,564.586068,1282,523,5,547.031689,855.609762,NA,NA,NA,0.925937,NA,558.033966,NA,1.020113,NA,NA,NA,0.523,4.5108926342
"H96894","H000004331","Prevenar","G85984",2014-01-04,NA,NA,588.326486,1280,524,4,567.045,716.806943,NA,NA,NA,0.890491,NA,521.29963,NA,0.919327,NA,NA,NA,0.524,4.7048398931
"X06702","H000010932","Prevenar","T78048",2018-05-12,33.329131,28.225519,553.997699,1263,531,5,548.36707,805.155322,34.639497,71.671762,1.039316,0.959242,0.730552,511.315143,73.0519,0.932432,72.309427,89.517,2.040917,0.531,NA
"LJ1136","H000019489","Prevenar","LD1763",2024-07-31,33.815657,28.678325,577.601848,1438,536,5,541.565645,767.357237,33.918463,68.342659,1.00304,0.927613,2.151078,534.167041,71.359649,0.986338,66.907567,88.776,2.253883,0.536,NA
"R32088","H000011374","Prevenar","M35797",2016-09-19,35.947023,31.504544,483.390119,1386,483,5,470.534641,973.813589,36.556957,68.343804,1.016968,0.999694,-1.817976,475.179353,71.85408,1.009871,69.943163,89.624,-1.208043,0.483,4.5412696383
"FL6026","H000011374","Prevenar","ER8658",2021-10-22,31.259809,26.864674,564.947469,1233,544,4,557.486369,707.387705,31.256314,67.439557,0.999888,0.962577,2.582349,543.866202,61.72527,0.975569,60.910082,89.862,2.578854,0.544,4.2386146705
"M32477","H000008135","Prevenar","L78984",2015-10-01,34.717175,29.505562,541.498791,1317,509,5,529.02884,836.584414,34.263645,68.08866,0.986936,0.939873,1.113224,515.676921,68.856599,0.974761,67.270929,89.419,0.659695,0.509,4.3471346356
"FD9040","H000011373","Prevenar","EP0209",2021-09-10,34.413722,29.062236,544.229391,1220,550,5,502.804919,768.534555,34.966476,71.608163,1.016062,1.010958,2.668332,541.495354,70.851808,1.076949,65.458864,88.902,3.221086,0.55,4.1378112081
"G09783","H000002634","Prevenar","F87646",2012-07-29,NA,NA,528.599927,1231,545,5,517.638758,713.542663,NA,NA,NA,1.031166,NA,499.943236,NA,0.965815,NA,NA,NA,0.545,4.1890230582
"ED8301","H000006081","Prevenar","DN7200",2020-10-10,37.188444,31.131078,498.748044,1404,477,6,489.656177,938.103698,35.48329,67.926176,0.954148,0.957023,0.139155,500.250533,71.063044,1.021636,69.767609,89.118,-1.565999,0.477,4.3514451173
"J74164","H000004331","Prevenar","J32131",2014-11-11,29.626307,24.038122,595.589365,1275,526,4,578.429603,722.606377,29.783487,61.949228,1.005305,0.883231,1.633217,523.266936,66.961676,0.904634,65.032416,89.106,1.790397,0.526,4.7918934365
"N39523","H000011044","Prevenar","M35797",2016-09-05,35.947023,31.504544,483.390119,1386,483,5,470.534641,973.813589,36.556957,68.343804,1.016968,0.999694,-1.817976,475.179353,71.85408,1.009871,69.943163,89.624,-1.208043,0.483,4.5576763544
"AW6836","H000010932","Prevenar","AL6316",2019-04-30,38.269591,33.237761,516.364136,1404,477,5,509.926441,858.638862,34.474041,71.920463,0.900821,0.923053,2.259063,529.108151,76.457813,1.037617,75.504586,89.453,-1.536487,0.477,NA
"AH5735","H000011373","Prevenar","X72402",2018-12-07,35.701937,30.672129,513.996996,1224,548,5,494.324267,801.749135,37.19682,64.271195,1.041871,1.0664,1.822276,526.097795,66.762996,1.064277,64.207708,88.415,3.317158,0.548,4.1143199712
"FP0939","H000006081","Prevenar","FH2518",2022-05-07,37.689702,31.632993,528.20982,1272,527,6,530.383264,909.545187,38.090483,84.205828,1.010634,0.998054,1.672662,521.634844,78.593561,0.983505,78.916953,89.062,2.073443,0.527,4.5108020833
"GH5617","H000019489","Prevenar","FX7963",2022-09-30,37.150771,31.505768,520.111061,1249,537,5,527.887857,835.990253,37.675195,67.589601,1.014116,1.031682,2.13074,529.120303,68.592581,1.002335,69.618189,88.446,2.655164,0.537,NA
"FG8666","H000011044","Prevenar","EG3841",2021-07-10,32.903134,27.996564,456.792604,1381,485,5,474.499459,843.541495,34.10148,65.828132,1.03642,1.062135,-2.422454,468.125964,64.449094,0.986568,66.947363,88.281,-1.224108,0.485,4.5127946603
"FK1150","H000017723","Prevenar","ER8658",2021-10-19,31.259809,26.864674,564.947469,1233,544,4,557.486369,707.387705,31.256314,67.439557,0.999888,0.962577,2.582349,543.866202,61.72527,0.975569,60.910082,89.862,2.578854,0.544,4.3775211239
"EL8970","H000017723","Prevenar","DX7884",2020-12-19,38.830663,33.677474,487.89144,1287,521,5,482.695811,866.72994,38.615012,71.576277,0.994446,1.067626,1.949144,523.794325,74.347349,1.085144,73.555613,88.624,1.733493,0.521,4.2795054683
"GH5818","H000011044","Prevenar","GD9427",2022-11-05,33.859219,28.377892,538.875103,1272,527,5,522.102252,813.787333,33.923922,70.709609,1.001911,0.977343,1.61089,525.661446,68.637452,1.006817,66.501065,89.734,1.675593,0.527,4.4926703265
"T37686","H000008090","Prevenar","T32888",2017-10-21,36.120599,30.974095,519.548656,1247,538,5,522.549901,793.689555,36.126222,75.67838,1.000156,1.035489,2.64623,537.903234,71.334935,1.029382,71.747011,88.83,2.651853,0.538,4.1255250728
"CW6535","H000011044","Prevenar","AM9028",2019-11-06,31.579869,26.85798,579.386159,1330,504,4,572.369343,796.054398,32.091052,72.995959,1.016187,0.870043,-0.30461,496.061059,71.177169,0.86668,70.315158,88.751,0.206573,0.504,4.2806823386
"G09782","H000002634","Prevenar","F87646",2012-08-01,NA,NA,528.599927,1231,545,5,517.638758,713.542663,NA,NA,NA,1.031166,NA,499.943236,NA,0.965815,NA,NA,NA,0.545,3.9038634766
"HN7776","H000019489","Prevenar","HE8765",2024-01-29,38.48706,33.326854,480.045872,1254,535,5,498.688751,842.527106,38.405991,71.418412,0.997894,1.115428,2.622989,536.587005,70.192435,1.075996,72.918402,89.438,2.54192,0.535,NA
"HN7774","H000019489","Prevenar","HE8765",2024-01-12,38.48706,33.326854,480.045872,1254,535,5,498.688751,842.527106,38.405991,71.418412,0.997894,1.115428,2.622989,536.587005,70.192435,1.075996,72.918402,89.438,2.54192,0.535,NA
"H50984","H000004331","Prevenar","G57867",2013-10-21,NA,NA,525.526932,1265,530,4,547.875265,677.392455,NA,NA,NA,1.008424,NA,518.223236,NA,0.945878,NA,NA,NA,0.53,4.5435278177
"W15822","H000014198","Prevenar","T78048",2018-06-02,33.329131,28.225519,553.997699,1263,531,5,548.36707,805.155322,34.639497,71.671762,1.039316,0.959242,0.730552,511.315143,73.0519,0.932432,72.309427,89.517,2.040917,0.531,4.2992821973
"AP9877","H000013782","Prevenar","AH4655",2019-03-11,35.202192,30.453831,495.568783,1375,487,5,453.369687,899.133861,36.68512,69.471747,1.042126,0.982255,-2.207709,467.097935,74.793512,1.03028,68.424631,89.035,-0.724781,0.487,4.3419580585
"GT1593","H000010932","Prevenar","GM6508",2023-04-07,34.149896,29.022377,529.769481,1190,564,5,519.699871,755.227999,36.598109,63.264006,1.07169,1.065461,1.712557,526.690328,67.489541,1.013451,66.206731,88.913,4.160769,0.564,NA
"L30165","H000008135","Prevenar","L45101",2015-05-27,36.142837,30.119226,536.922624,1251,536,5,523.002679,870.454142,37.091074,72.522698,1.026236,0.997944,1.638386,522.120482,74.007395,0.998313,72.088723,89.132,2.586622,0.536,4.3608216838
"GT1602","H000011044","Prevenar","GD9428",2023-04-02,35.670435,30.260224,527.929442,1289,520,5,519.88649,799.137641,35.266285,67.738999,0.98867,0.984079,1.749674,525.478134,70.832934,1.010756,69.753801,89.862,1.345524,0.52,4.7537540196
"HY4184","H000019489","Prevenar","HR1838",2024-03-17,33.708942,NA,576.523031,1427,540,5,556.204325,774.743161,33.196116,65.981035,0.984787,0.936971,3.051452,548.530228,69.826597,0.986203,67.365661,88.604,2.538626,0.54,NA
"LC5390","H000019489","Prevenar","LD1763",2024-06-08,33.815657,28.678325,577.601848,1438,536,5,541.565645,767.357237,33.918463,68.342659,1.00304,0.927613,2.151078,534.167041,71.359649,0.986338,66.907567,88.776,2.253883,0.536,NA
"X56181","H000008090","Prevenar","W42953",2018-10-14,34.853505,29.124517,533.993696,1304,514,5,532.191865,760.994415,33.517065,71.846776,0.961656,0.962822,2.437695,534.641321,72.428568,1.004603,72.184175,88.74,1.101256,0.514,4.4254455016
"EP6206","H000008135","Prevenar","EE6081",2021-04-07,32.83954,28.082075,480.669197,1367,490,4,477.659788,802.615186,31.756221,63.345533,0.967012,1.018446,0.42954,506.235455,64.084619,1.059824,63.683393,88.947,-0.653779,0.49,4.649162485
"AW6837","H000010932","Prevenar","AL6316",2019-05-04,38.269591,33.237761,516.364136,1404,477,5,509.926441,858.638862,34.474041,71.920463,0.900821,0.923053,2.259063,529.108151,76.457813,1.037617,75.504586,89.453,-1.536487,0.477,4.4104330472
"FD0722","H000019489","Prevenar","EC6010",2021-05-22,34.964142,30.083519,534.175011,1319,508,5,521.502976,862.987638,33.318744,68.24447,0.95294,0.950852,2.227402,533.004275,70.999759,1.022054,69.315458,89.103,0.582004,0.508,NA
"EH7861","H000010932","Prevenar","DN7200",2020-09-26,37.188444,31.131078,498.748044,1404,477,6,489.656177,938.103698,35.48329,67.926176,0.954148,0.957023,0.139155,500.250533,71.063044,1.021636,69.767609,89.118,-1.565999,0.477,NA
"AW6847","H000008135","Prevenar","AL6318",2019-05-06,33.724824,28.902003,588.842689,1170,574,4,545.716343,769.46082,34.898391,67.52324,1.034798,0.974021,3.179924,554.258074,70.416222,1.015652,65.258997,80.941,4.35349,0.574,4.0085154321
"T19289","H000013782","Prevenar","S18360",2017-07-10,32.480233,28.509742,482.758621,1398,479,4,434.534323,809.354654,31.234249,63.073957,0.961639,0.992666,-0.139636,498.334777,63.809676,1.146825,57.435524,88.911,-1.385621,0.479,4.4390334805
"GT9408","H000019489","Prevenar","GD9424",2023-01-07,34.299261,29.810102,510.814815,1378,486,4,492.444674,768.143343,31.029423,66.967771,0.904667,0.951865,2.452652,537.464929,70.317862,1.091422,67.789061,89.71,-0.817186,0.486,NA
"LL4093","H000010932","Prevenar","LD1769",2024-08-29,29.754499,25.18508,575.464084,1294,518,4,559.805285,720.008959,29.086369,61.3158,0.977545,0.899337,1.336819,529.424076,61.608015,0.945729,59.931616,89.944,0.668689,0.518,NA
"GG4396","H000013782","Prevenar","FH2519",2022-09-25,33.522612,28.064301,538.109327,1312,511,5,529.117002,744.497873,32.717014,71.706235,0.975969,0.949476,1.622632,523.502208,68.777207,0.989388,67.627874,89.56,0.817033,0.511,4.7514153519
"R59678","H000011374","Prevenar","N16509",2016-10-30,35.017181,30.460106,479.967559,1345,498,5,464.609001,936.027006,36.092024,65.651805,1.030695,1.037843,-1.339848,483.296267,67.201444,1.040221,65.051054,89.849,-0.265005,0.498,4.3592405914
"X06678","H000008135","Prevenar","W12892",2018-06-21,30.971347,26.624734,559.81924,1351,496,5,534.700339,817.244522,32.707009,69.75296,1.056041,0.886194,-2.288483,469.781679,72.335277,0.878589,69.089617,88.431,-0.552822,0.496,4.5707244518
"CM3340","H000010932","Prevenar","AM9030",2019-09-07,33.469938,28.1335,543.037623,1370,489,5,555.685723,837.53978,32.402512,69.187094,0.968108,0.900029,0.362318,504.850541,67.822997,0.908518,69.402689,88.843,-0.705108,0.489,NA
"FJ5974","H000011044","Prevenar","EP0208",2021-09-20,34.382482,29.228655,510.913559,1302,515,5,494.064027,776.838421,33.806633,70.61127,0.983252,1.008111,1.740972,523.830707,69.11764,1.060249,66.838194,88.67,1.165123,0.515,4.5818600032
"M02693","H000004330","Prevenar","L78985",2015-09-16,37.317911,31.476702,510.412299,1348,497,5,512.257869,857.718172,37.323251,70.589263,1.000143,0.9733,1.617769,496.713308,75.58675,0.969655,75.86006,89.645,1.623109,0.497,4.2677103033
"J56512","H000004331","Prevenar","H28262",2014-08-03,27.686804,23.698251,556.900029,1340,500,4,559.043494,635.23487,27.980729,61.069799,1.010616,0.898508,-0.225435,495.122704,60.746019,0.88566,60.979826,89.862,0.06849,0.5,4.7662303665
"H75718","H000004331","Prevenar","G57867",2013-11-11,NA,NA,525.526932,1265,530,4,547.875265,677.392455,NA,NA,NA,1.008424,NA,518.223236,NA,0.945878,NA,NA,NA,0.53,4.5035520735
"EC6016","H000013782","Prevenar","DR8857",2020-11-13,36.548088,31.685155,527.460921,1319,508,5,464.153608,913.707909,38.403106,67.34125,1.050756,0.962845,-1.169101,483.331486,74.210984,1.041318,65.303977,88.935,0.685916,0.508,3.9892971077
"G09778","H000002634","Prevenar","F87646",2012-08-24,NA,NA,528.599927,1231,545,5,517.638758,713.542663,NA,NA,NA,1.031166,NA,499.943236,NA,0.965815,NA,NA,NA,0.545,4.2110261205
"J35303","H000002634","Prevenar","H89704",2014-06-21,32.056996,26.398673,520.61707,1319,508,5,510.244878,932.227621,35.069222,76.417511,1.093965,0.97543,-2.339603,464.206322,70.178716,0.909772,68.780554,88.332,0.672623,0.508,4.2877177429
"HN7338","H000010932","Prevenar","HE8765",2024-02-14,38.48706,33.326854,480.045872,1254,535,5,498.688751,842.527106,38.405991,71.418412,0.997894,1.115428,2.622989,536.587005,70.192435,1.075996,72.918402,89.438,2.54192,0.535,4.2176753533
"HN7736","H000013782","Prevenar","HL5142",2024-01-11,35.814108,30.063159,575.103391,1235,543,5,545.440235,894.245555,35.554752,72.847397,0.992758,0.943884,3.178026,546.790443,72.263431,1.002475,68.536168,89.849,2.91867,0.543,4.2041796489
"LC5364","H000017723","Prevenar","HR8382",2024-06-26,26.266043,22.11233,594.933921,1162,578,4,592.844975,627.107457,29.698339,60.089957,1.130674,0.971864,0.579422,511.371695,61.800129,0.862572,61.583135,88.973,4.011719,0.578,4.3283705786
"DA1909","H000013782","Prevenar","CH7196",2019-12-30,34.700561,29.456004,497.062195,1314,510,5,517.589766,864.098604,33.817721,72.60929,0.974558,1.026916,1.560611,523.766384,67.657224,1.011933,70.451318,88.903,0.677771,0.51,4.16299755
"DC8076","H000010932","Prevenar","CH7196",2020-01-08,34.700561,29.456004,497.062195,1314,510,5,517.589766,864.098604,33.817721,72.60929,0.974558,1.026916,1.560611,523.766384,67.657224,1.011933,70.451318,88.903,0.677771,0.51,NA
"CH8218","H000013782","Prevenar","AL6315",2019-06-13,36.245892,27.624091,473.80856,1343,499,5,491.377819,900.207058,36.679584,70.683459,1.011965,1.054105,-0.373199,493.538507,69.970822,1.004397,72.565405,88.847,0.060493,0.499,4.2151779194
"CK6542","H000008090","Prevenar","AM9028",2019-08-06,31.579869,26.85798,579.386159,1330,504,4,572.369343,796.054398,32.091052,72.995959,1.016187,0.870043,-0.30461,496.061059,71.177169,0.86668,70.315158,88.751,0.206573,0.504,4.2326338213
"DC8074","H000010932","Prevenar","CH7196",2020-01-09,34.700561,29.456004,497.062195,1314,510,5,517.589766,864.098604,33.817721,72.60929,0.974558,1.026916,1.560611,523.766384,67.657224,1.011933,70.451318,88.903,0.677771,0.51,4.2520380085
"DC8126","H000014198","Prevenar","CH7196",2020-01-03,34.700561,29.456004,497.062195,1314,510,5,517.589766,864.098604,33.817721,72.60929,0.974558,1.026916,1.560611,523.766384,67.657224,1.011933,70.451318,88.903,0.677771,0.51,4.2275852089
"FA1615","H000010932","Prevenar","EG3840",2021-05-30,36.063926,30.531406,547.268126,1213,553,5,518.613996,782.08927,35.879661,61.262923,0.994891,1.010808,3.514434,556.024203,67.346696,1.072135,63.820525,88.652,3.330169,0.553,NA
"G89113","H000002634","Prevenar","G44647",2013-02-06,NA,NA,575.082875,1307,513,5,559.43219,867.836941,NA,NA,NA,0.892853,NA,534.369584,NA,0.9552,NA,NA,NA,0.513,4.3985332058
"J13974","H000004331","Prevenar","G48529",2014-03-31,NA,NA,560.531898,1292,519,4,553.066038,784.600812,NA,NA,NA,0.92673,NA,541.893525,NA,0.979799,NA,NA,NA,0.519,4.3799160511
"J35422","H000004331","Prevenar","H89702",2014-06-14,30.788269,26.556725,485.348688,1412,474,4,475.885002,783.766039,28.64192,59.794875,NA,0.977443,0.583469,509.951255,60.730502,1.071585,59.546334,89.938,-1.56288,0.474,4.7337971177
"J35423","H000004331","Prevenar","H89702",2014-06-17,30.788269,26.556725,485.348688,1412,474,4,475.885002,783.766039,28.64192,59.794875,NA,0.977443,0.583469,509.951255,60.730502,1.071585,59.546334,89.938,-1.56288,0.474,4.5899928409
"HY4183","H000019489","Prevenar","HR1838",2024-03-19,33.708942,NA,576.523031,1427,540,5,556.204325,774.743161,33.196116,65.981035,0.984787,0.936971,3.051452,548.530228,69.826597,0.986203,67.365661,88.604,2.538626,0.54,NA
"HY4186","H000019489","Prevenar","HR1838",2024-04-29,33.708942,NA,576.523031,1427,540,5,556.204325,774.743161,33.196116,65.981035,0.984787,0.936971,3.051452,548.530228,69.826597,0.986203,67.365661,88.604,2.538626,0.54,NA
"J80514","H000004331","Prevenar","J10436",2014-10-08,28.529759,24.506961,533.304436,1452,461,4,505.175308,765.892645,28.60389,60.921513,1.002598,0.863517,-2.506891,459.324005,64.089013,0.909237,60.70864,89.837,-2.43276,0.461,4.8437780405
"M56265A","H000004330","Prevenar","L78985",2015-11-23,37.317911,31.476702,510.412299,1348,497,5,512.257869,857.718172,37.323251,70.589263,1.000143,0.9733,1.617769,496.713308,75.58675,0.969655,75.86006,89.645,1.623109,0.497,NA
"LL9784","H000031244","Prevenar","HP3381",2024-07-20,36.869813,31.148489,479.865258,1314,510,5,482.883492,814.935701,35.060712,72.020806,0.950933,1.06203,2.510922,535.927983,70.919968,1.109849,71.366037,88.595,0.701821,0.51,NA
"LC5369","H000013782","Prevenar","HR8380",2024-05-09,41.663018,35.515483,429.724596,1375,487,6,417.616912,939.998312,40.546917,68.746143,0.973211,1.133155,-0.050491,500.348206,72.318618,1.198103,70.281008,89.35,-1.166592,0.487,4.1932271783
"NF9403","H000010932","Prevenar","LY2082",2025-11-06,31.549138,25.395454,510.635261,1359,493,4,438.898103,689.897645,29.912218,NA,0.948115,0.966377,1.116597,520.470465,NA,1.185857,NA,89.332,-0.520323,0.493,4.4817343907
"NM6518","H000033648","Prevenar","ML0573",2025-12-30,34.513556,28.432687,522.690173,1235,543,5,517.167676,764.968414,33.301261,NA,0.964875,1.039444,3.858287,563.085814,NA,1.088788,NA,88.59,2.645991,0.543,NA
"N90903","H000006081","Prevenar","M35797",2016-09-09,35.947023,31.504544,483.390119,1386,483,5,470.534641,973.813589,36.556957,68.343804,1.016968,0.999694,-1.817976,475.179353,71.85408,1.009871,69.943163,89.624,-1.208043,0.483,4.4786709881
"T30392","H000010932","Prevenar","R48338",2017-06-16,34.786135,30.179128,436.342593,1353,495,5,436.266729,895.053158,34.691104,62.567241,0.997268,1.135558,-0.376706,496.849455,60.14373,1.138866,60.133273,89.34,-0.471738,0.495,NA
"W72942","H000008090","Prevenar","T61734",2018-04-12,35.653719,30.41365,534.237439,1364,491,5,534.242969,860.094183,34.550283,73.531597,0.969051,0.918645,0.53074,506.448503,73.274726,0.947974,73.275485,88.637,-0.572695,0.491,4.614030716
"X37663","H000010932","Prevenar","W42944",2018-08-08,32.13037,27.091151,499.099505,1353,495,5,487.32544,760.47529,32.01487,83.929946,0.996405,0.992649,-0.129491,497.218174,71.215434,1.0203,69.535419,89.523,-0.244991,0.495,NA
"CH8180","H000008135","Prevenar","AA0268",2019-06-11,34.166802,29.114855,497.588652,1319,508,5,487.453664,708.475453,34.838981,68.491775,1.019673,1.020933,-0.194347,498.203318,65.061604,1.022053,63.736416,88.291,0.477832,0.508,4.3782451005
"CM3342","H000010932","Prevenar","AM9028",2019-10-29,31.579869,26.85798,579.386159,1330,504,4,572.369343,796.054398,32.091052,72.995959,1.016187,0.870043,-0.30461,496.061059,71.177169,0.86668,70.315158,88.751,0.206573,0.504,4.4440645911
"CR3646","H000013782","Prevenar","AM9028",2019-11-05,31.579869,26.85798,579.386159,1330,504,4,572.369343,796.054398,32.091052,72.995959,1.016187,0.870043,-0.30461,496.061059,71.177169,0.86668,70.315158,88.751,0.206573,0.504,4.5627508212
"ED8314","H000013782","Prevenar","DR8857",2020-11-12,36.548088,31.685155,527.460921,1319,508,5,464.153608,913.707909,38.403106,67.34125,1.050756,0.962845,-1.169101,483.331486,74.210984,1.041318,65.303977,88.935,0.685916,0.508,4.1208236594
"EN3348","H000014198","Prevenar","DX7884",2020-12-28,38.830663,33.677474,487.89144,1287,521,5,482.695811,866.72994,38.615012,71.576277,0.994446,1.067626,1.949144,523.794325,74.347349,1.085144,73.555613,88.624,1.733493,0.521,4.379828605
"EM2271","H000006081","Prevenar","DX7884",2021-02-07,38.830663,33.677474,487.89144,1287,521,5,482.695811,866.72994,38.615012,71.576277,0.994446,1.067626,1.949144,523.794325,74.347349,1.085144,73.555613,88.624,1.733493,0.521,4.2500033801
"H31648","H000004331","Prevenar","G54764",2013-07-22,NA,NA,564.586068,1282,523,5,547.031689,855.609762,NA,NA,NA,0.925937,NA,558.033966,NA,1.020113,NA,NA,NA,0.523,4.352653055
"GL2478","H000008135","Prevenar","GD9424",2022-10-03,34.299261,29.810102,510.814815,1378,486,4,492.444674,768.143343,31.029423,66.967771,0.904667,0.951865,2.452652,537.464929,70.317862,1.091422,67.789061,89.71,-0.817186,0.486,4.8693213381
"HH7687","H000031244","Prevenar","HG6415",2023-11-06,36.645639,31.260859,501.675042,1297,517,5,488.105925,851.015617,37.785513,72.406355,1.031105,1.030047,0.251687,501.159926,74.33159,1.026744,72.321097,89.44,1.391561,0.517,NA
"J80524","H000002634","Prevenar","J41707",2014-11-16,36.969865,31.870508,552.553951,1218,551,5,521.332571,771.420557,35.780992,70.692855,0.967842,0.997572,4.466584,569.526982,72.320843,1.092445,68.234442,89.427,3.277712,0.551,4.249535976
"L30229","H000008090","Prevenar","L45099",2015-06-21,31.503044,27.177762,559.683677,1265,530,5,549.811598,729.622979,33.91409,69.940796,1.076534,0.946277,-0.489475,491.963847,72.868406,0.894786,71.583104,89.56,1.92157,0.53,4.2241512476
"M02682","H000007688","Prevenar","L45099",2015-08-02,31.503044,27.177762,559.683677,1265,530,5,549.811598,729.622979,33.91409,69.940796,1.076534,0.946277,-0.489475,491.963847,72.868406,0.894786,71.583104,89.56,1.92157,0.53,4.5840852674
"LT0940","H000031244","Prevenar","LH1383",2024-10-26,34.878566,29.927707,487.921569,1299,516,5,474.538687,797.457733,35.44644,66.073905,1.016281,1.057328,0.523154,507.628337,67.831289,1.06973,65.970788,88.271,1.091028,0.516,NA
"CM3197","H000013782","Prevenar","CA6594",2019-09-26,32.632791,28.057958,562.368753,1265,530,5,528.40666,983.81531,34.171746,77.78207,1.04716,0.942951,0.431951,506.404167,68.145452,0.958361,64.03007,89.23,1.970906,0.53,4.2022943679
"FT0536","H000017723","Prevenar","FH2519",2022-05-03,33.522612,28.064301,538.109327,1312,511,5,529.117002,744.497873,32.717014,71.706235,0.975969,0.949476,1.622632,523.502208,68.777207,0.989388,67.627874,89.56,0.817033,0.511,4.5236920787
"EP3318","H000011373","Prevenar","DX7884",2021-01-06,38.830663,33.677474,487.89144,1287,521,5,482.695811,866.72994,38.615012,71.576277,0.994446,1.067626,1.949144,523.794325,74.347349,1.085144,73.555613,88.624,1.733493,0.521,4.2138533618
"GG1742","H000028394","Prevenar","FT3234",2022-06-25,34.281985,29.007039,530.711959,1364,491,5,514.839254,794.902817,32.805919,64.855292,0.956943,0.925857,0.985824,513.471787,69.363736,0.997344,67.289183,89.418,-0.490242,0.491,NA
"H19407","H000002634","Prevenar","G16360",2014-03-09,NA,NA,488,1389,482,5,489.008427,871.465466,NA,NA,NA,0.987999,NA,461.042659,NA,0.942811,NA,NA,NA,0.482,4.4385796662
"H22379","H000007053","Prevenar","G16360",2014-02-09,NA,NA,488,1389,482,5,489.008427,871.465466,NA,NA,NA,0.987999,NA,461.042659,NA,0.942811,NA,NA,NA,0.482,4.36816609
"H19396","H000002634","Prevenar","G16360",2014-03-05,NA,NA,488,1389,482,5,489.008427,871.465466,NA,NA,NA,0.987999,NA,461.042659,NA,0.942811,NA,NA,NA,0.482,4.4261510633
"J13977","H000004331","Prevenar","G53268",2014-04-07,NA,NA,523.103749,1412,474,4,516.147636,838.13546,NA,NA,NA,0.905829,NA,470.976382,NA,0.912484,NA,NA,NA,0.474,4.7814563299
"H32095","H000004331","Prevenar","G48529",2013-08-23,NA,NA,560.531898,1292,519,4,553.066038,784.600812,NA,NA,NA,0.92673,NA,541.893525,NA,0.979799,NA,NA,NA,0.519,4.5104281705
"G89771","H000004331","Prevenar","G44647",2013-02-16,NA,NA,575.082875,1307,513,5,559.43219,867.836941,NA,NA,NA,0.892853,NA,534.369584,NA,0.9552,NA,NA,NA,0.513,4.0972026553
"CR3641","H000013782","Prevenar","AM9030",2019-10-28,33.469938,28.1335,543.037623,1370,489,5,555.685723,837.53978,32.402512,69.187094,0.968108,0.900029,0.362318,504.850541,67.822997,0.908518,69.402689,88.843,-0.705108,0.489,4.5875705922
"HA2701","H000006081","Prevenar","HG6413",2023-11-04,37.205019,31.993989,528.488727,1220,550,5,516.140699,841.000819,39.621369,75.044351,1.064947,1.040463,1.10164,516.338172,76.347096,1.000383,74.563262,88.751,3.517991,0.55,4.2881151184
"DA1903","H000010932","Prevenar","CA6598",2019-12-23,31.011175,26.19783,546.864279,1314,510,5,535.014859,814.962383,32.736275,73.230968,1.055628,0.932625,-1.040655,483.142771,72.414347,0.903046,70.845278,89.505,0.684445,0.51,4.1952913794
"CW6536","H000011044","Prevenar","AM9028",2019-11-08,31.579869,26.85798,579.386159,1330,504,4,572.369343,796.054398,32.091052,72.995959,1.016187,0.870043,-0.30461,496.061059,71.177169,0.86668,70.315158,88.751,0.206573,0.504,4.361433678
"DA1869","H000008135","Prevenar","CL6510",2020-01-17,37.060984,31.952388,515.340734,1322,507,5,472.915276,978.542885,36.071841,74.289078,0.97331,0.984486,1.457534,521.257896,74.138742,1.102223,68.035266,88.679,0.46839,0.507,4.2358124398
"ED8340","H000010932","Prevenar","DR8857",2020-10-21,36.548088,31.685155,527.460921,1319,508,5,464.153608,913.707909,38.403106,67.34125,1.050756,0.962845,-1.169101,483.331486,74.210984,1.041318,65.303977,88.935,0.685916,0.508,NA
"H26116","H000002634","Prevenar","G54765",2013-08-16,NA,NA,478.742264,1249,537,5,494.653751,883.602584,NA,NA,NA,1.120745,NA,493.266477,NA,0.997195,NA,NA,NA,0.537,4.1068799926
"FD1885","H000019489","Prevenar","EC6010",2021-07-08,34.964142,30.083519,534.175011,1319,508,5,521.502976,862.987638,33.318744,68.24447,0.95294,0.950852,2.227402,533.004275,70.999759,1.022054,69.315458,89.103,0.582004,0.508,NA
"FT6721","H000019252","Prevenar","FH2519",2022-04-26,33.522612,28.064301,538.109327,1312,511,5,529.117002,744.497873,32.717014,71.706235,0.975969,0.949476,1.622632,523.502208,68.777207,0.989388,67.627874,89.56,0.817033,0.511,NA
"G89770","H000004331","Prevenar","G44647",2013-02-13,NA,NA,575.082875,1307,513,5,559.43219,867.836941,NA,NA,NA,0.892853,NA,534.369584,NA,0.9552,NA,NA,NA,0.513,4.6329014117
"LH8148","H000031244","Prevenar","HR8380",2024-05-19,41.663018,35.515483,429.724596,1375,487,6,417.616912,939.998312,40.546917,68.746143,0.973211,1.133155,-0.050491,500.348206,72.318618,1.198103,70.281008,89.35,-1.166592,0.487,NA
"M56264","H000008090","Prevenar","L78985",2015-11-30,37.317911,31.476702,510.412299,1348,497,5,512.257869,857.718172,37.323251,70.589263,1.000143,0.9733,1.617769,496.713308,75.58675,0.969655,75.86006,89.645,1.623109,0.497,4.5279218267
"G68767","H000002634","Prevenar","G12095",2012-12-09,NA,NA,542.346542,1340,500,5,536.45662,804.926447,NA,NA,NA,0.921354,NA,516.232077,NA,0.9623,NA,NA,NA,0.5,4.5219139561
"G32829","H000002634","Prevenar","G12095",2012-09-01,NA,NA,542.346542,1340,500,5,536.45662,804.926447,NA,NA,NA,0.921354,NA,516.232077,NA,0.9623,NA,NA,NA,0.5,4.458812719
"H38730","H000004331","Prevenar","G16360",2014-02-19,NA,NA,488,1389,482,5,489.008427,871.465466,NA,NA,NA,0.987999,NA,461.042659,NA,0.942811,NA,NA,NA,0.482,4.7462123667
"G32117","H000004331","Prevenar","G44647",2013-04-06,NA,NA,575.082875,1307,513,5,559.43219,867.836941,NA,NA,NA,0.892853,NA,534.369584,NA,0.9552,NA,NA,NA,0.513,4.3961113565
"GH5611","H000013782","Prevenar","GD9427",2022-11-21,33.859219,28.377892,538.875103,1272,527,5,522.102252,813.787333,33.923922,70.709609,1.001911,0.977343,1.61089,525.661446,68.637452,1.006817,66.501065,89.734,1.675593,0.527,4.363109286
"T36090","H000008135","Prevenar","T02211",2017-08-16,31.311915,27.235722,522.655123,1330,504,5,510.690908,846.378657,33.074491,67.498425,1.056291,0.965032,-1.211885,477.499986,66.499371,0.935008,64.977119,88.83,0.550692,0.504,4.31977042822
"DA1901","H000010932","Prevenar","AL6315",2019-12-02,36.245892,27.624091,473.80856,1343,499,5,491.377819,900.207058,36.679584,70.683459,1.011965,1.054105,-0.373199,493.538507,69.970822,1.004397,72.565405,88.847,0.060493,0.499,NA
"CL3157","H000019488","Prevenar","AL6316",2019-08-09,38.269591,33.237761,516.364136,1404,477,5,509.926441,858.638862,34.474041,71.920463,0.900821,0.923053,2.259063,529.108151,76.457813,1.037617,75.504586,89.453,-1.536487,0.477,NA
"MW1321","H000013782","Prevenar","MC9133",2025-09-05,36.557666,30.257658,497.176508,1307,513,5,519.319641,763.772909,32.777138,NA,0.896587,1.031423,4.517467,571.945808,NA,1.101337,NA,88.942,0.736939,0.513,4.7230188201
"HF3775","H000013782","Prevenar","HG6415",2023-11-22,36.645639,31.260859,501.675042,1297,517,5,488.105925,851.015617,37.785513,72.406355,1.031105,1.030047,0.251687,501.159926,74.33159,1.026744,72.321097,89.44,1.391561,0.517,4.3990481507
"HY4182","H000019489","Prevenar","HR1838",2024-03-14,33.708942,NA,576.523031,1427,540,5,556.204325,774.743161,33.196116,65.981035,0.984787,0.936971,3.051452,548.530228,69.826597,0.986203,67.365661,88.604,2.538626,0.54,NA
"J80522","H000002634","Prevenar","J10436",2014-11-04,28.529759,24.506961,533.304436,1452,461,4,505.175308,765.892645,28.60389,60.921513,1.002598,0.863517,-2.506891,459.324005,64.089013,0.909237,60.70864,89.837,-2.43276,0.461,4.842075244
"S26340","H000008090","Prevenar","N28779",2017-02-20,34.03558,29.497155,485.316847,1449,462,5,460.765664,876.810431,34.074292,69.977037,1.001137,0.952681,-2.805679,461.826623,69.341987,1.002303,65.834118,88.673,-2.766967,0.462,4.7971238353
"S93494","H000008090","Prevenar","T02211",2017-10-01,31.311915,27.235722,522.655123,1330,504,5,510.690908,846.378657,33.074491,67.498425,1.056291,0.965032,-1.211885,477.499986,66.499371,0.935008,64.977119,88.83,0.550692,0.504,4.50502938
"L30217","H000006081","Prevenar","L78979",2015-07-03,31.930948,26.370397,591.883822,1330,504,4,523.092688,845.368104,32.903365,68.976488,1.030454,0.851858,-0.556613,489.299832,77.333184,0.935398,68.345209,88.954,0.415805,0.504,4.347959889
"CR3613","H000010932","Prevenar","CA6594",2019-11-13,32.632791,28.057958,562.368753,1265,530,5,528.40666,983.81531,34.171746,77.78207,1.04716,0.942951,0.431951,506.404167,68.145452,0.958361,64.03007,89.23,1.970906,0.53,NA
"AW6821","H000013782","Prevenar","AM9028",2019-04-15,31.579869,26.85798,579.386159,1330,504,4,572.369343,796.054398,32.091052,72.995959,1.016187,0.870043,-0.30461,496.061059,71.177169,0.86668,70.315158,88.751,0.206573,0.504,4.282657244
"MW1304","H000010932","Prevenar","MC9133",2025-09-07,36.557666,30.257658,497.176508,1307,513,5,519.319641,763.772909,32.777138,NA,0.896587,1.031423,4.517467,571.945808,NA,1.101337,NA,88.942,0.736939,0.513,4.3583602064
"EL3811","H000008135","Prevenar","EP0207",2021-03-15,33.605883,28.739924,508.17401,1322,507,5,503.838508,829.604217,35.315289,70.469261,1.050866,0.996997,-1.255556,482.124105,71.358036,0.956902,70.749243,89.163,0.45385,0.507,4.2982933754
"NA0070","H000010932","Prevenar","ML0570",2025-09-24,31.407444,26.05803,501.554574,1353,495,5,491.965896,767.703143,31.903319,NA,1.015788,0.985965,-0.873817,486.829104,NA,0.989559,NA,88.74,-0.377942,0.495,4.3958017194
"H38727","H000004331","Prevenar","G16360",2014-02-24,NA,NA,488,1389,482,5,489.008427,871.465466,NA,NA,NA,0.987999,NA,461.042659,NA,0.942811,NA,NA,NA,0.482,4.3396412012
"H19434","H000002634","Prevenar","G48529",2014-03-22,NA,NA,560.531898,1292,519,4,553.066038,784.600812,NA,NA,NA,0.92673,NA,541.893525,NA,0.979799,NA,NA,NA,0.519,4.5333778043
"HX9341","H000017723","Prevenar","HP3381",2024-04-16,36.869813,31.148489,479.865258,1314,510,5,482.883492,814.935701,35.060712,72.020806,0.950933,1.06203,2.510922,535.927983,70.919968,1.109849,71.366037,88.595,0.701821,0.51,4.335407546
"FF8700","H000017723","Prevenar","ER8660",2021-10-29,36.654264,31.149682,505.682606,1270,528,5,527.61406,781.900431,33.505522,68.183468,0.914096,1.044594,4.879484,577.874762,66.153745,1.09526,69.022833,89.706,1.730742,0.528,4.6433709588
"H22364","H000007053","Prevenar","G16360",2014-02-04,NA,NA,488,1389,482,5,489.008427,871.465466,NA,NA,NA,0.987999,NA,461.042659,NA,0.942811,NA,NA,NA,0.482,4.3541666667
"GH5608","H000013782","Prevenar","GD9427",2022-11-16,33.859219,28.377892,538.875103,1272,527,5,522.102252,813.787333,33.923922,70.709609,1.001911,0.977343,1.61089,525.661446,68.637452,1.006817,66.501065,89.734,1.675593,0.527,4.3711199152
"T19584","H000008090","Prevenar","T32888",2017-10-10,36.120599,30.974095,519.548656,1247,538,5,522.549901,793.689555,36.126222,75.67838,1.000156,1.035489,2.64623,537.903234,71.334935,1.029382,71.747011,88.83,2.651853,0.538,4.128935956
"FY2978","H000006081","Prevenar","ER8660",2022-03-22,36.654264,31.149682,505.682606,1270,528,5,527.61406,781.900431,33.505522,68.183468,0.914096,1.044594,4.879484,577.874762,66.153745,1.09526,69.022833,89.706,1.730742,0.528,4.5209206608
"GW4143","H000010932","Prevenar","GR5829",2023-04-13,31.944061,27.201208,557.860765,1343,499,4,546.266469,807.874059,31.930121,72.20982,0.999564,0.894078,-0.180638,498.988645,72.026702,0.913453,70.529735,89.038,-0.194578,0.499,NA
"MX1262","H000032244","Prevenar","ML0571",2025-10-25,33.977166,28.957824,511.945955,1294,518,5,511.128064,862.062722,36.496069,NA,1.074135,1.012028,-1.138393,482.34476,NA,0.943687,NA,88.371,1.38051,0.518,NA
"AH4663","H000013782","Prevenar","X72402",2018-11-27,35.701937,30.672129,513.996996,1224,548,5,494.324267,801.749135,37.19682,64.271195,1.041871,1.0664,1.822276,526.097795,66.762996,1.064277,64.207708,88.415,3.317158,0.548,4.1429836908
"AR7676","H000006081","Prevenar","X72431",2019-03-22,28.4086,24.229139,507.832898,1384,484,4,462.448556,740.535959,30.236,61.03698,1.064326,0.953912,-2.7181,455.150027,66.091926,0.984218,60.18538,88.439,-0.8907,0.484,4.5042066046
"H87770","H000002634","Prevenar","G85984",2013-12-10,NA,NA,588.326486,1280,524,4,567.045,716.806943,NA,NA,NA,0.890491,NA,521.29963,NA,0.919327,NA,NA,NA,0.524,4.7295374059
"HD8388","H000006081","Prevenar","HA3690",2023-07-13,35.010486,29.726805,549.637178,1265,530,5,522.538403,745.964259,34.06714,68.842816,0.973055,0.964446,2.879737,544.774277,70.819431,1.042554,67.327819,88.227,1.936392,0.53,4.2553825371
"S93631","H000008135","Prevenar","R48338",2017-06-15,34.786135,30.179128,436.342593,1353,495,5,436.266729,895.053158,34.691104,62.567241,0.997268,1.135558,-0.376706,496.849455,60.14373,1.138866,60.133273,89.34,-0.471738,0.495,4.1230067126
"CH8182","H000008135","Prevenar","AA0268",2019-06-21,34.166802,29.114855,497.588652,1319,508,5,487.453664,708.475453,34.838981,68.491775,1.019673,1.020933,-0.194347,498.203318,65.061604,1.022053,63.736416,88.291,0.477832,0.508,4.4804415476
"T37753","H000013782","Prevenar","T02211",2017-09-16,31.311915,27.235722,522.655123,1330,504,5,510.690908,846.378657,33.074491,67.498425,1.056291,0.965032,-1.211885,477.499986,66.499371,0.935008,64.977119,88.83,0.550692,0.504,4.4278914006
"GH5828","H000014198","Prevenar","GD9428",2022-10-13,35.670435,30.260224,527.929442,1289,520,5,519.88649,799.137641,35.266285,67.738999,0.98867,0.984079,1.749674,525.478134,70.832934,1.010756,69.753801,89.862,1.345524,0.52,4.6308600809
"LC5387","H000019489","Prevenar","HR1838",2024-05-01,33.708942,NA,576.523031,1427,540,5,556.204325,774.743161,33.196116,65.981035,0.984787,0.936971,3.051452,548.530228,69.826597,0.986203,67.365661,88.604,2.538626,0.54,NA
"ED8341","H000010932","Prevenar","DR8857",2020-10-23,36.548088,31.685155,527.460921,1319,508,5,464.153608,913.707909,38.403106,67.34125,1.050756,0.962845,-1.169101,483.331486,74.210984,1.041318,65.303977,88.935,0.685916,0.508,NA
"S93489","H000008090","Prevenar","T02211",2017-08-01,31.311915,27.235722,522.655123,1330,504,5,510.690908,846.378657,33.074491,67.498425,1.056291,0.965032,-1.211885,477.499986,66.499371,0.935008,64.977119,88.83,0.550692,0.504,4.4790252393
"R59702","H000008090","Prevenar","N48136",2016-12-22,36.391445,31.343582,462.839167,1322,507,5,461.000104,932.130106,36.260851,71.930379,0.996411,1.095507,0.761216,508.869471,65.774417,1.103838,65.513067,89.982,0.630621,0.507,4.490525781
"HF3761","H000010932","Prevenar","HG6415",2023-10-25,36.645639,31.260859,501.675042,1297,517,5,488.105925,851.015617,37.785513,72.406355,1.031105,1.030047,0.251687,501.159926,74.33159,1.026744,72.321097,89.44,1.391561,0.517,NA
"J35305","H000002634","Prevenar","H28262",2014-06-23,27.686804,23.698251,556.900029,1340,500,4,559.043494,635.23487,27.980729,61.069799,1.010616,0.898508,-0.225435,495.122704,60.746019,0.88566,60.979826,89.862,0.06849,0.5,4.3955004977
"M21963","H000008090","Prevenar","L45099",2015-08-19,31.503044,27.177762,559.683677,1265,530,5,549.811598,729.622979,33.91409,69.940796,1.076534,0.946277,-0.489475,491.963847,72.868406,0.894786,71.583104,89.56,1.92157,0.53,4.3753411306
"CW6571","H000008135","Prevenar","CA6596",2019-11-12,33.964924,29.185043,523.376623,1324,506,5,491.588668,835.167703,35.028736,76.571567,1.031321,0.965918,-0.711765,490.185746,72.043669,0.997146,67.668004,88.974,0.352046,0.506,4.2606358477
"G08510","H000002634","Prevenar","F64679",2012-06-02,NA,NA,405.373241,NA,493,NA,401.739768,835.732911,NA,NA,NA,1.216886,NA,502.332367,NA,1.250392,NA,NA,NA,NA,4.4109773761
"MW1299","H000010932","Prevenar","ML0570",2025-09-21,31.407444,26.05803,501.554574,1353,495,5,491.965896,767.703143,31.903319,NA,1.015788,0.985965,-0.873817,486.829104,NA,0.989559,NA,88.74,-0.377942,0.495,4.6720995025
"M48083","H000007053","Prevenar","L78985",2015-09-12,37.317911,31.476702,510.412299,1348,497,5,512.257869,857.718172,37.323251,70.589263,1.000143,0.9733,1.617769,496.713308,75.58675,0.969655,75.86006,89.645,1.623109,0.497,4.3948522922
"AW6845","H000006081","Prevenar","AA0268",2019-05-12,34.166802,29.114855,497.588652,1319,508,5,487.453664,708.475453,34.838981,68.491775,1.019673,1.020933,-0.194347,498.203318,65.061604,1.022053,63.736416,88.291,0.477832,0.508,4.3868151416
"G89112","H000002634","Prevenar","G44647",2013-02-04,NA,NA,575.082875,1307,513,5,559.43219,867.836941,NA,NA,NA,0.892853,NA,534.369584,NA,0.9552,NA,NA,NA,0.513,4.4391782558
"N33858","H000008135","Prevenar","M15159",2016-05-11,32.248718,27.559041,570.496633,1251,536,4,572.484821,756.954904,32.130236,68.067931,0.996326,0.939325,2.188748,537.857801,68.393257,0.939515,68.631609,88.896,2.070265,0.536,4.7611382612
"N01869","H000011044","Prevenar","M15159",2016-05-15,32.248718,27.559041,570.496633,1251,536,4,572.484821,756.954904,32.130236,68.067931,0.996326,0.939325,2.188748,537.857801,68.393257,0.939515,68.631609,88.896,2.070265,0.536,4.5535845156
"H38693","H000004331","Prevenar","G16360",2014-02-17,NA,NA,488,1389,482,5,489.008427,871.465466,NA,NA,NA,0.987999,NA,461.042659,NA,0.942811,NA,NA,NA,0.482,4.4289855748
"H15039","H000004331","Prevenar","G44649",2013-07-05,NA,NA,491.658568,1251,536,5,522.420549,816.645492,NA,NA,NA,1.091043,NA,544.492669,NA,1.04225,NA,NA,NA,0.536,4.5316961514
"L30174","H000008135","Prevenar","L45102",2015-06-02,35.802119,30.429686,520.333754,1235,543,5,561.014433,792.147024,35.79005,68.709195,0.999663,1.043851,2.86011,543.334164,67.818649,0.968485,73.120839,89.918,2.848041,0.543,4.1071450761
"AT2114","H000011374","Prevenar","AL6315",2019-03-20,36.245892,27.624091,473.80856,1343,499,5,491.377819,900.207058,36.679584,70.683459,1.011965,1.054105,-0.373199,493.538507,69.970822,1.004397,72.565405,88.847,0.060493,0.499,3.9407343858
"NM6455","H000031244","Prevenar","ML0574",2025-12-17,28.429481,23.819397,592.453773,1182,568,4,597.590362,573.398961,29.38945,NA,1.033767,0.95903,2.479261,549.622024,NA,0.91973,NA,87.771,3.43923,0.568,NA
"L76755","H000008135","Prevenar","J97625",2015-04-11,33.85923,28.553698,540.542636,1261,532,5,536.220154,800.801203,36.415029,74.220138,1.075483,0.984784,-0.365441,494.956865,75.543615,0.923048,74.939526,89.755,2.190358,0.532,4.1779213847
"G79027","H000002634","Prevenar","G12668",2013-01-22,NA,NA,578.434265,1317,509,5,546.317837,769.911905,NA,NA,NA,0.880357,NA,500.714664,NA,0.916526,NA,NA,NA,0.509,4.4281076699
"NM6457","H000031244","Prevenar","MT7607",2026-01-13,35.740002,30.065935,497.597309,1375,487,5,505.486284,798.392524,32.812345,NA,0.918085,0.979454,2.235902,530.858978,NA,1.050195,NA,87.412,-0.691755,0.487,NA
"GH5833","H000006081","Prevenar","GD9427",2022-11-11,33.859219,28.377892,538.875103,1272,527,5,522.102252,813.787333,33.923922,70.709609,1.001911,0.977343,1.61089,525.661446,68.637452,1.006817,66.501065,89.734,1.675593,0.527,4.6497537228
"LW7674","H000019489","Prevenar","LH1388",2024-11-29,31.015032,26.292981,537.313433,1513,509,5,535.631881,769.941556,33.562677,73.746933,1.082142,0.947369,-1.671407,470.394656,72.769873,0.878205,72.542136,89.635,0.876237,0.509,NA
"S89897","H000008090","Prevenar","S46084",2017-07-22,34.630548,29.461025,530.606566,1188,565,5,507,767.102898,36.071303,66.802263,1.041604,1.064348,2.640168,542.193001,69.922873,1.069034,66.81202,89.79,4.080924,0.565,3.8265448216
"GW4593","H000013782","Prevenar","GR5831",2023-04-29,38.289933,32.325867,617.528597,1172,573,5,617.921935,875.930834,37.479999,78.092756,0.978847,0.92748,5.609944,585.122543,77.905679,0.94692,77.955301,89.396,4.80001,0.573,4.6060681181
"NM6536","H000035016","Prevenar","ML0564",2026-03-28,36.753328,31.250156,493.916706,1590,484,5,491.640726,874.930483,35.691528,NA,0.97111,0.980139,0.974279,498.508773,NA,1.01397,NA,88.774,-0.087521,0.484,NA
"W08570","H000010932","Prevenar","T02219",2018-01-01,35.545915,30.606363,527.916251,1294,518,5,522.580054,841.710242,33.888157,73.309091,0.953363,0.981018,2.891367,543.229844,69.55905,1.039515,68.855944,89.861,1.233608,0.518,NA
"GF1171","H000017723","Prevenar","FN7275",2022-07-05,37.403791,32.039464,557.305936,1251,536,5,575.454841,842.029142,35.749567,69.821817,0.955774,0.96148,4.119623,560.632956,72.099236,0.974243,74.447178,89.932,2.465399,0.536,4.708063521
"S26343","H000008090","Prevenar","N48139",2017-04-04,35.651912,30.878211,517.236001,1297,517,5,511.137496,869.030106,35.786495,70.051427,1.003775,1.000258,1.171283,515.423962,69.2845,1.008386,68.467597,88.839,1.305866,0.517,4.2987685656
"EA9686","H000010932","Prevenar","DE6964",2020-08-01,34.732918,29.428254,532.032032,1345,498,5,512.808526,866.958179,33.764073,74.185393,0.972106,0.936937,0.711018,512.784171,73.02933,0.999953,70.390617,89.32,-0.257827,0.498,NA
"HY4180","H000019489","Prevenar","HR1838",2024-03-30,33.708942,NA,576.523031,1427,540,5,556.204325,774.743161,33.196116,65.981035,0.984787,0.936971,3.051452,548.530228,69.826597,0.986203,67.365661,88.604,2.538626,0.54,NA
"CW6585","H000013782","Prevenar","CH7196",2019-11-28,34.700561,29.456004,497.062195,1314,510,5,517.589766,864.098604,33.817721,72.60929,0.974558,1.026916,1.560611,523.766384,67.657224,1.011933,70.451318,88.903,0.677771,0.51,4.4428764057
"L30225","H000008090","Prevenar","L03264",2015-06-19,32.183019,27.871149,514.837398,1452,461,5,524.022094,863.489308,32.774261,65.112107,1.018371,0.895572,-3.40518,452.756451,72.344333,0.864003,73.634956,89.966,-2.813939,0.461,4.8776905449
"W61580","H000011374","Prevenar","T22133",2018-03-31,33.334381,28.770425,539.612024,1299,516,5,538.298972,827.201728,36.171339,75.692852,1.085106,0.955917,-1.282817,475.367667,73.628151,0.883092,73.44899,88.273,1.55414,0.516,4.1430500972
"LE0962","H000010932","Prevenar","HR8382",2024-07-11,26.266043,22.11233,594.933921,1162,578,4,592.844975,627.107457,29.698339,60.089957,1.130674,0.971864,0.579422,511.371695,61.800129,0.862572,61.583135,88.973,4.011719,0.578,NA
"AH5719","H000006081","Prevenar","X37457",2018-12-24,34.453865,29.423984,546.111347,1340,500,5,539.736507,925.361388,35.185874,68.014046,1.021246,0.915416,-0.658066,489.518541,71.734616,0.906958,70.897246,89.439,0.073943,0.5,NA
"FY2987","H000011374","Prevenar","FH2519",2022-04-26,33.522612,28.064301,538.109327,1312,511,5,529.117002,744.497873,32.717014,71.706235,0.975969,0.949476,1.622632,523.502208,68.777207,0.989388,67.627874,89.56,0.817033,0.511,4.3519136829
"G09780","H000002634","Prevenar","F87646",2012-08-29,NA,NA,528.599927,1231,545,5,517.638758,713.542663,NA,NA,NA,1.031166,NA,499.943236,NA,0.965815,NA,NA,NA,0.545,4.1849822534
"H19431","H000002634","Prevenar","G48529",2014-03-16,NA,NA,560.531898,1292,519,4,553.066038,784.600812,NA,NA,NA,0.92673,NA,541.893525,NA,0.979799,NA,NA,NA,0.519,4.5016881827
"G09786","H000002634","Prevenar","F86733",2012-07-15,NA,NA,444.110755,NA,480,NA,434.421616,874.205862,NA,NA,NA,1.081714,NA,488.885727,NA,1.125372,NA,NA,NA,NA,4.5195963542
"G79024","H000002634","Prevenar","G12660",2013-01-14,NA,NA,556.629406,1289,520,5,550.396698,847.912475,NA,NA,NA,0.934139,NA,498.844006,NA,0.906335,NA,NA,NA,0.52,4.6152397384
"G79029","H000002634","Prevenar","G12668",2013-01-27,NA,NA,578.434265,1317,509,5,546.317837,769.911905,NA,NA,NA,0.880357,NA,500.714664,NA,0.916526,NA,NA,NA,0.509,4.5555728312
"G09777","H000002634","Prevenar","F87646",2012-08-18,NA,NA,528.599927,1231,545,5,517.638758,713.542663,NA,NA,NA,1.031166,NA,499.943236,NA,0.965815,NA,NA,NA,0.545,3.995239295
"J13982","H000004331","Prevenar","G53268",2014-04-24,NA,NA,523.103749,1412,474,4,516.147636,838.13546,NA,NA,NA,0.905829,NA,470.976382,NA,0.912484,NA,NA,NA,0.474,4.7756840363
"AT6724","H000013782","Prevenar","AL6315",2019-04-02,36.245892,27.624091,473.80856,1343,499,5,491.377819,900.207058,36.679584,70.683459,1.011965,1.054105,-0.373199,493.538507,69.970822,1.004397,72.565405,88.847,0.060493,0.499,4.1346358868
"W61577","H000011374","Prevenar","T61735",2018-05-02,30.662327,23.796268,507.684715,1332,503,4,537.918538,845.467692,32.743674,68.065619,1.06788,0.9904,-1.922172,470.849858,68.055503,0.875318,72.108369,89.986,0.159175,0.503,4.1910285723
"H50979","H000004331","Prevenar","G57867",2013-10-01,NA,NA,525.526932,1265,530,4,547.875265,677.392455,NA,NA,NA,1.008424,NA,518.223236,NA,0.945878,NA,NA,NA,0.53,4.5053497942
"X56182","H000008090","Prevenar","X37455",2018-10-19,34.012337,29.144875,480.431849,1299,516,5,468.264044,866.76622,37.541291,71.755309,1.103755,1.073555,-2.469421,467.286802,70.906408,0.997913,69.110575,89.714,1.059533,0.516,4.3994156566
"H20801","H000002634","Prevenar","G44649",2013-07-18,NA,NA,491.658568,1251,536,5,522.420549,816.645492,NA,NA,NA,1.091043,NA,544.492669,NA,1.04225,NA,NA,NA,0.536,4.5702228035
"S51055","H000008135","Prevenar","S18368",2017-06-07,33.28834,28.099133,434.952656,1309,512,6,469.853405,859.426899,35.316359,66.767166,1.060923,1.176913,-1.02179,482.505731,61.753492,1.026928,66.708613,89.505,1.006229,0.512,4.2669799487
"S26216","H000008135","Prevenar","N48139",2017-03-13,35.651912,30.878211,517.236001,1297,517,5,511.137496,869.030106,35.786495,70.051427,1.003775,1.000258,1.171283,515.423962,69.2845,1.008386,68.467597,88.839,1.305866,0.517,4.4777167275
"G79023","H000002634","Prevenar","G12660",2013-01-12,NA,NA,556.629406,1289,520,5,550.396698,847.912475,NA,NA,NA,0.934139,NA,498.844006,NA,0.906335,NA,NA,NA,0.52,4.5405502042
"HD8383","H000006081","Prevenar","GW0214",2023-07-11,37.60073,32.434497,497.822367,1277,525,5,500.312402,917.380393,39.139718,75.919516,1.04093,1.054815,0.333061,504.462874,73.975509,1.008296,74.345523,89.688,1.872049,0.525,4.3647223117
"DA1890","H000006081","Prevenar","AR4715",2019-12-16,33.684935,28.632195,543.450065,1351,496,5,536.836841,832.446686,33.342807,71.153131,0.989843,0.912511,0.074275,500.992424,68.020012,0.93323,67.192279,89.981,-0.267853,0.496,4.4636598071
"G26850","H000004331","Prevenar","F64679",2012-09-28,NA,NA,405.373241,NA,493,NA,401.739768,835.732911,NA,NA,NA,1.216886,NA,502.332367,NA,1.250392,NA,NA,NA,NA,4.4175170363
"H78832","H000004331","Prevenar","G57867",2013-11-06,NA,NA,525.526932,1265,530,4,547.875265,677.392455,NA,NA,NA,1.008424,NA,518.223236,NA,0.945878,NA,NA,NA,0.53,4.4338088553
"G09768","H000002634","Prevenar","F64679",2012-06-26,NA,NA,405.373241,NA,493,NA,401.739768,835.732911,NA,NA,NA,1.216886,NA,502.332367,NA,1.250392,NA,NA,NA,NA,4.2328116483
"H22380","H000007053","Prevenar","G16360",2014-02-11,NA,NA,488,1389,482,5,489.008427,871.465466,NA,NA,NA,0.987999,NA,461.042659,NA,0.942811,NA,NA,NA,0.482,4.4112850971
"LX3440","H000033648","Prevenar","LK1422",2025-01-11,32.160612,27.756779,484.419942,1367,490,4,494.664194,760.409296,31.542108,64.069729,0.980768,1.010926,-0.101679,499.315348,66.244089,1.009227,67.644983,88.574,-0.720183,0.49,NA
"GX9418","H000010932","Prevenar","GP4368",2023-03-23,33.962559,28.891935,531.334965,1231,545,5,527.725564,819.435881,37.16303,74.160943,1.094235,1.025205,0.115769,497.815643,72.580292,0.943323,72.087248,89.046,3.31624,0.545,NA
"L22407","H000008090","Prevenar","J53524",2015-02-15,35.257854,30.060065,571.73095,1231,545,5,552.716756,777.40499,35.443293,69.903407,1.00526,0.953276,2.649745,542.165754,74.341468,0.980911,71.869075,88.88,2.835184,0.545,4.287877591
"G08509","H000002634","Prevenar","F64679",2012-05-31,NA,NA,405.373241,NA,493,NA,401.739768,835.732911,NA,NA,NA,1.216886,NA,502.332367,NA,1.250392,NA,NA,NA,NA,4.5113510617
"HN7328","H000010932","Prevenar","HK5976",2023-12-28,36.621463,31.4587,503.390597,1224,548,5,510.376756,882.197916,37.664602,69.917092,1.028484,1.089282,2.164084,533.147707,68.327427,1.044616,69.275689,89.461,3.207224,0.548,NA
"H87641","H000002634","Prevenar","H58985",2014-01-22,NA,NA,500.385981,1275,526,5,534.466698,865.483267,NA,NA,NA,1.0506,NA,536.954009,NA,1.004654,NA,NA,NA,0.526,4.4605901418
"H15035","H000004331","Prevenar","G44647",2013-06-21,NA,NA,575.082875,1307,513,5,559.43219,867.836941,NA,NA,NA,0.892853,NA,534.369584,NA,0.9552,NA,NA,NA,0.513,4.4103426069
"RJ3537","H000033648","Prevenar","MT7607",2026-05-10,35.740002,30.065935,497.597309,1375,487,5,505.486284,798.392524,32.812345,NA,0.918085,0.979454,2.235902,530.858978,NA,1.050195,NA,87.412,-0.691755,0.487,NA
"HF3759","H000010932","Prevenar","HG6415",2023-12-13,36.645639,31.260859,501.675042,1297,517,5,488.105925,851.015617,37.785513,72.406355,1.031105,1.030047,0.251687,501.159926,74.33159,1.026744,72.321097,89.44,1.391561,0.517,NA
"RC8052","H000033648","Prevenar","MT7607",2026-04-07,35.740002,30.065935,497.597309,1375,487,5,505.486284,798.392524,32.812345,NA,0.918085,0.979454,2.235902,530.858978,NA,1.050195,NA,87.412,-0.691755,0.487,NA
"HF3787","H000017723","Prevenar","HA3691",2023-10-09,32.508301,27.712391,534.547152,1299,516,5,497.360607,754.997649,32.719398,62.865078,1.006494,0.965691,0.802711,512.876751,66.867536,1.031197,62.2158,89.06,1.013809,0.516,4.6890005511
"CK7509","H000014198","Prevenar","AL6315",2019-07-04,36.245892,27.624091,473.80856,1343,499,5,491.377819,900.207058,36.679584,70.683459,1.011965,1.054105,-0.373199,493.538507,69.970822,1.004397,72.565405,88.847,0.060493,0.499,4.3780492513
"LH9174","H000028394","Prevenar","LD1763",2024-07-15,33.815657,28.678325,577.601848,1438,536,5,541.565645,767.357237,33.918463,68.342659,1.00304,0.927613,2.151078,534.167041,71.359649,0.986338,66.907567,88.776,2.253883,0.536,NA
"H50980","H000004331","Prevenar","G57867",2013-10-03,NA,NA,525.526932,1265,530,4,547.875265,677.392455,NA,NA,NA,1.008424,NA,518.223236,NA,0.945878,NA,NA,NA,0.53,4.525702258
"AM5976","H000008135","Prevenar","X72431",2019-02-16,28.4086,24.229139,507.832898,1384,484,4,462.448556,740.535959,30.236,61.03698,1.064326,0.953912,-2.7181,455.150027,66.091926,0.984218,60.18538,88.439,-0.8907,0.484,4.238266326
"G79026","H000002634","Prevenar","G12668",2013-01-19,NA,NA,578.434265,1317,509,5,546.317837,769.911905,NA,NA,NA,0.880357,NA,500.714664,NA,0.916526,NA,NA,NA,0.509,4.3131430765
"X04896","H000008090","Prevenar","W12892",2018-06-04,30.971347,26.624734,559.81924,1351,496,5,534.700339,817.244522,32.707009,69.75296,1.056041,0.886194,-2.288483,469.781679,72.335277,0.878589,69.089617,88.431,-0.552822,0.496,4.4486724197
"G32828","H000002634","Prevenar","G12095",2012-08-30,NA,NA,542.346542,1340,500,5,536.45662,804.926447,NA,NA,NA,0.921354,NA,516.232077,NA,0.9623,NA,NA,NA,0.5,4.4752671168
"H31652","H000004331","Prevenar","G54764",2013-08-02,NA,NA,564.586068,1282,523,5,547.031689,855.609762,NA,NA,NA,0.925937,NA,558.033966,NA,1.020113,NA,NA,NA,0.523,4.6550873908
"J70975","H000008090","Prevenar","J10432",2014-11-15,33.756431,29.177298,576.790012,1184,567,4,578.723404,686.52461,31.727964,64.865759,0.939909,0.983756,5.75159,603.697416,66.494817,1.043154,66.717707,88.436,3.723123,0.567,4.6190387017
"G32141","H000004331","Prevenar","G44647",2013-04-20,NA,NA,575.082875,1307,513,5,559.43219,867.836941,NA,NA,NA,0.892853,NA,534.369584,NA,0.9552,NA,NA,NA,0.513,4.4157124459
"J27347","H000004331","Prevenar","G53268",2014-05-07,NA,NA,523.103749,1412,474,4,516.147636,838.13546,NA,NA,NA,0.905829,NA,470.976382,NA,0.912484,NA,NA,NA,0.474,4.905854046
"G68768","H000002634","Prevenar","G12095",2012-12-15,NA,NA,542.346542,1340,500,5,536.45662,804.926447,NA,NA,NA,0.921354,NA,516.232077,NA,0.9623,NA,NA,NA,0.5,4.5112398003
"GD0306","H000006081","Prevenar","FH2518",2022-07-29,37.689702,31.632993,528.20982,1272,527,6,530.383264,909.545187,38.090483,84.205828,1.010634,0.998054,1.672662,521.634844,78.593561,0.983505,78.916953,89.062,2.073443,0.527,4.6693055309
"HY4185","H000019489","Prevenar","HR1838",2024-04-26,33.708942,NA,576.523031,1427,540,5,556.204325,774.743161,33.196116,65.981035,0.984787,0.936971,3.051452,548.530228,69.826597,0.986203,67.365661,88.604,2.538626,0.54,NA
"GE6477","H000017723","Prevenar","FN7275",2022-07-03,37.403791,32.039464,557.305936,1251,536,5,575.454841,842.029142,35.749567,69.821817,0.955774,0.96148,4.119623,560.632956,72.099236,0.974243,74.447178,89.932,2.465399,0.536,4.5378105007
"H15038","H000004331","Prevenar","G44649",2013-07-03,NA,NA,491.658568,1251,536,5,522.420549,816.645492,NA,NA,NA,1.091043,NA,544.492669,NA,1.04225,NA,NA,NA,0.536,4.2986887026
"H96893","H000004331","Prevenar","G85984",2014-01-02,NA,NA,588.326486,1280,524,4,567.045,716.806943,NA,NA,NA,0.890491,NA,521.29963,NA,0.919327,NA,NA,NA,0.524,4.5617278069
"DA1887","H000006081","Prevenar","AL6315",2019-12-01,36.245892,27.624091,473.80856,1343,499,5,491.377819,900.207058,36.679584,70.683459,1.011965,1.054105,-0.373199,493.538507,69.970822,1.004397,72.565405,88.847,0.060493,0.499,4.2666366052
"LJ1138","H000019489","Prevenar","LD1764",2024-08-22,30.663297,25.585111,535.791938,1487,518,4,519.425087,684.046143,29.222733,59.543004,0.95302,0.966811,2.438456,543.545337,62.961734,1.046436,61.03844,88.454,0.997893,0.518,NA
"EL8871","H000010932","Prevenar","DX7884",2021-01-02,38.830663,33.677474,487.89144,1287,521,5,482.695811,866.72994,38.615012,71.576277,0.994446,1.067626,1.949144,523.794325,74.347349,1.085144,73.555613,88.624,1.733493,0.521,NA
"H31651","H000004331","Prevenar","G54764",2013-08-01,NA,NA,564.586068,1282,523,5,547.031689,855.609762,NA,NA,NA,0.925937,NA,558.033966,NA,1.020113,NA,NA,NA,0.523,4.3847222223
"G06785","H000004331","Prevenar","G44647",2013-03-14,NA,NA,575.082875,1307,513,5,559.43219,867.836941,NA,NA,NA,0.892853,NA,534.369584,NA,0.9552,NA,NA,NA,0.513,4.4087546816
"GJ5745","H000013782","Prevenar","FH2518",2022-08-25,37.689702,31.632993,528.20982,1272,527,6,530.383264,909.545187,38.090483,84.205828,1.010634,0.998054,1.672662,521.634844,78.593561,0.983505,78.916953,89.062,2.073443,0.527,4.5467972506
"H50986","H000004331","Prevenar","G35699",2013-10-24,NA,NA,592.916406,1224,548,4,596.57245,785.895332,NA,NA,NA,0.923783,NA,529.708764,NA,0.88792,NA,NA,NA,0.548,4.3226096791
"FG4136","H000019489","Prevenar","EP0207",2021-09-04,33.605883,28.739924,508.17401,1322,507,5,503.838508,829.604217,35.315289,70.469261,1.050866,0.996997,-1.255556,482.124105,71.358036,0.956902,70.749243,89.163,0.45385,0.507,NA
"H78833","H000004331","Prevenar","G57867",2013-11-09,NA,NA,525.526932,1265,530,4,547.875265,677.392455,NA,NA,NA,1.008424,NA,518.223236,NA,0.945878,NA,NA,NA,0.53,4.520987878
"G09788","H000002634","Prevenar","F86733",2012-07-11,NA,NA,444.110755,NA,480,NA,434.421616,874.205862,NA,NA,NA,1.081714,NA,488.885727,NA,1.125372,NA,NA,NA,NA,4.5210669274
"GR2968","H000006081","Prevenar","GJ3337",2023-01-20,39.875879,34.519261,518.082422,1263,531,5,516.324285,843.394017,38.231438,71.945287,0.958761,1.024845,3.776109,553.79175,71.738112,1.072566,71.494665,89.438,2.131668,0.531,4.3336391946
"J80545","H000008090","Prevenar","J41701",2014-10-24,32.540882,26.44803,578.069469,1135,592,5,558.438475,818.134774,35.165726,67.85301,1.080663,1.024316,3.097312,547.928501,68.429306,0.98118,66.105476,89.579,5.722156,0.592,4.0315424078
"N04275","H000007688","Prevenar","M15162",2016-03-10,36.801454,30.901783,464.874858,1348,497,5,472.609252,893.006848,35.756091,70.282751,0.971595,1.069526,0.873903,511.731796,67.902342,1.08278,69.032073,89.48,-0.17146,0.497,4.4271944854
"J13981","H000004331","Prevenar","G53268",2014-04-12,NA,NA,523.103749,1412,474,4,516.147636,838.13546,NA,NA,NA,0.905829,NA,470.976382,NA,0.912484,NA,NA,NA,0.474,4.7344239945
"H26117","H000002634","Prevenar","G48529",2013-08-30,NA,NA,560.531898,1292,519,4,553.066038,784.600812,NA,NA,NA,0.92673,NA,541.893525,NA,0.979799,NA,NA,NA,0.519,4.3928900272
"L77846","H000004330","Prevenar","L03263",2015-04-23,31.428508,26.888092,572.724546,1337,501,5,519.281555,814.900608,31.880844,69.923985,1.014393,0.874586,-0.394112,493.789791,74.163317,0.95091,67.242871,88.613,0.058224,0.501,4.756626506
"N33857","H000008135","Prevenar","M15159",2016-05-05,32.248718,27.559041,570.496633,1251,536,4,572.484821,756.954904,32.130236,68.067931,0.996326,0.939325,2.188748,537.857801,68.393257,0.939515,68.631609,88.896,2.070265,0.536,4.5997599526
"H38802","H000006081","Prevenar","G53268",2013-10-30,NA,NA,523.103749,1412,474,4,516.147636,838.13546,NA,NA,NA,0.905829,NA,470.976382,NA,0.912484,NA,NA,NA,0.474,4.7217426134
"DN3835","H000010932","Prevenar","CM4654",2020-05-06,37.75738,32.305048,517.930256,1299,516,5,495.800177,890.631804,36.671055,74.164796,0.971229,0.995915,2.312392,531.094831,70.069146,1.071187,67.075237,89.741,1.226067,0.516,NA
"G09787","H000002634","Prevenar","F86733",2012-07-14,NA,NA,444.110755,NA,480,NA,434.421616,874.205862,NA,NA,NA,1.081714,NA,488.885727,NA,1.125372,NA,NA,NA,NA,4.4135049978
"H20767","H000004331","Prevenar","G44649",2013-07-09,NA,NA,491.658568,1251,536,5,522.420549,816.645492,NA,NA,NA,1.091043,NA,544.492669,NA,1.04225,NA,NA,NA,0.536,4.7288563004
"H99615","H000004331","Prevenar","G85984",2013-12-15,NA,NA,588.326486,1280,524,4,567.045,716.806943,NA,NA,NA,0.890491,NA,521.29963,NA,0.919327,NA,NA,NA,0.524,4.6930168216
"H50975","H000004331","Prevenar","G57867",2013-09-20,NA,NA,525.526932,1265,530,4,547.875265,677.392455,NA,NA,NA,1.008424,NA,518.223236,NA,0.945878,NA,NA,NA,0.53,4.4411433429
"H32093","H000004331","Prevenar","G54764",2013-08-09,NA,NA,564.586068,1282,523,5,547.031689,855.609762,NA,NA,NA,0.925937,NA,558.033966,NA,1.020113,NA,NA,NA,0.523,4.320205938
"LH9169","H000017723","Prevenar","LD1771",2024-10-30,31.342912,27.32016,516.382095,1381,485,4,510.832924,780.799168,31.217729,65.001444,0.996006,0.938534,-0.962928,486.585681,64.791295,0.952534,64.095032,88.723,-1.088111,0.485,4.5849626694
"G68774","H000002634","Prevenar","G12660",2013-01-08,NA,NA,556.629406,1289,520,5,550.396698,847.912475,NA,NA,NA,0.934139,NA,498.844006,NA,0.906335,NA,NA,NA,0.52,4.3617721809
"G66307","H000002634","Prevenar","G44647",2013-04-28,NA,NA,575.082875,1307,513,5,559.43219,867.836941,NA,NA,NA,0.892853,NA,534.369584,NA,0.9552,NA,NA,NA,0.513,4.491638438
"G08512","H000002634","Prevenar","F64679",2012-06-21,NA,NA,405.373241,NA,493,NA,401.739768,835.732911,NA,NA,NA,1.216886,NA,502.332367,NA,1.250392,NA,NA,NA,NA,4.2918210893
"G32832","H000002634","Prevenar","G12095",2012-09-11,NA,NA,542.346542,1340,500,5,536.45662,804.926447,NA,NA,NA,0.921354,NA,516.232077,NA,0.9623,NA,NA,NA,0.5,4.4505338334
"GX2947","H000019489","Prevenar","GR5832",2023-06-09,38.353455,32.854194,506.321308,1314,510,5,520.58666,948.515386,39.383234,74.795763,1.02685,1.006689,-0.183433,496.380413,75.793227,0.953502,77.928664,89.884,0.846346,0.51,NA
"H20770","H000004331","Prevenar","G48529",2013-08-27,NA,NA,560.531898,1292,519,4,553.066038,784.600812,NA,NA,NA,0.92673,NA,541.893525,NA,0.979799,NA,NA,NA,0.519,4.516140736
"J27352","H000004331","Prevenar","H58985",2014-05-21,NA,NA,500.385981,1275,526,5,534.466698,865.483267,NA,NA,NA,1.0506,NA,536.954009,NA,1.004654,NA,NA,NA,0.526,4.5074185579
"DJ2693","H000006081","Prevenar","CH7196",2020-01-10,34.700561,29.456004,497.062195,1314,510,5,517.589766,864.098604,33.817721,72.60929,0.974558,1.026916,1.560611,523.766384,67.657224,1.011933,70.451318,88.903,0.677771,0.51,4.5229616468
"M56333","H000006081","Prevenar","L78983",2015-11-20,31.666306,26.520123,619.878604,1312,511,5,607.101323,768.68407,33.069977,71.305175,1.044327,0.823918,-0.686393,489.050946,77.67291,0.805551,76.071873,89.729,0.717278,0.511,4.7604005528
"H15034","H000004331","Prevenar","G44649",2013-06-19,NA,NA,491.658568,1251,536,5,522.420549,816.645492,NA,NA,NA,1.091043,NA,544.492669,NA,1.04225,NA,NA,NA,0.536,4.5219152499
"G09770","H000002634","Prevenar","F86733",2012-06-30,NA,NA,444.110755,NA,480,NA,434.421616,874.205862,NA,NA,NA,1.081714,NA,488.885727,NA,1.125372,NA,NA,NA,NA,4.3590387708
"G79022","H000002634","Prevenar","G12660",2013-01-10,NA,NA,556.629406,1289,520,5,550.396698,847.912475,NA,NA,NA,0.934139,NA,498.844006,NA,0.906335,NA,NA,NA,0.52,4.3045607121
"MA5246","H000031244","Prevenar","LK1421",2024-12-26,32.927382,28.666824,537.053841,1332,503,4,541.907515,794.06314,32.452714,66.418269,0.985584,0.935719,0.758292,509.881854,67.163168,0.940902,67.770161,85.4,0.283624,0.503,NA
"H26119","H000002634","Prevenar","G57867",2013-09-05,NA,NA,525.526932,1265,530,4,547.875265,677.392455,NA,NA,NA,1.008424,NA,518.223236,NA,0.945878,NA,NA,NA,0.53,4.5536811018
"F95808","H000004331","Prevenar","F86733",2012-07-07,NA,NA,444.110755,NA,480,NA,434.421616,874.205862,NA,NA,NA,1.081714,NA,488.885727,NA,1.125372,NA,NA,NA,NA,4.4805829913
"ED8336","H000010932","Prevenar","DH4001",2020-10-03,NA,NA,NA,NA,NA,NA,NA,NA,NA,NA,NA,NA,NA,NA,NA,NA,NA,NA,NA,NA,4.6820859532
"FA1615","H000010932","Prevenar","EG3840",2021-06-04,NA,NA,NA,NA,NA,NA,NA,NA,NA,NA,NA,NA,NA,NA,NA,NA,NA,NA,NA,NA,4.1732976313
"AK9145","H000010932","Prevenar","X37457",2019-01-13,NA,NA,NA,NA,NA,NA,NA,NA,NA,NA,NA,NA,NA,NA,NA,NA,NA,NA,NA,NA,4.5717827476
"GR3510","H000010932","Prevenar","GG0364",2023-01-07,NA,NA,NA,NA,NA,NA,NA,NA,NA,NA,NA,NA,NA,NA,NA,NA,NA,NA,NA,NA,4.6787412999
"FJ5979","H000010932","Prevenar","EP0207",2021-09-22,NA,NA,NA,NA,NA,NA,NA,NA,NA,NA,NA,NA,NA,NA,NA,NA,NA,NA,NA,NA,4.5424020287
"ER3798","H000010932","Prevenar","EE6081",2021-03-30,NA,NA,NA,NA,NA,NA,NA,NA,NA,NA,NA,NA,NA,NA,NA,NA,NA,NA,NA,NA,4.5181915391
"T63423","H000010932","Prevenar","T02211",2017-09-13,NA,NA,NA,NA,NA,NA,NA,NA,NA,NA,NA,NA,NA,NA,NA,NA,NA,NA,NA,NA,4.5386963205
"DK2065","H000010932","Prevenar","CL6510",2020-02-16,NA,NA,NA,NA,NA,NA,NA,NA,NA,NA,NA,NA,NA,NA,NA,NA,NA,NA,NA,NA,4.2169869203
"DA1902","H000010932","Prevenar","AL6316",2019-12-21,NA,NA,NA,NA,NA,NA,NA,NA,NA,NA,NA,NA,NA,NA,NA,NA,NA,NA,NA,NA,4.6240710726
"W11604","H000010932","Prevenar","T22133",2018-02-15,NA,NA,NA,NA,NA,NA,NA,NA,NA,NA,NA,NA,NA,NA,NA,NA,NA,NA,NA,NA,4.1250188987
"EH7861","H000010932","Prevenar","DN7200",2020-09-28,NA,NA,NA,NA,NA,NA,NA,NA,NA,NA,NA,NA,NA,NA,NA,NA,NA,NA,NA,NA,4.275035441
"LL4093","H000010932","Prevenar","LD1769",2024-09-03,NA,NA,NA,NA,NA,NA,NA,NA,NA,NA,NA,NA,NA,NA,NA,NA,NA,NA,NA,NA,4.6170913165
"DC8076","H000010932","Prevenar","CH7196",2020-01-12,NA,NA,NA,NA,NA,NA,NA,NA,NA,NA,NA,NA,NA,NA,NA,NA,NA,NA,NA,NA,4.455555363
"DJ2716","H000010932","Prevenar","CL6510",2020-02-11,NA,NA,NA,NA,NA,NA,NA,NA,NA,NA,NA,NA,NA,NA,NA,NA,NA,NA,NA,NA,4.0853612299
"AM6026","H000010932","Prevenar","X72431",2019-02-03,NA,NA,NA,NA,NA,NA,NA,NA,NA,NA,NA,NA,NA,NA,NA,NA,NA,NA,NA,NA,4.4799403441
"AH5749","H000010932","Prevenar","AF2642",2018-12-28,NA,NA,NA,NA,NA,NA,NA,NA,NA,NA,NA,NA,NA,NA,NA,NA,NA,NA,NA,NA,4.542809035
"W88032","H000010932","Prevenar","T78048",2018-05-10,NA,NA,NA,NA,NA,NA,NA,NA,NA,NA,NA,NA,NA,NA,NA,NA,NA,NA,NA,NA,4.1599970252
"HX9141","H000013782","Prevenar","HL6202",2024-04-26,NA,NA,NA,NA,NA,NA,NA,NA,NA,NA,NA,NA,NA,NA,NA,NA,NA,NA,NA,NA,4.0546744001
"HN7331","H000010932","Prevenar","HL5142",2024-01-02,NA,NA,NA,NA,NA,NA,NA,NA,NA,NA,NA,NA,NA,NA,NA,NA,NA,NA,NA,NA,4.4866228268
"EA9688","H000010932","Prevenar","CW4302",2020-08-12,NA,NA,NA,NA,NA,NA,NA,NA,NA,NA,NA,NA,NA,NA,NA,NA,NA,NA,NA,NA,4.43490188
"X06702","H000010932","Prevenar","T78048",2018-05-18,NA,NA,NA,NA,NA,NA,NA,NA,NA,NA,NA,NA,NA,NA,NA,NA,NA,NA,NA,NA,4.3471638429
"FA1616","H000010932","Prevenar","EG3840",2021-06-09,NA,NA,NA,NA,NA,NA,NA,NA,NA,NA,NA,NA,NA,NA,NA,NA,NA,NA,NA,NA,4.3546938619
"X23344","H000010932","Prevenar","W42918",2018-07-22,NA,NA,NA,NA,NA,NA,NA,NA,NA,NA,NA,NA,NA,NA,NA,NA,NA,NA,NA,NA,4.4667879818
"DL7369","H000010932","Prevenar","CM4654",2020-02-29,NA,NA,NA,NA,NA,NA,NA,NA,NA,NA,NA,NA,NA,NA,NA,NA,NA,NA,NA,NA,4.1328042321
"GW4145","H000010932","Prevenar","GD9427",2023-05-10,NA,NA,NA,NA,NA,NA,NA,NA,NA,NA,NA,NA,NA,NA,NA,NA,NA,NA,NA,NA,4.576212272
"HF3753","H000010932","Prevenar","HA3693",2023-09-12,NA,NA,NA,NA,NA,NA,NA,NA,NA,NA,NA,NA,NA,NA,NA,NA,NA,NA,NA,NA,4.8517738693
"GT1593","H000010932","Prevenar","GM6508",2023-04-09,NA,NA,NA,NA,NA,NA,NA,NA,NA,NA,NA,NA,NA,NA,NA,NA,NA,NA,NA,NA,4.3911575835
"HF3319","H000010932","Prevenar","HA3693",2023-09-06,NA,NA,NA,NA,NA,NA,NA,NA,NA,NA,NA,NA,NA,NA,NA,NA,NA,NA,NA,NA,4.5710361118
"HA2709","H000010932","Prevenar","HA3693",2023-08-29,NA,NA,NA,NA,NA,NA,NA,NA,NA,NA,NA,NA,NA,NA,NA,NA,NA,NA,NA,NA,4.6600095247
"W72981","H000010932","Prevenar","T78048",2018-05-03,NA,NA,NA,NA,NA,NA,NA,NA,NA,NA,NA,NA,NA,NA,NA,NA,NA,NA,NA,NA,4.1667353174
"CM3336","H000010932","Prevenar","AM9028",2019-08-12,NA,NA,NA,NA,NA,NA,NA,NA,NA,NA,NA,NA,NA,NA,NA,NA,NA,NA,NA,NA,4.3995705969
"EL8877","H000010932","Prevenar","DX7884",2021-01-22,NA,NA,NA,NA,NA,NA,NA,NA,NA,NA,NA,NA,NA,NA,NA,NA,NA,NA,NA,NA,4.2001083405
"HN7336","H000010932","Prevenar","HK5976",2024-01-30,NA,NA,NA,NA,NA,NA,NA,NA,NA,NA,NA,NA,NA,NA,NA,NA,NA,NA,NA,NA,4.1621998603
"ER3799","H000010932","Prevenar","EE6081",2021-04-01,NA,NA,NA,NA,NA,NA,NA,NA,NA,NA,NA,NA,NA,NA,NA,NA,NA,NA,NA,NA,4.5352036565
"CG3541","H000008135","Prevenar","AA0268",2019-06-20,NA,NA,NA,NA,NA,NA,NA,NA,NA,NA,NA,NA,NA,NA,NA,NA,NA,NA,NA,NA,4.525150426
"S69942","H000006081","Prevenar","T02211",2017-08-12,NA,NA,NA,NA,NA,NA,NA,NA,NA,NA,NA,NA,NA,NA,NA,NA,NA,NA,NA,NA,4.3014621914
"EW0926","H000010932","Prevenar","DX7884",2021-05-01,NA,NA,NA,NA,NA,NA,NA,NA,NA,NA,NA,NA,NA,NA,NA,NA,NA,NA,NA,NA,4.4488631401
"HN7335","H000010932","Prevenar","HL5142",2024-02-08,NA,NA,NA,NA,NA,NA,NA,NA,NA,NA,NA,NA,NA,NA,NA,NA,NA,NA,NA,NA,4.2021683739
"CM3341","H000010932","Prevenar","CA6594",2019-10-14,NA,NA,NA,NA,NA,NA,NA,NA,NA,NA,NA,NA,NA,NA,NA,NA,NA,NA,NA,NA,4.2109565172
"X59069","H000010932","Prevenar","W42953",2018-09-11,NA,NA,NA,NA,NA,NA,NA,NA,NA,NA,NA,NA,NA,NA,NA,NA,NA,NA,NA,NA,4.4853215403
"ED8343","H000010932","Prevenar","DN7200",2020-10-05,NA,NA,NA,NA,NA,NA,NA,NA,NA,NA,NA,NA,NA,NA,NA,NA,NA,NA,NA,NA,4.3681947585
"FA1609","H000010932","Prevenar","EC6010",2021-05-09,NA,NA,NA,NA,NA,NA,NA,NA,NA,NA,NA,NA,NA,NA,NA,NA,NA,NA,NA,NA,4.4695592269
"T30392","H000010932","Prevenar","R48338",2017-06-17,NA,NA,NA,NA,NA,NA,NA,NA,NA,NA,NA,NA,NA,NA,NA,NA,NA,NA,NA,NA,4.1577325254
"FA1618","H000010932","Prevenar","EG3840",2021-06-12,NA,NA,NA,NA,NA,NA,NA,NA,NA,NA,NA,NA,NA,NA,NA,NA,NA,NA,NA,NA,4.2927057828
"DW4266","H000010932","Prevenar","DE6964",2020-06-12,NA,NA,NA,NA,NA,NA,NA,NA,NA,NA,NA,NA,NA,NA,NA,NA,NA,NA,NA,NA,4.4036751736
"M32479","H000008135","Prevenar","L78984",2015-10-04,NA,NA,NA,NA,NA,NA,NA,NA,NA,NA,NA,NA,NA,NA,NA,NA,NA,NA,NA,NA,4.3921343581
"GW4143","H000010932","Prevenar","GR5829",2023-04-15,NA,NA,NA,NA,NA,NA,NA,NA,NA,NA,NA,NA,NA,NA,NA,NA,NA,NA,NA,NA,4.8170041446
"DN3839","H000010932","Prevenar","DE6964",2020-06-05,NA,NA,NA,NA,NA,NA,NA,NA,NA,NA,NA,NA,NA,NA,NA,NA,NA,NA,NA,NA,4.2653570777
"W08570","H000010932","Prevenar","T02219",2018-01-04,NA,NA,NA,NA,NA,NA,NA,NA,NA,NA,NA,NA,NA,NA,NA,NA,NA,NA,NA,NA,4.2753505477
"HF3762","H000010932","Prevenar","HG6415",2023-11-09,NA,NA,NA,NA,NA,NA,NA,NA,NA,NA,NA,NA,NA,NA,NA,NA,NA,NA,NA,NA,4.4940050385
"EL8921","H000010932","Prevenar","EE6081",2021-03-26,NA,NA,NA,NA,NA,NA,NA,NA,NA,NA,NA,NA,NA,NA,NA,NA,NA,NA,NA,NA,4.7358643533
"X56196","H000010932","Prevenar","W42944",2018-08-13,NA,NA,NA,NA,NA,NA,NA,NA,NA,NA,NA,NA,NA,NA,NA,NA,NA,NA,NA,NA,4.2880318455
"EL8860","H000010932","Prevenar","DX7884",2020-12-20,NA,NA,NA,NA,NA,NA,NA,NA,NA,NA,NA,NA,NA,NA,NA,NA,NA,NA,NA,NA,4.1684621996
"HN7326","H000010932","Prevenar","HL5142",2024-01-06,NA,NA,NA,NA,NA,NA,NA,NA,NA,NA,NA,NA,NA,NA,NA,NA,NA,NA,NA,NA,4.4236281887
"X23343","H000010932","Prevenar","W12892",2018-05-22,NA,NA,NA,NA,NA,NA,NA,NA,NA,NA,NA,NA,NA,NA,NA,NA,NA,NA,NA,NA,4.3112606067
"EA9689","H000010932","Prevenar","CW4302",2020-08-17,NA,NA,NA,NA,NA,NA,NA,NA,NA,NA,NA,NA,NA,NA,NA,NA,NA,NA,NA,NA,4.5681988804
"EC6043","H000010932","Prevenar","DH4001",2020-09-03,NA,NA,NA,NA,NA,NA,NA,NA,NA,NA,NA,NA,NA,NA,NA,NA,NA,NA,NA,NA,4.4054217409
"S69938","H000010932","Prevenar","R25774",2017-04-25,NA,NA,NA,NA,NA,NA,NA,NA,NA,NA,NA,NA,NA,NA,NA,NA,NA,NA,NA,NA,4.4247612919
"EL8917","H000010932","Prevenar","DY9971",2021-02-13,NA,NA,NA,NA,NA,NA,NA,NA,NA,NA,NA,NA,NA,NA,NA,NA,NA,NA,NA,NA,4.6696982307
"LX2591","H000010932","Prevenar","LK1421",2025-01-19,NA,NA,NA,NA,NA,NA,NA,NA,NA,NA,NA,NA,NA,NA,NA,NA,NA,NA,NA,NA,4.6774399495
"HN7334","H000010932","Prevenar","HG6413",2024-02-01,NA,NA,NA,NA,NA,NA,NA,NA,NA,NA,NA,NA,NA,NA,NA,NA,NA,NA,NA,NA,4.4249697091
"DN5224","H000010932","Prevenar","CM4654",2020-04-04,NA,NA,NA,NA,NA,NA,NA,NA,NA,NA,NA,NA,NA,NA,NA,NA,NA,NA,NA,NA,4.2270243593
"ED8342","H000010932","Prevenar","DL7418",2020-11-02,NA,NA,NA,NA,NA,NA,NA,NA,NA,NA,NA,NA,NA,NA,NA,NA,NA,NA,NA,NA,4.2734011031
"GH5589","H000010932","Prevenar","GD9427",2022-11-05,NA,NA,NA,NA,NA,NA,NA,NA,NA,NA,NA,NA,NA,NA,NA,NA,NA,NA,NA,NA,4.4758656647
"LX2595","H000010932","Prevenar","LX1720",2025-02-06,NA,NA,NA,NA,NA,NA,NA,NA,NA,NA,NA,NA,NA,NA,NA,NA,NA,NA,NA,NA,4.864352677
"HF3754","H000010932","Prevenar","HA3695",2023-09-19,NA,NA,NA,NA,NA,NA,NA,NA,NA,NA,NA,NA,NA,NA,NA,NA,NA,NA,NA,NA,4.3255427135
"EW0925","H000010932","Prevenar","EG3841",2021-04-28,NA,NA,NA,NA,NA,NA,NA,NA,NA,NA,NA,NA,NA,NA,NA,NA,NA,NA,NA,NA,4.3733845407
"W45481","H000010932","Prevenar","T49736",2018-03-23,NA,NA,NA,NA,NA,NA,NA,NA,NA,NA,NA,NA,NA,NA,NA,NA,NA,NA,NA,NA,4.4247829044
"FA1613","H000010932","Prevenar","EC6010",2021-05-21,NA,NA,NA,NA,NA,NA,NA,NA,NA,NA,NA,NA,NA,NA,NA,NA,NA,NA,NA,NA,4.5851136729
"R98841","H000010932","Prevenar","N28779",2016-11-17,NA,NA,NA,NA,NA,NA,NA,NA,NA,NA,NA,NA,NA,NA,NA,NA,NA,NA,NA,NA,4.5697853895
"DN3838","H000010932","Prevenar","DE6964",2020-05-23,NA,NA,NA,NA,NA,NA,NA,NA,NA,NA,NA,NA,NA,NA,NA,NA,NA,NA,NA,NA,4.4921884736
"ED8337","H000010932","Prevenar","DN7200",2020-10-11,NA,NA,NA,NA,NA,NA,NA,NA,NA,NA,NA,NA,NA,NA,NA,NA,NA,NA,NA,NA,4.5074689795
"LX2596","H000010932","Prevenar","LK1422",2025-01-31,NA,NA,NA,NA,NA,NA,NA,NA,NA,NA,NA,NA,NA,NA,NA,NA,NA,NA,NA,NA,4.772694648
"HN7329","H000010932","Prevenar","HL6201",2024-01-28,NA,NA,NA,NA,NA,NA,NA,NA,NA,NA,NA,NA,NA,NA,NA,NA,NA,NA,NA,NA,4.2945165927
"DX7817","H000010932","Prevenar","CW4302",2020-07-12,NA,NA,NA,NA,NA,NA,NA,NA,NA,NA,NA,NA,NA,NA,NA,NA,NA,NA,NA,NA,4.4007010774
"W08088","H000010932","Prevenar","T02219",2017-11-15,NA,NA,NA,NA,NA,NA,NA,NA,NA,NA,NA,NA,NA,NA,NA,NA,NA,NA,NA,NA,4.3517956651
"GR3511","H000010932","Prevenar","GD9424",2023-01-21,NA,NA,NA,NA,NA,NA,NA,NA,NA,NA,NA,NA,NA,NA,NA,NA,NA,NA,NA,NA,4.9640836446
"AR7665","H000010932","Prevenar","X72431",2019-03-17,NA,NA,NA,NA,NA,NA,NA,NA,NA,NA,NA,NA,NA,NA,NA,NA,NA,NA,NA,NA,4.2008293172
"GM8236","H000010932","Prevenar","GD9427",2022-11-27,NA,NA,NA,NA,NA,NA,NA,NA,NA,NA,NA,NA,NA,NA,NA,NA,NA,NA,NA,NA,4.3105304424
"ED8341","H000010932","Prevenar","DR8857",2020-10-26,NA,NA,NA,NA,NA,NA,NA,NA,NA,NA,NA,NA,NA,NA,NA,NA,NA,NA,NA,NA,4.093845751
"EL8916","H000010932","Prevenar","DX7884",2021-02-04,NA,NA,NA,NA,NA,NA,NA,NA,NA,NA,NA,NA,NA,NA,NA,NA,NA,NA,NA,NA,4.3949710407
"AM6027","H000010932","Prevenar","X72431",2019-02-20,NA,NA,NA,NA,NA,NA,NA,NA,NA,NA,NA,NA,NA,NA,NA,NA,NA,NA,NA,NA,4.3952768677
"HF3756","H000010932","Prevenar","HA3693",2023-09-26,NA,NA,NA,NA,NA,NA,NA,NA,NA,NA,NA,NA,NA,NA,NA,NA,NA,NA,NA,NA,4.7717039115
"ED8347","H000010932","Prevenar","DY9970",2020-11-21,NA,NA,NA,NA,NA,NA,NA,NA,NA,NA,NA,NA,NA,NA,NA,NA,NA,NA,NA,NA,4.4342793572
"HP2982","H000006081","Prevenar","HG6415",2024-01-20,NA,NA,NA,NA,NA,NA,NA,NA,NA,NA,NA,NA,NA,NA,NA,NA,NA,NA,NA,NA,4.3815729044
"GW4144","H000010932","Prevenar","GD9428",2023-04-21,NA,NA,NA,NA,NA,NA,NA,NA,NA,NA,NA,NA,NA,NA,NA,NA,NA,NA,NA,NA,4.3388386837
"EL8915","H000010932","Prevenar","DX7884",2021-02-02,NA,NA,NA,NA,NA,NA,NA,NA,NA,NA,NA,NA,NA,NA,NA,NA,NA,NA,NA,NA,4.3002839242
"ED8346","H000010932","Prevenar","DY9970",2020-11-19,NA,NA,NA,NA,NA,NA,NA,NA,NA,NA,NA,NA,NA,NA,NA,NA,NA,NA,NA,NA,4.5051730025
"HF3760","H000010932","Prevenar","HG6413",2023-10-06,NA,NA,NA,NA,NA,NA,NA,NA,NA,NA,NA,NA,NA,NA,NA,NA,NA,NA,NA,NA,4.5376611035
"DN3836","H000010932","Prevenar","DE6964",2020-05-17,NA,NA,NA,NA,NA,NA,NA,NA,NA,NA,NA,NA,NA,NA,NA,NA,NA,NA,NA,NA,4.2490807059
"AJ6040","H000010932","Prevenar","X37457",2018-12-31,NA,NA,NA,NA,NA,NA,NA,NA,NA,NA,NA,NA,NA,NA,NA,NA,NA,NA,NA,NA,4.4146328248
"ED8338","H000010932","Prevenar","DN7200",2020-10-21,NA,NA,NA,NA,NA,NA,NA,NA,NA,NA,NA,NA,NA,NA,NA,NA,NA,NA,NA,NA,4.6423770127
"W11603","H000010932","Prevenar","T22133",2018-02-13,NA,NA,NA,NA,NA,NA,NA,NA,NA,NA,NA,NA,NA,NA,NA,NA,NA,NA,NA,NA,4.17902615
"HN7330","H000010932","Prevenar","HL6201",2024-01-26,NA,NA,NA,NA,NA,NA,NA,NA,NA,NA,NA,NA,NA,NA,NA,NA,NA,NA,NA,NA,3.9560666449
"LL4096","H000010932","Prevenar","LH1385",2024-11-06,NA,NA,NA,NA,NA,NA,NA,NA,NA,NA,NA,NA,NA,NA,NA,NA,NA,NA,NA,NA,4.5524389456
"N58142","H000010932","Prevenar","M35797",2016-03-28,NA,NA,NA,NA,NA,NA,NA,NA,NA,NA,NA,NA,NA,NA,NA,NA,NA,NA,NA,NA,4.4574036478
"T37737","H000010932","Prevenar","T02211",2017-08-13,NA,NA,NA,NA,NA,NA,NA,NA,NA,NA,NA,NA,NA,NA,NA,NA,NA,NA,NA,NA,4.3832908951
"DW4265","H000010932","Prevenar","DE6964",2020-06-08,NA,NA,NA,NA,NA,NA,NA,NA,NA,NA,NA,NA,NA,NA,NA,NA,NA,NA,NA,NA,4.3690178491
"HA2710","H000010932","Prevenar","HA3691",2023-08-09,NA,NA,NA,NA,NA,NA,NA,NA,NA,NA,NA,NA,NA,NA,NA,NA,NA,NA,NA,NA,4.3352003845
"DN3835","H000010932","Prevenar","CM4654",2020-05-07,NA,NA,NA,NA,NA,NA,NA,NA,NA,NA,NA,NA,NA,NA,NA,NA,NA,NA,NA,NA,4.45373168
"GX2795","H000010932","Prevenar","GR5829",2023-06-04,NA,NA,NA,NA,NA,NA,NA,NA,NA,NA,NA,NA,NA,NA,NA,NA,NA,NA,NA,NA,4.9511346973
"GH5586","H000010932","Prevenar","FX7963",2022-09-16,NA,NA,NA,NA,NA,NA,NA,NA,NA,NA,NA,NA,NA,NA,NA,NA,NA,NA,NA,NA,4.4464581626
"FC0557","H000010932","Prevenar","DX7884",2021-04-18,NA,NA,NA,NA,NA,NA,NA,NA,NA,NA,NA,NA,NA,NA,NA,NA,NA,NA,NA,NA,4.3308483922
"LL4097","H000010932","Prevenar","LH1385",2024-11-12,NA,NA,NA,NA,NA,NA,NA,NA,NA,NA,NA,NA,NA,NA,NA,NA,NA,NA,NA,NA,4.1780345815
"DW4267","H000010932","Prevenar","DE6964",2020-06-16,NA,NA,NA,NA,NA,NA,NA,NA,NA,NA,NA,NA,NA,NA,NA,NA,NA,NA,NA,NA,4.4036751736
"LJ1014","H000010932","Prevenar","HR8382",2024-08-13,NA,NA,NA,NA,NA,NA,NA,NA,NA,NA,NA,NA,NA,NA,NA,NA,NA,NA,NA,NA,4.1280777017
"EL8858","H000010932","Prevenar","DR8857",2021-03-21,NA,NA,NA,NA,NA,NA,NA,NA,NA,NA,NA,NA,NA,NA,NA,NA,NA,NA,NA,NA,4.2641410184
"CM3338","H000010932","Prevenar","AM9028",2019-08-26,NA,NA,NA,NA,NA,NA,NA,NA,NA,NA,NA,NA,NA,NA,NA,NA,NA,NA,NA,NA,4.4892027972
"LJ1012","H000010932","Prevenar","HR8382",2024-08-12,NA,NA,NA,NA,NA,NA,NA,NA,NA,NA,NA,NA,NA,NA,NA,NA,NA,NA,NA,NA,4.3870104003
"HN7327","H000010932","Prevenar","HE8765",2024-02-17,NA,NA,NA,NA,NA,NA,NA,NA,NA,NA,NA,NA,NA,NA,NA,NA,NA,NA,NA,NA,4.3890141311
"GX2797","H000010932","Prevenar","HA3693",2023-08-27,NA,NA,NA,NA,NA,NA,NA,NA,NA,NA,NA,NA,NA,NA,NA,NA,NA,NA,NA,NA,4.5632346624
"LM4796","H000010932","Prevenar","HR8382",2024-07-26,NA,NA,NA,NA,NA,NA,NA,NA,NA,NA,NA,NA,NA,NA,NA,NA,NA,NA,NA,NA,4.3197372291
"EC6041","H000010932","Prevenar","DH4001",2020-08-26,NA,NA,NA,NA,NA,NA,NA,NA,NA,NA,NA,NA,NA,NA,NA,NA,NA,NA,NA,NA,4.5391725459
"EP6169","H000010932","Prevenar","DY9971",2021-02-08,NA,NA,NA,NA,NA,NA,NA,NA,NA,NA,NA,NA,NA,NA,NA,NA,NA,NA,NA,NA,4.6100791565
"EL8920","H000010932","Prevenar","DY9970",2021-03-24,NA,NA,NA,NA,NA,NA,NA,NA,NA,NA,NA,NA,NA,NA,NA,NA,NA,NA,NA,NA,4.2478044164
"EL8862","H000010932","Prevenar","DX7883",2020-12-27,NA,NA,NA,NA,NA,NA,NA,NA,NA,NA,NA,NA,NA,NA,NA,NA,NA,NA,NA,NA,4.5024147714
"LE0960","H000010932","Prevenar","HR8371",2024-06-07,NA,NA,NA,NA,NA,NA,NA,NA,NA,NA,NA,NA,NA,NA,NA,NA,NA,NA,NA,NA,4.3916388505
"DL7373","H000010932","Prevenar","CM4654",2020-04-25,NA,NA,NA,NA,NA,NA,NA,NA,NA,NA,NA,NA,NA,NA,NA,NA,NA,NA,NA,NA,4.1559900552
"N41744","H000010932","Prevenar","M35797",2016-03-14,NA,NA,NA,NA,NA,NA,NA,NA,NA,NA,NA,NA,NA,NA,NA,NA,NA,NA,NA,NA,4.3483436412
"DK2067","H000010932","Prevenar","CL6510",2020-02-21,NA,NA,NA,NA,NA,NA,NA,NA,NA,NA,NA,NA,NA,NA,NA,NA,NA,NA,NA,NA,4.3108863515
"AR7667","H000010932","Prevenar","AL6315",2019-04-02,NA,NA,NA,NA,NA,NA,NA,NA,NA,NA,NA,NA,NA,NA,NA,NA,NA,NA,NA,NA,4.0843470563
"HN9190","H000010932","Prevenar","HG6413",2023-12-26,NA,NA,NA,NA,NA,NA,NA,NA,NA,NA,NA,NA,NA,NA,NA,NA,NA,NA,NA,NA,4.2937679229
"AW6836","H000010932","Prevenar","AL6316",2019-05-01,NA,NA,NA,NA,NA,NA,NA,NA,NA,NA,NA,NA,NA,NA,NA,NA,NA,NA,NA,NA,4.5568191664
"LX2597","H000010932","Prevenar","LX1720",2025-02-09,NA,NA,NA,NA,NA,NA,NA,NA,NA,NA,NA,NA,NA,NA,NA,NA,NA,NA,NA,NA,5.0150484263
"FA1612","H000010932","Prevenar","EC6010",2021-05-19,NA,NA,NA,NA,NA,NA,NA,NA,NA,NA,NA,NA,NA,NA,NA,NA,NA,NA,NA,NA,4.5851136729
"DA1901","H000010932","Prevenar","AL6315",2019-12-05,NA,NA,NA,NA,NA,NA,NA,NA,NA,NA,NA,NA,NA,NA,NA,NA,NA,NA,NA,NA,4.5212516011
"LJ1002","H000010932","Prevenar","HR8382",2024-07-29,NA,NA,NA,NA,NA,NA,NA,NA,NA,NA,NA,NA,NA,NA,NA,NA,NA,NA,NA,NA,4.2678186972
"DN3837","H000010932","Prevenar","CM4654",2020-05-14,NA,NA,NA,NA,NA,NA,NA,NA,NA,NA,NA,NA,NA,NA,NA,NA,NA,NA,NA,NA,4.2823112641
"HA2711","H000010932","Prevenar","HA3691",2023-08-12,NA,NA,NA,NA,NA,NA,NA,NA,NA,NA,NA,NA,NA,NA,NA,NA,NA,NA,NA,NA,4.3527135153
"HF3761","H000010932","Prevenar","HG6415",2023-10-27,NA,NA,NA,NA,NA,NA,NA,NA,NA,NA,NA,NA,NA,NA,NA,NA,NA,NA,NA,NA,4.3670410386
"N73146","H000010932","Prevenar","N28779",2016-11-04,NA,NA,NA,NA,NA,NA,NA,NA,NA,NA,NA,NA,NA,NA,NA,NA,NA,NA,NA,NA,4.586586476
"EA9687","H000010932","Prevenar","DE6964",2020-08-10,NA,NA,NA,NA,NA,NA,NA,NA,NA,NA,NA,NA,NA,NA,NA,NA,NA,NA,NA,NA,4.3503803338
"GH5502","H000010932","Prevenar","FX7963",2022-09-12,NA,NA,NA,NA,NA,NA,NA,NA,NA,NA,NA,NA,NA,NA,NA,NA,NA,NA,NA,NA,4.252817994
"ED8349","H000010932","Prevenar","DX7884",2020-12-07,NA,NA,NA,NA,NA,NA,NA,NA,NA,NA,NA,NA,NA,NA,NA,NA,NA,NA,NA,NA,4.3034714413
"CK5676","H000010932","Prevenar","AL6315",2019-06-25,NA,NA,NA,NA,NA,NA,NA,NA,NA,NA,NA,NA,NA,NA,NA,NA,NA,NA,NA,NA,4.5238865942
"DX7815","H000010932","Prevenar","CW4302",2020-07-09,NA,NA,NA,NA,NA,NA,NA,NA,NA,NA,NA,NA,NA,NA,NA,NA,NA,NA,NA,NA,4.5158390457
"AJ9193","H000010932","Prevenar","X72402",2018-11-29,NA,NA,NA,NA,NA,NA,NA,NA,NA,NA,NA,NA,NA,NA,NA,NA,NA,NA,NA,NA,4.5418109155
"EL8863","H000010932","Prevenar","DX7884",2020-12-30,NA,NA,NA,NA,NA,NA,NA,NA,NA,NA,NA,NA,NA,NA,NA,NA,NA,NA,NA,NA,4.2472750294
"W08571","H000010932","Prevenar","T02219",2018-01-09,NA,NA,NA,NA,NA,NA,NA,NA,NA,NA,NA,NA,NA,NA,NA,NA,NA,NA,NA,NA,4.4347450817
"L30244","H000007688","Prevenar","L45099",2015-06-29,NA,NA,NA,NA,NA,NA,NA,NA,NA,NA,NA,NA,NA,NA,NA,NA,NA,NA,NA,NA,4.3393997141
"CM3340","H000010932","Prevenar","AM9030",2019-09-12,NA,NA,NA,NA,NA,NA,NA,NA,NA,NA,NA,NA,NA,NA,NA,NA,NA,NA,NA,NA,4.3489848187
"LE0962","H000010932","Prevenar","HR8382",2024-07-15,NA,NA,NA,NA,NA,NA,NA,NA,NA,NA,NA,NA,NA,NA,NA,NA,NA,NA,NA,NA,4.3756043672
"FC1572","H000010932","Prevenar","EC6010",2021-05-13,NA,NA,NA,NA,NA,NA,NA,NA,NA,NA,NA,NA,NA,NA,NA,NA,NA,NA,NA,NA,4.5665237236
"DC8077","H000010932","Prevenar","CL6510",2020-01-17,NA,NA,NA,NA,NA,NA,NA,NA,NA,NA,NA,NA,NA,NA,NA,NA,NA,NA,NA,NA,4.1798961068
"LL4095","H000010932","Prevenar","LD1771",2024-10-05,NA,NA,NA,NA,NA,NA,NA,NA,NA,NA,NA,NA,NA,NA,NA,NA,NA,NA,NA,NA,4.8772214678
"LX2593","H000010932","Prevenar","LK1422",2025-01-29,NA,NA,NA,NA,NA,NA,NA,NA,NA,NA,NA,NA,NA,NA,NA,NA,NA,NA,NA,NA,4.772694648
"HN7337","H000010932","Prevenar","HE8765",2024-02-12,NA,NA,NA,NA,NA,NA,NA,NA,NA,NA,NA,NA,NA,NA,NA,NA,NA,NA,NA,NA,4.6450242553
"EL8859","H000010932","Prevenar","DX7884",2021-01-01,NA,NA,NA,NA,NA,NA,NA,NA,NA,NA,NA,NA,NA,NA,NA,NA,NA,NA,NA,NA,4.2572424385
"CR3613","H000010932","Prevenar","CA6594",2019-11-19,NA,NA,NA,NA,NA,NA,NA,NA,NA,NA,NA,NA,NA,NA,NA,NA,NA,NA,NA,NA,3.9871618565
"EL8855","H000010932","Prevenar","DY9970",2020-12-10,NA,NA,NA,NA,NA,NA,NA,NA,NA,NA,NA,NA,NA,NA,NA,NA,NA,NA,NA,NA,4.5534379741
"HP2981","H000006081","Prevenar","HA3695",2024-01-13,NA,NA,NA,NA,NA,NA,NA,NA,NA,NA,NA,NA,NA,NA,NA,NA,NA,NA,NA,NA,4.2314092869
"DL7371","H000010932","Prevenar","CM4654",2020-03-13,NA,NA,NA,NA,NA,NA,NA,NA,NA,NA,NA,NA,NA,NA,NA,NA,NA,NA,NA,NA,4.2309251999
"LP5294","H000010932","Prevenar","LH1385",2024-11-18,NA,NA,NA,NA,NA,NA,NA,NA,NA,NA,NA,NA,NA,NA,NA,NA,NA,NA,NA,NA,4.3138479293
"N73145","H000010932","Prevenar","N16508",2016-06-19,NA,NA,NA,NA,NA,NA,NA,NA,NA,NA,NA,NA,NA,NA,NA,NA,NA,NA,NA,NA,4.3293143653
"DW4269","H000010932","Prevenar","CW4302",2020-07-03,NA,NA,NA,NA,NA,NA,NA,NA,NA,NA,NA,NA,NA,NA,NA,NA,NA,NA,NA,NA,4.5560482025
"EA9686","H000010932","Prevenar","DE6964",2020-08-04,NA,NA,NA,NA,NA,NA,NA,NA,NA,NA,NA,NA,NA,NA,NA,NA,NA,NA,NA,NA,4.4493361111
"HX9142","H000013782","Prevenar","HP3381",2024-04-28,NA,NA,NA,NA,NA,NA,NA,NA,NA,NA,NA,NA,NA,NA,NA,NA,NA,NA,NA,NA,4.1381209628
"ER3806","H000010932","Prevenar","EE6081",2021-04-11,NA,NA,NA,NA,NA,NA,NA,NA,NA,NA,NA,NA,NA,NA,NA,NA,NA,NA,NA,NA,4.506385902
"ER3800","H000010932","Prevenar","EE6081",2021-04-06,NA,NA,NA,NA,NA,NA,NA,NA,NA,NA,NA,NA,NA,NA,NA,NA,NA,NA,NA,NA,4.6722412203
"GX9418","H000010932","Prevenar","GP4368",2023-03-28,NA,NA,NA,NA,NA,NA,NA,NA,NA,NA,NA,NA,NA,NA,NA,NA,NA,NA,NA,NA,4.2151907874
"X70406","H000010932","Prevenar","X37455",2018-10-06,NA,NA,NA,NA,NA,NA,NA,NA,NA,NA,NA,NA,NA,NA,NA,NA,NA,NA,NA,NA,4.0895277959
"AM6028","H000010932","Prevenar","X72431",2019-03-12,NA,NA,NA,NA,NA,NA,NA,NA,NA,NA,NA,NA,NA,NA,NA,NA,NA,NA,NA,NA,4.1984775917
"ED8334","H000010932","Prevenar","DN7200",2020-09-14,NA,NA,NA,NA,NA,NA,NA,NA,NA,NA,NA,NA,NA,NA,NA,NA,NA,NA,NA,NA,4.2379703913
"DL7370","H000010932","Prevenar","CM4654",2020-03-06,NA,NA,NA,NA,NA,NA,NA,NA,NA,NA,NA,NA,NA,NA,NA,NA,NA,NA,NA,NA,4.213929567
"EP6167","H000010932","Prevenar","DX7884",2021-01-19,NA,NA,NA,NA,NA,NA,NA,NA,NA,NA,NA,NA,NA,NA,NA,NA,NA,NA,NA,NA,4.1663073721
"ED8345","H000010932","Prevenar","DY9970",2020-11-17,NA,NA,NA,NA,NA,NA,NA,NA,NA,NA,NA,NA,NA,NA,NA,NA,NA,NA,NA,NA,4.5228964138
"ED8311","H000006081","Prevenar","DN7200",2020-10-07,NA,NA,NA,NA,NA,NA,NA,NA,NA,NA,NA,NA,NA,NA,NA,NA,NA,NA,NA,NA,4.3681947585
"GH5587","H000010932","Prevenar","GD9426",2022-10-19,NA,NA,NA,NA,NA,NA,NA,NA,NA,NA,NA,NA,NA,NA,NA,NA,NA,NA,NA,NA,4.4688638891
"W07367","H000010932","Prevenar","T32888",2017-12-06,NA,NA,NA,NA,NA,NA,NA,NA,NA,NA,NA,NA,NA,NA,NA,NA,NA,NA,NA,NA,4.155741885
"HM1398","H000010932","Prevenar","HA3691",2023-10-04,NA,NA,NA,NA,NA,NA,NA,NA,NA,NA,NA,NA,NA,NA,NA,NA,NA,NA,NA,NA,4.5595654972
"EL8879","H000010932","Prevenar","DY9970",2021-01-27,NA,NA,NA,NA,NA,NA,NA,NA,NA,NA,NA,NA,NA,NA,NA,NA,NA,NA,NA,NA,4.4620292861
"EW0928","H000010932","Prevenar","DY9971",2021-05-05,NA,NA,NA,NA,NA,NA,NA,NA,NA,NA,NA,NA,NA,NA,NA,NA,NA,NA,NA,NA,4.4861895262
"ED8340","H000010932","Prevenar","DR8857",2020-10-24,NA,NA,NA,NA,NA,NA,NA,NA,NA,NA,NA,NA,NA,NA,NA,NA,NA,NA,NA,NA,4.2405298104
"FA1610","H000010932","Prevenar","EC6010",2021-05-11,NA,NA,NA,NA,NA,NA,NA,NA,NA,NA,NA,NA,NA,NA,NA,NA,NA,NA,NA,NA,4.8183635058
"X37663","H000010932","Prevenar","W42944",2018-08-11,NA,NA,NA,NA,NA,NA,NA,NA,NA,NA,NA,NA,NA,NA,NA,NA,NA,NA,NA,NA,4.4157024942
"HN7332","H000010932","Prevenar","HK5976",2024-01-14,NA,NA,NA,NA,NA,NA,NA,NA,NA,NA,NA,NA,NA,NA,NA,NA,NA,NA,NA,NA,3.8676927362
"L77851","H000007688","Prevenar","L03264",2015-04-27,NA,NA,NA,NA,NA,NA,NA,NA,NA,NA,NA,NA,NA,NA,NA,NA,NA,NA,NA,NA,4.6905157401
"EL8876","H000010932","Prevenar","DX7884",2021-01-14,NA,NA,NA,NA,NA,NA,NA,NA,NA,NA,NA,NA,NA,NA,NA,NA,NA,NA,NA,NA,4.0866482703
"EL8918","H000010932","Prevenar","DY9971",2021-03-15,NA,NA,NA,NA,NA,NA,NA,NA,NA,NA,NA,NA,NA,NA,NA,NA,NA,NA,NA,NA,4.7418795762
"EC6036","H000010932","Prevenar","DH4001",2020-08-23,NA,NA,NA,NA,NA,NA,NA,NA,NA,NA,NA,NA,NA,NA,NA,NA,NA,NA,NA,NA,4.5509677633
"EL8871","H000010932","Prevenar","DX7884",2021-01-04,NA,NA,NA,NA,NA,NA,NA,NA,NA,NA,NA,NA,NA,NA,NA,NA,NA,NA,NA,NA,4.3345427169
"CM3337","H000010932","Prevenar","AM9028",2019-08-29,NA,NA,NA,NA,NA,NA,NA,NA,NA,NA,NA,NA,NA,NA,NA,NA,NA,NA,NA,NA,4.4232820513
"EC6042","H000010932","Prevenar","DH4001",2020-09-01,NA,NA,NA,NA,NA,NA,NA,NA,NA,NA,NA,NA,NA,NA,NA,NA,NA,NA,NA,NA,4.5253108108
"FA1614","H000010932","Prevenar","EG3840",2021-05-27,NA,NA,NA,NA,NA,NA,NA,NA,NA,NA,NA,NA,NA,NA,NA,NA,NA,NA,NA,NA,4.0476260155
"LX2594","H000010932","Prevenar","LK1422",2025-02-04,NA,NA,NA,NA,NA,NA,NA,NA,NA,NA,NA,NA,NA,NA,NA,NA,NA,NA,NA,NA,4.719740543
"EL8878","H000010932","Prevenar","DX7884",2021-01-25,NA,NA,NA,NA,NA,NA,NA,NA,NA,NA,NA,NA,NA,NA,NA,NA,NA,NA,NA,NA,4.2795606467
"GH5588","H000010932","Prevenar","GD9425",2022-10-29,NA,NA,NA,NA,NA,NA,NA,NA,NA,NA,NA,NA,NA,NA,NA,NA,NA,NA,NA,NA,4.7416085409
"FA1611","H000010932","Prevenar","EC6010",2021-05-16,NA,NA,NA,NA,NA,NA,NA,NA,NA,NA,NA,NA,NA,NA,NA,NA,NA,NA,NA,NA,4.6585479468
"X23346","H000010932","Prevenar","W42918",2018-08-05,NA,NA,NA,NA,NA,NA,NA,NA,NA,NA,NA,NA,NA,NA,NA,NA,NA,NA,NA,NA,4.2793920636
"EL8861","H000010932","Prevenar","DX7884",2020-12-23,NA,NA,NA,NA,NA,NA,NA,NA,NA,NA,NA,NA,NA,NA,NA,NA,NA,NA,NA,NA,4.2465909709
"FC7913","H000010932","Prevenar","EG3840",2021-05-29,NA,NA,NA,NA,NA,NA,NA,NA,NA,NA,NA,NA,NA,NA,NA,NA,NA,NA,NA,NA,4.3120944235
"HP2980","H000006081","Prevenar","HG6413",2024-01-16,NA,NA,NA,NA,NA,NA,NA,NA,NA,NA,NA,NA,NA,NA,NA,NA,NA,NA,NA,NA,4.4791023351
"W07368","H000010932","Prevenar","T32888",2017-12-13,NA,NA,NA,NA,NA,NA,NA,NA,NA,NA,NA,NA,NA,NA,NA,NA,NA,NA,NA,NA,4.1927245333
"HA2708","H000010932","Prevenar","GR5832",2023-06-11,NA,NA,NA,NA,NA,NA,NA,NA,NA,NA,NA,NA,NA,NA,NA,NA,NA,NA,NA,NA,4.7367211058
"EL8919","H000010932","Prevenar","EE6081",2021-03-18,NA,NA,NA,NA,NA,NA,NA,NA,NA,NA,NA,NA,NA,NA,NA,NA,NA,NA,NA,NA,4.6887975142
"HN7328","H000010932","Prevenar","HK5976",2023-12-31,NA,NA,NA,NA,NA,NA,NA,NA,NA,NA,NA,NA,NA,NA,NA,NA,NA,NA,NA,NA,4.3804313407
"EL8867","H000010932","Prevenar","DX7884",2021-01-12,NA,NA,NA,NA,NA,NA,NA,NA,NA,NA,NA,NA,NA,NA,NA,NA,NA,NA,NA,NA,4.0736857572
"AW6839","H000010932","Prevenar","AL6315",2019-05-31,NA,NA,NA,NA,NA,NA,NA,NA,NA,NA,NA,NA,NA,NA,NA,NA,NA,NA,NA,NA,4.304193165
"EW0927","H000010932","Prevenar","DY9971",2021-05-03,NA,NA,NA,NA,NA,NA,NA,NA,NA,NA,NA,NA,NA,NA,NA,NA,NA,NA,NA,NA,4.5458230133
"GX2798","H000010932","Prevenar","GR5832",2023-06-25,NA,NA,NA,NA,NA,NA,NA,NA,NA,NA,NA,NA,NA,NA,NA,NA,NA,NA,NA,NA,4.3869034809
"W45482","H000010932","Prevenar","T78048",2018-04-05,NA,NA,NA,NA,NA,NA,NA,NA,NA,NA,NA,NA,NA,NA,NA,NA,NA,NA,NA,NA,4.1557310392
"HF3759","H000010932","Prevenar","HG6415",2023-12-15,NA,NA,NA,NA,NA,NA,NA,NA,NA,NA,NA,NA,NA,NA,NA,NA,NA,NA,NA,NA,4.4059032949
"CM3339","H000010932","Prevenar","AM9028",2019-09-05,NA,NA,NA,NA,NA,NA,NA,NA,NA,NA,NA,NA,NA,NA,NA,NA,NA,NA,NA,NA,4.4748704319
"LL4094","H000010932","Prevenar","LD1771",2024-10-14,NA,NA,NA,NA,NA,NA,NA,NA,NA,NA,NA,NA,NA,NA,NA,NA,NA,NA,NA,NA,4.3944296696
"LX2592","H000010932","Prevenar","LK1422",2025-01-25,NA,NA,NA,NA,NA,NA,NA,NA,NA,NA,NA,NA,NA,NA,NA,NA,NA,NA,NA,NA,4.6307921654
