"batch_number","material_number","product_name","mbc_batch_number","date_of_manufacture","S18C Diln_Fill Q01 Protein Yield {%} Weighted Value","S18C Diln_Fill S0X_P02_Sacc_Yield_Diff Weighted Value","S18C Diln_Fill Q01 Ratio (Saccharide:Protein) [unrounded] Weighted Value","S18C Diln_Fill [S0X] Protein Concentration [unrounded] {µg/mL} Weighted Value","S18C Final_Conj_UFDF [P02] Saccharide Concentration [unrounded] {µg/mL} Weighted Value","S18C Diln_Fill Number of Product Manifolds Filled Weighted Value","S18C Diln_Fill [S0X] Saccharide yield {%} Weighted Value","S18C Diln_Fill [S0X] MBC Saccharide yield {%} Weighted Value","S18C Final_Conj_UFDF [P02] Protein Yield {%} Weighted Value","S18C Diln_Fill [S0X] Protein Yield {%} Weighted Value","S18C Diln_Fill [S0X] Ratio (Saccharide:Protein) [unrounded] Weighted Value","S18C Diln_Fill Q01 Saccharide Concentration {µg/mL} Weighted Value","S18C Diln_Fill [Q01] Saccharide yield {%} Weighted Value","S18C Diln_Fill Q01 Protein Concentration [unrounded] {µg/mL} Weighted Value","S18C Diln_Fill Q01_P02_Sacc_Yield_Diff Weighted Value","S18C Diln_Fill Weight Filled into Product Bags {g} Weighted Value","S18C Diln_Fill [S0X] Saccharide Concentration [unrounded] {µg/mL} Weighted Value","S18C Diln_Fill [S0X] Saccharide Ratio [unrounded] Weighted Value","S18C Diln_Fill Saccharide Concentration for Filling (P02/Q01) {g/l} Weighted Value","S18C Recon Starting Conjugation Saccharide Input {GAI} Weighted Value","S18C Total Antigenicity"
"GD6692","H000014198","Prevenar","FD7862",2022-05-17,60.076885,-3.66132,1.100007,422.280276,925.573401,5,32.16259,27.744031,64.598587,60.076885,1.079788,476,33.554923,432.463352,-2.268987,1407,455.973325,1.04329,0.476,NA,5.0447542305
"GR3606","H000011044","Prevenar","FH7124",2023-03-17,62.358111,-0.765103,0.902219,484.659849,795.224866,4,31.632018,26.1695,67.18166,62.358111,1.017614,470,30.161827,521.241861,-2.235295,1424,493.196835,0.953522,0.47,NA,5.3527818894
"DX7809","H000006081","Prevenar","CK5010",2020-08-06,63.578159,-0.028981,1.054492,479.728154,827.767767,5,33.834899,28.525514,72.047215,63.578159,1.051486,521,34.946521,494.07693,1.082641,1287,504.427437,1.032854,0.521,NA,4.6676291619
"DX7815","H000010932","Prevenar","DH4048",2020-07-08,64.877839,-2.352557,1.0877,453.61997,899.173283,5,34.040582,28.99839,63.667993,64.877839,1.036346,494,35.802951,454.579263,-0.590188,1356,470.107047,1.051773,0.494,NA,NA
"CM3339","H000010932","Prevenar","AR4776",2019-09-03,64.754958,0.803996,1.014915,502.773764,746.706736,4,33.414428,28.651177,69.278737,64.754958,1.041402,530,33.81202,522.033767,1.201589,1265,523.589551,1.011899,0.53,NA,NA
"GC1564","H000011373","Prevenar","FH2529",2022-06-16,65.084653,-2.179892,1.117642,477.34659,867.190963,5,31.79994,27.255853,67.007835,65.084653,0.983088,506,34.302457,452.921054,0.322625,1324,469.273929,1.078696,0.506,NA,4.8996972364
"DL7372","H000010932","Prevenar","CW7635",2020-04-22,135.824778,-0.878242,1.160173,501.607577,820.746604,5,32.69185,27.151505,127.995783,135.824778,0.986781,554,36.592519,477.546045,3.022427,1211,494.977025,1.119316,0.554,NA,4.2347488828
"EA9693","H000017723","Prevenar","CK5010",2020-08-20,63.578159,-0.028981,1.054492,479.728154,827.767767,5,33.834899,28.525514,72.047215,63.578159,1.051486,521,34.946521,494.07693,1.082641,1287,504.427437,1.032854,0.521,NA,4.5844613048
"EM4901","H000011044","Prevenar","DT9980",2021-02-04,240.747254,-2.81549,1.064556,465.193913,885.076564,5,31.00393,26.379715,241.689341,240.747254,0.996169,506,33.822245,474.880584,0.002825,1324,463.411868,1.090902,0.506,NA,4.6846490684
"FL8878","H000006081","Prevenar","EL4563",2021-11-17,59.518587,-0.350637,1.068908,425.487754,885.631924,5,34.866744,29.21117,66.032881,59.518587,1.166149,498,35.020894,466.247317,-0.196486,1345,496.181937,1.004421,0.498,NA,4.6906254559
"FR3857","H000008135","Prevenar","FG0964",2022-05-01,59.762812,0.991521,1.110826,480.058574,769.177947,4,32.068721,27.928774,78.361087,59.762812,1.077357,529,32.806953,476.312452,1.729753,1268,517.194329,1.02302,0.529,NA,4.923602175
"GX9418","H000010932","Prevenar","GG0404",2023-03-23,61.729126,-3.325371,0.943335,474.070806,814.988072,4,29.367679,25.319588,61.60561,61.729126,0.952683,446,28.982268,472.485399,-3.710782,1500,451.638992,0.986876,0.446,NA,NA
"GH5619","H000019489","Prevenar","GD9452",2022-11-09,246.409191,0.975702,1.00751,514.690396,756.746341,4,32.277322,27.633533,241.625218,246.409191,1.00536,505,31.519262,501.529982,0.217642,1327,517.44906,0.976514,0.505,NA,NA
"HN7758","H000017723","Prevenar","HM2123",2024-02-15,60.255475,1.402186,0.970289,543.320557,678.280357,4,29.172477,24.267545,64.256708,60.255475,0.97067,547,30.259902,563.794591,2.489612,1227,527.385223,1.037276,0.547,NA,5.0042235926
"HG8790","H000019489","Prevenar","HG6429",2023-09-24,60.877566,-1.198083,0.961951,501.92932,796.186112,4,30.213487,25.331175,60.442055,60.877566,0.979869,497,30.537559,516.762919,-0.874011,1348,491.825064,1.010726,0.497,NA,NA
"L30198","H000008135","Prevenar","L48683",2015-06-15,68.170928,-0.777667,1.259463,495.810245,899.417248,5,33.446565,28.274253,65.023969,68.170928,0.992466,543,36.905272,431.104293,2.68104,1235,492.074617,1.10341,0.543,NA,4.2114060073
"L67174","H000006081","Prevenar","L79062",2015-06-12,64.323603,0.619893,1.017309,442.083518,873.926202,5,36.784444,29.371633,61.709021,64.323603,1.153204,510,36.779798,501.075027,0.615247,1314,509.812511,0.999874,0.51,NA,4.5394087915
"L76757","H000008135","Prevenar","J78799",2015-04-15,59.995624,-1.197055,1.012991,465.163518,936.922513,4,30.316365,26.267152,62.205123,59.995624,1.041429,480,30.016263,473.488073,-1.497157,1395,484.434765,0.990101,0.48,NA,4.9474102219
"W08088","H000010932","Prevenar","S85331",2017-11-13,59.65522,-2.288778,1.095357,426.902562,909.740414,5,32.234263,27.433345,62.961125,59.65522,1.09399,486,33.536732,443.597734,-0.986309,1378,467.027001,1.040406,0.486,NA,NA
"MW1321","H000013782","Prevenar","ML2271",2025-09-05,64.198812,-3.463233,1.013853,422.508109,919.010706,4,34.335649,29.559746,67.842187,64.198812,1.078154,453,34.172325,447.167445,-3.626556,1477,455.528862,0.995243,0.453,NA,4.9818857156
"X70406","H000010932","Prevenar","W61735",2018-10-03,59.592194,0.360649,1.089999,492.959536,771.754731,4,31.091879,26.337971,61.619643,59.592194,1.042514,554,33.514827,508.226458,2.783597,1211,513.91726,1.077929,0.554,NA,NA
"DN3784","H000006081","Prevenar","CK5010",2020-06-27,63.578159,-0.028981,1.054492,479.728154,827.767767,5,33.834899,28.525514,72.047215,63.578159,1.051486,521,34.946521,494.07693,1.082641,1287,504.427437,1.032854,0.521,NA,4.7472946004
"DX7820","H000011373","Prevenar","DH4048",2020-08-05,64.877839,-2.352557,1.0877,453.61997,899.173283,5,34.040582,28.99839,63.667993,64.877839,1.036346,494,35.802951,454.579263,-0.590188,1356,470.107047,1.051773,0.494,NA,4.6097833231
"W10600","H000013782","Prevenar","T22140",2018-01-02,61.951288,-3.726691,1.010534,414.517409,1005.631464,5,33.605767,28.825529,63.211117,61.951288,1.085562,445,33.246891,440.53818,-4.085567,1503,449.984346,0.989321,0.445,NA,5.0822161526
"X59079","H000013782","Prevenar","W61761",2018-11-01,61.891913,-0.217594,1.083511,452.918278,876.986031,4,34.217426,29.954,55.442393,61.891913,1.105898,480,32.7592,442.575642,-1.675821,1395,500.881607,0.957384,0.48,NA,4.8402219497
"FY2983","H000008135","Prevenar","FG0964",2022-05-10,59.762812,0.991521,1.110826,480.058574,769.177947,4,32.068721,27.928774,78.361087,59.762812,1.077357,529,32.806953,476.312452,1.729753,1268,517.194329,1.02302,0.529,NA,4.5346873783
"J74164","H000004331","Prevenar","J41760",2014-11-11,59.899505,-1.340333,1.116513,448.431329,920.215522,5,31.708946,26.707947,60.965702,59.899505,1.090967,513,33.232381,459.222873,0.183103,1307,489.223734,1.048044,0.513,NA,4.5631031374
"M21958","H000008135","Prevenar","L79062",2015-08-31,64.323603,0.619893,1.017309,442.083518,873.926202,5,36.784444,29.371633,61.709021,64.323603,1.153204,510,36.779798,501.075027,0.615247,1314,509.812511,0.999874,0.51,NA,4.3402656055
"N39529","H000011374","Prevenar","M17975",2016-08-13,64.606459,-0.618228,1.034278,478.076492,856.398056,5,32.957493,27.947262,66.202731,64.606459,1.027154,513,34.461721,496.452999,0.885999,1307,491.058,1.045641,0.513,NA,4.9790528231
"R59709","H000008135","Prevenar","N16563",2016-09-22,59.071021,-1.851196,1.086212,393.842269,1049.867896,5,37.061974,32.480262,66.68623,59.071021,1.222542,494,38.054166,455.139895,-0.859004,1356,481.488604,1.026771,0.494,NA,4.5950003591
"X75942","H000011612","Prevenar","W61756",2018-10-22,63.712571,-0.849127,1.122002,463.354189,853.819959,5,34.233503,29.076989,66.13135,63.712571,1.065475,531,36.831492,473.40284,1.748862,1263,493.69244,1.07589,0.531,NA,4.4617794899
"CR3638","H000013782","Prevenar","AH4664",2019-10-22,65.505339,-1.320358,1.049792,453.216758,925.248195,5,34.577294,29.485938,63.898741,65.505339,1.066689,495,35.386967,471.294977,-0.510685,1353,483.441478,1.023416,0.495,NA,4.904769357
"W07868","H000010932","Prevenar","S85331",2017-11-09,59.65522,-2.288778,1.095357,426.902562,909.740414,5,32.234263,27.433345,62.961125,59.65522,1.09399,486,33.536732,443.597734,-0.986309,1378,467.027001,1.040406,0.486,NA,4.3962537563
"CM3199","H000013782","Prevenar","AH4664",2019-10-16,65.505339,-1.320358,1.049792,453.216758,925.248195,5,34.577294,29.485938,63.898741,65.505339,1.066689,495,35.386967,471.294977,-0.510685,1353,483.441478,1.023416,0.495,NA,4.6513721763
"CM3337","H000010932","Prevenar","AR4776",2019-08-25,64.754958,0.803996,1.014915,502.773764,746.706736,4,33.414428,28.651177,69.278737,64.754958,1.041402,530,33.81202,522.033767,1.201589,1265,523.589551,1.011899,0.53,NA,NA
"CL9016","H000013782","Prevenar","AR4776",2019-08-05,64.754958,0.803996,1.014915,502.773764,746.706736,4,33.414428,28.651177,69.278737,64.754958,1.041402,530,33.81202,522.033767,1.201589,1265,523.589551,1.011899,0.53,NA,4.6674461409
"ED8318","H000013782","Prevenar","DL7834",2020-10-29,66.38567,-0.097954,1.00734,466.822298,940.481407,5,35.202347,29.801974,71.76098,66.38567,1.062976,491,34.832843,487.434622,-0.467457,1364,496.221011,0.989503,0.491,NA,4.8577781443
"F76112","H000002634","Prevenar","E76420",2011-12-08,NA,-0.138139,1.096345,446.051162,886.349444,NA,40.57825,NA,NA,NA,1.131984,496,39.857331,452.368806,-0.859058,NA,504.922973,NA,NA,66.26,4.5794305113
"GW4132","H000006081","Prevenar","GR5869",2023-04-29,61.458125,-2.330222,1.020598,463.222372,826.955665,4,31.188668,27.576049,61.019817,61.458125,1.005198,480,32.135592,470.084235,-1.383298,1395,465.630084,1.030361,0.48,NA,5.0036950126
"DA1902","H000010932","Prevenar","CM4663",2019-12-18,73.399407,0.529971,1.0853,486.607143,866.689604,5,34.936751,29.808889,68.92058,73.399407,1.059368,512,34.682419,471.522336,0.275639,1309,515.495817,0.99272,0.512,NA,NA
"LE0962","H000010932","Prevenar","LE1126",2024-07-11,63.375079,0.199086,0.998396,507.577312,776.753386,4,31.588656,26.609924,65.453211,63.375079,0.997316,531,33.121144,531.626202,1.731573,1263,506.214946,1.048514,0.531,NA,NA
"N90863","H000008135","Prevenar","N09129",2016-06-22,62.970138,-0.615118,0.925758,437.553101,917.470149,5,35.56212,30.154184,68.058334,62.970138,1.138392,487,34.795398,526.452876,-1.381841,1375,498.107159,0.97844,0.487,NA,4.9562703374
"M32491","H000008090","Prevenar","L79063",2015-11-06,84.312106,0.49202,1.094419,468.079155,859.495934,4,34.177712,28.720566,93.316395,84.312106,1.08814,518,34.763902,473.375696,1.07821,1294,509.335706,1.017151,0.518,NA,4.9701639966
"R59675","H000011374","Prevenar","N16564",2016-10-23,122.392609,-9.341401,1.067779,343.607163,846.82729,5,34.017799,29.102507,111.089248,122.392609,1.149362,397,34.171689,371.533438,-9.18751,1682,394.928886,1.004524,0.397,NA,4.607555371
"T99040","H000011374","Prevenar","S85331",2017-11-11,59.65522,-2.288778,1.095357,426.902562,909.740414,5,32.234263,27.433345,62.961125,59.65522,1.09399,486,33.536732,443.597734,-0.986309,1378,467.027001,1.040406,0.486,NA,4.7949465736
"AK9076","H000011374","Prevenar","X37494",2019-01-03,57.328138,0.66338,1.038062,469.995804,810.208108,4,32.276489,28.132509,59.050814,57.328138,1.089421,495,31.176818,476.443868,-0.436291,1353,512.023301,0.96593,0.495,NA,4.7726355599
"DL7370","H000010932","Prevenar","CM4665",2020-03-03,122.584051,0.395648,0.996275,530.725169,781.556281,4,31.264067,26.978661,132.332351,122.584051,0.970453,540,32.802932,542.415814,1.934513,1242,515.043885,1.049222,0.54,NA,NA
"ED8311","H000011373","Prevenar","DL7833",NA,64.874852,-2.584003,1.074407,467.892209,870.079832,5,33.145477,28.102035,72.980307,64.874852,1.004041,503,35.510638,468.449211,-0.218843,1332,469.783011,1.071357,0.503,NA,NA
"EL3807","H000008135","Prevenar","DR8862",2021-01-19,62.239352,-2.191854,1.028164,460.045389,857.286233,4,31.725577,26.965099,65.372956,62.239352,1.02746,490,32.885698,476.541344,-1.031733,1367,472.678278,1.036567,0.49,NA,4.9330891427
"CM3326","H000017723","Prevenar","AR4777",2019-09-17,61.63529,-2.153344,1.057981,423.675414,928.4869,5,34.321696,29.622264,61.973937,61.63529,1.111429,468,34.091165,442.089297,-2.383875,1430,470.884964,0.993283,0.468,NA,4.8442611139
"FJ5975","H000011044","Prevenar","DY9999",2021-09-08,86.784868,-0.172478,1.067374,454.47903,901.009797,5,35.053703,29.599288,87.090522,86.784868,1.095263,487,34.260822,455.805605,-0.965359,1375,497.774213,0.977381,0.487,NA,4.9703108313
"HY4185","H000019489","Prevenar","HL5146",2024-04-26,67.036426,-2.041426,0.958603,486.654395,759.752913,4,33.355283,28.377419,69.109552,67.036426,0.971399,480,33.894845,501.127663,-1.501864,1395,472.735608,1.016176,0.48,NA,NA
"DX5493","H000008135","Prevenar","AP7814",2020-05-28,70.869571,0.739647,1.036734,498.155243,898.048372,5,37.177456,31.70106,73.585005,70.869571,1.037133,533,38.342362,513.961904,1.904553,1258,516.653237,1.031334,0.533,NA,4.5802968995
"CW6536","H000011044","Prevenar","CA6638",2019-11-08,65.215009,-1.438625,1.033394,446.625908,932.772266,5,34.933774,29.93137,66.575429,65.215009,1.079735,490,35.460054,473.684552,-0.912344,1367,482.237596,1.015065,0.49,NA,4.4993325343
"DJ2693","H000006081","Prevenar","CM4663",2020-01-10,73.399407,0.529971,1.0853,486.607143,866.689604,5,34.936751,29.808889,68.92058,73.399407,1.059368,512,34.682419,471.522336,0.275639,1309,515.495817,0.99272,0.512,NA,4.9988225233
"H15035","H000004331","Prevenar","G73488",2013-06-21,NA,-2.691426,1.014863,434.944596,915.096816,4,31.819434,27.919514,NA,NA,1.064322,471,32.36804,464.005913,-2.14282,1421,462.921095,NA,0.471,85.108,4.7554433722
"GH5616","H000019489","Prevenar","GA0023",2022-10-22,243.627774,0.913022,1.03637,472.927248,754.147955,4,31.671332,27.160291,260.998383,243.627774,1.089717,526,32.308989,507.282946,1.550679,1275,515.356891,1.020134,0.526,NA,NA
"GH5617","H000019489","Prevenar","GC8819",2022-09-30,239.279018,-0.190217,1.001692,493.736183,853.271408,4,31.487403,27.028059,246.969399,239.279018,1.01242,511,32.191572,510.183849,0.513952,1312,499.868402,1.022364,0.511,NA,NA
"HN7643","H000011044","Prevenar","HK6419",2024-04-20,57.631776,0.504087,1.091291,458.443669,823.633743,4,32.552167,27.397331,59.238795,57.631776,1.117067,524,33.339182,480.617642,1.291102,1280,512.112482,1.024177,0.524,NA,4.8926588875
"HG8832","H000028394","Prevenar","HK6951",2023-11-16,276.940044,1.195201,1.071858,493.612079,842.469761,5,34.3987,29.362245,264.980818,276.940044,1.050977,512,33.953157,477.726947,0.749658,1309,518.774821,0.987048,0.512,NA,NA
"LJ1165","H000031244","Prevenar","LE1126",2024-07-10,63.375079,0.199086,0.998396,507.577312,776.753386,4,31.588656,26.609924,65.453211,63.375079,0.997316,531,33.121144,531.626202,1.731573,1263,506.214946,1.048514,0.531,NA,NA
"RE8406","H000035016","Prevenar","MT7677",2026-04-21,58.904578,-2.9557,0.998633,476.533751,743.523029,4,28.55456,24.188055,60.695881,58.904578,0.95644,493,30.86396,493.311672,-0.646299,1359,455.775849,1.080877,0.493,NA,NA
"H99617","H000004331","Prevenar","G35697",2013-12-22,NA,NA,1.038286,461.538462,1051.238529,5,37.713699,31.612563,NA,NA,1.062007,477,36.725,459.706727,NA,1404,490.156898,NA,0.477,84.934,4.5098934551
"H26117","H000002634","Prevenar","G73488",2013-08-30,NA,-2.691426,1.014863,434.944596,915.096816,4,31.819434,27.919514,NA,NA,1.064322,471,32.36804,464.005913,-2.14282,1421,462.921095,NA,0.471,85.108,4.6182645095
"H38802","H000006081","Prevenar","H28300",2013-10-30,NA,0.96342,1.011062,487.250115,840.123992,4,32.983249,28.680531,NA,NA,1.047633,483,31.230001,478.037367,-0.789828,1386,510.459099,NA,0.483,83.959,4.9596859174
"HF3769","H000011374","Prevenar","HG6429",2023-09-15,60.877566,-1.198083,0.961951,501.92932,796.186112,4,30.213487,25.331175,60.442055,60.877566,0.979869,497,30.537559,516.762919,-0.874011,1348,491.825064,1.010726,0.497,NA,5.3247837493
"HN7751","H000017723","Prevenar","HM2139",2024-01-03,61.545829,-0.152853,1.032466,490.982287,793.775837,4,31.235138,27.378608,64.746429,61.545829,1.018061,517,32.298569,500.614814,0.910578,1297,499.85003,1.034046,0.517,NA,4.669137814
"L90656","H000008135","Prevenar","L30021",2015-05-03,61.500913,-1.258806,1.056565,447.324049,909.29533,4,32.725886,27.357044,69.020283,61.500913,1.076315,474,32.232827,448.820149,-1.751865,1412,481.461681,0.984934,0.474,NA,5.1464316269
"L30209A","H000006081","Prevenar","L48683",2015-06-23,68.170928,-0.777667,1.259463,495.810245,899.417248,5,33.446565,28.274253,65.023969,68.170928,0.992466,543,36.905272,431.104293,2.68104,1235,492.074617,1.10341,0.543,NA,NA
"M96866","H000006081","Prevenar","M35819",2015-12-17,62.42132,-2.464337,1.114474,432.856533,991.73931,5,33.612162,28.818199,70.078808,62.42132,1.086097,520,37.171986,466.510983,1.095486,1289,470.124072,1.105909,0.52,NA,4.4660136742
"N90922","H000011612","Prevenar","N09129",2016-06-28,62.970138,-0.615118,0.925758,437.553101,917.470149,5,35.56212,30.154184,68.058334,62.970138,1.138392,487,34.795398,526.452876,-1.381841,1375,498.107159,0.97844,0.487,NA,4.8368627449
"W07342","H000006081","Prevenar","T22140",2018-02-14,61.951288,-3.726691,1.010534,414.517409,1005.631464,5,33.605767,28.825529,63.211117,61.951288,1.085562,445,33.246891,440.53818,-4.085567,1503,449.984346,0.989321,0.445,NA,4.9175229024
"W28192","H000006081","Prevenar","T32901",2018-04-06,68.397992,3.799108,0.976168,575.436162,791.21481,4,33.548439,28.375807,69.384401,68.397992,0.987436,566,33.439946,580.195849,3.690615,1186,568.206355,0.996766,0.566,NA,5.0086180318
"AW6847","H000008135","Prevenar","T96901",2019-05-06,64.116361,-3.678611,1.163209,421.984143,958.597269,5,34.716218,30.342351,60.671767,64.116361,1.082428,488,37.097541,419.613923,-1.297288,1372,456.767391,1.068594,0.488,NA,4.2848115665
"DL7363","H000006081","Prevenar","AP7814",2020-05-26,70.869571,0.739647,1.036734,498.155243,898.048372,5,37.177456,31.70106,73.585005,70.869571,1.037133,533,38.342362,513.961904,1.904553,1258,516.653237,1.031334,0.533,NA,4.4698180264
"CM3338","H000010932","Prevenar","AR4776",2019-08-22,64.754958,0.803996,1.014915,502.773764,746.706736,4,33.414428,28.651177,69.278737,64.754958,1.041402,530,33.81202,522.033767,1.201589,1265,523.589551,1.011899,0.53,NA,NA
"EA9678","H000006081","Prevenar","DH4040",2020-08-24,62.046377,-0.264834,1.176047,473.066854,810.985266,5,32.792245,27.942793,63.574337,62.046377,1.057097,497,32.558568,422.188891,-0.498511,1348,500.077416,0.992874,0.497,NA,4.710070616
"EY6711","H000011044","Prevenar","DT9980",2021-03-27,240.747254,-2.81549,1.064556,465.193913,885.076564,5,31.00393,26.379715,241.689341,240.747254,0.996169,506,33.822245,474.880584,0.002825,1324,463.411868,1.090902,0.506,NA,4.6517853458
"FH0022","H000011044","Prevenar","DY9999",2021-07-26,86.784868,-0.172478,1.067374,454.47903,901.009797,5,35.053703,29.599288,87.090522,86.784868,1.095263,487,34.260822,455.805605,-0.965359,1375,497.774213,0.977381,0.487,NA,4.7903382421
"G79024","H000002634","Prevenar","G54758",2013-01-14,NA,0.54968,1.038948,461.028192,1035.655056,5,41.076761,35.560654,NA,NA,1.072639,491,40.746561,472.152303,0.219481,1364,494.516915,NA,0.491,83.67,4.4469509613
"H20801","H000002634","Prevenar","G73488",2013-07-18,NA,-2.691426,1.014863,434.944596,915.096816,4,31.819434,27.919514,NA,NA,1.064322,471,32.36804,464.005913,-2.14282,1421,462.921095,NA,0.471,85.108,4.7918831036
"GM8236","H000010932","Prevenar","GG0403",2022-11-24,66.023464,-4.314752,0.932219,517.759764,822.915401,4,27.841246,24.403146,66.36027,66.023464,0.839148,478,30.614483,512.491753,-1.541515,1401,434.476837,1.099609,0.478,NA,NA
"H75718","H000004331","Prevenar","H28300",2013-11-11,NA,0.96342,1.011062,487.250115,840.123992,4,32.983249,28.680531,NA,NA,1.047633,483,31.230001,478.037367,-0.789828,1386,510.459099,NA,0.483,83.959,5.0074734069
"RH7871","H000033648","Prevenar","LY2883",2026-04-16,59.476222,-1.424201,1.047771,468.60974,789.200094,4,30.268748,26.366645,65.015146,59.476222,1.023167,492,31.049808,469.413811,-0.643142,1361,479.465795,1.025804,0.492,NA,NA
"N90898","H000006081","Prevenar","M17975",2016-08-14,64.606459,-0.618228,1.034278,478.076492,856.398056,5,32.957493,27.947262,66.202731,64.606459,1.027154,513,34.461721,496.452999,0.885999,1307,491.058,1.045641,0.513,NA,4.9395012365
"ND7560","H000033648","Prevenar","ML2269",2025-09-14,65.357006,-2.568301,1.061448,443.178641,863.938554,4,33.68461,29.460992,65.957686,65.357006,1.044487,454,33.010954,427.375319,-3.241956,1474,462.894237,0.980001,0.454,NA,NA
"AH5710","H000008135","Prevenar","X37494",2019-01-03,57.328138,0.66338,1.038062,469.995804,810.208108,4,32.276489,28.132509,59.050814,57.328138,1.089421,495,31.176818,476.443868,-0.436291,1353,512.023301,0.96593,0.495,NA,5.0777635262
"DX7780","H000008135","Prevenar","CK5010",2020-08-03,63.578159,-0.028981,1.054492,479.728154,827.767767,5,33.834899,28.525514,72.047215,63.578159,1.051486,521,34.946521,494.07693,1.082641,1287,504.427437,1.032854,0.521,NA,4.4674013308
"EL8942","H000011044","Prevenar","DN7269",2020-12-21,60.791805,-0.34525,0.997569,462.060759,850.138172,4,33.28788,28.450827,65.218215,60.791805,1.085976,501,33.227711,502.100511,-0.405418,1337,501.7868,0.998192,0.501,NA,4.9028919692
"LX2593X","H000010932","Prevenar","LK1442",2025-01-27,61.820586,0.844744,0.980788,504.590999,726.646124,4,31.602314,26.9639,62.553339,61.820586,1.010343,509,31.543804,518.834399,0.786234,1317,509.810198,0.998149,0.509,NA,NA
"GR2965","H000006081","Prevenar","GD9453",2023-01-15,62.586821,-0.487972,0.997843,495.753506,807.94944,4,30.940277,26.813356,65.795647,62.586821,0.998312,494,30.906666,495.447535,-0.521583,1356,494.916485,0.998914,0.494,NA,5.1030953387
"GT1664","H000017723","Prevenar","GG0404",2023-02-11,61.729126,-3.325371,0.943335,474.070806,814.988072,4,29.367679,25.319588,61.60561,61.729126,0.952683,446,28.982268,472.485399,-3.710782,1500,451.638992,0.986876,0.446,NA,5.142438328
"DJ2706","H000008135","Prevenar","CM4664",2020-02-22,130.58387,-1.444665,1.088189,506.33642,837.119031,5,32.817526,28.007876,119.341388,130.58387,0.952196,516,35.146739,474.50461,0.884547,1299,482.131654,1.070975,0.516,NA,4.7754329399
"FM6063","H000011044","Prevenar","EL4563",2021-12-16,59.518587,-0.350637,1.068908,425.487754,885.631924,5,34.866744,29.21117,66.032881,59.518587,1.166149,498,35.020894,466.247317,-0.196486,1345,496.181937,1.004421,0.498,NA,4.505473573
"FG4098","H000006081","Prevenar","EP5316",2021-07-03,79.297464,-0.191429,1.016272,464.122508,775.332768,4,32.200649,28.215438,83.052815,79.297464,1.084145,493,31.553428,485.168144,-0.83865,1359,503.176228,0.9799,0.493,NA,4.9496502779
"HA2708","H000010932","Prevenar","HA3751",2023-06-07,NA,NA,1.04448,431.854414,494.70778,3,NA,15.904008,39.515324,NA,0.95826,461,NA,441.262483,NA,1452,413.828728,1.113722,0.461,NA,NA
"J56529","H000002634","Prevenar","J32173",2014-09-21,61.119687,-3.923743,1.128221,426.423622,941.925895,5,30.478116,26.009605,61.144257,61.119687,1.029954,493,34.188142,436.668898,-0.213717,1359,439.196809,1.121728,0.493,NA,4.5772011806
"N41742","H000011802","Prevenar","L45105",2016-04-13,64.613588,-0.459244,1.057603,461.286236,968.614807,5,35.429256,29.90724,67.449943,64.613588,1.077395,503,35.880855,475.9083,-0.007645,1332,496.987347,1.012746,0.503,NA,4.5383359687
"M32480","H000006081","Prevenar","L96629",2015-09-23,62.200947,0.549904,1.032572,474.464061,903.442662,5,33.228665,27.990028,58.211348,62.200947,1.078021,508,32.99185,491.817613,0.313089,1319,511.482405,0.992873,0.508,NA,5.1698928611
"LL4093","H000010932","Prevenar","LD1817",2024-08-29,71.197275,-0.334119,0.97558,509.845838,679.292761,4,25.976621,21.574267,72.294068,71.197275,0.973264,545,28.532553,558.682,2.221813,1231,496.214545,1.098394,0.545,NA,NA
"W44031","H000013782","Prevenar","T32901",2018-03-14,68.397992,3.799108,0.976168,575.436162,791.21481,4,33.548439,28.375807,69.384401,68.397992,0.987436,566,33.439946,580.195849,3.690615,1186,568.206355,0.996766,0.566,NA,4.9235174308
"X06702","H000010932","Prevenar","T78047",2018-05-12,67.661282,-0.395945,1.040847,489.075952,876.160326,5,34.819375,29.205355,72.703777,67.661282,1.025394,515,35.783011,495.149582,0.56769,1302,501.495723,1.027675,0.515,NA,NA
"CK5676","H000010932","Prevenar","AA1759",2019-06-24,216.986458,2.453768,1.010337,505.242527,733.670159,4,31.274738,26.397711,224.46364,216.986458,1.088347,532,30.273988,526.837703,1.453017,1261,549.879252,0.968001,0.532,NA,NA
"DA1908","H000013782","Prevenar","CH7206",2019-12-28,89.955215,-1.709532,1.010128,475.824176,864.226291,4,32.927499,27.749028,89.497701,89.955215,1.005838,473,32.515024,467.868256,-2.122007,1415,478.602177,0.987473,0.473,NA,4.8338116332
"T19583","H000008090","Prevenar","S18356",2017-10-02,62.50028,-4.402869,1.048133,450.108728,967.073106,4,30.389382,26.353913,61.268943,62.50028,0.981282,470,32.361938,448.753325,-2.430313,1424,441.683782,1.064909,0.47,NA,4.6998465336
"AF5854","H000008135","Prevenar","X37442",2018-11-25,57.010238,-0.531833,0.990663,460.607231,754.974904,4,31.391547,26.815343,57.363194,57.010238,1.08344,472,29.709624,476.753327,-2.213756,1418,499.040092,0.946421,0.472,NA,4.8704455845
"CL3161","H000008135","Prevenar","AK9283",2019-08-23,72.978312,-0.810262,1.149765,464.71745,963.990132,5,38.925437,33.151201,70.767134,72.978312,1.067073,516,40.511598,448.869514,0.7759,1299,495.88755,1.040749,0.516,NA,4.4226455843
"CM3132","H000008135","Prevenar","AP7814",2019-09-13,70.869571,0.739647,1.036734,498.155243,898.048372,5,37.177456,31.70106,73.585005,70.869571,1.037133,533,38.342362,513.961904,1.904553,1258,516.653237,1.031334,0.533,NA,4.4684388846
"DL7369","H000010932","Prevenar","CM4664",2020-02-27,130.58387,-1.444665,1.088189,506.33642,837.119031,5,32.817526,28.007876,119.341388,130.58387,0.952196,516,35.146739,474.50461,0.884547,1299,482.131654,1.070975,0.516,NA,NA
"GW4596","H000019489","Prevenar","GR5869",2023-04-11,61.458125,-2.330222,1.020598,463.222372,826.955665,4,31.188668,27.576049,61.019817,61.458125,1.005198,480,32.135592,470.084235,-1.383298,1395,465.630084,1.030361,0.48,NA,NA
"HH7685","H000031244","Prevenar","HA3754",2023-08-12,NA,NA,0.80512,579.367296,545.067862,3,NA,17.813285,199.665366,NA,0.787131,467,NA,579.997713,NA,1433,456.037715,1.023967,0.467,NA,NA
"M57892","H000008135","Prevenar","L96629",2015-10-05,62.200947,0.549904,1.032572,474.464061,903.442662,5,33.228665,27.990028,58.211348,62.200947,1.078021,508,32.99185,491.817613,0.313089,1319,511.482405,0.992873,0.508,NA,5.2544805714
"W11587","H000008135","Prevenar","T22140",2018-01-12,61.951288,-3.726691,1.010534,414.517409,1005.631464,5,33.605767,28.825529,63.211117,61.951288,1.085562,445,33.246891,440.53818,-4.085567,1503,449.984346,0.989321,0.445,NA,5.0338235203
"S93493","H000008090","Prevenar","R68512",2017-07-25,61.654005,-1.788078,1.086197,463.922175,848.133542,5,31.975521,27.527408,59.073466,61.654005,1.033215,504,33.592784,463.613306,-0.170816,1330,479.331475,1.050578,0.504,NA,4.7826867725
"S26394","H000008135","Prevenar","R75257",2017-04-02,53.505358,-2.503224,1.309374,385.674791,839.818129,4,32.452575,27.381755,0,53.505358,1.21357,498,34.517931,380.205013,-0.437868,1345,468.043257,1.063642,0.498,NA,4.5888760435
"AH5709","H000008135","Prevenar","X37494",2019-01-11,57.328138,0.66338,1.038062,469.995804,810.208108,4,32.276489,28.132509,59.050814,57.328138,1.089421,495,31.176818,476.443868,-0.436291,1353,512.023301,0.96593,0.495,NA,4.7101455355
"AW6843","H000008090","Prevenar","AR4776",2019-07-30,64.754958,0.803996,1.014915,502.773764,746.706736,4,33.414428,28.651177,69.278737,64.754958,1.041402,530,33.81202,522.033767,1.201589,1265,523.589551,1.011899,0.53,NA,4.7040971351
"DL7377","H000014198","Prevenar","CM4664",2020-04-08,130.58387,-1.444665,1.088189,506.33642,837.119031,5,32.817526,28.007876,119.341388,130.58387,0.952196,516,35.146739,474.50461,0.884547,1299,482.131654,1.070975,0.516,NA,4.9372426036
"GK7451","H000006081","Prevenar","GD9452",2022-10-28,246.409191,0.975702,1.00751,514.690396,756.746341,4,32.277322,27.633533,241.625218,246.409191,1.00536,505,31.519262,501.529982,0.217642,1327,517.44906,0.976514,0.505,NA,5.0720654558
"CM3340","H000010932","Prevenar","AR4777",2019-09-07,61.63529,-2.153344,1.057981,423.675414,928.4869,5,34.321696,29.622264,61.973937,61.63529,1.111429,468,34.091165,442.089297,-2.383875,1430,470.884964,0.993283,0.468,NA,NA
"CR3649","H000014198","Prevenar","CH7205",2019-11-21,52.500629,-0.701887,0.996402,400.576483,809.126062,4,32.707113,28.231341,57.75987,52.500629,1.233719,490,32.42771,491.746352,-0.98129,1367,494.198878,0.991457,0.49,NA,4.8628081719
"DA1891","H000006081","Prevenar","CM4663",2019-12-20,73.399407,0.529971,1.0853,486.607143,866.689604,5,34.936751,29.808889,68.92058,73.399407,1.059368,512,34.682419,471.522336,0.275639,1309,515.495817,0.99272,0.512,NA,5.0795134234
"FA7505","H000011374","Prevenar","DX8248",2021-04-19,120.573718,-1.10075,1.088201,468.455468,840.447177,5,33.68969,28.85899,127.487513,120.573718,1.050541,515,35.257346,473.287229,0.466907,1302,492.131533,1.046532,0.515,NA,4.8049378644
"R59672","H000011374","Prevenar","N16564",2016-10-07,122.392609,-9.341401,1.067779,343.607163,846.82729,5,34.017799,29.102507,111.089248,122.392609,1.149362,397,34.171689,371.533438,-9.18751,1682,394.928886,1.004524,0.397,NA,4.6834869095
"FP0918","H000011044","Prevenar","EL4563",2022-01-11,59.518587,-0.350637,1.068908,425.487754,885.631924,5,34.866744,29.21117,66.032881,59.518587,1.166149,498,35.020894,466.247317,-0.196486,1345,496.181937,1.004421,0.498,NA,4.5419168044
"EH4295","H000013782","Prevenar","DL7832",2020-09-27,62.433319,-2.450911,1.081975,472.355472,863.022402,5,31.117891,26.210608,66.695008,62.433319,0.9903,518,34.443584,478.538571,0.874782,1294,467.773752,1.106874,0.518,NA,4.6484190911
"ED8349","H000010932","Prevenar","DN7268",2020-12-04,63.589403,-2.047303,1.05339,430.691475,928.977168,5,34.759849,29.442442,65.426952,63.589403,1.102916,474,34.721137,450.43867,-2.086014,1412,475.016515,0.998886,0.474,NA,NA
"EX9683","H000014198","Prevenar","DX8249",2021-08-25,85.798605,-2.696913,1.042412,458.013773,856.038402,5,32.444295,28.075311,91.495793,85.798605,1.017977,480,33.433844,460.919423,-1.707364,1395,466.247599,1.0305,0.48,NA,5.0272757085
"FM6164","H000017723","Prevenar","FG0964",2022-01-18,59.762812,0.991521,1.110826,480.058574,769.177947,4,32.068721,27.928774,78.361087,59.762812,1.077357,529,32.806953,476.312452,1.729753,1268,517.194329,1.02302,0.529,NA,4.8232418331
"HN7338","H000010932","Prevenar","HM2123",2024-02-14,60.255475,1.402186,0.970289,543.320557,678.280357,4,29.172477,24.267545,64.256708,60.255475,0.97067,547,30.259902,563.794591,2.489612,1227,527.385223,1.037276,0.547,NA,4.8450224179
"H15036","H000004331","Prevenar","G73488",2013-06-26,NA,-2.691426,1.014863,434.944596,915.096816,4,31.819434,27.919514,NA,NA,1.064322,471,32.36804,464.005913,-2.14282,1421,462.921095,NA,0.471,85.108,4.8341704475
"M56327","H000007688","Prevenar","L79063",2015-10-22,84.312106,0.49202,1.094419,468.079155,859.495934,4,34.177712,28.720566,93.316395,84.312106,1.08814,518,34.763902,473.375696,1.07821,1294,509.335706,1.017151,0.518,NA,4.8694150039
"M97253","H000008135","Prevenar","M93127",2016-03-10,64.488989,0.615643,1.120522,479.117382,924.037458,5,34.760372,29.691815,57.065073,64.488989,1.071508,507,34.316714,452.311964,0.171984,1322,513.378057,0.987237,0.507,NA,4.7552961352
"J56530","H000002634","Prevenar","J32173",2014-09-27,61.119687,-3.923743,1.128221,426.423622,941.925895,5,30.478116,26.009605,61.144257,61.119687,1.029954,493,34.188142,436.668898,-0.213717,1359,439.196809,1.121728,0.493,NA,4.6258603312
"L30217","H000006081","Prevenar","L48683",2015-07-03,68.170928,-0.777667,1.259463,495.810245,899.417248,5,33.446565,28.274253,65.023969,68.170928,0.992466,543,36.905272,431.104293,2.68104,1235,492.074617,1.10341,0.543,NA,4.548157127
"N29001","H000006081","Prevenar","N09129",2016-07-02,62.970138,-0.615118,0.925758,437.553101,917.470149,5,35.56212,30.154184,68.058334,62.970138,1.138392,487,34.795398,526.452876,-1.381841,1375,498.107159,0.97844,0.487,NA,4.9046193867
"R32088","H000011374","Prevenar","N09131",2016-09-19,64.515315,1.821381,1.060239,464.945177,856.369996,5,36.06223,30.855047,68.264869,64.515315,1.131672,523,35.818633,492.918239,1.577784,1282,526.165353,0.993245,0.523,NA,4.5561842058
"W10598","H000013782","Prevenar","S85331",2017-12-22,59.65522,-2.288778,1.095357,426.902562,909.740414,5,32.234263,27.433345,62.961125,59.65522,1.09399,486,33.536732,443.597734,-0.986309,1378,467.027001,1.040406,0.486,NA,4.6572133075
"ED8329","H000017723","Prevenar","DH4040",2020-10-24,62.046377,-0.264834,1.176047,473.066854,810.985266,5,32.792245,27.942793,63.574337,62.046377,1.057097,497,32.558568,422.188891,-0.498511,1348,500.077416,0.992874,0.497,NA,4.8014163379
"FD1841","H000019489","Prevenar","EJ9239",2021-06-07,62.0976,-3.624443,0.997626,444.863474,914.820577,5,31.381547,27.044187,64.165044,62.0976,1.014273,480,33.40266,481.416447,-1.60333,1395,451.213202,1.064405,0.48,NA,NA
"FF8653","H000008135","Prevenar","EP5316",2021-08-29,79.297464,-0.191429,1.016272,464.122508,775.332768,4,32.200649,28.215438,83.052815,79.297464,1.084145,493,31.553428,485.168144,-0.83865,1359,503.176228,0.9799,0.493,NA,5.1265982507
"G89112","H000002634","Prevenar","G54758",2013-02-04,NA,0.54968,1.038948,461.028192,1035.655056,5,41.076761,35.560654,NA,NA,1.072639,491,40.746561,472.152303,0.219481,1364,494.516915,NA,0.491,83.67,4.3756240822
"GN0387","H000019489","Prevenar","GD9452",2022-10-25,246.409191,0.975702,1.00751,514.690396,756.746341,4,32.277322,27.633533,241.625218,246.409191,1.00536,505,31.519262,501.529982,0.217642,1327,517.44906,0.976514,0.505,NA,NA
"T30275","H000008135","Prevenar","S63625",2017-08-19,59.627023,0.649922,1.130948,447.441182,896.666123,5,34.481991,29.032917,62.292955,59.627023,1.147849,509,34.180547,450.15761,0.348478,1317,513.594696,0.991258,0.509,NA,4.8038531821
"FP0771","H000011374","Prevenar","EL4563",2021-12-03,59.518587,-0.350637,1.068908,425.487754,885.631924,5,34.866744,29.21117,66.032881,59.518587,1.166149,498,35.020894,466.247317,-0.196486,1345,496.181937,1.004421,0.498,NA,4.6775272821
"N90867","H000008135","Prevenar","L96628",2016-07-28,70.817026,0.669681,1.07481,484.361851,818.627301,5,36.946342,31.657746,70.653769,70.817026,1.051495,522,37.88229,485.858993,1.605629,1284,509.304225,1.025333,0.522,NA,4.4504920205
"LC5394","H000019489","Prevenar","HY4081",2024-05-30,213.278245,-1.189646,1.002018,531.200583,680.163785,4,25.583904,21.183928,205.614761,213.278245,0.911299,523,27.665837,522.42157,0.892287,1282,484.082783,1.081377,0.523,NA,NA
"L36866","H000008135","Prevenar","J78798",2015-01-23,62.050649,0.280077,1.014831,448.540032,917.296394,4,33.302747,28.8147,63.445299,62.050649,1.125576,490,32.293452,482.410549,-0.729219,1367,504.865914,0.969693,0.49,NA,4.7369909114
"H38752","H000004331","Prevenar","G35697",2014-02-14,NA,NA,1.038286,461.538462,1051.238529,5,37.713699,31.612563,NA,NA,1.062007,477,36.725,459.706727,NA,1404,490.156898,NA,0.477,84.934,4.6003205995
"HC6256","H000017723","Prevenar","GW0262",2023-05-11,60.925549,2.368034,1.035072,524.903642,762.685617,4,30.894945,26.214702,61.570714,60.925549,1.027865,542,31.05012,523.867151,2.523209,1238,539.530167,1.005023,0.542,NA,5.0262824765
"N58142","H000010932","Prevenar","N09127",2016-03-25,59.724374,-3.326345,1.153861,408.346745,984.446274,5,33.648783,27.672969,62.859807,59.724374,1.099893,496,37.133314,429.55653,0.158186,1351,449.137644,1.103556,0.496,NA,NA
"R59698","H000008090","Prevenar","N16564",2016-10-12,122.392609,-9.341401,1.067779,343.607163,846.82729,5,34.017799,29.102507,111.089248,122.392609,1.149362,397,34.171689,371.533438,-9.18751,1682,394.928886,1.004524,0.397,NA,4.6883135878
"W11604","H000010932","Prevenar","T22129",2018-02-13,59.26698,1.757466,1.027237,515.764274,773.7926,4,30.233697,26.00663,63.538733,59.26698,1.037384,550,31.059992,535.093998,2.583761,1220,535.045387,1.02733,0.55,NA,NA
"X56186","H000011374","Prevenar","W61761",2018-10-27,61.891913,-0.217594,1.083511,452.918278,876.986031,4,34.217426,29.954,55.442393,61.891913,1.105898,480,32.7592,442.575642,-1.675821,1395,500.881607,0.957384,0.48,NA,5.0369913407
"CW6535","H000011044","Prevenar","AR4778",2019-11-06,69.392388,-0.353135,0.961176,512.557948,884.901565,5,34.097454,29.218671,67.859425,69.392388,0.975286,494,33.726772,514.428324,-0.723816,1356,499.890742,0.989129,0.494,NA,4.7210025303
"H96893","H000004331","Prevenar","G35697",2014-01-02,NA,NA,1.038286,461.538462,1051.238529,5,37.713699,31.612563,NA,NA,1.062007,477,36.725,459.706727,NA,1404,490.156898,NA,0.477,84.934,4.436954002
"X23343","H000010932","Prevenar","T78047",2018-05-16,67.661282,-0.395945,1.040847,489.075952,876.160326,5,34.819375,29.205355,72.703777,67.661282,1.025394,515,35.783011,495.149582,0.56769,1302,501.495723,1.027675,0.515,NA,NA
"CG1801","H000008135","Prevenar","T96901",2019-05-08,64.116361,-3.678611,1.163209,421.984143,958.597269,5,34.716218,30.342351,60.671767,64.116361,1.082428,488,37.097541,419.613923,-1.297288,1372,456.767391,1.068594,0.488,NA,4.4883192673
"AJ9193","H000010932","Prevenar","X37442",2018-11-28,57.010238,-0.531833,0.990663,460.607231,754.974904,4,31.391547,26.815343,57.363194,57.010238,1.08344,472,29.709624,476.753327,-2.213756,1418,499.040092,0.946421,0.472,NA,NA
"DN3798","H000008135","Prevenar","CW7635",2020-03-19,135.824778,-0.878242,1.160173,501.607577,820.746604,5,32.69185,27.151505,127.995783,135.824778,0.986781,554,36.592519,477.546045,3.022427,1211,494.977025,1.119316,0.554,NA,3.9525811061
"DN3783","H000006081","Prevenar","AP7814",2020-06-07,70.869571,0.739647,1.036734,498.155243,898.048372,5,37.177456,31.70106,73.585005,70.869571,1.037133,533,38.342362,513.961904,1.904553,1258,516.653237,1.031334,0.533,NA,4.3989275108
"ED8342","H000010932","Prevenar","DL7834",2020-10-31,66.38567,-0.097954,1.00734,466.822298,940.481407,5,35.202347,29.801974,71.76098,66.38567,1.062976,491,34.832843,487.434622,-0.467457,1364,496.221011,0.989503,0.491,NA,NA
"FD1838","H000019489","Prevenar","EJ9239",2021-05-29,62.0976,-3.624443,0.997626,444.863474,914.820577,5,31.381547,27.044187,64.165044,62.0976,1.014273,480,33.40266,481.416447,-1.60333,1395,451.213202,1.064405,0.48,NA,NA
"HA9961","H000019489","Prevenar","GG0404",2023-03-31,61.729126,-3.325371,0.943335,474.070806,814.988072,4,29.367679,25.319588,61.60561,61.729126,0.952683,446,28.982268,472.485399,-3.710782,1500,451.638992,0.986876,0.446,NA,NA
"GR3658","H000028394","Prevenar","GG0404",2023-03-23,61.729126,-3.325371,0.943335,474.070806,814.988072,4,29.367679,25.319588,61.60561,61.729126,0.952683,446,28.982268,472.485399,-3.710782,1500,451.638992,0.986876,0.446,NA,NA
"HX9161","H000013782","Prevenar","HY4070",2024-05-06,53.687831,-1.423237,0.966623,484.716157,681.459091,4,26.341192,22.308636,53.391691,53.687831,0.990012,495,27.178205,512.219197,-0.586225,1353,479.874709,1.031776,0.495,NA,4.8711641406
"M97063","H000011373","Prevenar","M93128",2016-04-14,65.708208,-0.030354,1.139152,516.482287,801.231362,4,31.783987,24.589214,65.548642,65.708208,0.967547,520,33.075918,456.509158,1.261577,1289,499.721052,1.040647,0.52,NA,4.6882177189
"N34092","H000008135","Prevenar","N09129",2016-06-04,62.970138,-0.615118,0.925758,437.553101,917.470149,5,35.56212,30.154184,68.058334,62.970138,1.138392,487,34.795398,526.452876,-1.381841,1375,498.107159,0.97844,0.487,NA,4.9854659149
"AA2351","H000006081","Prevenar","T96899",2018-09-15,67.762994,-3.125664,1.052567,446.858998,973.945828,5,35.577797,31.046785,72.224264,67.762994,1.058312,488,36.675621,463.161898,-2.027839,1372,472.91624,1.030857,0.488,NA,4.7485418968
"CH8179","H000008135","Prevenar","T96901",2019-06-02,64.116361,-3.678611,1.163209,421.984143,958.597269,5,34.716218,30.342351,60.671767,64.116361,1.082428,488,37.097541,419.613923,-1.297288,1372,456.767391,1.068594,0.488,NA,4.4269130574
"CM3135","H000008135","Prevenar","AP7814",2019-09-21,70.869571,0.739647,1.036734,498.155243,898.048372,5,37.177456,31.70106,73.585005,70.869571,1.037133,533,38.342362,513.961904,1.904553,1258,516.653237,1.031334,0.533,NA,4.5372660348
"W07367","H000010932","Prevenar","S85331",2017-12-03,59.65522,-2.288778,1.095357,426.902562,909.740414,5,32.234263,27.433345,62.961125,59.65522,1.09399,486,33.536732,443.597734,-0.986309,1378,467.027001,1.040406,0.486,NA,NA
"M48086","H000007053","Prevenar","M35819",2015-12-18,62.42132,-2.464337,1.114474,432.856533,991.73931,5,33.612162,28.818199,70.078808,62.42132,1.086097,520,37.171986,466.510983,1.095486,1289,470.124072,1.105909,0.52,NA,4.66994881
"N28947","H000007053","Prevenar","M35819",2016-02-13,62.42132,-2.464337,1.114474,432.856533,991.73931,5,33.612162,28.818199,70.078808,62.42132,1.086097,520,37.171986,466.510983,1.095486,1289,470.124072,1.105909,0.52,NA,4.6322739642
"NF9403","H000010932","Prevenar","ML2268",2025-11-06,56.530131,1.144439,1.063308,481.748727,690.702006,4,30.663979,25.681795,51.705699,56.530131,1.084031,514,30.182746,483.430059,0.663205,1304,522.230669,0.984306,0.514,NA,4.8458923402
"R59719","H000008135","Prevenar","N16564",2016-11-03,122.392609,-9.341401,1.067779,343.607163,846.82729,5,34.017799,29.102507,111.089248,122.392609,1.149362,397,34.171689,371.533438,-9.18751,1682,394.928886,1.004524,0.397,NA,4.5460552684
"R59728","H000008135","Prevenar","N16563",2016-11-29,59.071021,-1.851196,1.086212,393.842269,1049.867896,5,37.061974,32.480262,66.68623,59.071021,1.222542,494,38.054166,455.139895,-0.859004,1356,481.488604,1.026771,0.494,NA,4.4495450579
"T30270","H000008135","Prevenar","S18356",2017-08-05,62.50028,-4.402869,1.048133,450.108728,967.073106,4,30.389382,26.353913,61.268943,62.50028,0.981282,470,32.361938,448.753325,-2.430313,1424,441.683782,1.064909,0.47,NA,4.935014834
"RE8409","H000035016","Prevenar","MN0484",2026-05-25,64.900711,1.623151,1.108688,513.238392,735.037973,4,33.069201,27.879481,65.280069,64.900711,1.032163,564,35.168792,508.366385,3.722742,1190,529.971307,1.063491,0.564,NA,NA
"EL8879","H000010932","Prevenar","DN7269",2021-01-26,60.791805,-0.34525,0.997569,462.060759,850.138172,4,33.28788,28.450827,65.218215,60.791805,1.085976,501,33.227711,502.100511,-0.405418,1337,501.7868,0.998192,0.501,NA,NA
"EX9679","H000014198","Prevenar","DX8249",2021-04-15,85.798605,-2.696913,1.042412,458.013773,856.038402,5,32.444295,28.075311,91.495793,85.798605,1.017977,480,33.433844,460.919423,-1.707364,1395,466.247599,1.0305,0.48,NA,5.005116879
"MW1301","H000010932","Prevenar","ML2268",2025-10-02,56.530131,1.144439,1.063308,481.748727,690.702006,4,30.663979,25.681795,51.705699,56.530131,1.084031,514,30.182746,483.430059,0.663205,1304,522.230669,0.984306,0.514,NA,4.7859775808
"W06431","H000011374","Prevenar","S85331",2017-11-19,59.65522,-2.288778,1.095357,426.902562,909.740414,5,32.234263,27.433345,62.961125,59.65522,1.09399,486,33.536732,443.597734,-0.986309,1378,467.027001,1.040406,0.486,NA,4.4378640775
"GR2553","H000019489","Prevenar","GD9452",2022-12-22,246.409191,0.975702,1.00751,514.690396,756.746341,4,32.277322,27.633533,241.625218,246.409191,1.00536,505,31.519262,501.529982,0.217642,1327,517.44906,0.976514,0.505,NA,NA
"J13981","H000004331","Prevenar","H89698",2014-04-12,66.039661,1.735264,1.067776,525.256911,793.565031,4,31.409624,26.924815,64.467877,66.039661,1.039049,557,32.074181,521.940108,2.399821,1205,545.767758,1.021158,0.557,NA,4.8506875038
"AM5978","H000006081","Prevenar","X37494",2019-02-17,57.328138,0.66338,1.038062,469.995804,810.208108,4,32.276489,28.132509,59.050814,57.328138,1.089421,495,31.176818,476.443868,-0.436291,1353,512.023301,0.96593,0.495,NA,4.9489054129
"CY8507","H000019252","Prevenar","AD4535",2019-10-13,69.896747,1.541128,1.042156,520.208112,789.545931,4,35.859248,30.624444,61.939544,69.896747,1.019282,510,34.481654,489.243978,0.163535,1314,530.23874,0.961583,0.51,NA,4.8298701203
"CL6644","H000006081","Prevenar","AK9284",2019-07-05,65.432855,0.77643,1.075865,482.025832,848.508003,5,34.505048,29.242728,71.489737,65.432855,1.068875,524,35.083322,486.919968,1.354704,1280,515.225296,1.016759,0.524,NA,4.8885215754
"DW4266","H000010932","Prevenar","DE6985",2020-06-09,62.561618,-0.441247,1.17417,432.256663,914.631042,5,36.007224,30.714046,65.277806,62.561618,1.147799,530,38.449289,451.206511,2.000818,1265,496.143765,1.067822,0.53,NA,NA
"FY2985","H000011373","Prevenar","FH7124",2022-04-30,62.358111,-0.765103,0.902219,484.659849,795.224866,4,31.632018,26.1695,67.18166,62.358111,1.017614,470,30.161827,521.241861,-2.235295,1424,493.196835,0.953522,0.47,NA,5.1844851319
"H38692","H000004331","Prevenar","G35697",2014-02-13,NA,NA,1.038286,461.538462,1051.238529,5,37.713699,31.612563,NA,NA,1.062007,477,36.725,459.706727,NA,1404,490.156898,NA,0.477,84.934,4.4918405128
"G66307","H000002634","Prevenar","G58046",2013-04-28,NA,-5.674894,1.073927,425.995463,968.931716,4,28.260756,24.652221,NA,NA,0.970245,453,30.977488,421.865716,-2.958162,1477,413.320088,NA,0.453,86.947,5.0645913045
"J13978","H000004331","Prevenar","H82826",2014-04-05,67.855238,4.843428,1.024424,505.786481,770.155864,5,36.565419,30.424518,71.581789,67.855238,1.143143,539,34.070424,525.890174,2.348433,1244,578.186333,NA,0.539,NA,4.6956904448
"AP9220","H000008135","Prevenar","AA1759",2019-03-16,216.986458,2.453768,1.010337,505.242527,733.670159,4,31.274738,26.397711,224.46364,216.986458,1.088347,532,30.273988,526.837703,1.453017,1261,549.879252,0.968001,0.532,NA,4.7430980069
"CW6582","H000013782","Prevenar","CH7205",2019-11-24,52.500629,-0.701887,0.996402,400.576483,809.126062,4,32.707113,28.231341,57.75987,52.500629,1.233719,490,32.42771,491.746352,-0.98129,1367,494.198878,0.991457,0.49,NA,4.9120950196
"DA1909","H000013782","Prevenar","CH7206",2019-12-30,89.955215,-1.709532,1.010128,475.824176,864.226291,4,32.927499,27.749028,89.497701,89.955215,1.005838,473,32.515024,467.868256,-2.122007,1415,478.602177,0.987473,0.473,NA,4.8474827741
"EC6015","H000013782","Prevenar","DL7832",2020-09-21,62.433319,-2.450911,1.081975,472.355472,863.022402,5,31.117891,26.210608,66.695008,62.433319,0.9903,518,34.443584,478.538571,0.874782,1294,467.773752,1.106874,0.518,NA,4.6292171487
"ED8340","H000010932","Prevenar","DL7834",2020-10-21,66.38567,-0.097954,1.00734,466.822298,940.481407,5,35.202347,29.801974,71.76098,66.38567,1.062976,491,34.832843,487.434622,-0.467457,1364,496.221011,0.989503,0.491,NA,NA
"W72424","H000006081","Prevenar","T32901",2018-04-23,68.397992,3.799108,0.976168,575.436162,791.21481,4,33.548439,28.375807,69.384401,68.397992,0.987436,566,33.439946,580.195849,3.690615,1186,568.206355,0.996766,0.566,NA,4.8083847092
"X06677","H000008135","Prevenar","T96858",2018-06-15,61.770939,1.361147,1.06785,500.921452,780.332439,4,32.663766,28.47467,65.467292,61.770939,1.060571,541,33.273927,506.800203,1.971307,1240,531.262816,1.01868,0.541,NA,4.9325240891
"X28324","H000008135","Prevenar","T96858",2018-07-28,61.770939,1.361147,1.06785,500.921452,780.332439,4,32.663766,28.47467,65.467292,61.770939,1.060571,541,33.273927,506.800203,1.971307,1240,531.262816,1.01868,0.541,NA,4.8028187134
"X06678","H000008135","Prevenar","T96858",2018-06-21,61.770939,1.361147,1.06785,500.921452,780.332439,4,32.663766,28.47467,65.467292,61.770939,1.060571,541,33.273927,506.800203,1.971307,1240,531.262816,1.01868,0.541,NA,5.0874076171
"AW6828","H000017723","Prevenar","AD4535",2019-04-23,69.896747,1.541128,1.042156,520.208112,789.545931,4,35.859248,30.624444,61.939544,69.896747,1.019282,510,34.481654,489.243978,0.163535,1314,530.23874,0.961583,0.51,NA,4.6651035597
"HF3322","H000011374","Prevenar","HE8772",2023-08-15,62.356345,0.815105,1.015579,523.781236,709.883595,4,31.309866,26.826559,61.381482,62.356345,0.979885,530,32.344615,522.074355,1.849854,1265,513.245611,1.033049,0.53,NA,4.6815593589
"L76753","H000008135","Prevenar","J78799",2015-04-06,59.995624,-1.197055,1.012991,465.163518,936.922513,4,30.316365,26.267152,62.205123,59.995624,1.041429,480,30.016263,473.488073,-1.497157,1395,484.434765,0.990101,0.48,NA,5.0160510722
"FY2982","H000006081","Prevenar","FG0964",2022-04-18,59.762812,0.991521,1.110826,480.058574,769.177947,4,32.068721,27.928774,78.361087,59.762812,1.077357,529,32.806953,476.312452,1.729753,1268,517.194329,1.02302,0.529,NA,5.095172427
"M56321","H000008135","Prevenar","M15185",2015-11-01,61.525566,1.472761,1.137656,453.769721,986.064046,5,38.010931,32.611644,65.133552,61.525566,1.1575,533,38.58688,468.680324,2.04871,1258,525.2386,1.015152,0.533,NA,4.4584590874
"N34094","H000008135","Prevenar","N09129",2016-06-07,62.970138,-0.615118,0.925758,437.553101,917.470149,5,35.56212,30.154184,68.058334,62.970138,1.138392,487,34.795398,526.452876,-1.381841,1375,498.107159,0.97844,0.487,NA,4.811171496
"EP6207","H000008135","Prevenar","EC6025",2021-04-13,64.413278,0.608203,1.094115,503.47952,818.941572,5,32.981803,27.834479,59.227053,64.413278,1.015776,521,33.577257,475.868831,1.203657,1287,511.422199,1.018054,0.521,NA,4.9183340921
"H38736","H000004331","Prevenar","G36298",2014-03-14,NA,0.41291,1.007773,489.446151,1045.498098,5,35.853801,30.875797,NA,NA,1.058225,493,34.127326,489.200717,-1.313565,1359,517.943926,NA,0.493,86.806,4.7865716861
"H19431","H000002634","Prevenar","G36303",2014-03-16,NA,-3.077487,0.977689,495.9861,862.002025,4,33.630112,28.088082,NA,NA,0.938712,477,34.489178,488.377695,-2.218422,1404,465.588091,NA,0.477,63.075,4.4374657301
"GR3698","H000019489","Prevenar","GG0404",2023-03-15,61.729126,-3.325371,0.943335,474.070806,814.988072,4,29.367679,25.319588,61.60561,61.729126,0.952683,446,28.982268,472.485399,-3.710782,1500,451.638992,0.986876,0.446,NA,NA
"GW4597","H000019489","Prevenar","GR5869",2023-04-13,61.458125,-2.330222,1.020598,463.222372,826.955665,4,31.188668,27.576049,61.019817,61.458125,1.005198,480,32.135592,470.084235,-1.383298,1395,465.630084,1.030361,0.48,NA,NA
"J13973","H000004331","Prevenar","H82826",2014-03-28,67.855238,4.843428,1.024424,505.786481,770.155864,5,36.565419,30.424518,71.581789,67.855238,1.143143,539,34.070424,525.890174,2.348433,1244,578.186333,NA,0.539,NA,4.6821086645
"HJ3850","H000019489","Prevenar","HK6951",2023-11-19,276.940044,1.195201,1.071858,493.612079,842.469761,5,34.3987,29.362245,264.980818,276.940044,1.050977,512,33.953157,477.726947,0.749658,1309,518.774821,0.987048,0.512,NA,NA
"W09461","H000011373","Prevenar","T22140",2018-01-06,61.951288,-3.726691,1.010534,414.517409,1005.631464,5,33.605767,28.825529,63.211117,61.951288,1.085562,445,33.246891,440.53818,-4.085567,1503,449.984346,0.989321,0.445,NA,5.1139099098
"FA1609","H000010932","Prevenar","DX8249",2021-05-08,85.798605,-2.696913,1.042412,458.013773,856.038402,5,32.444295,28.075311,91.495793,85.798605,1.017977,480,33.433844,460.919423,-1.707364,1395,466.247599,1.0305,0.48,NA,NA
"G09768","H000002634","Prevenar","E76420",2012-06-26,NA,-0.138139,1.096345,446.051162,886.349444,NA,40.57825,NA,NA,NA,1.131984,496,39.857331,452.368806,-0.859058,NA,504.922973,NA,NA,66.26,4.5190240926
"X37606","H000008135","Prevenar","T96899",2018-08-18,67.762994,-3.125664,1.052567,446.858998,973.945828,5,35.577797,31.046785,72.224264,67.762994,1.058312,488,36.675621,463.161898,-2.027839,1372,472.91624,1.030857,0.488,NA,4.5762916778
"R32085","H000011373","Prevenar","M17975",2016-09-09,64.606459,-0.618228,1.034278,478.076492,856.398056,5,32.957493,27.947262,66.202731,64.606459,1.027154,513,34.461721,496.452999,0.885999,1307,491.058,1.045641,0.513,NA,4.6643308424
"M96867A","H000006081","Prevenar","M35819",2015-12-21,62.42132,-2.464337,1.114474,432.856533,991.73931,5,33.612162,28.818199,70.078808,62.42132,1.086097,520,37.171986,466.510983,1.095486,1289,470.124072,1.105909,0.52,NA,NA
"DX2320","H000014198","Prevenar","CW7635",2020-05-08,135.824778,-0.878242,1.160173,501.607577,820.746604,5,32.69185,27.151505,127.995783,135.824778,0.986781,554,36.592519,477.546045,3.022427,1211,494.977025,1.119316,0.554,NA,4.0121881392
"FT6721","H000019252","Prevenar","FH7124",2022-04-26,62.358111,-0.765103,0.902219,484.659849,795.224866,4,31.632018,26.1695,67.18166,62.358111,1.017614,470,30.161827,521.241861,-2.235295,1424,493.196835,0.953522,0.47,NA,NA
"G08512","H000002634","Prevenar","E76420",2012-06-21,NA,-0.138139,1.096345,446.051162,886.349444,NA,40.57825,NA,NA,NA,1.131984,496,39.857331,452.368806,-0.859058,NA,504.922973,NA,NA,66.26,4.6246451095
"H99614","H000004331","Prevenar","G35697",2013-12-13,NA,NA,1.038286,461.538462,1051.238529,5,37.713699,31.612563,NA,NA,1.062007,477,36.725,459.706727,NA,1404,490.156898,NA,0.477,84.934,4.5507528752
"GR3513","H000014198","Prevenar","GG0404",2023-02-04,61.729126,-3.325371,0.943335,474.070806,814.988072,4,29.367679,25.319588,61.60561,61.729126,0.952683,446,28.982268,472.485399,-3.710782,1500,451.638992,0.986876,0.446,NA,5.0595514779
"HG4912","H000011044","Prevenar","HE8770",2023-10-06,58.496016,-1.763949,0.970782,476.990886,745.779007,4,28.622651,24.639499,57.809099,58.496016,0.98899,482,29.239511,496.409917,-1.14709,1389,471.739039,1.021551,0.482,NA,4.9753037541
"LC5396","H000019489","Prevenar","HY2169",2024-06-13,206.843191,0.12567,0.940702,529.008544,603.873691,4,26.863681,21.84238,209.712,206.843191,0.953318,508,27.076558,540.351787,0.338548,1319,504.313472,1.007924,0.508,NA,NA
"LJ1163","H000031244","Prevenar","HY2170",2024-06-24,56.977769,-0.937878,1.064125,464.338005,747.545124,4,29.588361,25.480903,58.735009,56.977769,1.047077,505,30.73896,474.666516,0.21272,1327,486.19758,1.038887,0.505,NA,NA
"M02682","H000007688","Prevenar","L79062",2015-08-02,64.323603,0.619893,1.017309,442.083518,873.926202,5,36.784444,29.371633,61.709021,64.323603,1.153204,510,36.779798,501.075027,0.615247,1314,509.812511,0.999874,0.51,NA,4.6667513487
"LJ1141","H000019489","Prevenar","LD1814",2024-09-01,58.034185,-0.704686,1.057424,458.874459,781.2539,4,31.704253,27.33337,67.924859,58.034185,1.069809,479,30.961471,453.372237,-1.447469,1398,490.908087,0.976572,0.479,NA,NA
"N01869","H000011044","Prevenar","M93128",2016-05-15,65.708208,-0.030354,1.139152,516.482287,801.231362,4,31.783987,24.589214,65.548642,65.708208,0.967547,520,33.075918,456.509158,1.261577,1289,499.721052,1.040647,0.52,NA,4.7935953612
"NM6518","H000033648","Prevenar","MN0484",2025-12-30,64.900711,1.623151,1.108688,513.238392,735.037973,4,33.069201,27.879481,65.280069,64.900711,1.032163,564,35.168792,508.366385,3.722742,1190,529.971307,1.063491,0.564,NA,NA
"NM6534","H000035016","Prevenar","MN0484",2026-01-27,64.900711,1.623151,1.108688,513.238392,735.037973,4,33.069201,27.879481,65.280069,64.900711,1.032163,564,35.168792,508.366385,3.722742,1190,529.971307,1.063491,0.564,NA,NA
"T37726","H000011374","Prevenar","S18706",2017-08-26,55.050263,-2.338481,0.995421,495.306615,786.918674,4,26.167819,22.480342,51.734288,55.050263,0.935743,509,28.740769,511.392686,0.234469,1317,463.479514,1.098325,0.509,NA,4.7410361842
"F95808","H000004331","Prevenar","E95727",2012-07-07,NA,-0.267746,1.021866,464.485053,753.702859,NA,34.689343,NA,NA,NA,1.086076,497,34.160692,486.148279,-0.796397,NA,504.46612,NA,NA,67.404,4.6765457559
"H37006","H000002634","Prevenar","G73488",2013-09-16,NA,-2.691426,1.014863,434.944596,915.096816,4,31.819434,27.919514,NA,NA,1.064322,471,32.36804,464.005913,-2.14282,1421,462.921095,NA,0.471,85.108,4.7398127024
"GG4391","H000011374","Prevenar","GA0023",2022-09-23,243.627774,0.913022,1.03637,472.927248,754.147955,4,31.671332,27.160291,260.998383,243.627774,1.089717,526,32.308989,507.282946,1.550679,1275,515.356891,1.020134,0.526,NA,4.692803082
"M02671","H000008135","Prevenar","L48683",2015-07-05,68.170928,-0.777667,1.259463,495.810245,899.417248,5,33.446565,28.274253,65.023969,68.170928,0.992466,543,36.905272,431.104293,2.68104,1235,492.074617,1.10341,0.543,NA,4.3925499376
"M02678","H000006081","Prevenar","L48683",2015-07-13,68.170928,-0.777667,1.259463,495.810245,899.417248,5,33.446565,28.274253,65.023969,68.170928,0.992466,543,36.905272,431.104293,2.68104,1235,492.074617,1.10341,0.543,NA,4.3229220625
"GW4131","H000006081","Prevenar","GR5869",2023-05-01,61.458125,-2.330222,1.020598,463.222372,826.955665,4,31.188668,27.576049,61.019817,61.458125,1.005198,480,32.135592,470.084235,-1.383298,1395,465.630084,1.030361,0.48,NA,4.9179277823
"NM6369","H000010932","Prevenar","ML2268",2025-12-05,56.530131,1.144439,1.063308,481.748727,690.702006,4,30.663979,25.681795,51.705699,56.530131,1.084031,514,30.182746,483.430059,0.663205,1304,522.230669,0.984306,0.514,NA,4.8019300059
"AT6722","H000006081","Prevenar","T96901",2019-04-05,64.116361,-3.678611,1.163209,421.984143,958.597269,5,34.716218,30.342351,60.671767,64.116361,1.082428,488,37.097541,419.613923,-1.297288,1372,456.767391,1.068594,0.488,NA,4.608702193
"FG4138","H000019489","Prevenar","EJ9239",2021-09-24,62.0976,-3.624443,0.997626,444.863474,914.820577,5,31.381547,27.044187,64.165044,62.0976,1.014273,480,33.40266,481.416447,-1.60333,1395,451.213202,1.064405,0.48,NA,NA
"FT0532","H000017723","Prevenar","FG0964",2022-04-09,59.762812,0.991521,1.110826,480.058574,769.177947,4,32.068721,27.928774,78.361087,59.762812,1.077357,529,32.806953,476.312452,1.729753,1268,517.194329,1.02302,0.529,NA,4.7811332764
"GW4134","H000006081","Prevenar","GD9453",2023-03-29,62.586821,-0.487972,0.997843,495.753506,807.94944,4,30.940277,26.813356,65.795647,62.586821,0.998312,494,30.906666,495.447535,-0.521583,1356,494.916485,0.998914,0.494,NA,4.8919360731
"DN3806","H000011373","Prevenar","CW7635",2020-04-19,135.824778,-0.878242,1.160173,501.607577,820.746604,5,32.69185,27.151505,127.995783,135.824778,0.986781,554,36.592519,477.546045,3.022427,1211,494.977025,1.119316,0.554,NA,4.2918355213
"ED5935","H000013782","Prevenar","DH4048",2020-07-29,64.877839,-2.352557,1.0877,453.61997,899.173283,5,34.040582,28.99839,63.667993,64.877839,1.036346,494,35.802951,454.579263,-0.590188,1356,470.107047,1.051773,0.494,NA,4.712887401
"L22425","H000004331","Prevenar","J40102",2014-12-10,68.616295,-7.646211,1.058072,380.014544,927.675451,5,36.18753,30.528674,75.638394,68.616295,1.098533,426,36.936993,402.717355,-6.896748,1569,417.45837,1.020711,0.426,NA,4.6199317649
"M15327","H000008135","Prevenar","L79064",2015-07-25,65.310356,-0.840442,1.067175,469.288,894.864967,5,34.199609,29.174496,68.156104,65.310356,1.046792,514,35.814438,482.059728,0.774388,1304,491.246722,1.047218,0.514,NA,4.70338205
"LJ1136","H000019489","Prevenar","LD1812",2024-07-31,72.518036,1.491541,1.060545,527.996773,844.662412,5,35.58782,30.03958,68.056814,72.518036,0.993249,513,34.815956,483.767931,0.719677,1307,524.432246,0.978311,0.513,NA,NA
"H96894","H000004331","Prevenar","G35697",2014-01-04,NA,NA,1.038286,461.538462,1051.238529,5,37.713699,31.612563,NA,NA,1.062007,477,36.725,459.706727,NA,1404,490.156898,NA,0.477,84.934,4.4607314611
"MY7332","H000011802","Prevenar","ML2271",2025-08-23,64.198812,-3.463233,1.013853,422.508109,919.010706,4,34.335649,29.559746,67.842187,64.198812,1.078154,453,34.172325,447.167445,-3.626556,1477,455.528862,0.995243,0.453,NA,4.8750368299
"S93503","H000011374","Prevenar","R68512",2017-07-27,61.654005,-1.788078,1.086197,463.922175,848.133542,5,31.975521,27.527408,59.073466,61.654005,1.033215,504,33.592784,463.613306,-0.170816,1330,479.331475,1.050578,0.504,NA,4.7082570779
"AM5983","H000006081","Prevenar","X72418",2019-02-25,62.160063,2.296573,1.035994,528.730691,733.490228,4,32.058202,27.170479,61.285954,62.160063,1.024164,536,31.723946,517.243466,1.962317,1251,541.507144,0.989573,0.536,NA,4.7696864523
"CM3196","H000013782","Prevenar","AR4774",2019-09-25,62.472654,-0.146839,1.123807,436.796506,941.136007,5,36.14048,31.260923,65.010539,62.472654,1.157219,496,35.484483,441.618527,-0.802836,1351,505.469053,0.981849,0.496,NA,4.7803149878
"HN5225","H000011044","Prevenar","HL5146",2023-11-30,67.036426,-2.041426,0.958603,486.654395,759.752913,4,33.355283,28.377419,69.109552,67.036426,0.971399,480,33.894845,501.127663,-1.501864,1395,472.735608,1.016176,0.48,NA,4.6801370827
"L22459","H000002634","Prevenar","J40102",2014-12-14,68.616295,-7.646211,1.058072,380.014544,927.675451,5,36.18753,30.528674,75.638394,68.616295,1.098533,426,36.936993,402.717355,-6.896748,1569,417.45837,1.020711,0.426,NA,4.5057572334
"N33860","H000008135","Prevenar","N09129",2016-05-23,62.970138,-0.615118,0.925758,437.553101,917.470149,5,35.56212,30.154184,68.058334,62.970138,1.138392,487,34.795398,526.452876,-1.381841,1375,498.107159,0.97844,0.487,NA,4.7097326059
"NX0588","H000008090","Prevenar","LY9903",2026-06-10,246.682768,0.765958,0.974064,485.60734,758.696665,4,32.487768,27.720448,287.113449,246.682768,1.053589,504,32.006787,517.47694,0.284977,1330,511.630336,0.985195,0.504,NA,5.2086807142
"M56318","H000008135","Prevenar","M15185",2015-10-24,61.525566,1.472761,1.137656,453.769721,986.064046,5,38.010931,32.611644,65.133552,61.525566,1.1575,533,38.58688,468.680324,2.04871,1258,525.2386,1.015152,0.533,NA,4.547939791
"N90910","H000008090","Prevenar","M17975",2016-09-05,64.606459,-0.618228,1.034278,478.076492,856.398056,5,32.957493,27.947262,66.202731,64.606459,1.027154,513,34.461721,496.452999,0.885999,1307,491.058,1.045641,0.513,NA,4.7967823533
"DC8077","H000010932","Prevenar","CM4664",2020-01-14,130.58387,-1.444665,1.088189,506.33642,837.119031,5,32.817526,28.007876,119.341388,130.58387,0.952196,516,35.146739,474.50461,0.884547,1299,482.131654,1.070975,0.516,NA,NA
"HY4184","H000019489","Prevenar","HM2123",2024-03-17,60.255475,1.402186,0.970289,543.320557,678.280357,4,29.172477,24.267545,64.256708,60.255475,0.97067,547,30.259902,563.794591,2.489612,1227,527.385223,1.037276,0.547,NA,NA
"AH5707","H000008135","Prevenar","X37469",2018-12-29,59.157173,-0.3876,1.1634,442.085899,806.79986,5,32.783989,27.505856,57.424309,59.157173,1.118777,520,34.48005,447.12311,1.308461,1289,494.595365,1.051734,0.52,NA,4.7060499526
"AM6083","H000017723","Prevenar","X72418",2019-02-27,62.160063,2.296573,1.035994,528.730691,733.490228,4,32.058202,27.170479,61.285954,62.160063,1.024164,536,31.723946,517.243466,1.962317,1251,541.507144,0.989573,0.536,NA,5.0095885318
"X23344","H000010932","Prevenar","W42920",2018-07-20,60.798414,-1.628491,1.000351,488.233606,793.280489,4,30.316518,26.09918,60.166109,60.798414,0.985377,514,32.396594,513.922643,0.451584,1304,481.094408,1.068612,0.514,NA,NA
"H06750","H000004331","Prevenar","G73488",2013-06-02,NA,-2.691426,1.014863,434.944596,915.096816,4,31.819434,27.919514,NA,NA,1.064322,471,32.36804,464.005913,-2.14282,1421,462.921095,NA,0.471,85.108,4.7537249819
"HH7687","H000031244","Prevenar","HH5375",2023-11-06,57.915968,-1.811938,1.005877,489.242685,749.253378,4,27.959632,24.102708,59.833184,57.915968,0.960419,496,29.488765,492.680327,-0.282805,1351,469.877926,1.054691,0.496,NA,NA
"MG3440","H000010932","Prevenar","LY2880",2025-06-22,58.950526,-1.649801,1.01476,465.612163,819.16138,4,29.90243,25.632997,57.503273,58.950526,1.0194,473,29.809957,466.29459,-1.742274,1415,474.64504,0.996908,0.473,NA,5.101503958
"EA9688","H000010932","Prevenar","DL7832",2020-08-10,62.433319,-2.450911,1.081975,472.355472,863.022402,5,31.117891,26.210608,66.695008,62.433319,0.9903,518,34.443584,478.538571,0.874782,1294,467.773752,1.106874,0.518,NA,NA
"FJ2041","H000011373","Prevenar","EC6021",2021-10-13,68.555094,1.291737,1.115539,488.271566,870.072497,5,36.554558,29.460244,63.749308,68.555094,1.079115,528,36.615842,473.120777,1.353021,1270,526.901348,1.001676,0.528,NA,4.6162945554
"CL3156","H000019488","Prevenar","AH4664",2019-07-14,65.505339,-1.320358,1.049792,453.216758,925.248195,5,34.577294,29.485938,63.898741,65.505339,1.066689,495,35.386967,471.294977,-0.510685,1353,483.441478,1.023416,0.495,NA,NA
"EL8920","H000010932","Prevenar","DT9980",2021-03-20,240.747254,-2.81549,1.064556,465.193913,885.076564,5,31.00393,26.379715,241.689341,240.747254,0.996169,506,33.822245,474.880584,0.002825,1324,463.411868,1.090902,0.506,NA,NA
"GG9472","H000019489","Prevenar","FX7992",2022-08-08,354.144295,0.460795,0.949937,503.617611,675.014945,3,27.170284,20.603195,381.257686,354.144295,1.015517,508,26.98211,534.656834,0.27262,1319,511.432197,0.993074,0.508,NA,NA
"HT5055","H000010932","Prevenar","HM2132",2024-04-08,63.334368,-2.770587,1.000358,482.775183,813.454279,4,30.385651,26.008807,63.097857,63.334368,0.949827,478,31.689438,478.057272,-1.4668,1401,458.553058,1.042908,0.478,NA,4.8563278783
"HX9138","H000011044","Prevenar","HK6419",2024-04-18,57.631776,0.504087,1.091291,458.443669,823.633743,4,32.552167,27.397331,59.238795,57.631776,1.117067,524,33.339182,480.617642,1.291102,1280,512.112482,1.024177,0.524,NA,4.9765756642
"NM6532","H000035016","Prevenar","MN0482",2025-12-21,61.902351,1.033499,1.01696,521.274778,713.314067,4,31.027948,26.458791,60.779793,61.902351,0.993116,544,32.588861,534.661717,2.594411,1233,517.686385,1.050307,0.544,NA,NA
"R59734","H000011373","Prevenar","N16563",2016-11-18,59.071021,-1.851196,1.086212,393.842269,1049.867896,5,37.061974,32.480262,66.68623,59.071021,1.222542,494,38.054166,455.139895,-0.859004,1356,481.488604,1.026771,0.494,NA,4.5458801574
"X28346","H000006081","Prevenar","T96899",2018-08-02,67.762994,-3.125664,1.052567,446.858998,973.945828,5,35.577797,31.046785,72.224264,67.762994,1.058312,488,36.675621,463.161898,-2.027839,1372,472.91624,1.030857,0.488,NA,4.6047053621
"CL6645","H000006081","Prevenar","AR4776",2019-07-24,64.754958,0.803996,1.014915,502.773764,746.706736,4,33.414428,28.651177,69.278737,64.754958,1.041402,530,33.81202,522.033767,1.201589,1265,523.589551,1.011899,0.53,NA,4.7830122126
"HA2748","H000019489","Prevenar","HA3751",2023-06-11,NA,NA,1.04448,431.854414,494.70778,3,NA,15.904008,39.515324,NA,0.95826,461,NA,441.262483,NA,1452,413.828728,1.113722,0.461,NA,NA
"DW4273","H000013782","Prevenar","DE6985",2020-06-12,62.561618,-0.441247,1.17417,432.256663,914.631042,5,36.007224,30.714046,65.277806,62.561618,1.147799,530,38.449289,451.206511,2.000818,1265,496.143765,1.067822,0.53,NA,4.5248678035
"M57894","H000008135","Prevenar","M15185",2015-10-10,61.525566,1.472761,1.137656,453.769721,986.064046,5,38.010931,32.611644,65.133552,61.525566,1.1575,533,38.58688,468.680324,2.04871,1258,525.2386,1.015152,0.533,NA,4.5995331151
"S09143","H000008135","Prevenar","N16563",2016-11-26,59.071021,-1.851196,1.086212,393.842269,1049.867896,5,37.061974,32.480262,66.68623,59.071021,1.222542,494,38.054166,455.139895,-0.859004,1356,481.488604,1.026771,0.494,NA,4.555678715
"DX7822","H000013782","Prevenar","DH4048",2020-07-18,64.877839,-2.352557,1.0877,453.61997,899.173283,5,34.040582,28.99839,63.667993,64.877839,1.036346,494,35.802951,454.579263,-0.590188,1356,470.107047,1.051773,0.494,NA,4.6189093486
"GX2797","H000010932","Prevenar","HA3754",2023-08-24,NA,NA,0.80512,579.367296,545.067862,3,NA,17.813285,199.665366,NA,0.787131,467,NA,579.997713,NA,1433,456.037715,1.023967,0.467,NA,NA
"LL4198","H000019489","Prevenar","HM2132",2024-11-08,63.334368,-2.770587,1.000358,482.775183,813.454279,4,30.385651,26.008807,63.097857,63.334368,0.949827,478,31.689438,478.057272,-1.4668,1401,458.553058,1.042908,0.478,NA,NA
"HY4183","H000019489","Prevenar","HT1791",2024-03-19,64.111742,-3.068494,0.958178,491.964708,817.939327,4,30.055816,25.689011,62.400271,64.111742,0.930635,497,32.658667,519.202767,-0.465643,1348,457.83937,1.086601,0.497,NA,NA
"LE0994","H000013782","Prevenar","LE1126",2024-07-17,63.375079,0.199086,0.998396,507.577312,776.753386,4,31.588656,26.609924,65.453211,63.375079,0.997316,531,33.121144,531.626202,1.731573,1263,506.214946,1.048514,0.531,NA,4.8658937908
"LH9174","H000028394","Prevenar","LE1126",2024-07-15,63.375079,0.199086,0.998396,507.577312,776.753386,4,31.588656,26.609924,65.453211,63.375079,0.997316,531,33.121144,531.626202,1.731573,1263,506.214946,1.048514,0.531,NA,NA
"DJ2699","H000006081","Prevenar","CM4664",2020-02-27,130.58387,-1.444665,1.088189,506.33642,837.119031,5,32.817526,28.007876,119.341388,130.58387,0.952196,516,35.146739,474.50461,0.884547,1299,482.131654,1.070975,0.516,NA,4.7449329745
"X23346","H000010932","Prevenar","W42920",2018-08-01,60.798414,-1.628491,1.000351,488.233606,793.280489,4,30.316518,26.09918,60.166109,60.798414,0.985377,514,32.396594,513.922643,0.451584,1304,481.094408,1.068612,0.514,NA,NA
"AW6836","H000010932","Prevenar","AD4535",2019-04-30,69.896747,1.541128,1.042156,520.208112,789.545931,4,35.859248,30.624444,61.939544,69.896747,1.019282,510,34.481654,489.243978,0.163535,1314,530.23874,0.961583,0.51,NA,NA
"AR7667","H000010932","Prevenar","AD4535",2019-03-30,69.896747,1.541128,1.042156,520.208112,789.545931,4,35.859248,30.624444,61.939544,69.896747,1.019282,510,34.481654,489.243978,0.163535,1314,530.23874,0.961583,0.51,NA,NA
"CR3641","H000013782","Prevenar","AK9283",2019-10-28,72.978312,-0.810262,1.149765,464.71745,963.990132,5,38.925437,33.151201,70.767134,72.978312,1.067073,516,40.511598,448.869514,0.7759,1299,495.88755,1.040749,0.516,NA,4.5792083333
"CM3336","H000010932","Prevenar","AR4776",2019-08-10,64.754958,0.803996,1.014915,502.773764,746.706736,4,33.414428,28.651177,69.278737,64.754958,1.041402,530,33.81202,522.033767,1.201589,1265,523.589551,1.011899,0.53,NA,NA
"H31650","H000004331","Prevenar","G73488",2013-07-25,NA,-2.691426,1.014863,434.944596,915.096816,4,31.819434,27.919514,NA,NA,1.064322,471,32.36804,464.005913,-2.14282,1421,462.921095,NA,0.471,85.108,4.8328546324
"HN7336","H000010932","Prevenar","HM2123",2024-01-28,60.255475,1.402186,0.970289,543.320557,678.280357,4,29.172477,24.267545,64.256708,60.255475,0.97067,547,30.259902,563.794591,2.489612,1227,527.385223,1.037276,0.547,NA,NA
"LJ1012","H000010932","Prevenar","LD1812",2024-08-09,72.518036,1.491541,1.060545,527.996773,844.662412,5,35.58782,30.03958,68.056814,72.518036,0.993249,513,34.815956,483.767931,0.719677,1307,524.432246,0.978311,0.513,NA,NA
"LL4094","H000010932","Prevenar","LH6897",2024-10-11,54.909679,-1.04421,0.964626,448.110729,725.217563,4,29.71843,25.49493,62.087302,54.909679,1.084341,503,30.76374,521.441572,0.0011,1332,485.904765,1.035174,0.503,NA,NA
"N90903","H000006081","Prevenar","M17975",2016-09-09,64.606459,-0.618228,1.034278,478.076492,856.398056,5,32.957493,27.947262,66.202731,64.606459,1.027154,513,34.461721,496.452999,0.885999,1307,491.058,1.045641,0.513,NA,4.8968713753
"FP0917","H000011044","Prevenar","EL4563",2022-01-07,59.518587,-0.350637,1.068908,425.487754,885.631924,5,34.866744,29.21117,66.032881,59.518587,1.166149,498,35.020894,466.247317,-0.196486,1345,496.181937,1.004421,0.498,NA,4.6260306254
"FP7060","H000019489","Prevenar","ER8675",2022-03-15,66.014788,0.020749,1.030192,488.998428,836.825464,4,34.292058,26.73329,70.084578,66.014788,1.034567,517,35.069098,502.202643,0.797789,1297,505.901604,1.022659,0.517,NA,NA
"GM8339","H000006081","Prevenar","FT3583",2022-12-06,64.76426,-3.696382,1.076579,454.109271,879.722441,4,32.379317,28.097232,63.457777,64.76426,0.995709,452,32.368401,419.856354,-3.707298,1480,452.160818,0.999663,0.452,NA,5.058239581
"EC6049","H000011044","Prevenar","DL7832",2020-09-16,62.433319,-2.450911,1.081975,472.355472,863.022402,5,31.117891,26.210608,66.695008,62.433319,0.9903,518,34.443584,478.538571,0.874782,1294,467.773752,1.106874,0.518,NA,4.5903461069
"EA9692","H000013782","Prevenar","DL7832",2020-08-22,62.433319,-2.450911,1.081975,472.355472,863.022402,5,31.117891,26.210608,66.695008,62.433319,0.9903,518,34.443584,478.538571,0.874782,1294,467.773752,1.106874,0.518,NA,4.5183073688
"EN3348","H000014198","Prevenar","DR8862",2020-12-28,62.239352,-2.191854,1.028164,460.045389,857.286233,4,31.725577,26.965099,65.372956,62.239352,1.02746,490,32.885698,476.541344,-1.031733,1367,472.678278,1.036567,0.49,NA,4.9672803082
"FA1612","H000010932","Prevenar","DX8249",2021-05-17,85.798605,-2.696913,1.042412,458.013773,856.038402,5,32.444295,28.075311,91.495793,85.798605,1.017977,480,33.433844,460.919423,-1.707364,1395,466.247599,1.0305,0.48,NA,NA
"G32833","H000002634","Prevenar","E95727",2012-09-15,NA,-0.267746,1.021866,464.485053,753.702859,NA,34.689343,NA,NA,NA,1.086076,497,34.160692,486.148279,-0.796397,NA,504.46612,NA,NA,67.404,4.6405427646
"J27348","H000004331","Prevenar","H67903",2014-05-08,66.765406,-0.370002,1.049689,458.24867,860.715806,4,33.289357,29.247871,64.493795,66.765406,1.053317,486,33.484457,462.527265,-0.174902,1378,482.681057,1.005861,0.486,NA,5.0988170837
"HF3787","H000017723","Prevenar","HG6423",2023-10-09,62.930205,2.474615,0.955941,551.097148,693.140148,4,31.062925,26.064647,59.335493,62.930205,0.991267,513,29.153926,536.342677,0.565615,1307,546.28433,0.938544,0.513,NA,5.5902525596
"HT5058","H000010932","Prevenar","HY4070",2024-05-05,53.687831,-1.423237,0.966623,484.716157,681.459091,4,26.341192,22.308636,53.391691,53.687831,0.990012,495,27.178205,512.219197,-0.586225,1353,479.874709,1.031776,0.495,NA,4.8805000458
"S10670","H000008135","Prevenar","N69850",2016-12-25,238.533932,1.837882,1.152785,481.426146,775.692925,4,31.627513,27.138146,253.450035,238.533932,1.111183,554,32.764259,480.730858,2.974628,1211,534.952345,1.035942,0.554,NA,4.8074155766
"W07368","H000010932","Prevenar","T02212",2017-12-08,64.650382,-1.271027,1.161595,438.443437,978.091596,5,36.079395,31.104864,62.061524,64.650382,1.107845,500,37.131621,430.350739,-0.218801,1340,485.72737,1.029164,0.5,NA,NA
"M21953","H000008135","Prevenar","L79064",2015-08-07,65.310356,-0.840442,1.067175,469.288,894.864967,5,34.199609,29.174496,68.156104,65.310356,1.046792,514,35.814438,482.059728,0.774388,1304,491.246722,1.047218,0.514,NA,4.5463329905
"M97245","H000008135","Prevenar","M35819",2016-01-30,62.42132,-2.464337,1.114474,432.856533,991.73931,5,33.612162,28.818199,70.078808,62.42132,1.086097,520,37.171986,466.510983,1.095486,1289,470.124072,1.105909,0.52,NA,4.64874509
"MY7678","H000011802","Prevenar","ML2271",2025-08-31,64.198812,-3.463233,1.013853,422.508109,919.010706,4,34.335649,29.559746,67.842187,64.198812,1.078154,453,34.172325,447.167445,-3.626556,1477,455.528862,0.995243,0.453,NA,4.66144427
"FM6163","H000017723","Prevenar","EL4564",2022-02-05,62.870245,-4.171869,1.129032,425.179925,913.412598,5,32.778841,26.770252,63.254965,62.870245,1.051907,480,35.170983,425.044588,-1.779728,1395,447.249658,1.072978,0.48,NA,4.7406994398
"GX2942","H000013782","Prevenar","HA3751",2023-06-01,NA,NA,1.04448,431.854414,494.70778,3,NA,15.904008,39.515324,NA,0.95826,461,NA,441.262483,NA,1452,413.828728,1.113722,0.461,NA,4.7074358974
"GX2971","H000028394","Prevenar","HA3751",2023-06-23,NA,NA,1.04448,431.854414,494.70778,3,NA,15.904008,39.515324,NA,0.95826,461,NA,441.262483,NA,1452,413.828728,1.113722,0.461,NA,NA
"CL3157","H000019488","Prevenar","AK9283",2019-08-09,72.978312,-0.810262,1.149765,464.71745,963.990132,5,38.925437,33.151201,70.767134,72.978312,1.067073,516,40.511598,448.869514,0.7759,1299,495.88755,1.040749,0.516,NA,NA
"DJ2692","H000006081","Prevenar","CM4663",2020-01-12,73.399407,0.529971,1.0853,486.607143,866.689604,5,34.936751,29.808889,68.92058,73.399407,1.059368,512,34.682419,471.522336,0.275639,1309,515.495817,0.99272,0.512,NA,4.8663954594
"EC6009","H000011374","Prevenar","DL7832",2020-08-28,62.433319,-2.450911,1.081975,472.355472,863.022402,5,31.117891,26.210608,66.695008,62.433319,0.9903,518,34.443584,478.538571,0.874782,1294,467.773752,1.106874,0.518,NA,4.6193586121
"G09782","H000002634","Prevenar","E95727",2012-08-01,NA,-0.267746,1.021866,464.485053,753.702859,NA,34.689343,NA,NA,NA,1.086076,497,34.160692,486.148279,-0.796397,NA,504.46612,NA,NA,67.404,4.4843093742
"FH7108","H000019489","Prevenar","ER8675",2021-11-08,66.014788,0.020749,1.030192,488.998428,836.825464,4,34.292058,26.73329,70.084578,66.014788,1.034567,517,35.069098,502.202643,0.797789,1297,505.901604,1.022659,0.517,NA,NA
"HN7730","H000011374","Prevenar","HT1790",2024-04-05,66.119907,-2.443174,0.996873,482.39626,838.594671,4,31.519327,27.502445,65.377751,66.119907,0.964857,476,32.223323,477.332214,-1.739179,1407,465.443542,1.022335,0.476,NA,NA
"L36867","H000008135","Prevenar","J78798",2015-01-07,62.050649,0.280077,1.014831,448.540032,917.296394,4,33.302747,28.8147,63.445299,62.050649,1.125576,490,32.293452,482.410549,-0.729219,1367,504.865914,0.969693,0.49,NA,4.9013203764
"HF3782","H000013782","Prevenar","HH5375",2023-11-03,57.915968,-1.811938,1.005877,489.242685,749.253378,4,27.959632,24.102708,59.833184,57.915968,0.960419,496,29.488765,492.680327,-0.282805,1351,469.877926,1.054691,0.496,NA,4.7014576789
"LC5389","H000019489","Prevenar","HY4071",2024-05-17,60.389625,0.896658,1.059085,483.799505,656.69989,4,29.914348,25.740225,59.153225,60.389625,1.072223,519,29.946179,490.322081,0.928488,1292,518.740762,1.001064,0.519,NA,NA
"X37646","H000008090","Prevenar","W61756",2018-10-09,63.712571,-0.849127,1.122002,463.354189,853.819959,5,34.233503,29.076989,66.13135,63.712571,1.065475,531,36.831492,473.40284,1.748862,1263,493.69244,1.07589,0.531,NA,4.3110675039
"DA1890","H000006081","Prevenar","CH7205",2019-12-16,52.500629,-0.701887,0.996402,400.576483,809.126062,4,32.707113,28.231341,57.75987,52.500629,1.233719,490,32.42771,491.746352,-0.98129,1367,494.198878,0.991457,0.49,NA,4.8287974877
"H22364","H000007053","Prevenar","G36303",2014-02-04,NA,-3.077487,0.977689,495.9861,862.002025,4,33.630112,28.088082,NA,NA,0.938712,477,34.489178,488.377695,-2.218422,1404,465.588091,NA,0.477,63.075,4.6721468104
"HY4182","H000019489","Prevenar","HM2123",2024-03-14,60.255475,1.402186,0.970289,543.320557,678.280357,4,29.172477,24.267545,64.256708,60.255475,0.97067,547,30.259902,563.794591,2.489612,1227,527.385223,1.037276,0.547,NA,NA
"HN7749","H000017723","Prevenar","HM2137",2023-12-31,65.97804,-2.689496,1.037176,499.384688,811.826119,4,31.015853,26.925567,61.17437,65.97804,0.927732,488,32.697461,470.907495,-1.007888,1372,463.295106,1.054218,0.488,NA,5.0922336929
"LC5376","H000013782","Prevenar","HY2169",2024-06-14,206.843191,0.12567,0.940702,529.008544,603.873691,4,26.863681,21.84238,209.712,206.843191,0.953318,508,27.076558,540.351787,0.338548,1319,504.313472,1.007924,0.508,NA,4.8580113626
"J80524","H000002634","Prevenar","J41760",2014-11-16,59.899505,-1.340333,1.116513,448.431329,920.215522,5,31.708946,26.707947,60.965702,59.899505,1.090967,513,33.232381,459.222873,0.183103,1307,489.223734,1.048044,0.513,NA,4.6323031123
"M21963","H000008090","Prevenar","L79062",2015-08-19,64.323603,0.619893,1.017309,442.083518,873.926202,5,36.784444,29.371633,61.709021,64.323603,1.153204,510,36.779798,501.075027,0.615247,1314,509.812511,0.999874,0.51,NA,4.4195706216
"LX2592","H000010932","Prevenar","LK1442",2025-01-23,61.820586,0.844744,0.980788,504.590999,726.646124,4,31.602314,26.9639,62.553339,61.820586,1.010343,509,31.543804,518.834399,0.786234,1317,509.810198,0.998149,0.509,NA,NA
"MG4222","H000031244","Prevenar","LY9903",2025-07-03,246.682768,0.765958,0.974064,485.60734,758.696665,4,32.487768,27.720448,287.113449,246.682768,1.053589,504,32.006787,517.47694,0.284977,1330,511.630336,0.985195,0.504,NA,NA
"MY7331","H000033648","Prevenar","ML2272",2025-08-19,60.092448,1.654839,0.969465,490.839463,723.712327,4,32.789608,28.119394,65.35298,60.092448,1.079286,503,31.147904,519.082736,0.013135,1332,529.756287,0.949932,0.503,NA,NA
"RE8365","H000010932","Prevenar","NP3698",2026-06-25,63.817272,-2.623079,1.000613,511.400889,763.329404,4,29.390329,25.358412,60.424508,63.817272,0.90174,475,30.290411,474.982326,-1.722997,1409,461.150597,1.030625,0.475,NA,5.0667241243
"NM6456","H000031244","Prevenar","MT7675",2026-01-05,62.750223,-2.624336,1.093246,478.09249,791.853634,4,29.949513,25.728721,61.031192,62.750223,0.962045,509,33.125035,465.324573,0.551186,1317,459.946513,1.106029,0.509,NA,NA
"W28235","H000011612","Prevenar","T22129",2018-01-31,59.26698,1.757466,1.027237,515.764274,773.7926,4,30.233697,26.00663,63.538733,59.26698,1.037384,550,31.059992,535.093998,2.583761,1220,535.045387,1.02733,0.55,NA,4.5715925167
"HF3770","H000011374","Prevenar","HE8770",2023-09-08,58.496016,-1.763949,0.970782,476.990886,745.779007,4,28.622651,24.639499,57.809099,58.496016,0.98899,482,29.239511,496.409917,-1.14709,1389,471.739039,1.021551,0.482,NA,4.627023597
"N41691","H000011802","Prevenar","N09127",2016-03-16,59.724374,-3.326345,1.153861,408.346745,984.446274,5,33.648783,27.672969,62.859807,59.724374,1.099893,496,37.133314,429.55653,0.158186,1351,449.137644,1.103556,0.496,NA,4.529603606
"CM3126","H000006081","Prevenar","AR4776",2019-08-15,64.754958,0.803996,1.014915,502.773764,746.706736,4,33.414428,28.651177,69.278737,64.754958,1.041402,530,33.81202,522.033767,1.201589,1265,523.589551,1.011899,0.53,NA,4.7763434155
"DN3807","H000011373","Prevenar","CW7636",2020-05-16,62.516589,-1.662907,1.071095,434.572411,854.841091,5,35.003532,29.421358,65.152968,62.516589,1.103579,503,36.712912,469.61815,0.046473,1332,479.585172,1.048834,0.503,NA,4.599123107
"H06753","H000004331","Prevenar","G73488",2013-06-09,NA,-2.691426,1.014863,434.944596,915.096816,4,31.819434,27.919514,NA,NA,1.064322,471,32.36804,464.005913,-2.14282,1421,462.921095,NA,0.471,85.108,4.6983948636
"X28347","H000006081","Prevenar","T96899",2018-08-08,67.762994,-3.125664,1.052567,446.858998,973.945828,5,35.577797,31.046785,72.224264,67.762994,1.058312,488,36.675621,463.161898,-2.027839,1372,472.91624,1.030857,0.488,NA,4.6218093994
"M97096","H000006081","Prevenar","M35819",2016-02-03,62.42132,-2.464337,1.114474,432.856533,991.73931,5,33.612162,28.818199,70.078808,62.42132,1.086097,520,37.171986,466.510983,1.095486,1289,470.124072,1.105909,0.52,NA,4.8292572355
"CL6647","H000006081","Prevenar","AR4776",2019-08-03,64.754958,0.803996,1.014915,502.773764,746.706736,4,33.414428,28.651177,69.278737,64.754958,1.041402,530,33.81202,522.033767,1.201589,1265,523.589551,1.011899,0.53,NA,4.6539800488
"ED8346","H000010932","Prevenar","DL7834",2020-11-17,66.38567,-0.097954,1.00734,466.822298,940.481407,5,35.202347,29.801974,71.76098,66.38567,1.062976,491,34.832843,487.434622,-0.467457,1364,496.221011,0.989503,0.491,NA,NA
"FH0021","H000011044","Prevenar","DY9999",2021-07-16,86.784868,-0.172478,1.067374,454.47903,901.009797,5,35.053703,29.599288,87.090522,86.784868,1.095263,487,34.260822,455.805605,-0.965359,1375,497.774213,0.977381,0.487,NA,4.8778101272
"T37685","H000008090","Prevenar","S85331",2017-11-11,59.65522,-2.288778,1.095357,426.902562,909.740414,5,32.234263,27.433345,62.961125,59.65522,1.09399,486,33.536732,443.597734,-0.986309,1378,467.027001,1.040406,0.486,NA,4.7717482125
"GJ5745","H000013782","Prevenar","FK1709",2022-08-25,62.536627,-1.861424,1.003588,495.506402,809.263994,4,30.163524,25.738061,64.110819,62.536627,0.964824,491,30.970273,489.10807,-1.054675,1364,478.076595,1.026746,0.491,NA,5.1015816938
"N90925","H000008135","Prevenar","M15180",2016-08-03,72.369497,-0.702444,1.012183,490.504369,877.631046,5,36.098474,31.048307,67.935585,72.369497,1.075751,495,36.23684,488.791613,-0.564079,1353,492.857265,1.003833,0.495,NA,4.7114568225
"GC1484","H000006081","Prevenar","FT3583",2022-08-06,64.76426,-3.696382,1.076579,454.109271,879.722441,4,32.379317,28.097232,63.457777,64.76426,0.995709,452,32.368401,419.856354,-3.707298,1480,452.160818,0.999663,0.452,NA,5.119328777
"GH5626","H000028394","Prevenar","GA0023",2022-10-07,243.627774,0.913022,1.03637,472.927248,754.147955,4,31.671332,27.160291,260.998383,243.627774,1.089717,526,32.308989,507.282946,1.550679,1275,515.356891,1.020134,0.526,NA,NA
"MG4264","H000035016","Prevenar","LY2879",2025-06-28,60.929694,2.340672,1.062561,501.263224,789.956675,4,32.908091,28.00915,61.069208,60.929694,1.077479,534,32.520827,502.318875,1.953408,1256,540.100466,0.988232,0.534,NA,NA
"NE0332","H000032244","Prevenar","ML2268",2025-11-13,56.530131,1.144439,1.063308,481.748727,690.702006,4,30.663979,25.681795,51.705699,56.530131,1.084031,514,30.182746,483.430059,0.663205,1304,522.230669,0.984306,0.514,NA,NA
"W39132","H000006081","Prevenar","T22140",2018-03-15,61.951288,-3.726691,1.010534,414.517409,1005.631464,5,33.605767,28.825529,63.211117,61.951288,1.085562,445,33.246891,440.53818,-4.085567,1503,449.984346,0.989321,0.445,NA,4.9651031313
"AW6504","H000008135","Prevenar","T96901",2019-04-08,64.116361,-3.678611,1.163209,421.984143,958.597269,5,34.716218,30.342351,60.671767,64.116361,1.082428,488,37.097541,419.613923,-1.297288,1372,456.767391,1.068594,0.488,NA,4.5873606686
"CM3342","H000010932","Prevenar","AR4778",2019-10-29,69.392388,-0.353135,0.961176,512.557948,884.901565,5,34.097454,29.218671,67.859425,69.392388,0.975286,494,33.726772,514.428324,-0.723816,1356,499.890742,0.989129,0.494,NA,4.7715784514
"EH7872","H000008135","Prevenar","DH4040",2020-10-01,62.046377,-0.264834,1.176047,473.066854,810.985266,5,32.792245,27.942793,63.574337,62.046377,1.057097,497,32.558568,422.188891,-0.498511,1348,500.077416,0.992874,0.497,NA,4.6401925013
"ED8334","H000010932","Prevenar","DL7832",2020-09-12,62.433319,-2.450911,1.081975,472.355472,863.022402,5,31.117891,26.210608,66.695008,62.433319,0.9903,518,34.443584,478.538571,0.874782,1294,467.773752,1.106874,0.518,NA,NA
"H34415","H000004331","Prevenar","G73488",2013-08-20,NA,-2.691426,1.014863,434.944596,915.096816,4,31.819434,27.919514,NA,NA,1.064322,471,32.36804,464.005913,-2.14282,1421,462.921095,NA,0.471,85.108,4.3941012178
"GE6474","H000013782","Prevenar","GA0023",2022-09-29,243.627774,0.913022,1.03637,472.927248,754.147955,4,31.671332,27.160291,260.998383,243.627774,1.089717,526,32.308989,507.282946,1.550679,1275,515.356891,1.020134,0.526,NA,4.7844279966
"M21964","H000008090","Prevenar","L79062",2015-08-21,64.323603,0.619893,1.017309,442.083518,873.926202,5,36.784444,29.371633,61.709021,64.323603,1.153204,510,36.779798,501.075027,0.615247,1314,509.812511,0.999874,0.51,NA,4.5619435029
"LE0995","H000013782","Prevenar","LD1812",2024-08-17,72.518036,1.491541,1.060545,527.996773,844.662412,5,35.58782,30.03958,68.056814,72.518036,0.993249,513,34.815956,483.767931,0.719677,1307,524.432246,0.978311,0.513,NA,4.8138689273
"S93495","H000008090","Prevenar","S18356",2017-08-11,62.50028,-4.402869,1.048133,450.108728,967.073106,4,30.389382,26.353913,61.268943,62.50028,0.981282,470,32.361938,448.753325,-2.430313,1424,441.683782,1.064909,0.47,NA,4.9523441787
"CG3540","H000008135","Prevenar","T96901",2019-05-21,64.116361,-3.678611,1.163209,421.984143,958.597269,5,34.716218,30.342351,60.671767,64.116361,1.082428,488,37.097541,419.613923,-1.297288,1372,456.767391,1.068594,0.488,NA,4.4454705931
"CJ3920","H000006081","Prevenar","AK9284",2019-07-02,65.432855,0.77643,1.075865,482.025832,848.508003,5,34.505048,29.242728,71.489737,65.432855,1.068875,524,35.083322,486.919968,1.354704,1280,515.225296,1.016759,0.524,NA,4.963307729
"EA9689","H000010932","Prevenar","DL7832",2020-08-15,62.433319,-2.450911,1.081975,472.355472,863.022402,5,31.117891,26.210608,66.695008,62.433319,0.9903,518,34.443584,478.538571,0.874782,1294,467.773752,1.106874,0.518,NA,NA
"M56320","H000008135","Prevenar","M15185",2015-11-03,61.525566,1.472761,1.137656,453.769721,986.064046,5,38.010931,32.611644,65.133552,61.525566,1.1575,533,38.58688,468.680324,2.04871,1258,525.2386,1.015152,0.533,NA,4.456105759
"N34089","H000008135","Prevenar","N09129",2016-06-01,62.970138,-0.615118,0.925758,437.553101,917.470149,5,35.56212,30.154184,68.058334,62.970138,1.138392,487,34.795398,526.452876,-1.381841,1375,498.107159,0.97844,0.487,NA,4.8256960309
"AP9219","H000008135","Prevenar","AA1759",2019-03-14,216.986458,2.453768,1.010337,505.242527,733.670159,4,31.274738,26.397711,224.46364,216.986458,1.088347,532,30.273988,526.837703,1.453017,1261,549.879252,0.968001,0.532,NA,4.7526108389
"GR3531","H000013782","Prevenar","GM5068",2023-01-25,263.140143,-0.030952,1.000359,450.792757,861.064811,5,35.889717,30.50975,271.210513,263.140143,1.105715,462,33.265718,461.839331,-2.654951,1449,498.448259,0.926887,0.462,NA,4.8957370184
"N28999","H000006081","Prevenar","N09129",2016-06-25,62.970138,-0.615118,0.925758,437.553101,917.470149,5,35.56212,30.154184,68.058334,62.970138,1.138392,487,34.795398,526.452876,-1.381841,1375,498.107159,0.97844,0.487,NA,4.8783109141
"R59674","H000011374","Prevenar","N16564",2016-10-20,122.392609,-9.341401,1.067779,343.607163,846.82729,5,34.017799,29.102507,111.089248,122.392609,1.149362,397,34.171689,371.533438,-9.18751,1682,394.928886,1.004524,0.397,NA,4.6166834607
"R59676","H000011374","Prevenar","N69850",2017-01-10,238.533932,1.837882,1.152785,481.426146,775.692925,4,31.627513,27.138146,253.450035,238.533932,1.111183,554,32.764259,480.730858,2.974628,1211,534.952345,1.035942,0.554,NA,5.0990594519
"DA1868","H000008135","Prevenar","CM4663",2020-01-07,73.399407,0.529971,1.0853,486.607143,866.689604,5,34.936751,29.808889,68.92058,73.399407,1.059368,512,34.682419,471.522336,0.275639,1309,515.495817,0.99272,0.512,NA,4.7727051804
"ED8304","H000006081","Prevenar","DH4040",2020-11-07,62.046377,-0.264834,1.176047,473.066854,810.985266,5,32.792245,27.942793,63.574337,62.046377,1.057097,497,32.558568,422.188891,-0.498511,1348,500.077416,0.992874,0.497,NA,4.688873653
"EL8871","H000010932","Prevenar","DR8862",2021-01-02,62.239352,-2.191854,1.028164,460.045389,857.286233,4,31.725577,26.965099,65.372956,62.239352,1.02746,490,32.885698,476.541344,-1.031733,1367,472.678278,1.036567,0.49,NA,NA
"G32169","H000004331","Prevenar","G74335",2013-05-10,NA,0.762249,1.060022,454.236086,825.879294,4,33.731339,29.323896,NA,NA,1.125172,492,32.452703,463.877135,-0.516387,1361,511.093902,NA,0.492,85.684,4.9102840092
"DJ2707","H000008135","Prevenar","CM4664",2020-02-29,130.58387,-1.444665,1.088189,506.33642,837.119031,5,32.817526,28.007876,119.341388,130.58387,0.952196,516,35.146739,474.50461,0.884547,1299,482.131654,1.070975,0.516,NA,4.7266680115
"GH5614","H000019489","Prevenar","FX7992",2022-09-09,354.144295,0.460795,0.949937,503.617611,675.014945,3,27.170284,20.603195,381.257686,354.144295,1.015517,508,26.98211,534.656834,0.27262,1319,511.432197,0.993074,0.508,NA,NA
"EL8946","H000011373","Prevenar","DN7268",2020-12-16,63.589403,-2.047303,1.05339,430.691475,928.977168,5,34.759849,29.442442,65.426952,63.589403,1.102916,474,34.721137,450.43867,-2.086014,1412,475.016515,0.998886,0.474,NA,5.1044433313
"FF8239","H000019489","Prevenar","EJ9239",2021-08-11,62.0976,-3.624443,0.997626,444.863474,914.820577,5,31.381547,27.044187,64.165044,62.0976,1.014273,480,33.40266,481.416447,-1.60333,1395,451.213202,1.064405,0.48,NA,NA
"G32141","H000004331","Prevenar","G12840",2013-04-20,NA,-2.700135,1.074993,472.396651,1037.954843,5,37.577155,32.637336,NA,NA,1.000847,489,38.831574,454.496079,-1.445716,1370,472.796981,NA,0.489,85.432,4.430966492
"H26119","H000002634","Prevenar","G73488",2013-09-05,NA,-2.691426,1.014863,434.944596,915.096816,4,31.819434,27.919514,NA,NA,1.064322,471,32.36804,464.005913,-2.14282,1421,462.921095,NA,0.471,85.108,4.8423136967
"GR2967","H000006081","Prevenar","GD9453",2023-01-27,62.586821,-0.487972,0.997843,495.753506,807.94944,4,30.940277,26.813356,65.795647,62.586821,0.998312,494,30.906666,495.447535,-0.521583,1356,494.916485,0.998914,0.494,NA,5.121460145
"FM6059","H000008135","Prevenar","FG0964",2022-01-31,59.762812,0.991521,1.110826,480.058574,769.177947,4,32.068721,27.928774,78.361087,59.762812,1.077357,529,32.806953,476.312452,1.729753,1268,517.194329,1.02302,0.529,NA,4.7458390442
"GT1659","H000013782","Prevenar","GR5869",2023-04-25,61.458125,-2.330222,1.020598,463.222372,826.955665,4,31.188668,27.576049,61.019817,61.458125,1.005198,480,32.135592,470.084235,-1.383298,1395,465.630084,1.030361,0.48,NA,4.8495207939
"L95547","H000008135","Prevenar","L45106",2015-05-22,261.410018,-0.062326,1.114868,486.097093,848.147373,4,32.091273,27.666208,282.41785,261.410018,1.034997,516,32.914149,462.843953,0.76055,1299,503.109121,1.025642,0.516,NA,4.8665531165
"NJ4988","H000035016","Prevenar","ML2268",2025-11-07,56.530131,1.144439,1.063308,481.748727,690.702006,4,30.663979,25.681795,51.705699,56.530131,1.084031,514,30.182746,483.430059,0.663205,1304,522.230669,0.984306,0.514,NA,NA
"T82470","H000008135","Prevenar","S85331",2017-11-08,59.65522,-2.288778,1.095357,426.902562,909.740414,5,32.234263,27.433345,62.961125,59.65522,1.09399,486,33.536732,443.597734,-0.986309,1378,467.027001,1.040406,0.486,NA,4.4942253756
"RE8410","H000035016","Prevenar","MT7677",2026-07-01,58.904578,-2.9557,0.998633,476.533751,743.523029,4,28.55456,24.188055,60.695881,58.904578,0.95644,493,30.86396,493.311672,-0.646299,1359,455.775849,1.080877,0.493,NA,NA
"W44029","H000013782","Prevenar","T22129",2018-02-19,59.26698,1.757466,1.027237,515.764274,773.7926,4,30.233697,26.00663,63.538733,59.26698,1.037384,550,31.059992,535.093998,2.583761,1220,535.045387,1.02733,0.55,NA,4.5216752441
"W61577","H000011374","Prevenar","T78047",2018-05-02,67.661282,-0.395945,1.040847,489.075952,876.160326,5,34.819375,29.205355,72.703777,67.661282,1.025394,515,35.783011,495.149582,0.56769,1302,501.495723,1.027675,0.515,NA,4.5625771273
"CM3125","H000006081","Prevenar","AR4776",2019-08-11,64.754958,0.803996,1.014915,502.773764,746.706736,4,33.414428,28.651177,69.278737,64.754958,1.041402,530,33.81202,522.033767,1.201589,1265,523.589551,1.011899,0.53,NA,4.8815532697
"EA9677","H000006081","Prevenar","CK5010",2020-08-14,63.578159,-0.028981,1.054492,479.728154,827.767767,5,33.834899,28.525514,72.047215,63.578159,1.051486,521,34.946521,494.07693,1.082641,1287,504.427437,1.032854,0.521,NA,4.6865660575
"DX7824","H000013782","Prevenar","DH4048",2020-07-26,64.877839,-2.352557,1.0877,453.61997,899.173283,5,34.040582,28.99839,63.667993,64.877839,1.036346,494,35.802951,454.579263,-0.590188,1356,470.107047,1.051773,0.494,NA,4.5685416919
"W08571","H000010932","Prevenar","T22140",2018-01-06,61.951288,-3.726691,1.010534,414.517409,1005.631464,5,33.605767,28.825529,63.211117,61.951288,1.085562,445,33.246891,440.53818,-4.085567,1503,449.984346,0.989321,0.445,NA,NA
"FK1150","H000017723","Prevenar","EP5316",2021-10-19,79.297464,-0.191429,1.016272,464.122508,775.332768,4,32.200649,28.215438,83.052815,79.297464,1.084145,493,31.553428,485.168144,-0.83865,1359,503.176228,0.9799,0.493,NA,4.9321202893
"J13982","H000004331","Prevenar","H89698",2014-04-24,66.039661,1.735264,1.067776,525.256911,793.565031,4,31.409624,26.924815,64.467877,66.039661,1.039049,557,32.074181,521.940108,2.399821,1205,545.767758,1.021158,0.557,NA,4.9709941225
"J80548","H000008090","Prevenar","J40102",2014-11-19,68.616295,-7.646211,1.058072,380.014544,927.675451,5,36.18753,30.528674,75.638394,68.616295,1.098533,426,36.936993,402.717355,-6.896748,1569,417.45837,1.020711,0.426,NA,4.5914305167
"N73145","H000010932","Prevenar","N09129",2016-06-18,62.970138,-0.615118,0.925758,437.553101,917.470149,5,35.56212,30.154184,68.058334,62.970138,1.138392,487,34.795398,526.452876,-1.381841,1375,498.107159,0.97844,0.487,NA,NA
"HY4186","H000019489","Prevenar","HM2123",2024-04-29,60.255475,1.402186,0.970289,543.320557,678.280357,4,29.172477,24.267545,64.256708,60.255475,0.97067,547,30.259902,563.794591,2.489612,1227,527.385223,1.037276,0.547,NA,NA
"LX2646","H000011374","Prevenar","ML2272",2025-08-13,60.092448,1.654839,0.969465,490.839463,723.712327,4,32.789608,28.119394,65.35298,60.092448,1.079286,503,31.147904,519.082736,0.013135,1332,529.756287,0.949932,0.503,NA,4.8772682786
"AW6506","H000008135","Prevenar","T96901",2019-04-25,64.116361,-3.678611,1.163209,421.984143,958.597269,5,34.716218,30.342351,60.671767,64.116361,1.082428,488,37.097541,419.613923,-1.297288,1372,456.767391,1.068594,0.488,NA,NA
"AW6845","H000006081","Prevenar","T96901",2019-05-12,64.116361,-3.678611,1.163209,421.984143,958.597269,5,34.716218,30.342351,60.671767,64.116361,1.082428,488,37.097541,419.613923,-1.297288,1372,456.767391,1.068594,0.488,NA,4.3513037295
"GM8415","H000013782","Prevenar","GG0403",2022-11-30,66.023464,-4.314752,0.932219,517.759764,822.915401,4,27.841246,24.403146,66.36027,66.023464,0.839148,478,30.614483,512.491753,-1.541515,1401,434.476837,1.099609,0.478,NA,5.100114993
"GX2938","H000013782","Prevenar","GW0262",2023-05-16,60.925549,2.368034,1.035072,524.903642,762.685617,4,30.894945,26.214702,61.570714,60.925549,1.027865,542,31.05012,523.867151,2.523209,1238,539.530167,1.005023,0.542,NA,5.2498281952
"HA2749","H000019489","Prevenar","HA3751",2023-06-14,NA,NA,1.04448,431.854414,494.70778,3,NA,15.904008,39.515324,NA,0.95826,461,NA,441.262483,NA,1452,413.828728,1.113722,0.461,NA,NA
"HD8388","H000006081","Prevenar","HA3753",2023-07-13,60.04985,0.550779,1.07497,467.841929,759.107754,4,32.833349,27.425714,60.627545,60.04985,1.089497,512,33.008239,476.689795,0.725669,1309,509.712323,1.005327,0.512,NA,5.0010563087
"MX1262","H000032244","Prevenar","ML2268",2025-10-25,56.530131,1.144439,1.063308,481.748727,690.702006,4,30.663979,25.681795,51.705699,56.530131,1.084031,514,30.182746,483.430059,0.663205,1304,522.230669,0.984306,0.514,NA,NA
"GX2928","H000006081","Prevenar","GR5867",2023-05-09,61.771872,-8.402256,0.95773,421.075791,852.317306,4,28.107914,24.54623,66.454809,61.771872,0.913972,431,31.452145,449.647071,-5.058025,1551,384.851487,1.118978,0.431,NA,5.0450902722
"T82469","H000008135","Prevenar","S85331",2017-11-05,59.65522,-2.288778,1.095357,426.902562,909.740414,5,32.234263,27.433345,62.961125,59.65522,1.09399,486,33.536732,443.597734,-0.986309,1378,467.027001,1.040406,0.486,NA,4.7054139635
"M56329","H000007688","Prevenar","L79063",2015-11-04,84.312106,0.49202,1.094419,468.079155,859.495934,4,34.177712,28.720566,93.316395,84.312106,1.08814,518,34.763902,473.375696,1.07821,1294,509.335706,1.017151,0.518,NA,4.9420300542
"LL9784","H000031244","Prevenar","LD1812",2024-07-20,72.518036,1.491541,1.060545,527.996773,844.662412,5,35.58782,30.03958,68.056814,72.518036,0.993249,513,34.815956,483.767931,0.719677,1307,524.432246,0.978311,0.513,NA,NA
"CK6542","H000008090","Prevenar","AR4776",2019-08-06,64.754958,0.803996,1.014915,502.773764,746.706736,4,33.414428,28.651177,69.278737,64.754958,1.041402,530,33.81202,522.033767,1.201589,1265,523.589551,1.011899,0.53,NA,4.658041749
"EL8840","H000006081","Prevenar","DT9980",2021-01-26,240.747254,-2.81549,1.064556,465.193913,885.076564,5,31.00393,26.379715,241.689341,240.747254,0.996169,506,33.822245,474.880584,0.002825,1324,463.411868,1.090902,0.506,NA,4.6526481164
"G02998","H000002634","Prevenar","E76420",2012-05-19,NA,-0.138139,1.096345,446.051162,886.349444,NA,40.57825,NA,NA,NA,1.131984,496,39.857331,452.368806,-0.859058,NA,504.922973,NA,NA,66.26,4.6070887538
"L30208","H000006081","Prevenar","L48683",2015-06-19,68.170928,-0.777667,1.259463,495.810245,899.417248,5,33.446565,28.274253,65.023969,68.170928,0.992466,543,36.905272,431.104293,2.68104,1235,492.074617,1.10341,0.543,NA,4.4939675081
"LL9786","H000031244","Prevenar","LD1814",2024-08-23,58.034185,-0.704686,1.057424,458.874459,781.2539,4,31.704253,27.33337,67.924859,58.034185,1.069809,479,30.961471,453.372237,-1.447469,1398,490.908087,0.976572,0.479,NA,NA
"N31255","H000008135","Prevenar","M93128",2016-04-16,65.708208,-0.030354,1.139152,516.482287,801.231362,4,31.783987,24.589214,65.548642,65.708208,0.967547,520,33.075918,456.509158,1.261577,1289,499.721052,1.040647,0.52,NA,4.7020971806
"M21957","H000008135","Prevenar","L79064",2015-08-23,65.310356,-0.840442,1.067175,469.288,894.864967,5,34.199609,29.174496,68.156104,65.310356,1.046792,514,35.814438,482.059728,0.774388,1304,491.246722,1.047218,0.514,NA,4.779517376
"DX5505","H000011374","Prevenar","DE6985",2020-06-24,62.561618,-0.441247,1.17417,432.256663,914.631042,5,36.007224,30.714046,65.277806,62.561618,1.147799,530,38.449289,451.206511,2.000818,1265,496.143765,1.067822,0.53,NA,NA
"H15038","H000004331","Prevenar","G73488",2013-07-03,NA,-2.691426,1.014863,434.944596,915.096816,4,31.819434,27.919514,NA,NA,1.064322,471,32.36804,464.005913,-2.14282,1421,462.921095,NA,0.471,85.108,4.5478695457
"N41740","H000011802","Prevenar","M93127",2016-03-30,64.488989,0.615643,1.120522,479.117382,924.037458,5,34.760372,29.691815,57.065073,64.488989,1.071508,507,34.316714,452.311964,0.171984,1322,513.378057,0.987237,0.507,NA,NA
"GR2555","H000019489","Prevenar","GD9452",2022-12-30,246.409191,0.975702,1.00751,514.690396,756.746341,4,32.277322,27.633533,241.625218,246.409191,1.00536,505,31.519262,501.529982,0.217642,1327,517.44906,0.976514,0.505,NA,NA
"LC5375","H000013782","Prevenar","HY2169",2024-06-11,206.843191,0.12567,0.940702,529.008544,603.873691,4,26.863681,21.84238,209.712,206.843191,0.953318,508,27.076558,540.351787,0.338548,1319,504.313472,1.007924,0.508,NA,5.013285201
"LC5371","H000013782","Prevenar","HY4070",2024-05-07,53.687831,-1.423237,0.966623,484.716157,681.459091,4,26.341192,22.308636,53.391691,53.687831,0.990012,495,27.178205,512.219197,-0.586225,1353,479.874709,1.031776,0.495,NA,5.1251700456
"J80523","H000002634","Prevenar","J41760",2014-11-12,59.899505,-1.340333,1.116513,448.431329,920.215522,5,31.708946,26.707947,60.965702,59.899505,1.090967,513,33.232381,459.222873,0.183103,1307,489.223734,1.048044,0.513,NA,4.5583722453
"M97038","H000007688","Prevenar","L79063",2015-12-12,84.312106,0.49202,1.094419,468.079155,859.495934,4,34.177712,28.720566,93.316395,84.312106,1.08814,518,34.763902,473.375696,1.07821,1294,509.335706,1.017151,0.518,NA,4.8417738515
"NM6523","H000033648","Prevenar","LY9901",2026-03-16,54.381175,0.236281,1.103852,438.079802,653.016639,3,28.76837,24.297926,54.689428,54.381175,1.149195,485,27.688114,438.949166,-0.843975,1381,503.439152,0.96245,0.485,NA,NA
"HF3767","H000011374","Prevenar","HE8772",2023-08-19,62.356345,0.815105,1.015579,523.781236,709.883595,4,31.309866,26.826559,61.381482,62.356345,0.979885,530,32.344615,522.074355,1.849854,1265,513.245611,1.033049,0.53,NA,4.9921950557
"HG4914","H000011044","Prevenar","HH5375",2023-11-01,57.915968,-1.811938,1.005877,489.242685,749.253378,4,27.959632,24.102708,59.833184,57.915968,0.960419,496,29.488765,492.680327,-0.282805,1351,469.877926,1.054691,0.496,NA,4.8498689843
"LC5364","H000017723","Prevenar","HY2170",2024-06-26,56.977769,-0.937878,1.064125,464.338005,747.545124,4,29.588361,25.480903,58.735009,56.977769,1.047077,505,30.73896,474.666516,0.21272,1327,486.19758,1.038887,0.505,NA,4.9402411912
"M97249","H000008135","Prevenar","M35819",2016-02-16,62.42132,-2.464337,1.114474,432.856533,991.73931,5,33.612162,28.818199,70.078808,62.42132,1.086097,520,37.171986,466.510983,1.095486,1289,470.124072,1.105909,0.52,NA,4.5780972415
"N01867","H000011044","Prevenar","M93127",2016-03-05,64.488989,0.615643,1.120522,479.117382,924.037458,5,34.760372,29.691815,57.065073,64.488989,1.071508,507,34.316714,452.311964,0.171984,1322,513.378057,0.987237,0.507,NA,4.7617039137
"NM6388","H000013782","Prevenar","ML2268",2025-11-27,56.530131,1.144439,1.063308,481.748727,690.702006,4,30.663979,25.681795,51.705699,56.530131,1.084031,514,30.182746,483.430059,0.663205,1304,522.230669,0.984306,0.514,NA,4.6060838664
"N29000","H000006081","Prevenar","N09129",2016-06-29,62.970138,-0.615118,0.925758,437.553101,917.470149,5,35.56212,30.154184,68.058334,62.970138,1.138392,487,34.795398,526.452876,-1.381841,1375,498.107159,0.97844,0.487,NA,4.8806726089
"X56185","H000011374","Prevenar","X37442",2018-11-19,57.010238,-0.531833,0.990663,460.607231,754.974904,4,31.391547,26.815343,57.363194,57.010238,1.08344,472,29.709624,476.753327,-2.213756,1418,499.040092,0.946421,0.472,NA,5.0869928781
"DW4282","H000006081","Prevenar","CK5010",2020-06-24,63.578159,-0.028981,1.054492,479.728154,827.767767,5,33.834899,28.525514,72.047215,63.578159,1.051486,521,34.946521,494.07693,1.082641,1287,504.427437,1.032854,0.521,NA,4.6890806107
"H20770","H000004331","Prevenar","G73488",2013-08-27,NA,-2.691426,1.014863,434.944596,915.096816,4,31.819434,27.919514,NA,NA,1.064322,471,32.36804,464.005913,-2.14282,1421,462.921095,NA,0.471,85.108,4.5345890688
"GX2945","H000019489","Prevenar","HA3751",2023-06-02,NA,NA,1.04448,431.854414,494.70778,3,NA,15.904008,39.515324,NA,0.95826,461,NA,441.262483,NA,1452,413.828728,1.113722,0.461,NA,NA
"L95546","H000008135","Prevenar","L45106",2015-05-19,261.410018,-0.062326,1.114868,486.097093,848.147373,4,32.091273,27.666208,282.41785,261.410018,1.034997,516,32.914149,462.843953,0.76055,1299,503.109121,1.025642,0.516,NA,4.7535434361
"AW6840","H000008090","Prevenar","AD4542",2019-06-08,58.365488,-2.869432,0.986262,457.614142,776.47686,4,29.141307,25.414418,56.879819,58.365488,1.004822,465,29.483213,471.695692,-2.527526,1439,459.820595,1.011733,0.465,NA,4.702327351
"DN3797","H000008135","Prevenar","CW7635",2020-03-14,135.824778,-0.878242,1.160173,501.607577,820.746604,5,32.69185,27.151505,127.995783,135.824778,0.986781,554,36.592519,477.546045,3.022427,1211,494.977025,1.119316,0.554,NA,4.1870768622
"HN5212","H000011044","Prevenar","HK6951",2023-11-18,276.940044,1.195201,1.071858,493.612079,842.469761,5,34.3987,29.362245,264.980818,276.940044,1.050977,512,33.953157,477.726947,0.749658,1309,518.774821,0.987048,0.512,NA,4.6351107374
"LX2594","H000010932","Prevenar","LK1442",2025-02-02,61.820586,0.844744,0.980788,504.590999,726.646124,4,31.602314,26.9639,62.553339,61.820586,1.010343,509,31.543804,518.834399,0.786234,1317,509.810198,0.998149,0.509,NA,NA
"X28325","H000008135","Prevenar","T96899",2018-09-07,67.762994,-3.125664,1.052567,446.858998,973.945828,5,35.577797,31.046785,72.224264,67.762994,1.058312,488,36.675621,463.161898,-2.027839,1372,472.91624,1.030857,0.488,NA,4.6970287206
"AM5979","H000006081","Prevenar","AA1759",2019-02-20,216.986458,2.453768,1.010337,505.242527,733.670159,4,31.274738,26.397711,224.46364,216.986458,1.088347,532,30.273988,526.837703,1.453017,1261,549.879252,0.968001,0.532,NA,4.9278641893
"DJ2751","H000014198","Prevenar","CM4664",2020-02-05,130.58387,-1.444665,1.088189,506.33642,837.119031,5,32.817526,28.007876,119.341388,130.58387,0.952196,516,35.146739,474.50461,0.884547,1299,482.131654,1.070975,0.516,NA,4.8737906001
"R59671","H000011374","Prevenar","N16564",2016-09-30,122.392609,-9.341401,1.067779,343.607163,846.82729,5,34.017799,29.102507,111.089248,122.392609,1.149362,397,34.171689,371.533438,-9.18751,1682,394.928886,1.004524,0.397,NA,4.6931402662
"S26391","H000008135","Prevenar","R75257",2017-04-08,53.505358,-2.503224,1.309374,385.674791,839.818129,4,32.452575,27.381755,0,53.505358,1.21357,498,34.517931,380.205013,-0.437868,1345,468.043257,1.063642,0.498,NA,4.6026165161
"W72984","H000011373","Prevenar","T32901",2018-04-11,68.397992,3.799108,0.976168,575.436162,791.21481,4,33.548439,28.375807,69.384401,68.397992,0.987436,566,33.439946,580.195849,3.690615,1186,568.206355,0.996766,0.566,NA,4.9478678598
"FF8105","H000019488","Prevenar","EJ9239",2021-06-24,62.0976,-3.624443,0.997626,444.863474,914.820577,5,31.381547,27.044187,64.165044,62.0976,1.014273,480,33.40266,481.416447,-1.60333,1395,451.213202,1.064405,0.48,NA,NA
"FP0883","H000013782","Prevenar","EL4564",2022-01-28,62.870245,-4.171869,1.129032,425.179925,913.412598,5,32.778841,26.770252,63.254965,62.870245,1.051907,480,35.170983,425.044588,-1.779728,1395,447.249658,1.072978,0.48,NA,4.8251702223
"T19290","H000013782","Prevenar","R68512",2017-06-21,61.654005,-1.788078,1.086197,463.922175,848.133542,5,31.975521,27.527408,59.073466,61.654005,1.033215,504,33.592784,463.613306,-0.170816,1330,479.331475,1.050578,0.504,NA,4.5589856347
"W28179","H000011373","Prevenar","T22140",2018-02-10,61.951288,-3.726691,1.010534,414.517409,1005.631464,5,33.605767,28.825529,63.211117,61.951288,1.085562,445,33.246891,440.53818,-4.085567,1503,449.984346,0.989321,0.445,NA,4.9851554126
"W11588","H000008135","Prevenar","T22140",2018-02-03,61.951288,-3.726691,1.010534,414.517409,1005.631464,5,33.605767,28.825529,63.211117,61.951288,1.085562,445,33.246891,440.53818,-4.085567,1503,449.984346,0.989321,0.445,NA,4.941937136
"MW1303","H000010932","Prevenar","ML2272",2025-08-08,60.092448,1.654839,0.969465,490.839463,723.712327,4,32.789608,28.119394,65.35298,60.092448,1.079286,503,31.147904,519.082736,0.013135,1332,529.756287,0.949932,0.503,NA,4.9565387509
"RE8411","H000035016","Prevenar","NP3698",2026-07-06,63.817272,-2.623079,1.000613,511.400889,763.329404,4,29.390329,25.358412,60.424508,63.817272,0.90174,475,30.290411,474.982326,-1.722997,1409,461.150597,1.030625,0.475,NA,NA
"X37615","H000008135","Prevenar","T96899",2018-08-26,67.762994,-3.125664,1.052567,446.858998,973.945828,5,35.577797,31.046785,72.224264,67.762994,1.058312,488,36.675621,463.161898,-2.027839,1372,472.91624,1.030857,0.488,NA,4.6453185753
"CL3924","H000014198","Prevenar","AK9284",2019-06-30,65.432855,0.77643,1.075865,482.025832,848.508003,5,34.505048,29.242728,71.489737,65.432855,1.068875,524,35.083322,486.919968,1.354704,1280,515.225296,1.016759,0.524,NA,4.7531530312
"CK6541","H000008090","Prevenar","AR4777",2019-09-18,61.63529,-2.153344,1.057981,423.675414,928.4869,5,34.321696,29.622264,61.973937,61.63529,1.111429,468,34.091165,442.089297,-2.383875,1430,470.884964,0.993283,0.468,NA,4.841457356
"R59712","H000008135","Prevenar","N16564",2016-10-17,122.392609,-9.341401,1.067779,343.607163,846.82729,5,34.017799,29.102507,111.089248,122.392609,1.149362,397,34.171689,371.533438,-9.18751,1682,394.928886,1.004524,0.397,NA,4.4565411745
"G79022","H000002634","Prevenar","G54758",2013-01-10,NA,0.54968,1.038948,461.028192,1035.655056,5,41.076761,35.560654,NA,NA,1.072639,491,40.746561,472.152303,0.219481,1364,494.516915,NA,0.491,83.67,4.478708116
"CM3332","H000008090","Prevenar","AH4664",2019-10-26,65.505339,-1.320358,1.049792,453.216758,925.248195,5,34.577294,29.485938,63.898741,65.505339,1.066689,495,35.386967,471.294977,-0.510685,1353,483.441478,1.023416,0.495,NA,4.6063127407
"DJ2753","H000017723","Prevenar","CM4664",2020-02-25,130.58387,-1.444665,1.088189,506.33642,837.119031,5,32.817526,28.007876,119.341388,130.58387,0.952196,516,35.146739,474.50461,0.884547,1299,482.131654,1.070975,0.516,NA,4.8626876128
"FA1614","H000010932","Prevenar","DX8249",2021-05-21,85.798605,-2.696913,1.042412,458.013773,856.038402,5,32.444295,28.075311,91.495793,85.798605,1.017977,480,33.433844,460.919423,-1.707364,1395,466.247599,1.0305,0.48,NA,NA
"N90841","H000008135","Prevenar","N09129",2016-06-19,62.970138,-0.615118,0.925758,437.553101,917.470149,5,35.56212,30.154184,68.058334,62.970138,1.138392,487,34.795398,526.452876,-1.381841,1375,498.107159,0.97844,0.487,NA,4.7889377723
"FT9265","H000019489","Prevenar","ER8675",2022-04-24,66.014788,0.020749,1.030192,488.998428,836.825464,4,34.292058,26.73329,70.084578,66.014788,1.034567,517,35.069098,502.202643,0.797789,1297,505.901604,1.022659,0.517,NA,NA
"H32094","H000004331","Prevenar","G47397",2013-08-11,NA,NA,0.954138,476.815091,782.467195,4,33.292129,26.874895,NA,NA,1.065813,498,32.647755,522.313804,NA,1345,508.195691,NA,0.498,79.224,4.5881921117
"EL8970","H000017723","Prevenar","DN7269",2020-12-19,60.791805,-0.34525,0.997569,462.060759,850.138172,4,33.28788,28.450827,65.218215,60.791805,1.085976,501,33.227711,502.100511,-0.405418,1337,501.7868,0.998192,0.501,NA,4.9932074682
"HP2981","H000029483","Prevenar","HL5146",NA,67.036426,-2.041426,0.958603,486.654395,759.752913,4,33.355283,28.377419,69.109552,67.036426,0.971399,480,33.894845,501.127663,-1.501864,1395,472.735608,1.016176,0.48,NA,NA
"LC5370","H000013782","Prevenar","HY4070",2024-05-03,53.687831,-1.423237,0.966623,484.716157,681.459091,4,26.341192,22.308636,53.391691,53.687831,0.990012,495,27.178205,512.219197,-0.586225,1353,479.874709,1.031776,0.495,NA,4.9458513823
"M97051","H000007688","Prevenar","M35819",2016-02-17,62.42132,-2.464337,1.114474,432.856533,991.73931,5,33.612162,28.818199,70.078808,62.42132,1.086097,520,37.171986,466.510983,1.095486,1289,470.124072,1.105909,0.52,NA,4.6618249039
"T30312","H000013782","Prevenar","S46080",2017-08-26,60.654689,-2.75564,1.05131,457.890927,913.430939,4,31.425279,26.330625,55.122367,60.654689,1.022064,490,32.932246,466.49981,-1.248674,1367,467.993746,1.047954,0.49,NA,4.6891318189
"DJ2716","H000010932","Prevenar","CM4664",2020-02-09,130.58387,-1.444665,1.088189,506.33642,837.119031,5,32.817526,28.007876,119.341388,130.58387,0.952196,516,35.146739,474.50461,0.884547,1299,482.131654,1.070975,0.516,NA,NA
"ED8313","H000013782","Prevenar","DN7267",2020-11-21,242.768658,0.928219,0.89789,476.266812,835.035033,5,34.045208,28.466187,246.74129,242.768658,1.081102,503,33.288442,560.700652,0.171453,1332,514.892966,0.977772,0.503,NA,4.8070536166
"ED8298","H000008135","Prevenar","DH4040",2020-10-26,62.046377,-0.264834,1.176047,473.066854,810.985266,5,32.792245,27.942793,63.574337,62.046377,1.057097,497,32.558568,422.188891,-0.498511,1348,500.077416,0.992874,0.497,NA,4.6856733858
"FH0023","H000011044","Prevenar","DY9999",2021-07-28,86.784868,-0.172478,1.067374,454.47903,901.009797,5,35.053703,29.599288,87.090522,86.784868,1.095263,487,34.260822,455.805605,-0.965359,1375,497.774213,0.977381,0.487,NA,4.8270230583
"G32829","H000002634","Prevenar","E95727",2012-09-01,NA,-0.267746,1.021866,464.485053,753.702859,NA,34.689343,NA,NA,NA,1.086076,497,34.160692,486.148279,-0.796397,NA,504.46612,NA,NA,67.404,4.7253902005
"GE7257","H000019489","Prevenar","ER8675",2022-05-31,66.014788,0.020749,1.030192,488.998428,836.825464,4,34.292058,26.73329,70.084578,66.014788,1.034567,517,35.069098,502.202643,0.797789,1297,505.901604,1.022659,0.517,NA,NA
"GH5826","H000006081","Prevenar","GA0023",2022-09-12,243.627774,0.913022,1.03637,472.927248,754.147955,4,31.671332,27.160291,260.998383,243.627774,1.089717,526,32.308989,507.282946,1.550679,1275,515.356891,1.020134,0.526,NA,4.7271085865
"LC5391","H000019489","Prevenar","HY4081",2024-05-28,213.278245,-1.189646,1.002018,531.200583,680.163785,4,25.583904,21.183928,205.614761,213.278245,0.911299,523,27.665837,522.42157,0.892287,1282,484.082783,1.081377,0.523,NA,NA
"DW4281","H000006081","Prevenar","CK5010",2020-06-09,63.578159,-0.028981,1.054492,479.728154,827.767767,5,33.834899,28.525514,72.047215,63.578159,1.051486,521,34.946521,494.07693,1.082641,1287,504.427437,1.032854,0.521,NA,4.6388214291
"ED8301","H000006081","Prevenar","DH4040",2020-10-10,62.046377,-0.264834,1.176047,473.066854,810.985266,5,32.792245,27.942793,63.574337,62.046377,1.057097,497,32.558568,422.188891,-0.498511,1348,500.077416,0.992874,0.497,NA,4.7351932846
"FD9112","H000019489","Prevenar","EJ9239",2021-07-22,62.0976,-3.624443,0.997626,444.863474,914.820577,5,31.381547,27.044187,64.165044,62.0976,1.014273,480,33.40266,481.416447,-1.60333,1395,451.213202,1.064405,0.48,NA,NA
"N90904","H000006081","Prevenar","M17975",2016-09-13,64.606459,-0.618228,1.034278,478.076492,856.398056,5,32.957493,27.947262,66.202731,64.606459,1.027154,513,34.461721,496.452999,0.885999,1307,491.058,1.045641,0.513,NA,4.7902199373
"MW1320","H000013782","Prevenar","ML2268",2025-11-20,56.530131,1.144439,1.063308,481.748727,690.702006,4,30.663979,25.681795,51.705699,56.530131,1.084031,514,30.182746,483.430059,0.663205,1304,522.230669,0.984306,0.514,NA,4.5802785944
"N90920","H000011044","Prevenar","N16564",2016-10-10,122.392609,-9.341401,1.067779,343.607163,846.82729,5,34.017799,29.102507,111.089248,122.392609,1.149362,397,34.171689,371.533438,-9.18751,1682,394.928886,1.004524,0.397,NA,4.6979669446
"R59716","H000008135","Prevenar","N16564",2016-10-22,122.392609,-9.341401,1.067779,343.607163,846.82729,5,34.017799,29.102507,111.089248,122.392609,1.149362,397,34.171689,371.533438,-9.18751,1682,394.928886,1.004524,0.397,NA,4.484161535
"J80513","H000004331","Prevenar","J32173",2014-10-07,61.119687,-3.923743,1.128221,426.423622,941.925895,5,30.478116,26.009605,61.144257,61.119687,1.029954,493,34.188142,436.668898,-0.213717,1359,439.196809,1.121728,0.493,NA,4.6622644136
"L36865","H000008135","Prevenar","J78798",2015-01-20,62.050649,0.280077,1.014831,448.540032,917.296394,4,33.302747,28.8147,63.445299,62.050649,1.125576,490,32.293452,482.410549,-0.729219,1367,504.865914,0.969693,0.49,NA,4.7566668861
"AM5982","H000006081","Prevenar","X72418",2019-02-22,62.160063,2.296573,1.035994,528.730691,733.490228,4,32.058202,27.170479,61.285954,62.160063,1.024164,536,31.723946,517.243466,1.962317,1251,541.507144,0.989573,0.536,NA,4.7960755702
"DX5498","H000008135","Prevenar","CK5010",2020-07-23,63.578159,-0.028981,1.054492,479.728154,827.767767,5,33.834899,28.525514,72.047215,63.578159,1.051486,521,34.946521,494.07693,1.082641,1287,504.427437,1.032854,0.521,NA,4.507680404
"EL8860","H000010932","Prevenar","DN7268",2020-12-16,63.589403,-2.047303,1.05339,430.691475,928.977168,5,34.759849,29.442442,65.426952,63.589403,1.102916,474,34.721137,450.43867,-2.086014,1412,475.016515,0.998886,0.474,NA,NA
"G08509","H000002634","Prevenar","E76420",2012-05-31,NA,-0.138139,1.096345,446.051162,886.349444,NA,40.57825,NA,NA,NA,1.131984,496,39.857331,452.368806,-0.859058,NA,504.922973,NA,NA,66.26,4.6071315577
"FT6520","H000011373","Prevenar","EL4564",2022-02-04,62.870245,-4.171869,1.129032,425.179925,913.412598,5,32.778841,26.770252,63.254965,62.870245,1.051907,480,35.170983,425.044588,-1.779728,1395,447.249658,1.072978,0.48,NA,4.7791442908
"N90917","H000011374","Prevenar","N16563",2016-11-14,59.071021,-1.851196,1.086212,393.842269,1049.867896,5,37.061974,32.480262,66.68623,59.071021,1.222542,494,38.054166,455.139895,-0.859004,1356,481.488604,1.026771,0.494,NA,4.558143108
"S89896","H000008090","Prevenar","S18356",2017-08-07,62.50028,-4.402869,1.048133,450.108728,967.073106,4,30.389382,26.353913,61.268943,62.50028,0.981282,470,32.361938,448.753325,-2.430313,1424,441.683782,1.064909,0.47,NA,4.8353673462
"X06690","H000008135","Prevenar","T96858",2018-07-13,61.770939,1.361147,1.06785,500.921452,780.332439,4,32.663766,28.47467,65.467292,61.770939,1.060571,541,33.273927,506.800203,1.971307,1240,531.262816,1.01868,0.541,NA,4.703896555
"FM6060","H000008135","Prevenar","FG0964",2022-01-24,59.762812,0.991521,1.110826,480.058574,769.177947,4,32.068721,27.928774,78.361087,59.762812,1.077357,529,32.806953,476.312452,1.729753,1268,517.194329,1.02302,0.529,NA,4.8552089565
"FP0882","H000013782","Prevenar","FK1709",2021-12-09,62.536627,-1.861424,1.003588,495.506402,809.263994,4,30.163524,25.738061,64.110819,62.536627,0.964824,491,30.970273,489.10807,-1.054675,1364,478.076595,1.026746,0.491,NA,5.0758786916
"S93506","H000011374","Prevenar","S18356",2017-07-30,62.50028,-4.402869,1.048133,450.108728,967.073106,4,30.389382,26.353913,61.268943,62.50028,0.981282,470,32.361938,448.753325,-2.430313,1424,441.683782,1.064909,0.47,NA,NA
"W28239","H000013782","Prevenar","T22129",2018-01-12,59.26698,1.757466,1.027237,515.764274,773.7926,4,30.233697,26.00663,63.538733,59.26698,1.037384,550,31.059992,535.093998,2.583761,1220,535.045387,1.02733,0.55,NA,4.6025203627
"W11592","H000008135","Prevenar","T32890",2018-03-04,62.89265,-0.427637,0.922643,511.886767,839.547029,4,30.491272,26.045009,66.330123,62.89265,0.96321,486,30.038793,526.463475,-0.880116,1378,493.054607,0.98516,0.486,NA,5.1585600716
"X06518","H000006081","Prevenar","T96858",2018-07-06,61.770939,1.361147,1.06785,500.921452,780.332439,4,32.663766,28.47467,65.467292,61.770939,1.060571,541,33.273927,506.800203,1.971307,1240,531.262816,1.01868,0.541,NA,4.7693169835
"CM3128","H000006081","Prevenar","AP7814",2019-09-01,70.869571,0.739647,1.036734,498.155243,898.048372,5,37.177456,31.70106,73.585005,70.869571,1.037133,533,38.342362,513.961904,1.904553,1258,516.653237,1.031334,0.533,NA,4.6904398613
"EA9686","H000010932","Prevenar","DL7832",2020-08-01,62.433319,-2.450911,1.081975,472.355472,863.022402,5,31.117891,26.210608,66.695008,62.433319,0.9903,518,34.443584,478.538571,0.874782,1294,467.773752,1.106874,0.518,NA,NA
"ER9409","H000006081","Prevenar","DT9980",2021-01-29,240.747254,-2.81549,1.064556,465.193913,885.076564,5,31.00393,26.379715,241.689341,240.747254,0.996169,506,33.822245,474.880584,0.002825,1324,463.411868,1.090902,0.506,NA,4.8521626016
"G09779","H000002634","Prevenar","E76420",2012-08-26,NA,-0.138139,1.096345,446.051162,886.349444,NA,40.57825,NA,NA,NA,1.131984,496,39.857331,452.368806,-0.859058,NA,504.922973,NA,NA,66.26,4.556690233
"G79026","H000002634","Prevenar","G54758",2013-01-19,NA,0.54968,1.038948,461.028192,1035.655056,5,41.076761,35.560654,NA,NA,1.072639,491,40.746561,472.152303,0.219481,1364,494.516915,NA,0.491,83.67,4.2535084229
"HG8789","H000019489","Prevenar","HE8771",2023-09-21,62.358391,1.740776,1.037177,510.889166,753.97079,4,31.784185,27.196889,60.115253,62.358391,1.013666,521,31.95047,501.920496,1.90706,1287,517.871131,1.005232,0.521,NA,NA
"LH8150","H000011374","Prevenar","HY4079",2024-05-24,214.863948,-2.90845,1.187845,497.478992,763.691382,4,25.881699,21.995158,214.077937,214.863948,0.91897,476,26.973405,401.106308,-1.816745,1407,457.168338,1.042181,0.476,NA,4.8852437221
"ND1816","H000011802","Prevenar","ML2271",2025-10-14,64.198812,-3.463233,1.013853,422.508109,919.010706,4,34.335649,29.559746,67.842187,64.198812,1.078154,453,34.172325,447.167445,-3.626556,1477,455.528862,0.995243,0.453,NA,4.8536473099
"T37755","H000013782","Prevenar","S18361",2017-08-29,60.161364,-4.420369,1.109279,421.059648,863.577256,5,31.84767,27.859443,65.70041,60.161364,1.057198,485,34.730549,437.615924,-1.537491,1381,445.143213,1.090521,0.485,NA,4.3294407895
"AW6508","H000008135","Prevenar","T96901",2019-04-30,64.116361,-3.678611,1.163209,421.984143,958.597269,5,34.716218,30.342351,60.671767,64.116361,1.082428,488,37.097541,419.613923,-1.297288,1372,456.767391,1.068594,0.488,NA,4.4394211847
"X65740","H000011612","Prevenar","W42920",2018-07-19,60.798414,-1.628491,1.000351,488.233606,793.280489,4,30.316518,26.09918,60.166109,60.798414,0.985377,514,32.396594,513.922643,0.451584,1304,481.094408,1.068612,0.514,NA,4.6922838758
"HF3759","H000010932","Prevenar","HH7691",2023-12-13,61.497368,-3.835749,1.00243,464.299272,766.555749,4,29.829942,25.34636,60.904308,61.497368,0.9577,465,31.204375,464.019919,-2.461317,1439,444.659323,1.046076,0.465,NA,NA
"T59967","H000008135","Prevenar","S63625",2017-08-24,59.627023,0.649922,1.130948,447.441182,896.666123,5,34.481991,29.032917,62.292955,59.627023,1.147849,509,34.180547,450.15761,0.348478,1317,513.594696,0.991258,0.509,NA,4.9408466113
"X06681","H000008135","Prevenar","T96858",2018-06-30,61.770939,1.361147,1.06785,500.921452,780.332439,4,32.663766,28.47467,65.467292,61.770939,1.060571,541,33.273927,506.800203,1.971307,1240,531.262816,1.01868,0.541,NA,4.9074980848
"HG8786","H000019489","Prevenar","HG6423",2023-10-15,62.930205,2.474615,0.955941,551.097148,693.140148,4,31.062925,26.064647,59.335493,62.930205,0.991267,513,29.153926,536.342677,0.565615,1307,546.28433,0.938544,0.513,NA,NA
"L30229","H000008090","Prevenar","L79062",2015-06-21,64.323603,0.619893,1.017309,442.083518,873.926202,5,36.784444,29.371633,61.709021,64.323603,1.153204,510,36.779798,501.075027,0.615247,1314,509.812511,0.999874,0.51,NA,4.7877811919
"M56333","H000006081","Prevenar","M15185",2015-11-20,61.525566,1.472761,1.137656,453.769721,986.064046,5,38.010931,32.611644,65.133552,61.525566,1.1575,533,38.58688,468.680324,2.04871,1258,525.2386,1.015152,0.533,NA,4.4314589119
"GX2936","H000013782","Prevenar","GW0262",2023-05-14,60.925549,2.368034,1.035072,524.903642,762.685617,4,30.894945,26.214702,61.570714,60.925549,1.027865,542,31.05012,523.867151,2.523209,1238,539.530167,1.005023,0.542,NA,4.8602680067
"HF3786","H000017723","Prevenar","HE8771",2023-09-03,62.358391,1.740776,1.037177,510.889166,753.97079,4,31.784185,27.196889,60.115253,62.358391,1.013666,521,31.95047,501.920496,1.90706,1287,517.871131,1.005232,0.521,NA,4.9659276018
"M21965","H000008090","Prevenar","L79063",2015-09-26,84.312106,0.49202,1.094419,468.079155,859.495934,4,34.177712,28.720566,93.316395,84.312106,1.08814,518,34.763902,473.375696,1.07821,1294,509.335706,1.017151,0.518,NA,4.8896037619
"M02670","H000008135","Prevenar","L48683",2015-06-30,68.170928,-0.777667,1.259463,495.810245,899.417248,5,33.446565,28.274253,65.023969,68.170928,0.992466,543,36.905272,431.104293,2.68104,1235,492.074617,1.10341,0.543,NA,4.3477930862
"RC8053","H000033648","Prevenar","MT7675",2026-04-09,62.750223,-2.624336,1.093246,478.09249,791.853634,4,29.949513,25.728721,61.031192,62.750223,0.962045,509,33.125035,465.324573,0.551186,1317,459.946513,1.106029,0.509,NA,NA
"ED8348","H000010932","Prevenar","DN7268",2020-11-27,63.589403,-2.047303,1.05339,430.691475,928.977168,5,34.759849,29.442442,65.426952,63.589403,1.102916,474,34.721137,450.43867,-2.086014,1412,475.016515,0.998886,0.474,NA,5.034
"NM6521","H000033648","Prevenar","MN0484",2026-01-22,64.900711,1.623151,1.108688,513.238392,735.037973,4,33.069201,27.879481,65.280069,64.900711,1.032163,564,35.168792,508.366385,3.722742,1190,529.971307,1.063491,0.564,NA,NA
"GX2795","H000010932","Prevenar","GP4372",2023-06-02,66.729867,0.83654,0.97568,550.697009,747.076653,4,31.20734,27.274916,62.353897,66.729867,0.932329,530,32.189974,542.798555,1.819174,1265,513.430921,1.031487,0.53,NA,NA
"DA1901","H000010932","Prevenar","AD4542",2019-12-02,58.365488,-2.869432,0.986262,457.614142,776.47686,4,29.141307,25.414418,56.879819,58.365488,1.004822,465,29.483213,471.695692,-2.527526,1439,459.820595,1.011733,0.465,NA,NA
"DC5813","H000006081","Prevenar","CH7205",2019-11-19,52.500629,-0.701887,0.996402,400.576483,809.126062,4,32.707113,28.231341,57.75987,52.500629,1.233719,490,32.42771,491.746352,-0.98129,1367,494.198878,0.991457,0.49,NA,4.9256209881
"EA9588","H000008135","Prevenar","DH4040",2020-08-28,62.046377,-0.264834,1.176047,473.066854,810.985266,5,32.792245,27.942793,63.574337,62.046377,1.057097,497,32.558568,422.188891,-0.498511,1348,500.077416,0.992874,0.497,NA,4.7801114095
"FY2987","H000011374","Prevenar","FH7124",2022-04-26,62.358111,-0.765103,0.902219,484.659849,795.224866,4,31.632018,26.1695,67.18166,62.358111,1.017614,470,30.161827,521.241861,-2.235295,1424,493.196835,0.953522,0.47,NA,5.1416430595
"X06521","H000006081","Prevenar","T96858",2018-07-18,61.770939,1.361147,1.06785,500.921452,780.332439,4,32.663766,28.47467,65.467292,61.770939,1.060571,541,33.273927,506.800203,1.971307,1240,531.262816,1.01868,0.541,NA,4.7477442511
"HN7636","H000011044","Prevenar","HM2139",2023-12-27,61.545829,-0.152853,1.032466,490.982287,793.775837,4,31.235138,27.378608,64.746429,61.545829,1.018061,517,32.298569,500.614814,0.910578,1297,499.85003,1.034046,0.517,NA,4.8444876502
"L76760","H000008135","Prevenar","L30021",2015-04-19,61.500913,-1.258806,1.056565,447.324049,909.29533,4,32.725886,27.357044,69.020283,61.500913,1.076315,474,32.232827,448.820149,-1.751865,1412,481.461681,0.984934,0.474,NA,5.2090213787
"L95554","H000006081","Prevenar","L42824",2015-05-07,121.856791,-1.738846,0.956181,448.54073,913.684997,4,32.213794,26.952004,136.482813,121.856791,1.053649,471,32.075706,492.143894,-1.876934,1421,472.604341,0.995713,0.471,NA,5.2885233429
"L67962","H000008090","Prevenar","L45105",2015-04-23,64.613588,-0.459244,1.057603,461.286236,968.614807,5,35.429256,29.90724,67.449943,64.613588,1.077395,503,35.880855,475.9083,-0.007645,1332,496.987347,1.012746,0.503,NA,4.8311746199
"FA5691","H000008135","Prevenar","EC6025",2021-05-23,64.413278,0.608203,1.094115,503.47952,818.941572,5,32.981803,27.834479,59.227053,64.413278,1.015776,521,33.577257,475.868831,1.203657,1287,511.422199,1.018054,0.521,NA,4.7611064459
"G68765","H000002634","Prevenar","G12840",2012-11-30,NA,-2.700135,1.074993,472.396651,1037.954843,5,37.577155,32.637336,NA,NA,1.000847,489,38.831574,454.496079,-1.445716,1370,472.796981,NA,0.489,85.432,4.4169039275
"CL3195","H000013782","Prevenar","AM8995",2019-07-13,134.973795,-2.631222,1.019609,438.712623,984.718467,5,35.944427,31.278156,167.564077,134.973795,1.076482,473,36.035076,464.351719,-2.540573,1415,472.266218,1.002522,0.473,NA,4.8851928668
"DJ2694","H000006081","Prevenar","CM4664",2020-02-08,130.58387,-1.444665,1.088189,506.33642,837.119031,5,32.817526,28.007876,119.341388,130.58387,0.952196,516,35.146739,474.50461,0.884547,1299,482.131654,1.070975,0.516,NA,4.7302895155
"DN3836","H000010932","Prevenar","CW7635",2020-05-16,135.824778,-0.878242,1.160173,501.607577,820.746604,5,32.69185,27.151505,127.995783,135.824778,0.986781,554,36.592519,477.546045,3.022427,1211,494.977025,1.119316,0.554,NA,NA
"HN7734","H000013782","Prevenar","HM2132",2024-01-06,63.334368,-2.770587,1.000358,482.775183,813.454279,4,30.385651,26.008807,63.097857,63.334368,0.949827,478,31.689438,478.057272,-1.4668,1401,458.553058,1.042908,0.478,NA,4.7738539073
"FT6711","H000013782","Prevenar","FD7862",2022-05-23,60.076885,-3.66132,1.100007,422.280276,925.573401,5,32.16259,27.744031,64.598587,60.076885,1.079788,476,33.554923,432.463352,-2.268987,1407,455.973325,1.04329,0.476,NA,4.947252216
"GD0333","H000013782","Prevenar","FX7993",2022-07-24,57.063336,0.139001,1.015522,499.634191,751.006823,4,29.24755,24.945137,60.684866,57.063336,1.017158,515,29.660361,507.502382,0.551812,1302,508.206874,1.014114,0.515,NA,5.0793178728
"H20766","H000004331","Prevenar","G73488",2013-07-07,NA,-2.691426,1.014863,434.944596,915.096816,4,31.819434,27.919514,NA,NA,1.064322,471,32.36804,464.005913,-2.14282,1421,462.921095,NA,0.471,85.108,4.6662779521
"GM8387","H000008135","Prevenar","GG0403",2022-11-27,66.023464,-4.314752,0.932219,517.759764,822.915401,4,27.841246,24.403146,66.36027,66.023464,0.839148,478,30.614483,512.491753,-1.541515,1401,434.476837,1.099609,0.478,NA,4.9542728982
"M21962","H000006081","Prevenar","M15185",2015-11-18,61.525566,1.472761,1.137656,453.769721,986.064046,5,38.010931,32.611644,65.133552,61.525566,1.1575,533,38.58688,468.680324,2.04871,1258,525.2386,1.015152,0.533,NA,4.5733034222
"R59681","H000011374","Prevenar","N69851",2017-03-05,54.839489,-2.555367,1.174254,404.913456,946.225939,4,31.539062,27.702468,51.088035,54.839489,1.156896,472,31.748812,401.580845,-2.345617,1418,468.442568,1.006651,0.472,NA,5.1647308573
"EK9778","H000006081","Prevenar","DL7834",2020-11-09,66.38567,-0.097954,1.00734,466.822298,940.481407,5,35.202347,29.801974,71.76098,66.38567,1.062976,491,34.832843,487.434622,-0.467457,1364,496.221011,0.989503,0.491,NA,4.8767520231
"H99743","H000002634","Prevenar","G35697",2014-01-06,NA,NA,1.038286,461.538462,1051.238529,5,37.713699,31.612563,NA,NA,1.062007,477,36.725,459.706727,NA,1404,490.156898,NA,0.477,84.934,4.2986428438
"GR3695","H000019489","Prevenar","GG0404",2023-01-30,61.729126,-3.325371,0.943335,474.070806,814.988072,4,29.367679,25.319588,61.60561,61.729126,0.952683,446,28.982268,472.485399,-3.710782,1500,451.638992,0.986876,0.446,NA,NA
"H06755","H000004331","Prevenar","G73488",2013-06-14,NA,-2.691426,1.014863,434.944596,915.096816,4,31.819434,27.919514,NA,NA,1.064322,471,32.36804,464.005913,-2.14282,1421,462.921095,NA,0.471,85.108,4.7784650371
"GP3832","H000006081","Prevenar","GA0023",2022-11-13,243.627774,0.913022,1.03637,472.927248,754.147955,4,31.671332,27.160291,260.998383,243.627774,1.089717,526,32.308989,507.282946,1.550679,1275,515.356891,1.020134,0.526,NA,4.8676387782
"M21975","H000006081","Prevenar","L79062",2015-08-30,64.323603,0.619893,1.017309,442.083518,873.926202,5,36.784444,29.371633,61.709021,64.323603,1.153204,510,36.779798,501.075027,0.615247,1314,509.812511,0.999874,0.51,NA,4.5700502497
"LE1003","H000019489","Prevenar","LE1126",2024-07-08,63.375079,0.199086,0.998396,507.577312,776.753386,4,31.588656,26.609924,65.453211,63.375079,0.997316,531,33.121144,531.626202,1.731573,1263,506.214946,1.048514,0.531,NA,NA
"MG4221","H000031244","Prevenar","LY9902",2025-06-17,80.365265,0.372486,1.078711,520.599281,723.595232,4,29.023066,24.368692,74.513857,80.365265,0.970882,529,30.387156,490.582145,1.736576,1268,505.440544,1.047,0.529,NA,NA
"F78146","H000002634","Prevenar","E95727",2012-05-09,NA,-0.267746,1.021866,464.485053,753.702859,NA,34.689343,NA,NA,NA,1.086076,497,34.160692,486.148279,-0.796397,NA,504.46612,NA,NA,67.404,4.7863980277
"T37689","H000008090","Prevenar","S85331",2017-11-13,59.65522,-2.288778,1.095357,426.902562,909.740414,5,32.234263,27.433345,62.961125,59.65522,1.09399,486,33.536732,443.597734,-0.986309,1378,467.027001,1.040406,0.486,NA,4.7207118182
"W88032","H000010932","Prevenar","T49729",2018-05-09,66.01404,1.455474,0.994722,509.898245,850.604312,5,33.851184,28.646618,68.758695,66.01404,1.03959,514,32.810229,516.510678,0.414519,1304,530.085336,0.969249,0.514,NA,NA
"AP3819","H000011374","Prevenar","X37469",2019-02-09,59.157173,-0.3876,1.1634,442.085899,806.79986,5,32.783989,27.505856,57.424309,59.157173,1.118777,520,34.48005,447.12311,1.308461,1289,494.595365,1.051734,0.52,NA,4.6916547371
"GW4144","H000010932","Prevenar","GR5869",2023-04-19,61.458125,-2.330222,1.020598,463.222372,826.955665,4,31.188668,27.576049,61.019817,61.458125,1.005198,480,32.135592,470.084235,-1.383298,1395,465.630084,1.030361,0.48,NA,NA
"W28200","H000008135","Prevenar","T32901",2018-04-26,68.397992,3.799108,0.976168,575.436162,791.21481,4,33.548439,28.375807,69.384401,68.397992,0.987436,566,33.439946,580.195849,3.690615,1186,568.206355,0.996766,0.566,NA,4.8492795691
"W72427","H000006081","Prevenar","T96858",2018-05-22,61.770939,1.361147,1.06785,500.921452,780.332439,4,32.663766,28.47467,65.467292,61.770939,1.060571,541,33.273927,506.800203,1.971307,1240,531.262816,1.01868,0.541,NA,4.8946555151
"X28327","H000008135","Prevenar","T96899",2018-08-11,67.762994,-3.125664,1.052567,446.858998,973.945828,5,35.577797,31.046785,72.224264,67.762994,1.058312,488,36.675621,463.161898,-2.027839,1372,472.91624,1.030857,0.488,NA,4.5194275456
"AM6003","H000008090","Prevenar","AA1759",2019-03-09,216.986458,2.453768,1.010337,505.242527,733.670159,4,31.274738,26.397711,224.46364,216.986458,1.088347,532,30.273988,526.837703,1.453017,1261,549.879252,0.968001,0.532,NA,4.8391304347
"J56522","H000004331","Prevenar","J32173",2014-10-02,61.119687,-3.923743,1.128221,426.423622,941.925895,5,30.478116,26.009605,61.144257,61.119687,1.029954,493,34.188142,436.668898,-0.213717,1359,439.196809,1.121728,0.493,NA,4.5933050728
"W61583","H000011374","Prevenar","T78047",2018-05-13,67.661282,-0.395945,1.040847,489.075952,876.160326,5,34.819375,29.205355,72.703777,67.661282,1.025394,515,35.783011,495.149582,0.56769,1302,501.495723,1.027675,0.515,NA,4.5483713589
"FG4115","H000013782","Prevenar","EC6020",2021-10-05,228.012663,1.173666,1.176285,460.889596,852.708478,5,33.993876,26.805908,226.726164,228.012663,1.133132,545,35.499807,463.649721,2.679597,1231,522.248665,1.0443,0.545,NA,4.6200000001
"CL3196","H000013782","Prevenar","AR4774",2019-07-15,62.472654,-0.146839,1.123807,436.796506,941.136007,5,36.14048,31.260923,65.010539,62.472654,1.157219,496,35.484483,441.618527,-0.802836,1351,505.469053,0.981849,0.496,NA,4.676517265
"EL3808","H000008135","Prevenar","DN7268",2021-01-29,63.589403,-2.047303,1.05339,430.691475,928.977168,5,34.759849,29.442442,65.426952,63.589403,1.102916,474,34.721137,450.43867,-2.086014,1412,475.016515,0.998886,0.474,NA,4.9986655062
"FA1611","H000010932","Prevenar","DX8249",2021-05-14,85.798605,-2.696913,1.042412,458.013773,856.038402,5,32.444295,28.075311,91.495793,85.798605,1.017977,480,33.433844,460.919423,-1.707364,1395,466.247599,1.0305,0.48,NA,NA
"G09769","H000002634","Prevenar","E95727",2012-06-28,NA,-0.267746,1.021866,464.485053,753.702859,NA,34.689343,NA,NA,NA,1.086076,497,34.160692,486.148279,-0.796397,NA,504.46612,NA,NA,67.404,4.587803793
"T19609","H000006081","Prevenar","R68512",2017-07-19,61.654005,-1.788078,1.086197,463.922175,848.133542,5,31.975521,27.527408,59.073466,61.654005,1.033215,504,33.592784,463.613306,-0.170816,1330,479.331475,1.050578,0.504,NA,4.9053681919
"T30273","H000008135","Prevenar","S18356",2017-08-09,62.50028,-4.402869,1.048133,450.108728,967.073106,4,30.389382,26.353913,61.268943,62.50028,0.981282,470,32.361938,448.753325,-2.430313,1424,441.683782,1.064909,0.47,NA,4.6514202727
"H06749","H000004331","Prevenar","G73488",2013-05-31,NA,-2.691426,1.014863,434.944596,915.096816,4,31.819434,27.919514,NA,NA,1.064322,471,32.36804,464.005913,-2.14282,1421,462.921095,NA,0.471,85.108,4.8353937109
"GD0332","H000013782","Prevenar","GD9450",2022-11-02,62.967487,-1.602171,0.978813,470.053126,809.374191,4,31.663149,27.325662,64.406668,62.967487,1.014254,483,32.108939,493.930348,-1.156381,1386,476.753351,1.014079,0.483,NA,4.8029451273
"M56262","H000008090","Prevenar","L79063",2015-11-17,84.312106,0.49202,1.094419,468.079155,859.495934,4,34.177712,28.720566,93.316395,84.312106,1.08814,518,34.763902,473.375696,1.07821,1294,509.335706,1.017151,0.518,NA,4.6909243157
"DW4263","H000008135","Prevenar","AP7814",2020-05-11,70.869571,0.739647,1.036734,498.155243,898.048372,5,37.177456,31.70106,73.585005,70.869571,1.037133,533,38.342362,513.961904,1.904553,1258,516.653237,1.031334,0.533,NA,4.4621731493
"W28203","H000008135","Prevenar","T96858",2018-05-28,61.770939,1.361147,1.06785,500.921452,780.332439,4,32.663766,28.47467,65.467292,61.770939,1.060571,541,33.273927,506.800203,1.971307,1240,531.262816,1.01868,0.541,NA,4.7561441638
"CW1801","H000006081","Prevenar","AP7814",2019-10-05,70.869571,0.739647,1.036734,498.155243,898.048372,5,37.177456,31.70106,73.585005,70.869571,1.037133,533,38.342362,513.961904,1.904553,1258,516.653237,1.031334,0.533,NA,4.6699080358
"M81798","H000008135","Prevenar","M15185",2015-12-02,61.525566,1.472761,1.137656,453.769721,986.064046,5,38.010931,32.611644,65.133552,61.525566,1.1575,533,38.58688,468.680324,2.04871,1258,525.2386,1.015152,0.533,NA,4.477081272
"MG4227","H000031244","Prevenar","MK9451",2025-10-09,63.63609,-1.914999,1.018421,459.092114,821.815009,4,32.73657,27.824368,63.756953,63.63609,1.033555,497,34.312193,488.339322,-0.339376,1348,474.497127,1.04813,0.497,NA,NA
"X98630","H000013782","Prevenar","X37442",2018-11-13,57.010238,-0.531833,0.990663,460.607231,754.974904,4,31.391547,26.815343,57.363194,57.010238,1.08344,472,29.709624,476.753327,-2.213756,1418,499.040092,0.946421,0.472,NA,4.9359598856
"G32834","H000002634","Prevenar","E95727",2012-09-18,NA,-0.267746,1.021866,464.485053,753.702859,NA,34.689343,NA,NA,NA,1.086076,497,34.160692,486.148279,-0.796397,NA,504.46612,NA,NA,67.404,4.9353072773
"L95560","H000008090","Prevenar","L45105",2015-06-08,64.613588,-0.459244,1.057603,461.286236,968.614807,5,35.429256,29.90724,67.449943,64.613588,1.077395,503,35.880855,475.9083,-0.007645,1332,496.987347,1.012746,0.503,NA,4.6826258487
"EL8917","H000010932","Prevenar","DR8862",2021-02-09,62.239352,-2.191854,1.028164,460.045389,857.286233,4,31.725577,26.965099,65.372956,62.239352,1.02746,490,32.885698,476.541344,-1.031733,1367,472.678278,1.036567,0.49,NA,NA
"F76126","H000002634","Prevenar","E76420",2011-12-14,NA,-0.138139,1.096345,446.051162,886.349444,NA,40.57825,NA,NA,NA,1.131984,496,39.857331,452.368806,-0.859058,NA,504.922973,NA,NA,66.26,4.7501870106
"GG9473","H000028394","Prevenar","FX7992",2022-08-14,354.144295,0.460795,0.949937,503.617611,675.014945,3,27.170284,20.603195,381.257686,354.144295,1.015517,508,26.98211,534.656834,0.27262,1319,511.432197,0.993074,0.508,NA,NA
"W72944","H000008090","Prevenar","S63626",2018-04-21,60.593715,-0.940786,1.147718,445.178311,949.481542,5,32.988215,28.536984,62.956174,60.593715,1.096915,517,34.918965,450.375313,0.989965,1297,488.322889,1.058528,0.517,NA,4.3867937373
"HD8383","H000006081","Prevenar","HA3753",2023-07-11,60.04985,0.550779,1.07497,467.841929,759.107754,4,32.833349,27.425714,60.627545,60.04985,1.089497,512,33.008239,476.689795,0.725669,1309,509.712323,1.005327,0.512,NA,4.9258298299
"W15821","H000014198","Prevenar","T22140",2018-01-08,61.951288,-3.726691,1.010534,414.517409,1005.631464,5,33.605767,28.825529,63.211117,61.951288,1.085562,445,33.246891,440.53818,-4.085567,1503,449.984346,0.989321,0.445,NA,4.8934193579
"CL5152","H000011374","Prevenar","AK9284",2019-07-09,65.432855,0.77643,1.075865,482.025832,848.508003,5,34.505048,29.242728,71.489737,65.432855,1.068875,524,35.083322,486.919968,1.354704,1280,515.225296,1.016759,0.524,NA,4.7230620637
"NM6389","H000013782","Prevenar","MN0484",2026-01-08,64.900711,1.623151,1.108688,513.238392,735.037973,4,33.069201,27.879481,65.280069,64.900711,1.032163,564,35.168792,508.366385,3.722742,1190,529.971307,1.063491,0.564,NA,4.968328232
"R59711","H000008135","Prevenar","N16564",2016-09-25,122.392609,-9.341401,1.067779,343.607163,846.82729,5,34.017799,29.102507,111.089248,122.392609,1.149362,397,34.171689,371.533438,-9.18751,1682,394.928886,1.004524,0.397,NA,4.5234410777
"NJ4982","H000013782","Prevenar","ML2268",2025-11-23,56.530131,1.144439,1.063308,481.748727,690.702006,4,30.663979,25.681795,51.705699,56.530131,1.084031,514,30.182746,483.430059,0.663205,1304,522.230669,0.984306,0.514,NA,4.7087119132
"EH7854","H000013782","Prevenar","DL7833",2020-09-30,64.874852,-2.584003,1.074407,467.892209,870.079832,5,33.145477,28.102035,72.980307,64.874852,1.004041,503,35.510638,468.449211,-0.218843,1332,469.783011,1.071357,0.503,NA,4.6993327722
"LH9175","H000028394","Prevenar","LD1812",2024-07-28,72.518036,1.491541,1.060545,527.996773,844.662412,5,35.58782,30.03958,68.056814,72.518036,0.993249,513,34.815956,483.767931,0.719677,1307,524.432246,0.978311,0.513,NA,NA
"W44032","H000013782","Prevenar","T32901",2018-04-15,68.397992,3.799108,0.976168,575.436162,791.21481,4,33.548439,28.375807,69.384401,68.397992,0.987436,566,33.439946,580.195849,3.690615,1186,568.206355,0.996766,0.566,NA,4.8394826413
"LX2591","H000010932","Prevenar","LK1442",2025-01-18,61.820586,0.844744,0.980788,504.590999,726.646124,4,31.602314,26.9639,62.553339,61.820586,1.010343,509,31.543804,518.834399,0.786234,1317,509.810198,0.998149,0.509,NA,NA
"W28191","H000006081","Prevenar","T32901",2018-03-20,68.397992,3.799108,0.976168,575.436162,791.21481,4,33.548439,28.375807,69.384401,68.397992,0.987436,566,33.439946,580.195849,3.690615,1186,568.206355,0.996766,0.566,NA,4.8818244264
"DK2065","H000010932","Prevenar","CM4664",2020-02-15,130.58387,-1.444665,1.088189,506.33642,837.119031,5,32.817526,28.007876,119.341388,130.58387,0.952196,516,35.146739,474.50461,0.884547,1299,482.131654,1.070975,0.516,NA,NA
"EL3811","H000008135","Prevenar","EC6025",2021-03-15,64.413278,0.608203,1.094115,503.47952,818.941572,5,32.981803,27.834479,59.227053,64.413278,1.015776,521,33.577257,475.868831,1.203657,1287,511.422199,1.018054,0.521,NA,4.5965112302
"AM6028","H000010932","Prevenar","AA1759",2019-03-11,216.986458,2.453768,1.010337,505.242527,733.670159,4,31.274738,26.397711,224.46364,216.986458,1.088347,532,30.273988,526.837703,1.453017,1261,549.879252,0.968001,0.532,NA,NA
"CG7425","H000014198","Prevenar","AK9284",2019-06-15,65.432855,0.77643,1.075865,482.025832,848.508003,5,34.505048,29.242728,71.489737,65.432855,1.068875,524,35.083322,486.919968,1.354704,1280,515.225296,1.016759,0.524,NA,4.7355061609
"EL8949","H000011373","Prevenar","DT9980",2021-02-15,240.747254,-2.81549,1.064556,465.193913,885.076564,5,31.00393,26.379715,241.689341,240.747254,0.996169,506,33.822245,474.880584,0.002825,1324,463.411868,1.090902,0.506,NA,4.6764833744
"G96280","H000004331","Prevenar","G54759",2013-03-02,NA,1.344732,1.051104,472.838596,942.917462,5,39.103692,33.372906,NA,NA,1.098767,510,38.372933,485.042735,0.613972,1314,519.539435,NA,0.51,86.161,4.6175088019
"GW4593","H000013782","Prevenar","GR5867",2023-04-29,61.771872,-8.402256,0.95773,421.075791,852.317306,4,28.107914,24.54623,66.454809,61.771872,0.913972,431,31.452145,449.647071,-5.058025,1551,384.851487,1.118978,0.431,NA,4.8592374023
"N73146","H000010932","Prevenar","N69850",2016-11-02,238.533932,1.837882,1.152785,481.426146,775.692925,4,31.627513,27.138146,253.450035,238.533932,1.111183,554,32.764259,480.730858,2.974628,1211,534.952345,1.035942,0.554,NA,NA
"FC0557","H000010932","Prevenar","DT9980",2021-04-17,240.747254,-2.81549,1.064556,465.193913,885.076564,5,31.00393,26.379715,241.689341,240.747254,0.996169,506,33.822245,474.880584,0.002825,1324,463.411868,1.090902,0.506,NA,NA
"EW0928","H000010932","Prevenar","DX8249",2021-05-04,85.798605,-2.696913,1.042412,458.013773,856.038402,5,32.444295,28.075311,91.495793,85.798605,1.017977,480,33.433844,460.919423,-1.707364,1395,466.247599,1.0305,0.48,NA,NA
"FF8240","H000019489","Prevenar","EJ9239",2021-07-30,62.0976,-3.624443,0.997626,444.863474,914.820577,5,31.381547,27.044187,64.165044,62.0976,1.014273,480,33.40266,481.416447,-1.60333,1395,451.213202,1.064405,0.48,NA,NA
"GJ2986","H000019252","Prevenar","FH2529",2022-07-30,65.084653,-2.179892,1.117642,477.34659,867.190963,5,31.79994,27.255853,67.007835,65.084653,0.983088,506,34.302457,452.921054,0.322625,1324,469.273929,1.078696,0.506,NA,4.9393333718
"G66317","H000002634","Prevenar","G58046",2013-05-05,NA,-5.674894,1.073927,425.995463,968.931716,4,28.260756,24.652221,NA,NA,0.970245,453,30.977488,421.865716,-2.958162,1477,413.320088,NA,0.453,86.947,4.889233604
"H75720","H000004331","Prevenar","H28300",2013-11-15,NA,0.96342,1.011062,487.250115,840.123992,4,32.983249,28.680531,NA,NA,1.047633,483,31.230001,478.037367,-0.789828,1386,510.459099,NA,0.483,83.959,4.9393533437
"HF3766","H000011374","Prevenar","HE8771",2023-09-02,62.358391,1.740776,1.037177,510.889166,753.97079,4,31.784185,27.196889,60.115253,62.358391,1.013666,521,31.95047,501.920496,1.90706,1287,517.871131,1.005232,0.521,NA,4.9886328707
"J70880","H000004331","Prevenar","J41760",2014-11-05,59.899505,-1.340333,1.116513,448.431329,920.215522,5,31.708946,26.707947,60.965702,59.899505,1.090967,513,33.232381,459.222873,0.183103,1307,489.223734,1.048044,0.513,NA,4.4380737396
"J70875","H000004331","Prevenar","J41760",2014-11-01,59.899505,-1.340333,1.116513,448.431329,920.215522,5,31.708946,26.707947,60.965702,59.899505,1.090967,513,33.232381,459.222873,0.183103,1307,489.223734,1.048044,0.513,NA,4.839719463
"W15822","H000014198","Prevenar","T78047",2018-06-02,67.661282,-0.395945,1.040847,489.075952,876.160326,5,34.819375,29.205355,72.703777,67.661282,1.025394,515,35.783011,495.149582,0.56769,1302,501.495723,1.027675,0.515,NA,4.6468505502
"EL8956","H000013782","Prevenar","DN7269",2021-04-29,60.791805,-0.34525,0.997569,462.060759,850.138172,4,33.28788,28.450827,65.218215,60.791805,1.085976,501,33.227711,502.100511,-0.405418,1337,501.7868,0.998192,0.501,NA,4.9907138211
"FT0525","H000011374","Prevenar","EL4564",2022-02-12,62.870245,-4.171869,1.129032,425.179925,913.412598,5,32.778841,26.770252,63.254965,62.870245,1.051907,480,35.170983,425.044588,-1.779728,1395,447.249658,1.072978,0.48,NA,4.6684292989
"GC1485","H000006081","Prevenar","FH7124",2022-06-28,62.358111,-0.765103,0.902219,484.659849,795.224866,4,31.632018,26.1695,67.18166,62.358111,1.017614,470,30.161827,521.241861,-2.235295,1424,493.196835,0.953522,0.47,NA,4.9752633611
"H26118","H000002634","Prevenar","G73488",2013-09-02,NA,-2.691426,1.014863,434.944596,915.096816,4,31.819434,27.919514,NA,NA,1.064322,471,32.36804,464.005913,-2.14282,1421,462.921095,NA,0.471,85.108,4.7065885859
"GR3690","H000019489","Prevenar","GG0404",2023-01-23,61.729126,-3.325371,0.943335,474.070806,814.988072,4,29.367679,25.319588,61.60561,61.729126,0.952683,446,28.982268,472.485399,-3.710782,1500,451.638992,0.986876,0.446,NA,NA
"L22463","H000006081","Prevenar","J40102",2014-12-18,68.616295,-7.646211,1.058072,380.014544,927.675451,5,36.18753,30.528674,75.638394,68.616295,1.098533,426,36.936993,402.717355,-6.896748,1569,417.45837,1.020711,0.426,NA,4.5065625157
"M02674","H000008135","Prevenar","L48683",2015-07-19,68.170928,-0.777667,1.259463,495.810245,899.417248,5,33.446565,28.274253,65.023969,68.170928,0.992466,543,36.905272,431.104293,2.68104,1235,492.074617,1.10341,0.543,NA,4.3982874845
"AH5719","H000006081","Prevenar","X37469",2018-12-24,59.157173,-0.3876,1.1634,442.085899,806.79986,5,32.783989,27.505856,57.424309,59.157173,1.118777,520,34.48005,447.12311,1.308461,1289,494.595365,1.051734,0.52,NA,NA
"CR3650","H000017723","Prevenar","AK9283",2019-10-25,72.978312,-0.810262,1.149765,464.71745,963.990132,5,38.925437,33.151201,70.767134,72.978312,1.067073,516,40.511598,448.869514,0.7759,1299,495.88755,1.040749,0.516,NA,4.5319494751
"DK2068","H000013782","Prevenar","CM4664",2020-03-03,130.58387,-1.444665,1.088189,506.33642,837.119031,5,32.817526,28.007876,119.341388,130.58387,0.952196,516,35.146739,474.50461,0.884547,1299,482.131654,1.070975,0.516,NA,4.8489635613
"HF3776","H000013782","Prevenar","HH5375",2023-10-31,57.915968,-1.811938,1.005877,489.242685,749.253378,4,27.959632,24.102708,59.833184,57.915968,0.960419,496,29.488765,492.680327,-0.282805,1351,469.877926,1.054691,0.496,NA,4.8662246619
"L57948","H000008135","Prevenar","J78798",2015-03-16,62.050649,0.280077,1.014831,448.540032,917.296394,4,33.302747,28.8147,63.445299,62.050649,1.125576,490,32.293452,482.410549,-0.729219,1367,504.865914,0.969693,0.49,NA,5.037363543
"J04274","H000002634","Prevenar","G36303",2014-04-22,NA,-3.077487,0.977689,495.9861,862.002025,4,33.630112,28.088082,NA,NA,0.938712,477,34.489178,488.377695,-2.218422,1404,465.588091,NA,0.477,63.075,4.6277658685
"GH5615","H000019489","Prevenar","GC8819",2022-09-23,239.279018,-0.190217,1.001692,493.736183,853.271408,4,31.487403,27.028059,246.969399,239.279018,1.01242,511,32.191572,510.183849,0.513952,1312,499.868402,1.022364,0.511,NA,NA
"GT1714","H000028394","Prevenar","GR5868",2023-04-04,60.107647,-2.35122,0.973563,440.47619,815.383287,4,31.693831,27.611063,65.324897,60.107647,1.058078,471,31.996846,483.290567,-2.048205,1421,466.058192,1.009561,0.471,NA,NA
"GG4395","H000013782","Prevenar","GA0023",2022-10-04,243.627774,0.913022,1.03637,472.927248,754.147955,4,31.671332,27.160291,260.998383,243.627774,1.089717,526,32.308989,507.282946,1.550679,1275,515.356891,1.020134,0.526,NA,4.8561077076
"LJ1168","H000032244","Prevenar","HY2170",2024-06-30,56.977769,-0.937878,1.064125,464.338005,747.545124,4,29.588361,25.480903,58.735009,56.977769,1.047077,505,30.73896,474.666516,0.21272,1327,486.19758,1.038887,0.505,NA,NA
"L95545","H000008135","Prevenar","L45106",2015-05-17,261.410018,-0.062326,1.114868,486.097093,848.147373,4,32.091273,27.666208,282.41785,261.410018,1.034997,516,32.914149,462.843953,0.76055,1299,503.109121,1.025642,0.516,NA,4.6869337084
"R59678","H000011374","Prevenar","N16564",2016-10-30,122.392609,-9.341401,1.067779,343.607163,846.82729,5,34.017799,29.102507,111.089248,122.392609,1.149362,397,34.171689,371.533438,-9.18751,1682,394.928886,1.004524,0.397,NA,4.6045614035
"ER3833","H000017723","Prevenar","EC6025",2021-06-20,64.413278,0.608203,1.094115,503.47952,818.941572,5,32.981803,27.834479,59.227053,64.413278,1.015776,521,33.577257,475.868831,1.203657,1287,511.422199,1.018054,0.521,NA,4.6411099032
"GE5840","H000011374","Prevenar","FK1709",2022-08-14,62.536627,-1.861424,1.003588,495.506402,809.263994,4,30.163524,25.738061,64.110819,62.536627,0.964824,491,30.970273,489.10807,-1.054675,1364,478.076595,1.026746,0.491,NA,4.7423202729
"GG1742","H000028394","Prevenar","FX7992",2022-06-25,354.144295,0.460795,0.949937,503.617611,675.014945,3,27.170284,20.603195,381.257686,354.144295,1.015517,508,26.98211,534.656834,0.27262,1319,511.432197,0.993074,0.508,NA,NA
"J13976","H000004331","Prevenar","H82826",2014-04-03,67.855238,4.843428,1.024424,505.786481,770.155864,5,36.565419,30.424518,71.581789,67.855238,1.143143,539,34.070424,525.890174,2.348433,1244,578.186333,NA,0.539,NA,4.5898832994
"EL8876","H000010932","Prevenar","DR8862",2021-01-12,62.239352,-2.191854,1.028164,460.045389,857.286233,4,31.725577,26.965099,65.372956,62.239352,1.02746,490,32.885698,476.541344,-1.031733,1367,472.678278,1.036567,0.49,NA,NA
"FM6227","H000011044","Prevenar","EL4563",2021-12-14,59.518587,-0.350637,1.068908,425.487754,885.631924,5,34.866744,29.21117,66.032881,59.518587,1.166149,498,35.020894,466.247317,-0.196486,1345,496.181937,1.004421,0.498,NA,4.5564334811
"FF8655","H000008135","Prevenar","EP5316",2021-08-09,79.297464,-0.191429,1.016272,464.122508,775.332768,4,32.200649,28.215438,83.052815,79.297464,1.084145,493,31.553428,485.168144,-0.83865,1359,503.176228,0.9799,0.493,NA,4.9927072804
"CM3163","H000011374","Prevenar","AR4776",2019-08-13,64.754958,0.803996,1.014915,502.773764,746.706736,4,33.414428,28.651177,69.278737,64.754958,1.041402,530,33.81202,522.033767,1.201589,1265,523.589551,1.011899,0.53,NA,4.8114382351
"CR3646","H000013782","Prevenar","CA6639",2019-11-05,86.628641,-1.778646,1.058774,489.267677,803.021974,4,30.425974,26.535274,82.808497,86.628641,0.977355,498,31.689571,470.400418,-0.515049,1345,478.188329,1.04153,0.498,NA,4.8818157356
"EL8877","H000010932","Prevenar","DR8862",2021-01-18,62.239352,-2.191854,1.028164,460.045389,857.286233,4,31.725577,26.965099,65.372956,62.239352,1.02746,490,32.885698,476.541344,-1.031733,1367,472.678278,1.036567,0.49,NA,NA
"FA5695","H000008135","Prevenar","EP5316",2021-07-19,79.297464,-0.191429,1.016272,464.122508,775.332768,4,32.200649,28.215438,83.052815,79.297464,1.084145,493,31.553428,485.168144,-0.83865,1359,503.176228,0.9799,0.493,NA,5.0281094592
"H32093","H000004331","Prevenar","G47397",2013-08-09,NA,NA,0.954138,476.815091,782.467195,4,33.292129,26.874895,NA,NA,1.065813,498,32.647755,522.313804,NA,1345,508.195691,NA,0.498,79.224,4.6887893494
"L70470","H000008135","Prevenar","J78798",2015-03-19,62.050649,0.280077,1.014831,448.540032,917.296394,4,33.302747,28.8147,63.445299,62.050649,1.125576,490,32.293452,482.410549,-0.729219,1367,504.865914,0.969693,0.49,NA,4.9192528935
"L30218","H000008090","Prevenar","L45105",2015-06-13,64.613588,-0.459244,1.057603,461.286236,968.614807,5,35.429256,29.90724,67.449943,64.613588,1.077395,503,35.880855,475.9083,-0.007645,1332,496.987347,1.012746,0.503,NA,4.6607184856
"HE3213","H000006081","Prevenar","HE8772",2023-08-09,62.356345,0.815105,1.015579,523.781236,709.883595,4,31.309866,26.826559,61.381482,62.356345,0.979885,530,32.344615,522.074355,1.849854,1265,513.245611,1.033049,0.53,NA,4.7647117331
"AF5850","H000006081","Prevenar","X37442",2018-11-24,57.010238,-0.531833,0.990663,460.607231,754.974904,4,31.391547,26.815343,57.363194,57.010238,1.08344,472,29.709624,476.753327,-2.213756,1418,499.040092,0.946421,0.472,NA,4.9799416446
"G96277","H000004331","Prevenar","G54759",2013-02-26,NA,1.344732,1.051104,472.838596,942.917462,5,39.103692,33.372906,NA,NA,1.098767,510,38.372933,485.042735,0.613972,1314,519.539435,NA,0.51,86.161,4.7626039357
"L30241","H000006081","Prevenar","J78798",2015-01-15,62.050649,0.280077,1.014831,448.540032,917.296394,4,33.302747,28.8147,63.445299,62.050649,1.125576,490,32.293452,482.410549,-0.729219,1367,504.865914,0.969693,0.49,NA,4.9303166284
"N31259","H000008135","Prevenar","M93128",2016-04-21,65.708208,-0.030354,1.139152,516.482287,801.231362,4,31.783987,24.589214,65.548642,65.708208,0.967547,520,33.075918,456.509158,1.261577,1289,499.721052,1.040647,0.52,NA,4.9614468085
"NA0070","H000010932","Prevenar","MK9451",2025-09-24,63.63609,-1.914999,1.018421,459.092114,821.815009,4,32.73657,27.824368,63.756953,63.63609,1.033555,497,34.312193,488.339322,-0.339376,1348,474.497127,1.04813,0.497,NA,4.4201765904
"W09460","H000011373","Prevenar","S85331",2017-12-09,59.65522,-2.288778,1.095357,426.902562,909.740414,5,32.234263,27.433345,62.961125,59.65522,1.09399,486,33.536732,443.597734,-0.986309,1378,467.027001,1.040406,0.486,NA,4.7743054466
"CM3133","H000008135","Prevenar","AP7814",2019-09-15,70.869571,0.739647,1.036734,498.155243,898.048372,5,37.177456,31.70106,73.585005,70.869571,1.037133,533,38.342362,513.961904,1.904553,1258,516.653237,1.031334,0.533,NA,4.6114995868
"ER3798","H000010932","Prevenar","DT9980",2021-03-28,240.747254,-2.81549,1.064556,465.193913,885.076564,5,31.00393,26.379715,241.689341,240.747254,0.996169,506,33.822245,474.880584,0.002825,1324,463.411868,1.090902,0.506,NA,NA
"EL8943","H000011044","Prevenar","DT9980",2021-02-12,240.747254,-2.81549,1.064556,465.193913,885.076564,5,31.00393,26.379715,241.689341,240.747254,0.996169,506,33.822245,474.880584,0.002825,1324,463.411868,1.090902,0.506,NA,4.5950478969
"H31652","H000004331","Prevenar","G73488",2013-08-02,NA,-2.691426,1.014863,434.944596,915.096816,4,31.819434,27.919514,NA,NA,1.064322,471,32.36804,464.005913,-2.14282,1421,462.921095,NA,0.471,85.108,4.7479298937
"H87770","H000002634","Prevenar","H22514",2013-12-10,NA,-0.200881,0.946103,531.521049,803.955547,5,33.415891,28.094447,NA,NA,0.948122,489,32.456007,517.354207,-1.160764,1370,503.94666,NA,0.489,86.339,5.0333167868
"GX2947","H000019489","Prevenar","HA3751",2023-06-09,NA,NA,1.04448,431.854414,494.70778,3,NA,15.904008,39.515324,NA,0.95826,461,NA,441.262483,NA,1452,413.828728,1.113722,0.461,NA,NA
"EA9687","H000010932","Prevenar","DL7832",2020-08-08,62.433319,-2.450911,1.081975,472.355472,863.022402,5,31.117891,26.210608,66.695008,62.433319,0.9903,518,34.443584,478.538571,0.874782,1294,467.773752,1.106874,0.518,NA,NA
"FD0335","H000019489","Prevenar","EJ9239",2021-05-07,62.0976,-3.624443,0.997626,444.863474,914.820577,5,31.381547,27.044187,64.165044,62.0976,1.014273,480,33.40266,481.416447,-1.60333,1395,451.213202,1.064405,0.48,NA,NA
"GN0388","H000019489","Prevenar","GD9452",2022-11-07,246.409191,0.975702,1.00751,514.690396,756.746341,4,32.277322,27.633533,241.625218,246.409191,1.00536,505,31.519262,501.529982,0.217642,1327,517.44906,0.976514,0.505,NA,NA
"M02684","H000008090","Prevenar","L79062",2015-07-26,64.323603,0.619893,1.017309,442.083518,873.926202,5,36.784444,29.371633,61.709021,64.323603,1.153204,510,36.779798,501.075027,0.615247,1314,509.812511,0.999874,0.51,NA,4.6774244106
"M45741","H000008135","Prevenar","L96629",2015-09-14,62.200947,0.549904,1.032572,474.464061,903.442662,5,33.228665,27.990028,58.211348,62.200947,1.078021,508,32.99185,491.817613,0.313089,1319,511.482405,0.992873,0.508,NA,5.0419264586
"LM4796","H000010932","Prevenar","LE1126",2024-07-25,63.375079,0.199086,0.998396,507.577312,776.753386,4,31.588656,26.609924,65.453211,63.375079,0.997316,531,33.121144,531.626202,1.731573,1263,506.214946,1.048514,0.531,NA,NA
"MW1302","H000010932","Prevenar","ML2268",2025-10-31,56.530131,1.144439,1.063308,481.748727,690.702006,4,30.663979,25.681795,51.705699,56.530131,1.084031,514,30.182746,483.430059,0.663205,1304,522.230669,0.984306,0.514,NA,4.8740128014
"N04276","H000007688","Prevenar","N09127",2016-03-12,59.724374,-3.326345,1.153861,408.346745,984.446274,5,33.648783,27.672969,62.859807,59.724374,1.099893,496,37.133314,429.55653,0.158186,1351,449.137644,1.103556,0.496,NA,4.1008975845
"T37737","H000010932","Prevenar","S18706",2017-08-11,55.050263,-2.338481,0.995421,495.306615,786.918674,4,26.167819,22.480342,51.734288,55.050263,0.935743,509,28.740769,511.392686,0.234469,1317,463.479514,1.098325,0.509,NA,NA
"AP9874","H000011374","Prevenar","AA1759",2019-03-08,216.986458,2.453768,1.010337,505.242527,733.670159,4,31.274738,26.397711,224.46364,216.986458,1.088347,532,30.273988,526.837703,1.453017,1261,549.879252,0.968001,0.532,NA,4.9186858296
"G96279","H000004331","Prevenar","G12840",2013-03-08,NA,-2.700135,1.074993,472.396651,1037.954843,5,37.577155,32.637336,NA,NA,1.000847,489,38.831574,454.496079,-1.445716,1370,472.796981,NA,0.489,85.432,4.3787696019
"HJ6205","H000017723","Prevenar","HA3753",2023-08-06,60.04985,0.550779,1.07497,467.841929,759.107754,4,32.833349,27.425714,60.627545,60.04985,1.089497,512,33.008239,476.689795,0.725669,1309,509.712323,1.005327,0.512,NA,5.0408200392
"HN7638","H000011044","Prevenar","HM2139",2024-01-05,61.545829,-0.152853,1.032466,490.982287,793.775837,4,31.235138,27.378608,64.746429,61.545829,1.018061,517,32.298569,500.614814,0.910578,1297,499.85003,1.034046,0.517,NA,4.6581151264
"L95558","H000008090","Prevenar","L45104",2015-05-14,266.044035,-2.120511,1.102751,466.508331,895.434246,5,32.578948,27.464306,293.091016,266.044035,1.007276,496,34.394733,449.868146,-0.304726,1351,469.902747,1.055735,0.496,NA,4.8252867605
"LJ1149","H000028394","Prevenar","LD1814",2024-08-21,58.034185,-0.704686,1.057424,458.874459,781.2539,4,31.704253,27.33337,67.924859,58.034185,1.069809,479,30.961471,453.372237,-1.447469,1398,490.908087,0.976572,0.479,NA,NA
"ER3823","H000011044","Prevenar","DR8862",2021-03-19,62.239352,-2.191854,1.028164,460.045389,857.286233,4,31.725577,26.965099,65.372956,62.239352,1.02746,490,32.885698,476.541344,-1.031733,1367,472.678278,1.036567,0.49,NA,4.9948825548
"FA1615","H000010932","Prevenar","DX8249",2021-05-30,85.798605,-2.696913,1.042412,458.013773,856.038402,5,32.444295,28.075311,91.495793,85.798605,1.017977,480,33.433844,460.919423,-1.707364,1395,466.247599,1.0305,0.48,NA,NA
"G89765","H000002634","Prevenar","G54758",2013-02-08,NA,0.54968,1.038948,461.028192,1035.655056,5,41.076761,35.560654,NA,NA,1.072639,491,40.746561,472.152303,0.219481,1364,494.516915,NA,0.491,83.67,4.4384344819
"HA2735","H000013782","Prevenar","HA3752",2023-07-02,59.075268,-2.906437,0.910894,486.384475,762.195464,4,28.019593,23.713906,63.22036,59.075268,0.93581,476,29.31808,522.84503,-1.607949,1407,455.163315,1.046342,0.476,NA,5.4088946796
"N90926","H000008135","Prevenar","M17975",2016-08-25,64.606459,-0.618228,1.034278,478.076492,856.398056,5,32.957493,27.947262,66.202731,64.606459,1.027154,513,34.461721,496.452999,0.885999,1307,491.058,1.045641,0.513,NA,4.8760592524
"EP6167","H000010932","Prevenar","DR8862",2021-01-15,62.239352,-2.191854,1.028164,460.045389,857.286233,4,31.725577,26.965099,65.372956,62.239352,1.02746,490,32.885698,476.541344,-1.031733,1367,472.678278,1.036567,0.49,NA,NA
"FY2980","H000006081","Prevenar","FG0964",2022-04-13,59.762812,0.991521,1.110826,480.058574,769.177947,4,32.068721,27.928774,78.361087,59.762812,1.077357,529,32.806953,476.312452,1.729753,1268,517.194329,1.02302,0.529,NA,4.6481590004
"HH6723","H000013782","Prevenar","HA3753",2023-07-28,60.04985,0.550779,1.07497,467.841929,759.107754,4,32.833349,27.425714,60.627545,60.04985,1.089497,512,33.008239,476.689795,0.725669,1309,509.712323,1.005327,0.512,NA,4.9778664904
"HN7634","H000011044","Prevenar","HM2137",2023-12-23,65.97804,-2.689496,1.037176,499.384688,811.826119,4,31.015853,26.925567,61.17437,65.97804,0.927732,488,32.697461,470.907495,-1.007888,1372,463.295106,1.054218,0.488,NA,4.841882536
"HX9341","H000017723","Prevenar","HT1790",2024-04-16,66.119907,-2.443174,0.996873,482.39626,838.594671,4,31.519327,27.502445,65.377751,66.119907,0.964857,476,32.223323,477.332214,-1.739179,1407,465.443542,1.022335,0.476,NA,4.7956378601
"M48083","H000007053","Prevenar","L79063",2015-09-12,84.312106,0.49202,1.094419,468.079155,859.495934,4,34.177712,28.720566,93.316395,84.312106,1.08814,518,34.763902,473.375696,1.07821,1294,509.335706,1.017151,0.518,NA,4.8712179348
"GH5828","H000014198","Prevenar","GD9450",2022-10-13,62.967487,-1.602171,0.978813,470.053126,809.374191,4,31.663149,27.325662,64.406668,62.967487,1.014254,483,32.108939,493.930348,-1.156381,1386,476.753351,1.014079,0.483,NA,4.8541102198
"LC5374","H000013782","Prevenar","HY4081",2024-06-03,213.278245,-1.189646,1.002018,531.200583,680.163785,4,25.583904,21.183928,205.614761,213.278245,0.911299,523,27.665837,522.42157,0.892287,1282,484.082783,1.081377,0.523,NA,4.883374895
"M56328","H000007688","Prevenar","L79063",2015-10-25,84.312106,0.49202,1.094419,468.079155,859.495934,4,34.177712,28.720566,93.316395,84.312106,1.08814,518,34.763902,473.375696,1.07821,1294,509.335706,1.017151,0.518,NA,4.730779273
"M21955","H000008135","Prevenar","L79064",2015-08-14,65.310356,-0.840442,1.067175,469.288,894.864967,5,34.199609,29.174496,68.156104,65.310356,1.046792,514,35.814438,482.059728,0.774388,1304,491.246722,1.047218,0.514,NA,4.400830845
"NM6457","H000031244","Prevenar","MN0484",2026-01-13,64.900711,1.623151,1.108688,513.238392,735.037973,4,33.069201,27.879481,65.280069,64.900711,1.032163,564,35.168792,508.366385,3.722742,1190,529.971307,1.063491,0.564,NA,NA
"N34087","H000008135","Prevenar","N09129",2016-06-04,62.970138,-0.615118,0.925758,437.553101,917.470149,5,35.56212,30.154184,68.058334,62.970138,1.138392,487,34.795398,526.452876,-1.381841,1375,498.107159,0.97844,0.487,NA,4.8741111473
"AW6823","H000013782","Prevenar","AD4535",2019-04-18,69.896747,1.541128,1.042156,520.208112,789.545931,4,35.859248,30.624444,61.939544,69.896747,1.019282,510,34.481654,489.243978,0.163535,1314,530.23874,0.961583,0.51,NA,4.8512896001
"DK2113","H000011044","Prevenar","CM4665",2020-03-08,122.584051,0.395648,0.996275,530.725169,781.556281,4,31.264067,26.978661,132.332351,122.584051,0.970453,540,32.802932,542.415814,1.934513,1242,515.043885,1.049222,0.54,NA,4.6408238673
"FJ5976","H000011044","Prevenar","DY9999",2021-09-14,86.784868,-0.172478,1.067374,454.47903,901.009797,5,35.053703,29.599288,87.090522,86.784868,1.095263,487,34.260822,455.805605,-0.965359,1375,497.774213,0.977381,0.487,NA,4.9163221055
"GH5806","H000017723","Prevenar","FT3580",2022-08-20,61.125927,3.999049,1.071202,519.051954,741.173785,4,34.42756,29.287871,64.194495,61.125927,1.11186,573,34.200551,535.200709,3.772041,1172,577.113192,0.993406,0.573,NA,4.6757509489
"G09777","H000002634","Prevenar","E95727",2012-08-18,NA,-0.267746,1.021866,464.485053,753.702859,NA,34.689343,NA,NA,NA,1.086076,497,34.160692,486.148279,-0.796397,NA,504.46612,NA,NA,67.404,4.6467370066
"FT9256","H000011374","Prevenar","EL4564",2022-03-31,62.870245,-4.171869,1.129032,425.179925,913.412598,5,32.778841,26.770252,63.254965,62.870245,1.051907,480,35.170983,425.044588,-1.779728,1395,447.249658,1.072978,0.48,NA,4.7773525487
"G09788","H000002634","Prevenar","E95727",2012-07-11,NA,-0.267746,1.021866,464.485053,753.702859,NA,34.689343,NA,NA,NA,1.086076,497,34.160692,486.148279,-0.796397,NA,504.46612,NA,NA,67.404,4.6874067736
"FL8876","H000006081","Prevenar","EP5316",2021-11-11,79.297464,-0.191429,1.016272,464.122508,775.332768,4,32.200649,28.215438,83.052815,79.297464,1.084145,493,31.553428,485.168144,-0.83865,1359,503.176228,0.9799,0.493,NA,5.1818117618
"GH5587","H000010932","Prevenar","GA0023",2022-10-17,243.627774,0.913022,1.03637,472.927248,754.147955,4,31.671332,27.160291,260.998383,243.627774,1.089717,526,32.308989,507.282946,1.550679,1275,515.356891,1.020134,0.526,NA,NA
"GD0321","H000013782","Prevenar","FH2529",2022-07-18,65.084653,-2.179892,1.117642,477.34659,867.190963,5,31.79994,27.255853,67.007835,65.084653,0.983088,506,34.302457,452.921054,0.322625,1324,469.273929,1.078696,0.506,NA,4.9584195352
"GF1165","H000011373","Prevenar","FK1709",2022-08-10,62.536627,-1.861424,1.003588,495.506402,809.263994,4,30.163524,25.738061,64.110819,62.536627,0.964824,491,30.970273,489.10807,-1.054675,1364,478.076595,1.026746,0.491,NA,4.9439959917
"H22367","H000007053","Prevenar","G35697",2014-02-06,NA,NA,1.038286,461.538462,1051.238529,5,37.713699,31.612563,NA,NA,1.062007,477,36.725,459.706727,NA,1404,490.156898,NA,0.477,84.934,4.3306016705
"GM8396","H000011044","Prevenar","GD9452",2022-12-16,246.409191,0.975702,1.00751,514.690396,756.746341,4,32.277322,27.633533,241.625218,246.409191,1.00536,505,31.519262,501.529982,0.217642,1327,517.44906,0.976514,0.505,NA,4.6857051318
"J27346","H000004331","Prevenar","H89699",2014-05-05,NA,-1.057727,1.023026,444.466673,913.314002,5,34.522992,29.396729,NA,NA,1.087588,470,33.59837,459.861109,-1.982349,1424,483.396437,0.973217,0.47,NA,4.9257520146
"M32474","H000008135","Prevenar","L96629",2015-09-18,62.200947,0.549904,1.032572,474.464061,903.442662,5,33.228665,27.990028,58.211348,62.200947,1.078021,508,32.99185,491.817613,0.313089,1319,511.482405,0.992873,0.508,NA,5.1222598816
"DW4271","H000014198","Prevenar","DE6984",2020-06-03,58.757254,-0.776643,0.962751,460.792239,763.166768,4,32.106257,26.487184,63.9533,58.757254,1.0805,484,31.200593,502.561236,-1.682307,1384,497.886106,0.971792,0.484,NA,4.9733274112
"EH7868","H000017723","Prevenar","DH4040",2020-10-02,62.046377,-0.264834,1.176047,473.066854,810.985266,5,32.792245,27.942793,63.574337,62.046377,1.057097,497,32.558568,422.188891,-0.498511,1348,500.077416,0.992874,0.497,NA,4.7909773984
"ER3800","H000010932","Prevenar","DX8248",2021-04-04,120.573718,-1.10075,1.088201,468.455468,840.447177,5,33.68969,28.85899,127.487513,120.573718,1.050541,515,35.257346,473.287229,0.466907,1302,492.131533,1.046532,0.515,NA,NA
"GT9408","H000019489","Prevenar","GD9452",2023-01-07,246.409191,0.975702,1.00751,514.690396,756.746341,4,32.277322,27.633533,241.625218,246.409191,1.00536,505,31.519262,501.529982,0.217642,1327,517.44906,0.976514,0.505,NA,NA
"HN7782","H000032244","Prevenar","HM2123",2024-01-26,60.255475,1.402186,0.970289,543.320557,678.280357,4,29.172477,24.267545,64.256708,60.255475,0.97067,547,30.259902,563.794591,2.489612,1227,527.385223,1.037276,0.547,NA,NA
"S10671","H000008135","Prevenar","N69850",2016-12-19,238.533932,1.837882,1.152785,481.426146,775.692925,4,31.627513,27.138146,253.450035,238.533932,1.111183,554,32.764259,480.730858,2.974628,1211,534.952345,1.035942,0.554,NA,4.9887447912
"M32490","H000004330","Prevenar","L79063",2015-10-29,84.312106,0.49202,1.094419,468.079155,859.495934,4,34.177712,28.720566,93.316395,84.312106,1.08814,518,34.763902,473.375696,1.07821,1294,509.335706,1.017151,0.518,NA,4.7020072183
"AA4484","H000006081","Prevenar","T96899",2018-10-02,67.762994,-3.125664,1.052567,446.858998,973.945828,5,35.577797,31.046785,72.224264,67.762994,1.058312,488,36.675621,463.161898,-2.027839,1372,472.91624,1.030857,0.488,NA,4.6890105459
"EA9679","H000006081","Prevenar","DH4040",2020-09-11,62.046377,-0.264834,1.176047,473.066854,810.985266,5,32.792245,27.942793,63.574337,62.046377,1.057097,497,32.558568,422.188891,-0.498511,1348,500.077416,0.992874,0.497,NA,4.7367301947
"GR2968","H000006081","Prevenar","GD9453",2023-01-20,62.586821,-0.487972,0.997843,495.753506,807.94944,4,30.940277,26.813356,65.795647,62.586821,0.998312,494,30.906666,495.447535,-0.521583,1356,494.916485,0.998914,0.494,NA,5.1164535379
"HE3378","H000017723","Prevenar","HE8772",2023-08-04,62.356345,0.815105,1.015579,523.781236,709.883595,4,31.309866,26.826559,61.381482,62.356345,0.979885,530,32.344615,522.074355,1.849854,1265,513.245611,1.033049,0.53,NA,4.7969913238
"HN7632","H000011044","Prevenar","HM2137",2023-12-10,65.97804,-2.689496,1.037176,499.384688,811.826119,4,31.015853,26.925567,61.17437,65.97804,0.927732,488,32.697461,470.907495,-1.007888,1372,463.295106,1.054218,0.488,NA,4.8632147873
"HN9190","H000010932","Prevenar","HM2139",2023-12-23,61.545829,-0.152853,1.032466,490.982287,793.775837,4,31.235138,27.378608,64.746429,61.545829,1.018061,517,32.298569,500.614814,0.910578,1297,499.85003,1.034046,0.517,NA,NA
"FA1610","H000010932","Prevenar","DX8249",2021-05-10,85.798605,-2.696913,1.042412,458.013773,856.038402,5,32.444295,28.075311,91.495793,85.798605,1.017977,480,33.433844,460.919423,-1.707364,1395,466.247599,1.0305,0.48,NA,NA
"N90918","H000011373","Prevenar","N09131",NA,64.515315,1.821381,1.060239,464.945177,856.369996,5,36.06223,30.855047,68.264869,64.515315,1.131672,523,35.818633,492.918239,1.577784,1282,526.165353,0.993245,0.523,NA,NA
"T82467","H000008135","Prevenar","S85331",2017-10-30,59.65522,-2.288778,1.095357,426.902562,909.740414,5,32.234263,27.433345,62.961125,59.65522,1.09399,486,33.536732,443.597734,-0.986309,1378,467.027001,1.040406,0.486,NA,4.6466231978
"HN7770","H000019489","Prevenar","HM2132",2024-02-01,63.334368,-2.770587,1.000358,482.775183,813.454279,4,30.385651,26.008807,63.097857,63.334368,0.949827,478,31.689438,478.057272,-1.4668,1401,458.553058,1.042908,0.478,NA,NA
"LX2596","H000010932","Prevenar","LK1442",2025-01-30,61.820586,0.844744,0.980788,504.590999,726.646124,4,31.602314,26.9639,62.553339,61.820586,1.010343,509,31.543804,518.834399,0.786234,1317,509.810198,0.998149,0.509,NA,NA
"M56316","H000008135","Prevenar","M15185",2015-10-16,61.525566,1.472761,1.137656,453.769721,986.064046,5,38.010931,32.611644,65.133552,61.525566,1.1575,533,38.58688,468.680324,2.04871,1258,525.2386,1.015152,0.533,NA,4.3382345968
"N41741","H000011802","Prevenar","M93127",2016-04-09,64.488989,0.615643,1.120522,479.117382,924.037458,5,34.760372,29.691815,57.065073,64.488989,1.071508,507,34.316714,452.311964,0.171984,1322,513.378057,0.987237,0.507,NA,4.7020971806
"DA1910","H000013782","Prevenar","CM4664",2020-01-21,130.58387,-1.444665,1.088189,506.33642,837.119031,5,32.817526,28.007876,119.341388,130.58387,0.952196,516,35.146739,474.50461,0.884547,1299,482.131654,1.070975,0.516,NA,4.8697492824
"DT7712","H000014198","Prevenar","CW7635",2020-04-24,135.824778,-0.878242,1.160173,501.607577,820.746604,5,32.69185,27.151505,127.995783,135.824778,0.986781,554,36.592519,477.546045,3.022427,1211,494.977025,1.119316,0.554,NA,4.3929158554
"DN3835","H000010932","Prevenar","CW7635",2020-05-06,135.824778,-0.878242,1.160173,501.607577,820.746604,5,32.69185,27.151505,127.995783,135.824778,0.986781,554,36.592519,477.546045,3.022427,1211,494.977025,1.119316,0.554,NA,NA
"G02996","H000002634","Prevenar","E76420",2012-05-14,NA,-0.138139,1.096345,446.051162,886.349444,NA,40.57825,NA,NA,NA,1.131984,496,39.857331,452.368806,-0.859058,NA,504.922973,NA,NA,66.26,4.6403592695
"DA1904","H000011044","Prevenar","CH7205",2019-12-14,52.500629,-0.701887,0.996402,400.576483,809.126062,4,32.707113,28.231341,57.75987,52.500629,1.233719,490,32.42771,491.746352,-0.98129,1367,494.198878,0.991457,0.49,NA,4.9069780185
"DC8084","H000011044","Prevenar","CM4663",2019-12-23,73.399407,0.529971,1.0853,486.607143,866.689604,5,34.936751,29.808889,68.92058,73.399407,1.059368,512,34.682419,471.522336,0.275639,1309,515.495817,0.99272,0.512,NA,4.9694429422
"FP0939","H000006081","Prevenar","FG0964",2022-05-07,59.762812,0.991521,1.110826,480.058574,769.177947,4,32.068721,27.928774,78.361087,59.762812,1.077357,529,32.806953,476.312452,1.729753,1268,517.194329,1.02302,0.529,NA,4.803486443
"GR3611","H000011044","Prevenar","FH7124",2023-03-20,62.358111,-0.765103,0.902219,484.659849,795.224866,4,31.632018,26.1695,67.18166,62.358111,1.017614,470,30.161827,521.241861,-2.235295,1424,493.196835,0.953522,0.47,NA,5.0504667922
"G79025","H000002634","Prevenar","G54758",2013-01-17,NA,0.54968,1.038948,461.028192,1035.655056,5,41.076761,35.560654,NA,NA,1.072639,491,40.746561,472.152303,0.219481,1364,494.516915,NA,0.491,83.67,4.3733657176
"GT1670","H000017723","Prevenar","GP4372",2023-04-26,66.729867,0.83654,0.97568,550.697009,747.076653,4,31.20734,27.274916,62.353897,66.729867,0.932329,530,32.189974,542.798555,1.819174,1265,513.430921,1.031487,0.53,NA,4.8153852651
"DX7802","H000006081","Prevenar","CK5010",2020-07-05,63.578159,-0.028981,1.054492,479.728154,827.767767,5,33.834899,28.525514,72.047215,63.578159,1.051486,521,34.946521,494.07693,1.082641,1287,504.427437,1.032854,0.521,NA,4.7707728131
"M56317","H000008135","Prevenar","M15185",2015-10-20,61.525566,1.472761,1.137656,453.769721,986.064046,5,38.010931,32.611644,65.133552,61.525566,1.1575,533,38.58688,468.680324,2.04871,1258,525.2386,1.015152,0.533,NA,4.4430871939
"M97101","H000006081","Prevenar","M93128",2016-04-26,65.708208,-0.030354,1.139152,516.482287,801.231362,4,31.783987,24.589214,65.548642,65.708208,0.967547,520,33.075918,456.509158,1.261577,1289,499.721052,1.040647,0.52,NA,4.8086886318
"GG9470","H000019489","Prevenar","FX7992",2022-07-26,354.144295,0.460795,0.949937,503.617611,675.014945,3,27.170284,20.603195,381.257686,354.144295,1.015517,508,26.98211,534.656834,0.27262,1319,511.432197,0.993074,0.508,NA,NA
"H78833","H000004331","Prevenar","G35697",2013-11-09,NA,NA,1.038286,461.538462,1051.238529,5,37.713699,31.612563,NA,NA,1.062007,477,36.725,459.706727,NA,1404,490.156898,NA,0.477,84.934,4.5646929961
"GR3549","H000017723","Prevenar","GD9453",2023-02-05,62.586821,-0.487972,0.997843,495.753506,807.94944,4,30.940277,26.813356,65.795647,62.586821,0.998312,494,30.906666,495.447535,-0.521583,1356,494.916485,0.998914,0.494,NA,4.9588237891
"H38703","H000004331","Prevenar","G35697",2014-02-22,NA,NA,1.038286,461.538462,1051.238529,5,37.713699,31.612563,NA,NA,1.062007,477,36.725,459.706727,NA,1404,490.156898,NA,0.477,84.934,4.369401511
"H19433","H000002634","Prevenar","H82826",2014-03-19,67.855238,4.843428,1.024424,505.786481,770.155864,5,36.565419,30.424518,71.581789,67.855238,1.143143,539,34.070424,525.890174,2.348433,1244,578.186333,NA,0.539,NA,4.8286463736
"L77851","H000007688","Prevenar","L45105",NA,64.613588,-0.459244,1.057603,461.286236,968.614807,5,35.429256,29.90724,67.449943,64.613588,1.077395,503,35.880855,475.9083,-0.007645,1332,496.987347,1.012746,0.503,NA,NA
"M48079","H000007053","Prevenar","L79062",2015-09-05,64.323603,0.619893,1.017309,442.083518,873.926202,5,36.784444,29.371633,61.709021,64.323603,1.153204,510,36.779798,501.075027,0.615247,1314,509.812511,0.999874,0.51,NA,4.5836446264
"L95563","H000004330","Prevenar","L45105",2015-06-06,64.613588,-0.459244,1.057603,461.286236,968.614807,5,35.429256,29.90724,67.449943,64.613588,1.077395,503,35.880855,475.9083,-0.007645,1332,496.987347,1.012746,0.503,NA,4.5818519783
"ED8341","H000010932","Prevenar","DL7834",2020-10-23,66.38567,-0.097954,1.00734,466.822298,940.481407,5,35.202347,29.801974,71.76098,66.38567,1.062976,491,34.832843,487.434622,-0.467457,1364,496.221011,0.989503,0.491,NA,NA
"M97232","H000008135","Prevenar","M35819",2015-12-07,62.42132,-2.464337,1.114474,432.856533,991.73931,5,33.612162,28.818199,70.078808,62.42132,1.086097,520,37.171986,466.510983,1.095486,1289,470.124072,1.105909,0.52,NA,4.6690247349
"R59715","H000008135","Prevenar","N16564",2016-10-20,122.392609,-9.341401,1.067779,343.607163,846.82729,5,34.017799,29.102507,111.089248,122.392609,1.149362,397,34.171689,371.533438,-9.18751,1682,394.928886,1.004524,0.397,NA,4.6365220884
"HN7783","H000032244","Prevenar","HT1791",NA,64.111742,-3.068494,0.958178,491.964708,817.939327,4,30.055816,25.689011,62.400271,64.111742,0.930635,497,32.658667,519.202767,-0.465643,1348,457.83937,1.086601,0.497,NA,NA
"AH5704","H000008135","Prevenar","T96901",2018-12-03,64.116361,-3.678611,1.163209,421.984143,958.597269,5,34.716218,30.342351,60.671767,64.116361,1.082428,488,37.097541,419.613923,-1.297288,1372,456.767391,1.068594,0.488,NA,4.4804675406
"AK9078","H000011374","Prevenar","X37494",2019-01-06,57.328138,0.66338,1.038062,469.995804,810.208108,4,32.276489,28.132509,59.050814,57.328138,1.089421,495,31.176818,476.443868,-0.436291,1353,512.023301,0.96593,0.495,NA,4.883194834
"FC7913","H000010932","Prevenar","DX8249",2021-05-27,85.798605,-2.696913,1.042412,458.013773,856.038402,5,32.444295,28.075311,91.495793,85.798605,1.017977,480,33.433844,460.919423,-1.707364,1395,466.247599,1.0305,0.48,NA,NA
"GH5624","H000028394","Prevenar","FX7995",2022-09-17,61.293418,3.623969,1.071742,481.035246,799.324088,4,35.671149,30.254371,60.264669,61.293418,1.161879,522,33.310333,486.977884,1.263153,1284,558.904731,0.933817,0.522,NA,NA
"M97259","H000008135","Prevenar","L45105",2016-04-05,64.613588,-0.459244,1.057603,461.286236,968.614807,5,35.429256,29.90724,67.449943,64.613588,1.077395,503,35.880855,475.9083,-0.007645,1332,496.987347,1.012746,0.503,NA,4.4110611916
"M56265A","H000004330","Prevenar","L79063",2015-11-23,84.312106,0.49202,1.094419,468.079155,859.495934,4,34.177712,28.720566,93.316395,84.312106,1.08814,518,34.763902,473.375696,1.07821,1294,509.335706,1.017151,0.518,NA,NA
"LJ1139","H000019489","Prevenar","LD1814",2024-08-29,58.034185,-0.704686,1.057424,458.874459,781.2539,4,31.704253,27.33337,67.924859,58.034185,1.069809,479,30.961471,453.372237,-1.447469,1398,490.908087,0.976572,0.479,NA,NA
"FL6015","H000014198","Prevenar","EC6021",2021-10-12,68.555094,1.291737,1.115539,488.271566,870.072497,5,36.554558,29.460244,63.749308,68.555094,1.079115,528,36.615842,473.120777,1.353021,1270,526.901348,1.001676,0.528,NA,4.9652270349
"EA4760","H000008135","Prevenar","CK5010",2020-08-16,63.578159,-0.028981,1.054492,479.728154,827.767767,5,33.834899,28.525514,72.047215,63.578159,1.051486,521,34.946521,494.07693,1.082641,1287,504.427437,1.032854,0.521,NA,4.6507150008
"GX2798","H000010932","Prevenar","GW0264",2023-06-24,NA,NA,0.944409,473.423924,511.031728,3,NA,17.674436,43.044891,NA,0.943044,457,NA,483.891179,NA,1464,446.459707,1.023588,0.457,NA,NA
"H38754","H000004330","Prevenar","H22514",2014-03-03,NA,-0.200881,0.946103,531.521049,803.955547,5,33.415891,28.094447,NA,NA,0.948122,489,32.456007,517.354207,-1.160764,1370,503.94666,NA,0.489,86.339,4.7706251011
"LH8148","H000031244","Prevenar","HY4070",2024-05-19,53.687831,-1.423237,0.966623,484.716157,681.459091,4,26.341192,22.308636,53.391691,53.687831,0.990012,495,27.178205,512.219197,-0.586225,1353,479.874709,1.031776,0.495,NA,NA
"J80517","H000004331","Prevenar","J41760",2014-10-25,59.899505,-1.340333,1.116513,448.431329,920.215522,5,31.708946,26.707947,60.965702,59.899505,1.090967,513,33.232381,459.222873,0.183103,1307,489.223734,1.048044,0.513,NA,4.67676356
"L70471","H000008135","Prevenar","J78798",2015-03-25,62.050649,0.280077,1.014831,448.540032,917.296394,4,33.302747,28.8147,63.445299,62.050649,1.125576,490,32.293452,482.410549,-0.729219,1367,504.865914,0.969693,0.49,NA,5.0185859779
"M32488","H000004330","Prevenar","L79063",2015-10-16,84.312106,0.49202,1.094419,468.079155,859.495934,4,34.177712,28.720566,93.316395,84.312106,1.08814,518,34.763902,473.375696,1.07821,1294,509.335706,1.017151,0.518,NA,4.6397822773
"N28954","H000011373","Prevenar","N09129",2016-06-11,62.970138,-0.615118,0.925758,437.553101,917.470149,5,35.56212,30.154184,68.058334,62.970138,1.138392,487,34.795398,526.452876,-1.381841,1375,498.107159,0.97844,0.487,NA,4.8031463962
"N33894","H000008135","Prevenar","N09129",2016-05-22,62.970138,-0.615118,0.925758,437.553101,917.470149,5,35.56212,30.154184,68.058334,62.970138,1.138392,487,34.795398,526.452876,-1.381841,1375,498.107159,0.97844,0.487,NA,4.8687109217
"DN5224","H000010932","Prevenar","CW7635",2020-04-01,135.824778,-0.878242,1.160173,501.607577,820.746604,5,32.69185,27.151505,127.995783,135.824778,0.986781,554,36.592519,477.546045,3.022427,1211,494.977025,1.119316,0.554,NA,NA
"M97235","H000008135","Prevenar","M35819",2016-01-01,62.42132,-2.464337,1.114474,432.856533,991.73931,5,33.612162,28.818199,70.078808,62.42132,1.086097,520,37.171986,466.510983,1.095486,1289,470.124072,1.105909,0.52,NA,4.6152345053
"W73706","H000008135","Prevenar","T96858",2018-06-01,61.770939,1.361147,1.06785,500.921452,780.332439,4,32.663766,28.47467,65.467292,61.770939,1.060571,541,33.273927,506.800203,1.971307,1240,531.262816,1.01868,0.541,NA,4.730877418
"GT1610","H000011373","Prevenar","HA3751",2023-05-26,NA,NA,1.04448,431.854414,494.70778,3,NA,15.904008,39.515324,NA,0.95826,461,NA,441.262483,NA,1452,413.828728,1.113722,0.461,NA,4.7338782051
"HG8785","H000019489","Prevenar","HG6423",2023-10-12,62.930205,2.474615,0.955941,551.097148,693.140148,4,31.062925,26.064647,59.335493,62.930205,0.991267,513,29.153926,536.342677,0.565615,1307,546.28433,0.938544,0.513,NA,NA
"AW6841","H000008090","Prevenar","AK9284",2019-06-23,65.432855,0.77643,1.075865,482.025832,848.508003,5,34.505048,29.242728,71.489737,65.432855,1.068875,524,35.083322,486.919968,1.354704,1280,515.225296,1.016759,0.524,NA,NA
"G06780","H000004331","Prevenar","G54759",2013-03-11,NA,1.344732,1.051104,472.838596,942.917462,5,39.103692,33.372906,NA,NA,1.098767,510,38.372933,485.042735,0.613972,1314,519.539435,NA,0.51,86.161,4.7635705669
"GH5595","H000013782","Prevenar","GA0023",2022-10-28,243.627774,0.913022,1.03637,472.927248,754.147955,4,31.671332,27.160291,260.998383,243.627774,1.089717,526,32.308989,507.282946,1.550679,1275,515.356891,1.020134,0.526,NA,NA
"HG4910","H000011044","Prevenar","HE8771",2023-09-16,62.358391,1.740776,1.037177,510.889166,753.97079,4,31.784185,27.196889,60.115253,62.358391,1.013666,521,31.95047,501.920496,1.90706,1287,517.871131,1.005232,0.521,NA,5.1633214446
"M02673","H000008135","Prevenar","L48683",2015-07-16,68.170928,-0.777667,1.259463,495.810245,899.417248,5,33.446565,28.274253,65.023969,68.170928,0.992466,543,36.905272,431.104293,2.68104,1235,492.074617,1.10341,0.543,NA,4.4512703886
"NM6391","H000013782","Prevenar","MN0484",2026-01-30,64.900711,1.623151,1.108688,513.238392,735.037973,4,33.069201,27.879481,65.280069,64.900711,1.032163,564,35.168792,508.366385,3.722742,1190,529.971307,1.063491,0.564,NA,4.6491880958
"R59669","H000011374","Prevenar","N16563",2016-09-22,59.071021,-1.851196,1.086212,393.842269,1049.867896,5,37.061974,32.480262,66.68623,59.071021,1.222542,494,38.054166,455.139895,-0.859004,1356,481.488604,1.026771,0.494,NA,4.6164606914
"R59718","H000008135","Prevenar","N16564",2016-10-31,122.392609,-9.341401,1.067779,343.607163,846.82729,5,34.017799,29.102507,111.089248,122.392609,1.149362,397,34.171689,371.533438,-9.18751,1682,394.928886,1.004524,0.397,NA,4.6162691344
"AM5976","H000008135","Prevenar","AD4542",2019-02-16,58.365488,-2.869432,0.986262,457.614142,776.47686,4,29.141307,25.414418,56.879819,58.365488,1.004822,465,29.483213,471.695692,-2.527526,1439,459.820595,1.011733,0.465,NA,4.9669814052
"GC1481","H000006081","Prevenar","FT3583",2022-05-15,64.76426,-3.696382,1.076579,454.109271,879.722441,4,32.379317,28.097232,63.457777,64.76426,0.995709,452,32.368401,419.856354,-3.707298,1480,452.160818,0.999663,0.452,NA,4.7657602584
"GH5804","H000017723","Prevenar","GA0023",2022-10-16,243.627774,0.913022,1.03637,472.927248,754.147955,4,31.671332,27.160291,260.998383,243.627774,1.089717,526,32.308989,507.282946,1.550679,1275,515.356891,1.020134,0.526,NA,4.6293198223
"GT6646","H000013782","Prevenar","GM5068",2023-01-03,263.140143,-0.030952,1.000359,450.792757,861.064811,5,35.889717,30.50975,271.210513,263.140143,1.105715,462,33.265718,461.839331,-2.654951,1449,498.448259,0.926887,0.462,NA,4.9057763666
"M97228","H000011374","Prevenar","M35819",2015-12-15,62.42132,-2.464337,1.114474,432.856533,991.73931,5,33.612162,28.818199,70.078808,62.42132,1.086097,520,37.171986,466.510983,1.095486,1289,470.124072,1.105909,0.52,NA,4.6253333333
"N90928","H000008135","Prevenar","N16563",2016-09-17,59.071021,-1.851196,1.086212,393.842269,1049.867896,5,37.061974,32.480262,66.68623,59.071021,1.222542,494,38.054166,455.139895,-0.859004,1356,481.488604,1.026771,0.494,NA,4.5323859879
"FD1930","H000019489","Prevenar","EJ9239",2021-07-13,62.0976,-3.624443,0.997626,444.863474,914.820577,5,31.381547,27.044187,64.165044,62.0976,1.014273,480,33.40266,481.416447,-1.60333,1395,451.213202,1.064405,0.48,NA,NA
"H22357","H000007053","Prevenar","G35697",2014-01-29,NA,NA,1.038286,461.538462,1051.238529,5,37.713699,31.612563,NA,NA,1.062007,477,36.725,459.706727,NA,1404,490.156898,NA,0.477,84.934,4.6655061944
"M97231","H000011374","Prevenar","N09129",2016-06-13,62.970138,-0.615118,0.925758,437.553101,917.470149,5,35.56212,30.154184,68.058334,62.970138,1.138392,487,34.795398,526.452876,-1.381841,1375,498.107159,0.97844,0.487,NA,4.8796234361
"L57947","H000008135","Prevenar","J78798",2015-03-13,62.050649,0.280077,1.014831,448.540032,917.296394,4,33.302747,28.8147,63.445299,62.050649,1.125576,490,32.293452,482.410549,-0.729219,1367,504.865914,0.969693,0.49,NA,4.9810401043
"X56182","H000008090","Prevenar","W61761",2018-10-19,61.891913,-0.217594,1.083511,452.918278,876.986031,4,34.217426,29.954,55.442393,61.891913,1.105898,480,32.7592,442.575642,-1.675821,1395,500.881607,0.957384,0.48,NA,4.930675353
"AW6821","H000013782","Prevenar","AD4535",2019-04-15,69.896747,1.541128,1.042156,520.208112,789.545931,4,35.859248,30.624444,61.939544,69.896747,1.019282,510,34.481654,489.243978,0.163535,1314,530.23874,0.961583,0.51,NA,4.639324381
"EL8918","H000010932","Prevenar","DT9980",2021-03-11,240.747254,-2.81549,1.064556,465.193913,885.076564,5,31.00393,26.379715,241.689341,240.747254,0.996169,506,33.822245,474.880584,0.002825,1324,463.411868,1.090902,0.506,NA,NA
"FK0328","H000011044","Prevenar","EC6021",2021-10-09,68.555094,1.291737,1.115539,488.271566,870.072497,5,36.554558,29.460244,63.749308,68.555094,1.079115,528,36.615842,473.120777,1.353021,1270,526.901348,1.001676,0.528,NA,4.9180024969
"FG4137","H000019489","Prevenar","EJ9239",2021-09-17,62.0976,-3.624443,0.997626,444.863474,914.820577,5,31.381547,27.044187,64.165044,62.0976,1.014273,480,33.40266,481.416447,-1.60333,1395,451.213202,1.064405,0.48,NA,NA
"GH5618","H000019489","Prevenar","GD9452",2022-10-30,246.409191,0.975702,1.00751,514.690396,756.746341,4,32.277322,27.633533,241.625218,246.409191,1.00536,505,31.519262,501.529982,0.217642,1327,517.44906,0.976514,0.505,NA,NA
"DA1866","H000008135","Prevenar","CH7205",2019-12-11,52.500629,-0.701887,0.996402,400.576483,809.126062,4,32.707113,28.231341,57.75987,52.500629,1.233719,490,32.42771,491.746352,-0.98129,1367,494.198878,0.991457,0.49,NA,4.9575654207
"FF8654","H000008135","Prevenar","EP5316",2021-10-26,79.297464,-0.191429,1.016272,464.122508,775.332768,4,32.200649,28.215438,83.052815,79.297464,1.084145,493,31.553428,485.168144,-0.83865,1359,503.176228,0.9799,0.493,NA,5.0831114197
"FY2984","H000008135","Prevenar","FG0964",2022-04-27,59.762812,0.991521,1.110826,480.058574,769.177947,4,32.068721,27.928774,78.361087,59.762812,1.077357,529,32.806953,476.312452,1.729753,1268,517.194329,1.02302,0.529,NA,4.7596924322
"HF3774","H000013782","Prevenar","GD9453",2023-10-24,62.586821,-0.487972,0.997843,495.753506,807.94944,4,30.940277,26.813356,65.795647,62.586821,0.998312,494,30.906666,495.447535,-0.521583,1356,494.916485,0.998914,0.494,NA,4.8713908711
"J70879","H000004331","Prevenar","J41760",2014-11-03,59.899505,-1.340333,1.116513,448.431329,920.215522,5,31.708946,26.707947,60.965702,59.899505,1.090967,513,33.232381,459.222873,0.183103,1307,489.223734,1.048044,0.513,NA,4.7105403371
"MW1322","H000031244","Prevenar","ML2268",2025-11-02,56.530131,1.144439,1.063308,481.748727,690.702006,4,30.663979,25.681795,51.705699,56.530131,1.084031,514,30.182746,483.430059,0.663205,1304,522.230669,0.984306,0.514,NA,NA
"T63423","H000010932","Prevenar","S63626",2017-09-12,60.593715,-0.940786,1.147718,445.178311,949.481542,5,32.988215,28.536984,62.956174,60.593715,1.096915,517,34.918965,450.375313,0.989965,1297,488.322889,1.058528,0.517,NA,NA
"X56196","H000010932","Prevenar","W61735",2018-08-10,59.592194,0.360649,1.089999,492.959536,771.754731,4,31.091879,26.337971,61.619643,59.592194,1.042514,554,33.514827,508.226458,2.783597,1211,513.91726,1.077929,0.554,NA,NA
"EH7861","H000010932","Prevenar","DL7833",2020-09-26,64.874852,-2.584003,1.074407,467.892209,870.079832,5,33.145477,28.102035,72.980307,64.874852,1.004041,503,35.510638,468.449211,-0.218843,1332,469.783011,1.071357,0.503,NA,NA
"EL8971","H000017723","Prevenar","DT9980",2021-01-05,240.747254,-2.81549,1.064556,465.193913,885.076564,5,31.00393,26.379715,241.689341,240.747254,0.996169,506,33.822245,474.880584,0.002825,1324,463.411868,1.090902,0.506,NA,4.6444291782
"GX2933","H000011374","Prevenar","GW0262",2023-05-16,60.925549,2.368034,1.035072,524.903642,762.685617,4,30.894945,26.214702,61.570714,60.925549,1.027865,542,31.05012,523.867151,2.523209,1238,539.530167,1.005023,0.542,NA,4.9101155343
"HF3771","H000011374","Prevenar","HE8770",2023-09-21,58.496016,-1.763949,0.970782,476.990886,745.779007,4,28.622651,24.639499,57.809099,58.496016,0.98899,482,29.239511,496.409917,-1.14709,1389,471.739039,1.021551,0.482,NA,4.6140846658
"HN7335","H000010932","Prevenar","HM2123",2024-02-05,60.255475,1.402186,0.970289,543.320557,678.280357,4,29.172477,24.267545,64.256708,60.255475,0.97067,547,30.259902,563.794591,2.489612,1227,527.385223,1.037276,0.547,NA,NA
"J80541","H000008090","Prevenar","J22003",2014-09-18,254.308996,3.763439,0.950469,496.08333,766.228346,4,34.09268,27.543654,263.399234,254.308996,1.125323,520,31.776864,547.449061,1.447624,1289,558.253906,0.932073,0.52,NA,NA
"FT9264","H000019489","Prevenar","ER8675",2022-05-13,66.014788,0.020749,1.030192,488.998428,836.825464,4,34.292058,26.73329,70.084578,66.014788,1.034567,517,35.069098,502.202643,0.797789,1297,505.901604,1.022659,0.517,NA,NA
"HF3760","H000010932","Prevenar","HG6423",2023-10-05,62.930205,2.474615,0.955941,551.097148,693.140148,4,31.062925,26.064647,59.335493,62.930205,0.991267,513,29.153926,536.342677,0.565615,1307,546.28433,0.938544,0.513,NA,NA
"AM6074","H000011612","Prevenar","X37469",2019-02-13,59.157173,-0.3876,1.1634,442.085899,806.79986,5,32.783989,27.505856,57.424309,59.157173,1.118777,520,34.48005,447.12311,1.308461,1289,494.595365,1.051734,0.52,NA,4.659038928
"HN7776","H000019489","Prevenar","HM2123",2024-01-29,60.255475,1.402186,0.970289,543.320557,678.280357,4,29.172477,24.267545,64.256708,60.255475,0.97067,547,30.259902,563.794591,2.489612,1227,527.385223,1.037276,0.547,NA,NA
"H87771","H000002634","Prevenar","G35697",2013-12-17,NA,NA,1.038286,461.538462,1051.238529,5,37.713699,31.612563,NA,NA,1.062007,477,36.725,459.706727,NA,1404,490.156898,NA,0.477,84.934,4.4292680919
"LE1015","H000031244","Prevenar","HT1791",2024-04-03,64.111742,-3.068494,0.958178,491.964708,817.939327,4,30.055816,25.689011,62.400271,64.111742,0.930635,497,32.658667,519.202767,-0.465643,1348,457.83937,1.086601,0.497,NA,NA
"ER3799","H000010932","Prevenar","DX8248",2021-03-31,120.573718,-1.10075,1.088201,468.455468,840.447177,5,33.68969,28.85899,127.487513,120.573718,1.050541,515,35.257346,473.287229,0.466907,1302,492.131533,1.046532,0.515,NA,NA
"GT1667","H000017723","Prevenar","GP0950",2023-04-23,59.547213,0.333921,0.961639,544.823691,671.776269,4,27.660041,23.17008,60.696463,59.547213,0.927297,537,29.424061,558.872305,2.09794,1249,505.213438,1.063775,0.537,NA,4.937297868
"H00656","H000002634","Prevenar","G73488",2013-05-29,NA,-2.691426,1.014863,434.944596,915.096816,4,31.819434,27.919514,NA,NA,1.064322,471,32.36804,464.005913,-2.14282,1421,462.921095,NA,0.471,85.108,4.8444680141
"HF3754","H000010932","Prevenar","GP4372",2023-09-16,66.729867,0.83654,0.97568,550.697009,747.076653,4,31.20734,27.274916,62.353897,66.729867,0.932329,530,32.189974,542.798555,1.819174,1265,513.430921,1.031487,0.53,NA,NA
"GW4136","H000006081","Prevenar","GR5867",2023-05-07,61.771872,-8.402256,0.95773,421.075791,852.317306,4,28.107914,24.54623,66.454809,61.771872,0.913972,431,31.452145,449.647071,-5.058025,1551,384.851487,1.118978,0.431,NA,5.1331258421
"M32476","H000008135","Prevenar","L96629",2015-09-27,62.200947,0.549904,1.032572,474.464061,903.442662,5,33.228665,27.990028,58.211348,62.200947,1.078021,508,32.99185,491.817613,0.313089,1319,511.482405,0.992873,0.508,NA,4.7952116277
"M32478","H000008135","Prevenar","L96629",2015-09-30,62.200947,0.549904,1.032572,474.464061,903.442662,5,33.228665,27.990028,58.211348,62.200947,1.078021,508,32.99185,491.817613,0.313089,1319,511.482405,0.992873,0.508,NA,5.2118625871
"M57893","H000008135","Prevenar","M15185",2015-10-08,61.525566,1.472761,1.137656,453.769721,986.064046,5,38.010931,32.611644,65.133552,61.525566,1.1575,533,38.58688,468.680324,2.04871,1258,525.2386,1.015152,0.533,NA,4.5943351194
"F78143","H000002634","Prevenar","E76420",2012-05-05,NA,-0.138139,1.096345,446.051162,886.349444,NA,40.57825,NA,NA,NA,1.131984,496,39.857331,452.368806,-0.859058,NA,504.922973,NA,NA,66.26,4.5211782741
"CG7294","H000008135","Prevenar","T96901",2019-05-29,64.116361,-3.678611,1.163209,421.984143,958.597269,5,34.716218,30.342351,60.671767,64.116361,1.082428,488,37.097541,419.613923,-1.297288,1372,456.767391,1.068594,0.488,NA,4.4571643068
"AL4551","H000008135","Prevenar","X37469",2019-02-06,59.157173,-0.3876,1.1634,442.085899,806.79986,5,32.783989,27.505856,57.424309,59.157173,1.118777,520,34.48005,447.12311,1.308461,1289,494.595365,1.051734,0.52,NA,4.7937139521
"FC1572","H000010932","Prevenar","DX8249",2021-05-12,85.798605,-2.696913,1.042412,458.013773,856.038402,5,32.444295,28.075311,91.495793,85.798605,1.017977,480,33.433844,460.919423,-1.707364,1395,466.247599,1.0305,0.48,NA,NA
"CM6725","H000013782","Prevenar","AR4776",2019-08-09,64.754958,0.803996,1.014915,502.773764,746.706736,4,33.414428,28.651177,69.278737,64.754958,1.041402,530,33.81202,522.033767,1.201589,1265,523.589551,1.011899,0.53,NA,4.7604922386
"G96116","H000004331","Prevenar","G12840",2013-02-24,NA,-2.700135,1.074993,472.396651,1037.954843,5,37.577155,32.637336,NA,NA,1.000847,489,38.831574,454.496079,-1.445716,1370,472.796981,NA,0.489,85.432,4.3950830539
"N90916","H000011374","Prevenar","M17975",2016-08-29,64.606459,-0.618228,1.034278,478.076492,856.398056,5,32.957493,27.947262,66.202731,64.606459,1.027154,513,34.461721,496.452999,0.885999,1307,491.058,1.045641,0.513,NA,4.8801412594
"NM6372","H000010932","Prevenar","MN0484",2026-05-14,64.900711,1.623151,1.108688,513.238392,735.037973,4,33.069201,27.879481,65.280069,64.900711,1.032163,564,35.168792,508.366385,3.722742,1190,529.971307,1.063491,0.564,NA,4.692339829
"CJ4095","H000019489","Prevenar","AH4664",2019-06-20,65.505339,-1.320358,1.049792,453.216758,925.248195,5,34.577294,29.485938,63.898741,65.505339,1.066689,495,35.386967,471.294977,-0.510685,1353,483.441478,1.023416,0.495,NA,NA
"CK6530","H000008135","Prevenar","AP7813",2019-07-07,65.163605,-0.29756,1.063345,514.006734,803.592683,5,32.289659,26.654923,69.154867,65.163605,0.972376,530,34.252097,498.599897,1.664878,1265,499.807617,1.060776,0.53,NA,4.6529455097
"H96882","H000004331","Prevenar","G35697",2013-12-09,NA,NA,1.038286,461.538462,1051.238529,5,37.713699,31.612563,NA,NA,1.062007,477,36.725,459.706727,NA,1404,490.156898,NA,0.477,84.934,4.5947500943
"H81496","H000002634","Prevenar","G35697",2014-01-26,NA,NA,1.038286,461.538462,1051.238529,5,37.713699,31.612563,NA,NA,1.062007,477,36.725,459.706727,NA,1404,490.156898,NA,0.477,84.934,4.5982301677
"H15034","H000004331","Prevenar","G73488",2013-06-19,NA,-2.691426,1.014863,434.944596,915.096816,4,31.819434,27.919514,NA,NA,1.064322,471,32.36804,464.005913,-2.14282,1421,462.921095,NA,0.471,85.108,4.8194091209
"M97244","H000008135","Prevenar","M35819",2016-01-29,62.42132,-2.464337,1.114474,432.856533,991.73931,5,33.612162,28.818199,70.078808,62.42132,1.086097,520,37.171986,466.510983,1.095486,1289,470.124072,1.105909,0.52,NA,4.6435307644
"AW6842","H000008090","Prevenar","AM8995",2019-07-12,134.973795,-2.631222,1.019609,438.712623,984.718467,5,35.944427,31.278156,167.564077,134.973795,1.076482,473,36.035076,464.351719,-2.540573,1415,472.266218,1.002522,0.473,NA,4.8
"N33895","H000008135","Prevenar","N09129",2016-05-30,62.970138,-0.615118,0.925758,437.553101,917.470149,5,35.56212,30.154184,68.058334,62.970138,1.138392,487,34.795398,526.452876,-1.381841,1375,498.107159,0.97844,0.487,NA,4.9039985467
"R59687","H000006081","Prevenar","N16563",2016-11-26,59.071021,-1.851196,1.086212,393.842269,1049.867896,5,37.061974,32.480262,66.68623,59.071021,1.222542,494,38.054166,455.139895,-0.859004,1356,481.488604,1.026771,0.494,NA,4.6901967873
"AA4479","H000006081","Prevenar","T96899",2018-09-23,67.762994,-3.125664,1.052567,446.858998,973.945828,5,35.577797,31.046785,72.224264,67.762994,1.058312,488,36.675621,463.161898,-2.027839,1372,472.91624,1.030857,0.488,NA,4.7776740557
"AA4481","H000006081","Prevenar","T96899",2018-09-25,67.762994,-3.125664,1.052567,446.858998,973.945828,5,35.577797,31.046785,72.224264,67.762994,1.058312,488,36.675621,463.161898,-2.027839,1372,472.91624,1.030857,0.488,NA,4.6843127662
"DX5494","H000008135","Prevenar","AP7814",2020-06-01,70.869571,0.739647,1.036734,498.155243,898.048372,5,37.177456,31.70106,73.585005,70.869571,1.037133,533,38.342362,513.961904,1.904553,1258,516.653237,1.031334,0.533,NA,4.5757589568
"H22360","H000007053","Prevenar","G35697",2014-02-07,NA,NA,1.038286,461.538462,1051.238529,5,37.713699,31.612563,NA,NA,1.062007,477,36.725,459.706727,NA,1404,490.156898,NA,0.477,84.934,4.4119919583
"H96891","H000004331","Prevenar","G35697",2013-12-29,NA,NA,1.038286,461.538462,1051.238529,5,37.713699,31.612563,NA,NA,1.062007,477,36.725,459.706727,NA,1404,490.156898,NA,0.477,84.934,4.3490407735
"HC4718","H000011374","Prevenar","GR5869",2023-04-18,61.458125,-2.330222,1.020598,463.222372,826.955665,4,31.188668,27.576049,61.019817,61.458125,1.005198,480,32.135592,470.084235,-1.383298,1395,465.630084,1.030361,0.48,NA,4.8682111879
"GX2963","H000028394","Prevenar","HA3751",2023-06-16,NA,NA,1.04448,431.854414,494.70778,3,NA,15.904008,39.515324,NA,0.95826,461,NA,441.262483,NA,1452,413.828728,1.113722,0.461,NA,NA
"HN7737","H000013782","Prevenar","HT1791",2024-03-26,64.111742,-3.068494,0.958178,491.964708,817.939327,4,30.055816,25.689011,62.400271,64.111742,0.930635,497,32.658667,519.202767,-0.465643,1348,457.83937,1.086601,0.497,NA,5.2360186816
"G66306","H000002634","Prevenar","G58046",2013-04-26,NA,-5.674894,1.073927,425.995463,968.931716,4,28.260756,24.652221,NA,NA,0.970245,453,30.977488,421.865716,-2.958162,1477,413.320088,NA,0.453,86.947,4.9442058088
"T19610","H000006081","Prevenar","R68512",2017-07-21,61.654005,-1.788078,1.086197,463.922175,848.133542,5,31.975521,27.527408,59.073466,61.654005,1.033215,504,33.592784,463.613306,-0.170816,1330,479.331475,1.050578,0.504,NA,4.7574379086
"W28193","H000008090","Prevenar","T32901",2018-03-30,68.397992,3.799108,0.976168,575.436162,791.21481,4,33.548439,28.375807,69.384401,68.397992,0.987436,566,33.439946,580.195849,3.690615,1186,568.206355,0.996766,0.566,NA,4.7956180418
"AK8998","H000008135","Prevenar","X37494",2019-01-13,57.328138,0.66338,1.038062,469.995804,810.208108,4,32.276489,28.132509,59.050814,57.328138,1.089421,495,31.176818,476.443868,-0.436291,1353,512.023301,0.96593,0.495,NA,5.2043075017
"EM2271","H000006081","Prevenar","EC6025",2021-02-07,64.413278,0.608203,1.094115,503.47952,818.941572,5,32.981803,27.834479,59.227053,64.413278,1.015776,521,33.577257,475.868831,1.203657,1287,511.422199,1.018054,0.521,NA,4.9368901302
"H99745","H000002634","Prevenar","G35697",2014-01-10,NA,NA,1.038286,461.538462,1051.238529,5,37.713699,31.612563,NA,NA,1.062007,477,36.725,459.706727,NA,1404,490.156898,NA,0.477,84.934,4.3302698911
"N29005","H000006081","Prevenar","M15181",2016-08-08,61.364407,-0.970405,0.905003,449.482512,895.887896,4,33.447216,29.018953,67.654748,61.364407,1.08503,461,31.623037,509.504594,-2.794585,1452,487.702047,0.945461,0.461,NA,5.033059546
"N39533","H000006081","Prevenar","M15181",2016-08-11,61.364407,-0.970405,0.905003,449.482512,895.887896,4,33.447216,29.018953,67.654748,61.364407,1.08503,461,31.623037,509.504594,-2.794585,1452,487.702047,0.945461,0.461,NA,4.9336810993
"EY5103","H000013782","Prevenar","DY9999",2021-08-13,86.784868,-0.172478,1.067374,454.47903,901.009797,5,35.053703,29.599288,87.090522,86.784868,1.095263,487,34.260822,455.805605,-0.965359,1375,497.774213,0.977381,0.487,NA,4.9683145493
"AM1635","H000011374","Prevenar","X37469",2019-02-08,59.157173,-0.3876,1.1634,442.085899,806.79986,5,32.783989,27.505856,57.424309,59.157173,1.118777,520,34.48005,447.12311,1.308461,1289,494.595365,1.051734,0.52,NA,4.5196361817
"HX9141","H000011044","Prevenar","HY4071",NA,60.389625,0.896658,1.059085,483.799505,656.69989,4,29.914348,25.740225,59.153225,60.389625,1.072223,519,29.946179,490.322081,0.928488,1292,518.740762,1.001064,0.519,NA,NA
"LJ1132","H000019489","Prevenar","LE1126",2024-07-17,63.375079,0.199086,0.998396,507.577312,776.753386,4,31.588656,26.609924,65.453211,63.375079,0.997316,531,33.121144,531.626202,1.731573,1263,506.214946,1.048514,0.531,NA,NA
"DA1911","H000017723","Prevenar","CM4663",2019-12-25,73.399407,0.529971,1.0853,486.607143,866.689604,5,34.936751,29.808889,68.92058,73.399407,1.059368,512,34.682419,471.522336,0.275639,1309,515.495817,0.99272,0.512,NA,5.1148296058
"FA5692","H000008135","Prevenar","EP5316",2021-05-26,79.297464,-0.191429,1.016272,464.122508,775.332768,4,32.200649,28.215438,83.052815,79.297464,1.084145,493,31.553428,485.168144,-0.83865,1359,503.176228,0.9799,0.493,NA,5.0019540481
"G68769","H000002634","Prevenar","G12840",2012-12-23,NA,-2.700135,1.074993,472.396651,1037.954843,5,37.577155,32.637336,NA,NA,1.000847,489,38.831574,454.496079,-1.445716,1370,472.796981,NA,0.489,85.432,4.4263524914
"G90230","H000002634","Prevenar","G54758",2013-02-10,NA,0.54968,1.038948,461.028192,1035.655056,5,41.076761,35.560654,NA,NA,1.072639,491,40.746561,472.152303,0.219481,1364,494.516915,NA,0.491,83.67,4.4596621532
"GH5610","H000013782","Prevenar","GA0023",2022-11-11,243.627774,0.913022,1.03637,472.927248,754.147955,4,31.671332,27.160291,260.998383,243.627774,1.089717,526,32.308989,507.282946,1.550679,1275,515.356891,1.020134,0.526,NA,4.8097901726
"L52161","H000008135","Prevenar","J78797",2015-03-05,64.848609,-1.82343,1.059747,450.065283,992.547571,4,33.670741,27.565688,68.168002,64.848609,1.044785,496,34.040695,468.305983,-1.453476,1351,490.892313,1.010987,0.496,NA,4.8428206658
"N33896","H000008135","Prevenar","M93128",2016-05-27,65.708208,-0.030354,1.139152,516.482287,801.231362,4,31.783987,24.589214,65.548642,65.708208,0.967547,520,33.075918,456.509158,1.261577,1289,499.721052,1.040647,0.52,NA,4.6749560993
"M02672","H000008135","Prevenar","L48683",2015-07-09,68.170928,-0.777667,1.259463,495.810245,899.417248,5,33.446565,28.274253,65.023969,68.170928,0.992466,543,36.905272,431.104293,2.68104,1235,492.074617,1.10341,0.543,NA,4.4606818437
"N41693","H000011802","Prevenar","N09127",2016-03-19,59.724374,-3.326345,1.153861,408.346745,984.446274,5,33.648783,27.672969,62.859807,59.724374,1.099893,496,37.133314,429.55653,0.158186,1351,449.137644,1.103556,0.496,NA,4.304099013
"EC6042","H000010932","Prevenar","DL7832",2020-08-29,62.433319,-2.450911,1.081975,472.355472,863.022402,5,31.117891,26.210608,66.695008,62.433319,0.9903,518,34.443584,478.538571,0.874782,1294,467.773752,1.106874,0.518,NA,NA
"FY2990","H000014198","Prevenar","FH7124",2022-04-22,62.358111,-0.765103,0.902219,484.659849,795.224866,4,31.632018,26.1695,67.18166,62.358111,1.017614,470,30.161827,521.241861,-2.235295,1424,493.196835,0.953522,0.47,NA,NA
"M02681","H000007688","Prevenar","L79062",2015-07-30,64.323603,0.619893,1.017309,442.083518,873.926202,5,36.784444,29.371633,61.709021,64.323603,1.153204,510,36.779798,501.075027,0.615247,1314,509.812511,0.999874,0.51,NA,4.719080922
"S35278","H000011374","Prevenar","N69850",2017-01-09,238.533932,1.837882,1.152785,481.426146,775.692925,4,31.627513,27.138146,253.450035,238.533932,1.111183,554,32.764259,480.730858,2.974628,1211,534.952345,1.035942,0.554,NA,4.6967138875
"GH5818","H000011044","Prevenar","GA0023",2022-11-05,243.627774,0.913022,1.03637,472.927248,754.147955,4,31.671332,27.160291,260.998383,243.627774,1.089717,526,32.308989,507.282946,1.550679,1275,515.356891,1.020134,0.526,NA,4.8029451273
"HA2701","H000006081","Prevenar","HH5375",2023-11-04,57.915968,-1.811938,1.005877,489.242685,749.253378,4,27.959632,24.102708,59.833184,57.915968,0.960419,496,29.488765,492.680327,-0.282805,1351,469.877926,1.054691,0.496,NA,4.9068702347
"HY4180","H000019489","Prevenar","HM2132",2024-03-30,63.334368,-2.770587,1.000358,482.775183,813.454279,4,30.385651,26.008807,63.097857,63.334368,0.949827,478,31.689438,478.057272,-1.4668,1401,458.553058,1.042908,0.478,NA,NA
"LH9176","H000028394","Prevenar","LD1813",2024-08-19,56.279067,-2.713604,0.946858,505.886282,703.773841,4,26.184817,21.468317,58.618715,56.279067,0.902897,492,28.176412,519.089835,-0.722008,1361,456.763415,1.076059,0.492,NA,NA
"J70873","H000004331","Prevenar","J41760",2014-10-30,59.899505,-1.340333,1.116513,448.431329,920.215522,5,31.708946,26.707947,60.965702,59.899505,1.090967,513,33.232381,459.222873,0.183103,1307,489.223734,1.048044,0.513,NA,4.7399477594
"N29004","H000006081","Prevenar","N09131",2016-07-08,64.515315,1.821381,1.060239,464.945177,856.369996,5,36.06223,30.855047,68.264869,64.515315,1.131672,523,35.818633,492.918239,1.577784,1282,526.165353,0.993245,0.523,NA,4.6754475489
"RE8363","H000010932","Prevenar","MT7674",2026-05-30,69.442429,0.597736,0.996255,524.629722,821.009264,4,34.173686,29.488936,68.851165,69.442429,0.983508,499,33.046147,500.829187,-0.529804,1343,515.977697,0.967006,0.499,NA,5.2010530933
"HN7332","H000010932","Prevenar","HM2139",2024-01-12,61.545829,-0.152853,1.032466,490.982287,793.775837,4,31.235138,27.378608,64.746429,61.545829,1.018061,517,32.298569,500.614814,0.910578,1297,499.85003,1.034046,0.517,NA,NA
"NM6392","H000013782","Prevenar","MN0484",2026-02-02,64.900711,1.623151,1.108688,513.238392,735.037973,4,33.069201,27.879481,65.280069,64.900711,1.032163,564,35.168792,508.366385,3.722742,1190,529.971307,1.063491,0.564,NA,4.577037747
"FJ5979","H000010932","Prevenar","EJ9239",2021-09-19,62.0976,-3.624443,0.997626,444.863474,914.820577,5,31.381547,27.044187,64.165044,62.0976,1.014273,480,33.40266,481.416447,-1.60333,1395,451.213202,1.064405,0.48,NA,NA
"X37665","H000013782","Prevenar","W87262",2018-11-05,64.01424,-1.512074,1.092275,452.282158,871.839013,5,34.152977,29.055297,66.661095,64.01424,1.062021,499,35.477962,456.815613,-0.187088,1343,480.333371,1.038796,0.499,NA,4.7496227305
"G68774","H000002634","Prevenar","G12841",2013-01-08,NA,-0.80227,0.983752,491.728481,911.736426,5,35.59011,30.070371,NA,NA,1.001911,535,38.631902,543.608124,2.239523,1254,492.668396,NA,0.535,86.587,4.7189073931
"DN3781","H000006081","Prevenar","AP7814",2020-05-30,70.869571,0.739647,1.036734,498.155243,898.048372,5,37.177456,31.70106,73.585005,70.869571,1.037133,533,38.342362,513.961904,1.904553,1258,516.653237,1.031334,0.533,NA,4.6353285296
"F77692","H000002634","Prevenar","E95727",2011-12-18,NA,-0.267746,1.021866,464.485053,753.702859,NA,34.689343,NA,NA,NA,1.086076,497,34.160692,486.148279,-0.796397,NA,504.46612,NA,NA,67.404,4.8886161222
"G84715","H000004331","Prevenar","G74335",2013-05-16,NA,0.762249,1.060022,454.236086,825.879294,4,33.731339,29.323896,NA,NA,1.125172,492,32.452703,463.877135,-0.516387,1361,511.093902,NA,0.492,85.684,4.927732457
"J27347","H000004331","Prevenar","H89699",2014-05-07,NA,-1.057727,1.023026,444.466673,913.314002,5,34.522992,29.396729,NA,NA,1.087588,470,33.59837,459.861109,-1.982349,1424,483.396437,0.973217,0.47,NA,5.328925414
"HN7765","H000019489","Prevenar","HH7691",2023-12-08,61.497368,-3.835749,1.00243,464.299272,766.555749,4,29.829942,25.34636,60.904308,61.497368,0.9577,465,31.204375,464.019919,-2.461317,1439,444.659323,1.046076,0.465,NA,NA
"S69943","H000011373","Prevenar","S63626",2017-09-16,60.593715,-0.940786,1.147718,445.178311,949.481542,5,32.988215,28.536984,62.956174,60.593715,1.096915,517,34.918965,450.375313,0.989965,1297,488.322889,1.058528,0.517,NA,4.4658557436
"EP6206","H000008135","Prevenar","EC6025",2021-04-07,64.413278,0.608203,1.094115,503.47952,818.941572,5,32.981803,27.834479,59.227053,64.413278,1.015776,521,33.577257,475.868831,1.203657,1287,511.422199,1.018054,0.521,NA,4.9024850343
"G86640","H000002634","Prevenar","G54758",2013-02-02,NA,0.54968,1.038948,461.028192,1035.655056,5,41.076761,35.560654,NA,NA,1.072639,491,40.746561,472.152303,0.219481,1364,494.516915,NA,0.491,83.67,4.3139500734
"LX2598","H000010932","Prevenar","LY2875",2025-02-10,62.257627,-1.003939,0.974645,494.939402,696.269469,4,30.43263,25.913,54.046245,62.257627,0.981834,457,28.608022,468.696924,-2.828547,1464,485.94847,0.940044,0.457,NA,5.3125064694
"M48084","H000007053","Prevenar","M15186",2015-11-08,63.423832,-2.815384,1.051216,438.759985,922.116583,4,33.148175,28.853452,66.902344,63.423832,1.049262,475,34.230469,452.243709,-1.733089,1409,460.37434,1.03265,0.475,NA,4.7653303105
"MW1323","H000031244","Prevenar","ML2268",2025-11-18,56.530131,1.144439,1.063308,481.748727,690.702006,4,30.663979,25.681795,51.705699,56.530131,1.084031,514,30.182746,483.430059,0.663205,1304,522.230669,0.984306,0.514,NA,NA
"R24681","H000008135","Prevenar","M17975",2016-09-01,64.606459,-0.618228,1.034278,478.076492,856.398056,5,32.957493,27.947262,66.202731,64.606459,1.027154,513,34.461721,496.452999,0.885999,1307,491.058,1.045641,0.513,NA,4.8284246908
"N90915","H000011374","Prevenar","M17975",2016-08-22,64.606459,-0.618228,1.034278,478.076492,856.398056,5,32.957493,27.947262,66.202731,64.606459,1.027154,513,34.461721,496.452999,0.885999,1307,491.058,1.045641,0.513,NA,4.8484167156
"T19587","H000013782","Prevenar","S18356",2017-08-03,62.50028,-4.402869,1.048133,450.108728,967.073106,4,30.389382,26.353913,61.268943,62.50028,0.981282,470,32.361938,448.753325,-2.430313,1424,441.683782,1.064909,0.47,NA,4.8548634849
"EA9690","H000013782","Prevenar","DL7832",2020-08-08,62.433319,-2.450911,1.081975,472.355472,863.022402,5,31.117891,26.210608,66.695008,62.433319,0.9903,518,34.443584,478.538571,0.874782,1294,467.773752,1.106874,0.518,NA,4.6862084929
"FG8666","H000011044","Prevenar","DR8862",2021-07-10,62.239352,-2.191854,1.028164,460.045389,857.286233,4,31.725577,26.965099,65.372956,62.239352,1.02746,490,32.885698,476.541344,-1.031733,1367,472.678278,1.036567,0.49,NA,4.9334684139
"HG8784","H000019489","Prevenar","HE8770",2023-09-30,58.496016,-1.763949,0.970782,476.990886,745.779007,4,28.622651,24.639499,57.809099,58.496016,0.98899,482,29.239511,496.409917,-1.14709,1389,471.739039,1.021551,0.482,NA,NA
"DN3824","H000017723","Prevenar","AP7814",2020-05-09,70.869571,0.739647,1.036734,498.155243,898.048372,5,37.177456,31.70106,73.585005,70.869571,1.037133,533,38.342362,513.961904,1.904553,1258,516.653237,1.031334,0.533,NA,4.5463783353
"CM3333","H000008090","Prevenar","AR4776",2019-11-10,64.754958,0.803996,1.014915,502.773764,746.706736,4,33.414428,28.651177,69.278737,64.754958,1.041402,530,33.81202,522.033767,1.201589,1265,523.589551,1.011899,0.53,NA,4.7392135859
"GT1666","H000017723","Prevenar","HA3751",2023-05-29,NA,NA,1.04448,431.854414,494.70778,3,NA,15.904008,39.515324,NA,0.95826,461,NA,441.262483,NA,1452,413.828728,1.113722,0.461,NA,4.81180523
"HN7754","H000017723","Prevenar","HM2123",2024-01-18,60.255475,1.402186,0.970289,543.320557,678.280357,4,29.172477,24.267545,64.256708,60.255475,0.97067,547,30.259902,563.794591,2.489612,1227,527.385223,1.037276,0.547,NA,4.9864603723
"J14048","H000004330","Prevenar","J22003",2014-09-18,254.308996,3.763439,0.950469,496.08333,766.228346,4,34.09268,27.543654,263.399234,254.308996,1.125323,520,31.776864,547.449061,1.447624,1289,558.253906,0.932073,0.52,NA,4.897249171
"LE1002","H000019489","Prevenar","LE1126",2024-07-03,63.375079,0.199086,0.998396,507.577312,776.753386,4,31.588656,26.609924,65.453211,63.375079,0.997316,531,33.121144,531.626202,1.731573,1263,506.214946,1.048514,0.531,NA,NA
"CM3195","H000013782","Prevenar","AR4776",2019-08-28,64.754958,0.803996,1.014915,502.773764,746.706736,4,33.414428,28.651177,69.278737,64.754958,1.041402,530,33.81202,522.033767,1.201589,1265,523.589551,1.011899,0.53,NA,4.9687757646
"DY4259","H000011044","Prevenar","DE6984",2020-06-06,58.757254,-0.776643,0.962751,460.792239,763.166768,4,32.106257,26.487184,63.9533,58.757254,1.0805,484,31.200593,502.561236,-1.682307,1384,497.886106,0.971792,0.484,NA,4.861268517
"T30310","H000013782","Prevenar","S18356",2017-08-20,62.50028,-4.402869,1.048133,450.108728,967.073106,4,30.389382,26.353913,61.268943,62.50028,0.981282,470,32.361938,448.753325,-2.430313,1424,441.683782,1.064909,0.47,NA,4.8209724511
"W72942","H000008090","Prevenar","T32901",2018-04-12,68.397992,3.799108,0.976168,575.436162,791.21481,4,33.548439,28.375807,69.384401,68.397992,0.987436,566,33.439946,580.195849,3.690615,1186,568.206355,0.996766,0.566,NA,4.8918992513
"X37632","H000006081","Prevenar","T96899",2018-08-21,67.762994,-3.125664,1.052567,446.858998,973.945828,5,35.577797,31.046785,72.224264,67.762994,1.058312,488,36.675621,463.161898,-2.027839,1372,472.91624,1.030857,0.488,NA,4.6372206695
"X98614","H000011373","Prevenar","W42954",2018-10-10,60.868756,-0.958544,0.992383,469.748242,836.809268,5,31.782446,27.101552,63.941813,60.868756,1.046117,504,32.572159,507.487469,-0.168831,1330,491.411616,1.024847,0.504,NA,4.6970953222
"N29007","H000006081","Prevenar","L79063",2016-07-19,84.312106,0.49202,1.094419,468.079155,859.495934,4,34.177712,28.720566,93.316395,84.312106,1.08814,518,34.763902,473.375696,1.07821,1294,509.335706,1.017151,0.518,NA,4.8731475111
"FA7508","H000006081","Prevenar","EC6025",2021-05-02,64.413278,0.608203,1.094115,503.47952,818.941572,5,32.981803,27.834479,59.227053,64.413278,1.015776,521,33.577257,475.868831,1.203657,1287,511.422199,1.018054,0.521,NA,4.6494735436
"HE3214","H000006081","Prevenar","HG6429",2023-09-14,60.877566,-1.198083,0.961951,501.92932,796.186112,4,30.213487,25.331175,60.442055,60.877566,0.979869,497,30.537559,516.762919,-0.874011,1348,491.825064,1.010726,0.497,NA,5.3352006722
"LC5387","H000019489","Prevenar","HY4070",2024-05-01,53.687831,-1.423237,0.966623,484.716157,681.459091,4,26.341192,22.308636,53.391691,53.687831,0.990012,495,27.178205,512.219197,-0.586225,1353,479.874709,1.031776,0.495,NA,NA
"NM6371","H000010932","Prevenar","MT7674",2026-01-15,69.442429,0.597736,0.996255,524.629722,821.009264,4,34.173686,29.488936,68.851165,69.442429,0.983508,499,33.046147,500.829187,-0.529804,1343,515.977697,0.967006,0.499,NA,5.286944186
"M97104","H000006081","Prevenar","N09129",2016-06-15,62.970138,-0.615118,0.925758,437.553101,917.470149,5,35.56212,30.154184,68.058334,62.970138,1.138392,487,34.795398,526.452876,-1.381841,1375,498.107159,0.97844,0.487,NA,4.9746206056
"GR2925","H000006081","Prevenar","GD9453",2022-12-20,62.586821,-0.487972,0.997843,495.753506,807.94944,4,30.940277,26.813356,65.795647,62.586821,0.998312,494,30.906666,495.447535,-0.521583,1356,494.916485,0.998914,0.494,NA,4.6857051318
"HN7331","H000010932","Prevenar","HM2139",2024-01-01,61.545829,-0.152853,1.032466,490.982287,793.775837,4,31.235138,27.378608,64.746429,61.545829,1.018061,517,32.298569,500.614814,0.910578,1297,499.85003,1.034046,0.517,NA,NA
"ED8345","H000010932","Prevenar","DL7834",2020-11-14,66.38567,-0.097954,1.00734,466.822298,940.481407,5,35.202347,29.801974,71.76098,66.38567,1.062976,491,34.832843,487.434622,-0.467457,1364,496.221011,0.989503,0.491,NA,NA
"HF3753","H000010932","Prevenar","HE8770",2023-09-10,58.496016,-1.763949,0.970782,476.990886,745.779007,4,28.622651,24.639499,57.809099,58.496016,0.98899,482,29.239511,496.409917,-1.14709,1389,471.739039,1.021551,0.482,NA,NA
"X28326","H000008135","Prevenar","T96899",2018-08-05,67.762994,-3.125664,1.052567,446.858998,973.945828,5,35.577797,31.046785,72.224264,67.762994,1.058312,488,36.675621,463.161898,-2.027839,1372,472.91624,1.030857,0.488,NA,4.5389288511
"FY2979","H000006081","Prevenar","FG0964",2022-03-27,59.762812,0.991521,1.110826,480.058574,769.177947,4,32.068721,27.928774,78.361087,59.762812,1.077357,529,32.806953,476.312452,1.729753,1268,517.194329,1.02302,0.529,NA,4.9079566803
"M21972","H000007688","Prevenar","L79062",2015-09-13,64.323603,0.619893,1.017309,442.083518,873.926202,5,36.784444,29.371633,61.709021,64.323603,1.153204,510,36.779798,501.075027,0.615247,1314,509.812511,0.999874,0.51,NA,4.4456378996
"MC2196","H000013782","Prevenar","LY9902",2025-06-21,80.365265,0.372486,1.078711,520.599281,723.595232,4,29.023066,24.368692,74.513857,80.365265,0.970882,529,30.387156,490.582145,1.736576,1268,505.440544,1.047,0.529,NA,5.0507124012
"T19584","H000008090","Prevenar","S63626",2017-10-10,60.593715,-0.940786,1.147718,445.178311,949.481542,5,32.988215,28.536984,62.956174,60.593715,1.096915,517,34.918965,450.375313,0.989965,1297,488.322889,1.058528,0.517,NA,4.3408512541
"CK6580","H000013782","Prevenar","AM8995",2019-07-11,134.973795,-2.631222,1.019609,438.712623,984.718467,5,35.944427,31.278156,167.564077,134.973795,1.076482,473,36.035076,464.351719,-2.540573,1415,472.266218,1.002522,0.473,NA,4.8381226337
"DN3817","H000013782","Prevenar","CW7635",2020-04-28,135.824778,-0.878242,1.160173,501.607577,820.746604,5,32.69185,27.151505,127.995783,135.824778,0.986781,554,36.592519,477.546045,3.022427,1211,494.977025,1.119316,0.554,NA,4.3034303675
"X37664","H000013782","Prevenar","W61761",2018-10-19,61.891913,-0.217594,1.083511,452.918278,876.986031,4,34.217426,29.954,55.442393,61.891913,1.105898,480,32.7592,442.575642,-1.675821,1395,500.881607,0.957384,0.48,NA,4.8626793384
"FY7375","H000019489","Prevenar","ER8675",2022-06-11,66.014788,0.020749,1.030192,488.998428,836.825464,4,34.292058,26.73329,70.084578,66.014788,1.034567,517,35.069098,502.202643,0.797789,1297,505.901604,1.022659,0.517,NA,NA
"HC7746","H000019489","Prevenar","GP0950",2023-04-18,59.547213,0.333921,0.961639,544.823691,671.776269,4,27.660041,23.17008,60.696463,59.547213,0.927297,537,29.424061,558.872305,2.09794,1249,505.213438,1.063775,0.537,NA,NA
"T63431","H000013782","Prevenar","S63622",2017-11-02,59.303741,0.392014,1.152416,442.839857,945.446385,5,33.718865,28.780053,58.863621,59.303741,1.148585,523,34.659395,453.679017,1.332544,1282,508.639405,1.027893,0.523,NA,4.604720013
"AJ6040","H000010932","Prevenar","X37494",2018-12-28,57.328138,0.66338,1.038062,469.995804,810.208108,4,32.276489,28.132509,59.050814,57.328138,1.089421,495,31.176818,476.443868,-0.436291,1353,512.023301,0.96593,0.495,NA,NA
"AH5711","H000008135","Prevenar","X37494",2019-01-09,57.328138,0.66338,1.038062,469.995804,810.208108,4,32.276489,28.132509,59.050814,57.328138,1.089421,495,31.176818,476.443868,-0.436291,1353,512.023301,0.96593,0.495,NA,5.1455721571
"AW6839","H000010932","Prevenar","AR4774",2019-05-27,62.472654,-0.146839,1.123807,436.796506,941.136007,5,36.14048,31.260923,65.010539,62.472654,1.157219,496,35.484483,441.618527,-0.802836,1351,505.469053,0.981849,0.496,NA,NA
"LX3431","H000031244","Prevenar","LK3096",2025-01-18,62.091601,-3.850666,0.975085,478.653027,736.328403,4,28.703144,24.789709,65.237675,62.091601,0.923985,475,30.856401,487.59509,-1.697409,1409,442.268278,1.075018,0.475,NA,NA
"M21961","H000006081","Prevenar","M15185",2015-11-14,61.525566,1.472761,1.137656,453.769721,986.064046,5,38.010931,32.611644,65.133552,61.525566,1.1575,533,38.58688,468.680324,2.04871,1258,525.2386,1.015152,0.533,NA,4.386157718
"GR3550","H000017723","Prevenar","GD9453",2023-02-08,62.586821,-0.487972,0.997843,495.753506,807.94944,4,30.940277,26.813356,65.795647,62.586821,0.998312,494,30.906666,495.447535,-0.521583,1356,494.916485,0.998914,0.494,NA,5.023288481
"N39526","H000011374","Prevenar","N09131",2016-06-22,64.515315,1.821381,1.060239,464.945177,856.369996,5,36.06223,30.855047,68.264869,64.515315,1.131672,523,35.818633,492.918239,1.577784,1282,526.165353,0.993245,0.523,NA,4.7317849622
"T67400","H000011374","Prevenar","S18361",2017-09-07,60.161364,-4.420369,1.109279,421.059648,863.577256,5,31.84767,27.859443,65.70041,60.161364,1.057198,485,34.730549,437.615924,-1.537491,1381,445.143213,1.090521,0.485,NA,4.4606085526
"N90912","H000008090","Prevenar","M17975",2016-09-27,64.606459,-0.618228,1.034278,478.076492,856.398056,5,32.957493,27.947262,66.202731,64.606459,1.027154,513,34.461721,496.452999,0.885999,1307,491.058,1.045641,0.513,NA,5.1824162007
"N33857","H000008135","Prevenar","M93128",2016-05-05,65.708208,-0.030354,1.139152,516.482287,801.231362,4,31.783987,24.589214,65.548642,65.708208,0.967547,520,33.075918,456.509158,1.261577,1289,499.721052,1.040647,0.52,NA,4.7117387116
"ED8336","H000010932","Prevenar","DL7833",2020-10-01,64.874852,-2.584003,1.074407,467.892209,870.079832,5,33.145477,28.102035,72.980307,64.874852,1.004041,503,35.510638,468.449211,-0.218843,1332,469.783011,1.071357,0.503,NA,NA
"ED8314","H000013782","Prevenar","DL7834",2020-11-12,66.38567,-0.097954,1.00734,466.822298,940.481407,5,35.202347,29.801974,71.76098,66.38567,1.062976,491,34.832843,487.434622,-0.467457,1364,496.221011,0.989503,0.491,NA,4.7312193771
"DN3815","H000013782","Prevenar","CM4665",2020-03-23,122.584051,0.395648,0.996275,530.725169,781.556281,4,31.264067,26.978661,132.332351,122.584051,0.970453,540,32.802932,542.415814,1.934513,1242,515.043885,1.049222,0.54,NA,4.5994484823
"G02999","H000002634","Prevenar","E76420",2012-05-22,NA,-0.138139,1.096345,446.051162,886.349444,NA,40.57825,NA,NA,NA,1.131984,496,39.857331,452.368806,-0.859058,NA,504.922973,NA,NA,66.26,4.5512441143
"H81496A","H000002634","Prevenar","G35697",2014-01-26,NA,NA,1.038286,461.538462,1051.238529,5,37.713699,31.612563,NA,NA,1.062007,477,36.725,459.706727,NA,1404,490.156898,NA,0.477,84.934,NA
"HF3319","H000010932","Prevenar","HE8771",2023-09-03,62.358391,1.740776,1.037177,510.889166,753.97079,4,31.784185,27.196889,60.115253,62.358391,1.013666,521,31.95047,501.920496,1.90706,1287,517.871131,1.005232,0.521,NA,NA
"DK2112","H000017723","Prevenar","AP7813",2020-03-26,65.163605,-0.29756,1.063345,514.006734,803.592683,5,32.289659,26.654923,69.154867,65.163605,0.972376,530,34.252097,498.599897,1.664878,1265,499.807617,1.060776,0.53,NA,4.4530623308
"EW0926","H000010932","Prevenar","DT9980",2021-04-27,240.747254,-2.81549,1.064556,465.193913,885.076564,5,31.00393,26.379715,241.689341,240.747254,0.996169,506,33.822245,474.880584,0.002825,1324,463.411868,1.090902,0.506,NA,NA
"GR2540","H000008135","Prevenar","GD9453",2022-12-27,62.586821,-0.487972,0.997843,495.753506,807.94944,4,30.940277,26.813356,65.795647,62.586821,0.998312,494,30.906666,495.447535,-0.521583,1356,494.916485,0.998914,0.494,NA,4.9543205943
"H75719","H000004331","Prevenar","H28300",2013-11-13,NA,0.96342,1.011062,487.250115,840.123992,4,32.983249,28.680531,NA,NA,1.047633,483,31.230001,478.037367,-0.789828,1386,510.459099,NA,0.483,83.959,4.9734133753
"HF3806","H000019489","Prevenar","HA3754",2023-07-18,NA,NA,0.80512,579.367296,545.067862,3,NA,17.813285,199.665366,NA,0.787131,467,NA,579.997713,NA,1433,456.037715,1.023967,0.467,NA,NA
"HP2980","H000029483","Prevenar","HM2123",NA,60.255475,1.402186,0.970289,543.320557,678.280357,4,29.172477,24.267545,64.256708,60.255475,0.97067,547,30.259902,563.794591,2.489612,1227,527.385223,1.037276,0.547,NA,NA
"M97924","H000011044","Prevenar","M35819",2015-12-21,62.42132,-2.464337,1.114474,432.856533,991.73931,5,33.612162,28.818199,70.078808,62.42132,1.086097,520,37.171986,466.510983,1.095486,1289,470.124072,1.105909,0.52,NA,4.5167849933
"GR3533","H000013782","Prevenar","GG0404",2023-04-11,61.729126,-3.325371,0.943335,474.070806,814.988072,4,29.367679,25.319588,61.60561,61.729126,0.952683,446,28.982268,472.485399,-3.710782,1500,451.638992,0.986876,0.446,NA,4.9678453991
"J70975","H000008090","Prevenar","J40102",2014-11-15,68.616295,-7.646211,1.058072,380.014544,927.675451,5,36.18753,30.528674,75.638394,68.616295,1.098533,426,36.936993,402.717355,-6.896748,1569,417.45837,1.020711,0.426,NA,4.5335390947
"L30167","H000008135","Prevenar","L45106",2015-05-30,261.410018,-0.062326,1.114868,486.097093,848.147373,4,32.091273,27.666208,282.41785,261.410018,1.034997,516,32.914149,462.843953,0.76055,1299,503.109121,1.025642,0.516,NA,4.7199542557
"X56181","H000008090","Prevenar","W61756",2018-10-14,63.712571,-0.849127,1.122002,463.354189,853.819959,5,34.233503,29.076989,66.13135,63.712571,1.065475,531,36.831492,473.40284,1.748862,1263,493.69244,1.07589,0.531,NA,4.3889163953
"EP0377","H000006081","Prevenar","DN7269",2021-01-02,60.791805,-0.34525,0.997569,462.060759,850.138172,4,33.28788,28.450827,65.218215,60.791805,1.085976,501,33.227711,502.100511,-0.405418,1337,501.7868,0.998192,0.501,NA,4.9245217262
"GR2966","H000006081","Prevenar","GD9453",2023-01-13,62.586821,-0.487972,0.997843,495.753506,807.94944,4,30.940277,26.813356,65.795647,62.586821,0.998312,494,30.906666,495.447535,-0.521583,1356,494.916485,0.998914,0.494,NA,5.0008562174
"X37633","H000006081","Prevenar","T96899",2018-08-30,67.762994,-3.125664,1.052567,446.858998,973.945828,5,35.577797,31.046785,72.224264,67.762994,1.058312,488,36.675621,463.161898,-2.027839,1372,472.91624,1.030857,0.488,NA,4.7434604003
"DW3791","H000008135","Prevenar","AP7814",2020-05-03,70.869571,0.739647,1.036734,498.155243,898.048372,5,37.177456,31.70106,73.585005,70.869571,1.037133,533,38.342362,513.961904,1.904553,1258,516.653237,1.031334,0.533,NA,4.4128099592
"G09770","H000002634","Prevenar","E95727",2012-06-30,NA,-0.267746,1.021866,464.485053,753.702859,NA,34.689343,NA,NA,NA,1.086076,497,34.160692,486.148279,-0.796397,NA,504.46612,NA,NA,67.404,4.5037324598
"HE3376","H000017723","Prevenar","HA3753",2023-08-02,60.04985,0.550779,1.07497,467.841929,759.107754,4,32.833349,27.425714,60.627545,60.04985,1.089497,512,33.008239,476.689795,0.725669,1309,509.712323,1.005327,0.512,NA,4.8090485299
"S25795","H000008135","Prevenar","N69851",2017-01-14,54.839489,-2.555367,1.174254,404.913456,946.225939,4,31.539062,27.702468,51.088035,54.839489,1.156896,472,31.748812,401.580845,-2.345617,1418,468.442568,1.006651,0.472,NA,5.1571025365
"X37656","H000011374","Prevenar","W61761",2018-10-16,61.891913,-0.217594,1.083511,452.918278,876.986031,4,34.217426,29.954,55.442393,61.891913,1.105898,480,32.7592,442.575642,-1.675821,1395,500.881607,0.957384,0.48,NA,4.7317662293
"GC1488","H000008135","Prevenar","FT3583",2022-07-11,64.76426,-3.696382,1.076579,454.109271,879.722441,4,32.379317,28.097232,63.457777,64.76426,0.995709,452,32.368401,419.856354,-3.707298,1480,452.160818,0.999663,0.452,NA,4.9742112767
"HG8788","H000019489","Prevenar","HE8770",2023-09-19,58.496016,-1.763949,0.970782,476.990886,745.779007,4,28.622651,24.639499,57.809099,58.496016,0.98899,482,29.239511,496.409917,-1.14709,1389,471.739039,1.021551,0.482,NA,NA
"X19606","H000011373","Prevenar","T49729",2018-05-07,66.01404,1.455474,0.994722,509.898245,850.604312,5,33.851184,28.646618,68.758695,66.01404,1.03959,514,32.810229,516.510678,0.414519,1304,530.085336,0.969249,0.514,NA,4.6689917682
"EW0916","H000006081","Prevenar","EC6025",2021-04-25,64.413278,0.608203,1.094115,503.47952,818.941572,5,32.981803,27.834479,59.227053,64.413278,1.015776,521,33.577257,475.868831,1.203657,1287,511.422199,1.018054,0.521,NA,4.8938012643
"AL9829","H000006081","Prevenar","X37494",2019-01-31,57.328138,0.66338,1.038062,469.995804,810.208108,4,32.276489,28.132509,59.050814,57.328138,1.089421,495,31.176818,476.443868,-0.436291,1353,512.023301,0.96593,0.495,NA,4.8765610359
"L95559","H000008090","Prevenar","L45105",2015-05-16,64.613588,-0.459244,1.057603,461.286236,968.614807,5,35.429256,29.90724,67.449943,64.613588,1.077395,503,35.880855,475.9083,-0.007645,1332,496.987347,1.012746,0.503,NA,4.6905579678
"S25814","H000011373","Prevenar","N69850",2016-12-31,238.533932,1.837882,1.152785,481.426146,775.692925,4,31.627513,27.138146,253.450035,238.533932,1.111183,554,32.764259,480.730858,2.974628,1211,534.952345,1.035942,0.554,NA,4.854626719
"AR7675","H000006081","Prevenar","AA1759",2019-03-19,216.986458,2.453768,1.010337,505.242527,733.670159,4,31.274738,26.397711,224.46364,216.986458,1.088347,532,30.273988,526.837703,1.453017,1261,549.879252,0.968001,0.532,NA,4.9309218121
"M97247","H000008135","Prevenar","M35819",2016-02-11,62.42132,-2.464337,1.114474,432.856533,991.73931,5,33.612162,28.818199,70.078808,62.42132,1.086097,520,37.171986,466.510983,1.095486,1289,470.124072,1.105909,0.52,NA,4.5928727114
"H87642","H000002634","Prevenar","G36298",2014-01-23,NA,0.41291,1.007773,489.446151,1045.498098,5,35.853801,30.875797,NA,NA,1.058225,493,34.127326,489.200717,-1.313565,1359,517.943926,NA,0.493,86.806,5.114996293
"G79029","H000002634","Prevenar","G54758",2013-01-27,NA,0.54968,1.038948,461.028192,1035.655056,5,41.076761,35.560654,NA,NA,1.072639,491,40.746561,472.152303,0.219481,1364,494.516915,NA,0.491,83.67,4.4505139501
"FT0524","H000011044","Prevenar","EL4564",2022-03-25,62.870245,-4.171869,1.129032,425.179925,913.412598,5,32.778841,26.770252,63.254965,62.870245,1.051907,480,35.170983,425.044588,-1.779728,1395,447.249658,1.072978,0.48,NA,4.9712746791
"J70976","H000008090","Prevenar","J40102",2014-11-17,68.616295,-7.646211,1.058072,380.014544,927.675451,5,36.18753,30.528674,75.638394,68.616295,1.098533,426,36.936993,402.717355,-6.896748,1569,417.45837,1.020711,0.426,NA,4.257246192
"L30165","H000008135","Prevenar","L45106",2015-05-27,261.410018,-0.062326,1.114868,486.097093,848.147373,4,32.091273,27.666208,282.41785,261.410018,1.034997,516,32.914149,462.843953,0.76055,1299,503.109121,1.025642,0.516,NA,4.7605880538
"FH0024","H000011044","Prevenar","DY9999",2021-08-01,86.784868,-0.172478,1.067374,454.47903,901.009797,5,35.053703,29.599288,87.090522,86.784868,1.095263,487,34.260822,455.805605,-0.965359,1375,497.774213,0.977381,0.487,NA,4.985729927
"EL8861","H000010932","Prevenar","DN7268",2020-12-19,63.589403,-2.047303,1.05339,430.691475,928.977168,5,34.759849,29.442442,65.426952,63.589403,1.102916,474,34.721137,450.43867,-2.086014,1412,475.016515,0.998886,0.474,NA,NA
"FP0676","H000006081","Prevenar","FG0964",2022-05-05,59.762812,0.991521,1.110826,480.058574,769.177947,4,32.068721,27.928774,78.361087,59.762812,1.077357,529,32.806953,476.312452,1.729753,1268,517.194329,1.02302,0.529,NA,4.7738360331
"M71358","H000008135","Prevenar","M15185",2015-11-27,61.525566,1.472761,1.137656,453.769721,986.064046,5,38.010931,32.611644,65.133552,61.525566,1.1575,533,38.58688,468.680324,2.04871,1258,525.2386,1.015152,0.533,NA,4.4578869257
"NJ6144","H000008090","Prevenar","ML2268",2025-10-19,56.530131,1.144439,1.063308,481.748727,690.702006,4,30.663979,25.681795,51.705699,56.530131,1.084031,514,30.182746,483.430059,0.663205,1304,522.230669,0.984306,0.514,NA,4.8291257518
"GF1172","H000019252","Prevenar","FT3581",2022-09-07,62.654418,-1.034203,1.104864,473.709209,867.657403,5,32.484737,27.558694,61.44162,62.654418,1.038358,517,34.120797,467.616668,0.601857,1297,491.879958,1.050364,0.517,NA,4.8523247002
"L95562","H000004330","Prevenar","L45105",2015-05-26,64.613588,-0.459244,1.057603,461.286236,968.614807,5,35.429256,29.90724,67.449943,64.613588,1.077395,503,35.880855,475.9083,-0.007645,1332,496.987347,1.012746,0.503,NA,4.6905579678
"CL6646","H000006081","Prevenar","AR4776",2019-07-26,64.754958,0.803996,1.014915,502.773764,746.706736,4,33.414428,28.651177,69.278737,64.754958,1.041402,530,33.81202,522.033767,1.201589,1265,523.589551,1.011899,0.53,NA,4.9438227831
"N90897","H000006081","Prevenar","M15181",2016-08-18,61.364407,-0.970405,0.905003,449.482512,895.887896,4,33.447216,29.018953,67.654748,61.364407,1.08503,461,31.623037,509.504594,-2.794585,1452,487.702047,0.945461,0.461,NA,4.9587748318
"GH5833","H000006081","Prevenar","FT3583",2022-11-11,64.76426,-3.696382,1.076579,454.109271,879.722441,4,32.379317,28.097232,63.457777,64.76426,0.995709,452,32.368401,419.856354,-3.707298,1480,452.160818,0.999663,0.452,NA,5.079750332
"AH5724","H000008090","Prevenar","X37469",2018-12-23,59.157173,-0.3876,1.1634,442.085899,806.79986,5,32.783989,27.505856,57.424309,59.157173,1.118777,520,34.48005,447.12311,1.308461,1289,494.595365,1.051734,0.52,NA,4.5173333335
"CR3613","H000010932","Prevenar","CA6638",2019-11-13,65.215009,-1.438625,1.033394,446.625908,932.772266,5,34.933774,29.93137,66.575429,65.215009,1.079735,490,35.460054,473.684552,-0.912344,1367,482.237596,1.015065,0.49,NA,NA
"HR4694","H000011044","Prevenar","HT1790",2024-04-15,66.119907,-2.443174,0.996873,482.39626,838.594671,4,31.519327,27.502445,65.377751,66.119907,0.964857,476,32.223323,477.332214,-1.739179,1407,465.443542,1.022335,0.476,NA,4.9317017286
"NM6536","H000035016","Prevenar","MN0484",2026-03-28,64.900711,1.623151,1.108688,513.238392,735.037973,4,33.069201,27.879481,65.280069,64.900711,1.032163,564,35.168792,508.366385,3.722742,1190,529.971307,1.063491,0.564,NA,NA
"X23345","H000010932","Prevenar","W42920",2018-07-25,60.798414,-1.628491,1.000351,488.233606,793.280489,4,30.316518,26.09918,60.166109,60.798414,0.985377,514,32.396594,513.922643,0.451584,1304,481.094408,1.068612,0.514,NA,4.4605964912
"DK2060","H000006081","Prevenar","AP7813",2020-04-29,65.163605,-0.29756,1.063345,514.006734,803.592683,5,32.289659,26.654923,69.154867,65.163605,0.972376,530,34.252097,498.599897,1.664878,1265,499.807617,1.060776,0.53,NA,4.4215950922
"DJ2700","H000006081","Prevenar","AP7813",2020-04-07,65.163605,-0.29756,1.063345,514.006734,803.592683,5,32.289659,26.654923,69.154867,65.163605,0.972376,530,34.252097,498.599897,1.664878,1265,499.807617,1.060776,0.53,NA,4.4798447062
"HN5226","H000011044","Prevenar","HH5375",2023-12-04,57.915968,-1.811938,1.005877,489.242685,749.253378,4,27.959632,24.102708,59.833184,57.915968,0.960419,496,29.488765,492.680327,-0.282805,1351,469.877926,1.054691,0.496,NA,4.8590078174
"LX2597","H000010932","Prevenar","LK3096",2025-02-08,62.091601,-3.850666,0.975085,478.653027,736.328403,4,28.703144,24.789709,65.237675,62.091601,0.923985,475,30.856401,487.59509,-1.697409,1409,442.268278,1.075018,0.475,NA,NA
"M56265","H000004330","Prevenar","L79063",2015-11-23,84.312106,0.49202,1.094419,468.079155,859.495934,4,34.177712,28.720566,93.316395,84.312106,1.08814,518,34.763902,473.375696,1.07821,1294,509.335706,1.017151,0.518,NA,4.9190724639
"HE4012","H000011044","Prevenar","HA3753",2023-07-30,60.04985,0.550779,1.07497,467.841929,759.107754,4,32.833349,27.425714,60.627545,60.04985,1.089497,512,33.008239,476.689795,0.725669,1309,509.712323,1.005327,0.512,NA,4.7027432466
"S25815","H000011373","Prevenar","M17975",2017-02-19,64.606459,-0.618228,1.034278,478.076492,856.398056,5,32.957493,27.947262,66.202731,64.606459,1.027154,513,34.461721,496.452999,0.885999,1307,491.058,1.045641,0.513,NA,4.9173934253
"CR2737","H000006081","Prevenar","AR4776",2019-08-22,64.754958,0.803996,1.014915,502.773764,746.706736,4,33.414428,28.651177,69.278737,64.754958,1.041402,530,33.81202,522.033767,1.201589,1265,523.589551,1.011899,0.53,NA,4.7614298429
"R59673","H000011374","Prevenar","N16564",2016-10-14,122.392609,-9.341401,1.067779,343.607163,846.82729,5,34.017799,29.102507,111.089248,122.392609,1.149362,397,34.171689,371.533438,-9.18751,1682,394.928886,1.004524,0.397,NA,4.7462337282
"GT1611","H000011374","Prevenar","FH7124",2023-03-28,62.358111,-0.765103,0.902219,484.659849,795.224866,4,31.632018,26.1695,67.18166,62.358111,1.017614,470,30.161827,521.241861,-2.235295,1424,493.196835,0.953522,0.47,NA,NA
"DL7371","H000010932","Prevenar","CM4665",2020-03-10,122.584051,0.395648,0.996275,530.725169,781.556281,4,31.264067,26.978661,132.332351,122.584051,0.970453,540,32.802932,542.415814,1.934513,1242,515.043885,1.049222,0.54,NA,NA
"DN3818","H000013782","Prevenar","DE6984",2020-05-19,58.757254,-0.776643,0.962751,460.792239,763.166768,4,32.106257,26.487184,63.9533,58.757254,1.0805,484,31.200593,502.561236,-1.682307,1384,497.886106,0.971792,0.484,NA,4.9042830973
"DK2072","H000013782","Prevenar","DE6985",2020-03-31,62.561618,-0.441247,1.17417,432.256663,914.631042,5,36.007224,30.714046,65.277806,62.561618,1.147799,530,38.449289,451.206511,2.000818,1265,496.143765,1.067822,0.53,NA,4.2542105594
"EL8878","H000010932","Prevenar","DR8862",2021-01-23,62.239352,-2.191854,1.028164,460.045389,857.286233,4,31.725577,26.965099,65.372956,62.239352,1.02746,490,32.885698,476.541344,-1.031733,1367,472.678278,1.036567,0.49,NA,NA
"FF8698","H000017723","Prevenar","EP5316",2021-08-19,79.297464,-0.191429,1.016272,464.122508,775.332768,4,32.200649,28.215438,83.052815,79.297464,1.084145,493,31.553428,485.168144,-0.83865,1359,503.176228,0.9799,0.493,NA,4.9731646754
"GX4678","H000019489","Prevenar","GG0404",2023-03-09,61.729126,-3.325371,0.943335,474.070806,814.988072,4,29.367679,25.319588,61.60561,61.729126,0.952683,446,28.982268,472.485399,-3.710782,1500,451.638992,0.986876,0.446,NA,NA
"DC8087","H000011373","Prevenar","CH7206",2020-01-05,89.955215,-1.709532,1.010128,475.824176,864.226291,4,32.927499,27.749028,89.497701,89.955215,1.005838,473,32.515024,467.868256,-2.122007,1415,478.602177,0.987473,0.473,NA,4.8565968681
"G03000","H000002634","Prevenar","E76420",2012-05-26,NA,-0.138139,1.096345,446.051162,886.349444,NA,40.57825,NA,NA,NA,1.131984,496,39.857331,452.368806,-0.859058,NA,504.922973,NA,NA,66.26,4.6134659922
"AK9145","H000010932","Prevenar","X37494",2019-01-11,57.328138,0.66338,1.038062,469.995804,810.208108,4,32.276489,28.132509,59.050814,57.328138,1.089421,495,31.176818,476.443868,-0.436291,1353,512.023301,0.96593,0.495,NA,NA
"CH8182","H000008135","Prevenar","AP7813",2019-06-21,65.163605,-0.29756,1.063345,514.006734,803.592683,5,32.289659,26.654923,69.154867,65.163605,0.972376,530,34.252097,498.599897,1.664878,1265,499.807617,1.060776,0.53,NA,4.6098506312
"HN7337","H000010932","Prevenar","HM2123",2024-02-10,60.255475,1.402186,0.970289,543.320557,678.280357,4,29.172477,24.267545,64.256708,60.255475,0.97067,547,30.259902,563.794591,2.489612,1227,527.385223,1.037276,0.547,NA,NA
"R32082","H000011044","Prevenar","N16564",2016-10-07,122.392609,-9.341401,1.067779,343.607163,846.82729,5,34.017799,29.102507,111.089248,122.392609,1.149362,397,34.171689,371.533438,-9.18751,1682,394.928886,1.004524,0.397,NA,4.8379406172
"L22427","H000004331","Prevenar","J40102",2014-12-15,68.616295,-7.646211,1.058072,380.014544,927.675451,5,36.18753,30.528674,75.638394,68.616295,1.098533,426,36.936993,402.717355,-6.896748,1569,417.45837,1.020711,0.426,NA,4.5007931234
"J70886","H000004331","Prevenar","J41760",2014-11-09,59.899505,-1.340333,1.116513,448.431329,920.215522,5,31.708946,26.707947,60.965702,59.899505,1.090967,513,33.232381,459.222873,0.183103,1307,489.223734,1.048044,0.513,NA,4.6823541374
"EE1134","H000006081","Prevenar","DN7268",2020-11-27,63.589403,-2.047303,1.05339,430.691475,928.977168,5,34.759849,29.442442,65.426952,63.589403,1.102916,474,34.721137,450.43867,-2.086014,1412,475.016515,0.998886,0.474,NA,4.889
"G89775","H000004331","Prevenar","G54759",2013-02-21,NA,1.344732,1.051104,472.838596,942.917462,5,39.103692,33.372906,NA,NA,1.098767,510,38.372933,485.042735,0.613972,1314,519.539435,NA,0.51,86.161,4.7713544329
"GD0307","H000011373","Prevenar","FH7124",2022-07-12,62.358111,-0.765103,0.902219,484.659849,795.224866,4,31.632018,26.1695,67.18166,62.358111,1.017614,470,30.161827,521.241861,-2.235295,1424,493.196835,0.953522,0.47,NA,5.2092442285
"MG4220","H000031244","Prevenar","MF3031",2025-06-13,121.757312,-0.353862,1.010702,491.87531,731.967539,4,30.192239,25.672716,127.923951,121.757312,1.0099,518,31.470764,512.297462,0.924664,1294,496.744945,1.042346,0.518,NA,NA
"HT5057","H000010932","Prevenar","HY4070",2024-05-02,53.687831,-1.423237,0.966623,484.716157,681.459091,4,26.341192,22.308636,53.391691,53.687831,0.990012,495,27.178205,512.219197,-0.586225,1353,479.874709,1.031776,0.495,NA,4.8991718562
"G68772","H000002634","Prevenar","G54758",2013-01-04,NA,0.54968,1.038948,461.028192,1035.655056,5,41.076761,35.560654,NA,NA,1.072639,491,40.746561,472.152303,0.219481,1364,494.516915,NA,0.491,83.67,4.4918122685
"CW6531","H000011044","Prevenar","AR4778",2019-09-14,69.392388,-0.353135,0.961176,512.557948,884.901565,5,34.097454,29.218671,67.859425,69.392388,0.975286,494,33.726772,514.428324,-0.723816,1356,499.890742,0.989129,0.494,NA,4.8548411833
"EL8867","H000010932","Prevenar","DR8862",2021-01-08,62.239352,-2.191854,1.028164,460.045389,857.286233,4,31.725577,26.965099,65.372956,62.239352,1.02746,490,32.885698,476.541344,-1.031733,1367,472.678278,1.036567,0.49,NA,NA
"H38800","H000006081","Prevenar","G47397",2013-10-09,NA,NA,0.954138,476.815091,782.467195,4,33.292129,26.874895,NA,NA,1.065813,498,32.647755,522.313804,NA,1345,508.195691,NA,0.498,79.224,4.7065716548
"H15039","H000004331","Prevenar","G73488",2013-07-05,NA,-2.691426,1.014863,434.944596,915.096816,4,31.819434,27.919514,NA,NA,1.064322,471,32.36804,464.005913,-2.14282,1421,462.921095,NA,0.471,85.108,4.8734926635
"J80522","H000002634","Prevenar","J41760",2014-11-04,59.899505,-1.340333,1.116513,448.431329,920.215522,5,31.708946,26.707947,60.965702,59.899505,1.090967,513,33.232381,459.222873,0.183103,1307,489.223734,1.048044,0.513,NA,4.4897484391
"N28946","H000007053","Prevenar","M35819",2016-02-11,62.42132,-2.464337,1.114474,432.856533,991.73931,5,33.612162,28.818199,70.078808,62.42132,1.086097,520,37.171986,466.510983,1.095486,1289,470.124072,1.105909,0.52,NA,4.7948041324
"DK2067","H000010932","Prevenar","CM4664",2020-02-20,130.58387,-1.444665,1.088189,506.33642,837.119031,5,32.817526,28.007876,119.341388,130.58387,0.952196,516,35.146739,474.50461,0.884547,1299,482.131654,1.070975,0.516,NA,NA
"EL8915","H000010932","Prevenar","DR8862",2021-01-30,62.239352,-2.191854,1.028164,460.045389,857.286233,4,31.725577,26.965099,65.372956,62.239352,1.02746,490,32.885698,476.541344,-1.031733,1367,472.678278,1.036567,0.49,NA,NA
"H50985","H000004331","Prevenar","G86534",2013-10-22,NA,NA,0.98274,499.924559,797.696109,4,29.571913,25.544362,NA,NA,0.995001,500,29.711077,508.543918,NA,1340,497.425535,NA,0.5,86.207,4.7134223095
"GH5609","H000013782","Prevenar","GD9450",2022-11-02,62.967487,-1.602171,0.978813,470.053126,809.374191,4,31.663149,27.325662,64.406668,62.967487,1.014254,483,32.108939,493.930348,-1.156381,1386,476.753351,1.014079,0.483,NA,4.926178928
"GG9457","H000028394","Prevenar","FX7992",2022-08-02,354.144295,0.460795,0.949937,503.617611,675.014945,3,27.170284,20.603195,381.257686,354.144295,1.015517,508,26.98211,534.656834,0.27262,1319,511.432197,0.993074,0.508,NA,NA
"G89770","H000004331","Prevenar","G54759",2013-02-13,NA,1.344732,1.051104,472.838596,942.917462,5,39.103692,33.372906,NA,NA,1.098767,510,38.372933,485.042735,0.613972,1314,519.539435,NA,0.51,86.161,4.8110223674
"HY4200","H000028394","Prevenar","HT1790",2024-04-03,66.119907,-2.443174,0.996873,482.39626,838.594671,4,31.519327,27.502445,65.377751,66.119907,0.964857,476,32.223323,477.332214,-1.739179,1407,465.443542,1.022335,0.476,NA,NA
"CR3607","H000008135","Prevenar","AP7814",2019-10-10,70.869571,0.739647,1.036734,498.155243,898.048372,5,37.177456,31.70106,73.585005,70.869571,1.037133,533,38.342362,513.961904,1.904553,1258,516.653237,1.031334,0.533,NA,4.5635394933
"DA1869","H000008135","Prevenar","CM4664",2020-01-17,130.58387,-1.444665,1.088189,506.33642,837.119031,5,32.817526,28.007876,119.341388,130.58387,0.952196,516,35.146739,474.50461,0.884547,1299,482.131654,1.070975,0.516,NA,4.6628971919
"T67401","H000011374","Prevenar","S18361",2017-09-10,60.161364,-4.420369,1.109279,421.059648,863.577256,5,31.84767,27.859443,65.70041,60.161364,1.057198,485,34.730549,437.615924,-1.537491,1381,445.143213,1.090521,0.485,NA,4.5284539474
"ER3832","H000014198","Prevenar","DR8862",2021-03-21,62.239352,-2.191854,1.028164,460.045389,857.286233,4,31.725577,26.965099,65.372956,62.239352,1.02746,490,32.885698,476.541344,-1.031733,1367,472.678278,1.036567,0.49,NA,4.9853021906
"HG8791","H000019489","Prevenar","GP4372",2023-09-26,66.729867,0.83654,0.97568,550.697009,747.076653,4,31.20734,27.274916,62.353897,66.729867,0.932329,530,32.189974,542.798555,1.819174,1265,513.430921,1.031487,0.53,NA,NA
"GX2931","H000011374","Prevenar","GR5867",2023-05-05,61.771872,-8.402256,0.95773,421.075791,852.317306,4,28.107914,24.54623,66.454809,61.771872,0.913972,431,31.452145,449.647071,-5.058025,1551,384.851487,1.118978,0.431,NA,4.9374912423
"J23072","H000002634","Prevenar","J41760",2014-11-20,59.899505,-1.340333,1.116513,448.431329,920.215522,5,31.708946,26.707947,60.965702,59.899505,1.090967,513,33.232381,459.222873,0.183103,1307,489.223734,1.048044,0.513,NA,4.6718841699
"L30244","H000007688","Prevenar","L79062",NA,64.323603,0.619893,1.017309,442.083518,873.926202,5,36.784444,29.371633,61.709021,64.323603,1.153204,510,36.779798,501.075027,0.615247,1314,509.812511,0.999874,0.51,NA,NA
"ER1039","H000006081","Prevenar","DT9980",2021-01-21,240.747254,-2.81549,1.064556,465.193913,885.076564,5,31.00393,26.379715,241.689341,240.747254,0.996169,506,33.822245,474.880584,0.002825,1324,463.411868,1.090902,0.506,NA,4.7138689773
"G09767","H000002634","Prevenar","E76420",2012-06-23,NA,-0.138139,1.096345,446.051162,886.349444,NA,40.57825,NA,NA,NA,1.131984,496,39.857331,452.368806,-0.859058,NA,504.922973,NA,NA,66.26,4.6364379383
"LJ1134","H000019489","Prevenar","LD1812",2024-07-22,72.518036,1.491541,1.060545,527.996773,844.662412,5,35.58782,30.03958,68.056814,72.518036,0.993249,513,34.815956,483.767931,0.719677,1307,524.432246,0.978311,0.513,NA,NA
"CM3329","H000008090","Prevenar","AH4664",2019-10-17,65.505339,-1.320358,1.049792,453.216758,925.248195,5,34.577294,29.485938,63.898741,65.505339,1.066689,495,35.386967,471.294977,-0.510685,1353,483.441478,1.023416,0.495,NA,4.6383922551
"M21956","H000008135","Prevenar","L79064",2015-08-18,65.310356,-0.840442,1.067175,469.288,894.864967,5,34.199609,29.174496,68.156104,65.310356,1.046792,514,35.814438,482.059728,0.774388,1304,491.246722,1.047218,0.514,NA,4.4563796406
"RJ3537","H000033648","Prevenar","LY9903",2026-05-10,246.682768,0.765958,0.974064,485.60734,758.696665,4,32.487768,27.720448,287.113449,246.682768,1.053589,504,32.006787,517.47694,0.284977,1330,511.630336,0.985195,0.504,NA,NA
"M21967","H000004330","Prevenar","L79063",2015-10-18,84.312106,0.49202,1.094419,468.079155,859.495934,4,34.177712,28.720566,93.316395,84.312106,1.08814,518,34.763902,473.375696,1.07821,1294,509.335706,1.017151,0.518,NA,4.5794295666
"DK2059","H000006081","Prevenar","AP7813",2020-04-09,65.163605,-0.29756,1.063345,514.006734,803.592683,5,32.289659,26.654923,69.154867,65.163605,0.972376,530,34.252097,498.599897,1.664878,1265,499.807617,1.060776,0.53,NA,4.3946026351
"M21959","H000008135","Prevenar","L79062",2015-09-03,64.323603,0.619893,1.017309,442.083518,873.926202,5,36.784444,29.371633,61.709021,64.323603,1.153204,510,36.779798,501.075027,0.615247,1314,509.812511,0.999874,0.51,NA,4.4
"EK9782","H000008135","Prevenar","DH4040",2020-11-05,62.046377,-0.264834,1.176047,473.066854,810.985266,5,32.792245,27.942793,63.574337,62.046377,1.057097,497,32.558568,422.188891,-0.498511,1348,500.077416,0.992874,0.497,NA,4.4785325656
"FF8700","H000017723","Prevenar","EP5316",2021-10-29,79.297464,-0.191429,1.016272,464.122508,775.332768,4,32.200649,28.215438,83.052815,79.297464,1.084145,493,31.553428,485.168144,-0.83865,1359,503.176228,0.9799,0.493,NA,4.9899482843
"GT1711","H000019489","Prevenar","GG0404",2023-03-27,61.729126,-3.325371,0.943335,474.070806,814.988072,4,29.367679,25.319588,61.60561,61.729126,0.952683,446,28.982268,472.485399,-3.710782,1500,451.638992,0.986876,0.446,NA,NA
"HN7326","H000010932","Prevenar","HM2132",2024-01-04,63.334368,-2.770587,1.000358,482.775183,813.454279,4,30.385651,26.008807,63.097857,63.334368,0.949827,478,31.689438,478.057272,-1.4668,1401,458.553058,1.042908,0.478,NA,NA
"R59670","H000011374","Prevenar","N16564",2016-10-27,122.392609,-9.341401,1.067779,343.607163,846.82729,5,34.017799,29.102507,111.089248,122.392609,1.149362,397,34.171689,371.533438,-9.18751,1682,394.928886,1.004524,0.397,NA,4.5299666093
"EL8863","H000010932","Prevenar","DN7269",2020-12-27,60.791805,-0.34525,0.997569,462.060759,850.138172,4,33.28788,28.450827,65.218215,60.791805,1.085976,501,33.227711,502.100511,-0.405418,1337,501.7868,0.998192,0.501,NA,NA
"GM8433","H000028394","Prevenar","GD9452",2022-12-20,246.409191,0.975702,1.00751,514.690396,756.746341,4,32.277322,27.633533,241.625218,246.409191,1.00536,505,31.519262,501.529982,0.217642,1327,517.44906,0.976514,0.505,NA,NA
"GR3685","H000019489","Prevenar","GG0404",2023-01-18,61.729126,-3.325371,0.943335,474.070806,814.988072,4,29.367679,25.319588,61.60561,61.729126,0.952683,446,28.982268,472.485399,-3.710782,1500,451.638992,0.986876,0.446,NA,NA
"HN7773","H000019489","Prevenar","HM2123",2024-02-03,60.255475,1.402186,0.970289,543.320557,678.280357,4,29.172477,24.267545,64.256708,60.255475,0.97067,547,30.259902,563.794591,2.489612,1227,527.385223,1.037276,0.547,NA,NA
"M97037","H000007688","Prevenar","L79063",2015-12-10,84.312106,0.49202,1.094419,468.079155,859.495934,4,34.177712,28.720566,93.316395,84.312106,1.08814,518,34.763902,473.375696,1.07821,1294,509.335706,1.017151,0.518,NA,4.8081837455
"EC6016","H000013782","Prevenar","DL7834",2020-11-13,66.38567,-0.097954,1.00734,466.822298,940.481407,5,35.202347,29.801974,71.76098,66.38567,1.062976,491,34.832843,487.434622,-0.467457,1364,496.221011,0.989503,0.491,NA,4.8532790157
"M97234","H000008135","Prevenar","M35819",2015-12-10,62.42132,-2.464337,1.114474,432.856533,991.73931,5,33.612162,28.818199,70.078808,62.42132,1.086097,520,37.171986,466.510983,1.095486,1289,470.124072,1.105909,0.52,NA,4.6690247349
"W61584","H000011374","Prevenar","T32901",2018-03-25,68.397992,3.799108,0.976168,575.436162,791.21481,4,33.548439,28.375807,69.384401,68.397992,0.987436,566,33.439946,580.195849,3.690615,1186,568.206355,0.996766,0.566,NA,4.7133970061
"W11603","H000010932","Prevenar","T22129",2018-02-07,59.26698,1.757466,1.027237,515.764274,773.7926,4,30.233697,26.00663,63.538733,59.26698,1.037384,550,31.059992,535.093998,2.583761,1220,535.045387,1.02733,0.55,NA,NA
"G89113","H000002634","Prevenar","G54758",2013-02-06,NA,0.54968,1.038948,461.028192,1035.655056,5,41.076761,35.560654,NA,NA,1.072639,491,40.746561,472.152303,0.219481,1364,494.516915,NA,0.491,83.67,4.4788355779
"M48081","H000007053","Prevenar","L79063",2015-09-07,84.312106,0.49202,1.094419,468.079155,859.495934,4,34.177712,28.720566,93.316395,84.312106,1.08814,518,34.763902,473.375696,1.07821,1294,509.335706,1.017151,0.518,NA,4.7890020567
"FT0529","H000013782","Prevenar","EY3330",2022-04-04,121.655329,-0.798153,1.045089,476.190476,806.715169,4,31.926506,27.334802,121.897919,121.655329,1.032391,496,32.185937,474.226804,-0.538722,1351,491.614638,1.008126,0.496,NA,4.7763194089
"L30174","H000008135","Prevenar","L45106",2015-06-02,261.410018,-0.062326,1.114868,486.097093,848.147373,4,32.091273,27.666208,282.41785,261.410018,1.034997,516,32.914149,462.843953,0.76055,1299,503.109121,1.025642,0.516,NA,5.085658438
"LX2593","H000010932","Prevenar","LK1442",2025-01-27,61.820586,0.844744,0.980788,504.590999,726.646124,4,31.602314,26.9639,62.553339,61.820586,1.010343,509,31.543804,518.834399,0.786234,1317,509.810198,0.998149,0.509,NA,NA
"H31649","H000004331","Prevenar","G73488",2013-07-27,NA,-2.691426,1.014863,434.944596,915.096816,4,31.819434,27.919514,NA,NA,1.064322,471,32.36804,464.005913,-2.14282,1421,462.921095,NA,0.471,85.108,4.2496273404
"GG4396","H000013782","Prevenar","GA0023",2022-09-25,243.627774,0.913022,1.03637,472.927248,754.147955,4,31.671332,27.160291,260.998383,243.627774,1.089717,526,32.308989,507.282946,1.550679,1275,515.356891,1.020134,0.526,NA,5.0040844499
"CG9069","H000013782","Prevenar","AR4774",2019-06-05,62.472654,-0.146839,1.123807,436.796506,941.136007,5,36.14048,31.260923,65.010539,62.472654,1.157219,496,35.484483,441.618527,-0.802836,1351,505.469053,0.981849,0.496,NA,4.6624996157
"H99616","H000004331","Prevenar","G35697",2013-12-20,NA,NA,1.038286,461.538462,1051.238529,5,37.713699,31.612563,NA,NA,1.062007,477,36.725,459.706727,NA,1404,490.156898,NA,0.477,84.934,4.6103500761
"J27356","H000004330","Prevenar","J21974",2014-09-15,249.559352,-4.241352,1.162357,408.651023,971.079782,5,33.545139,28.926771,226.758232,249.559352,1.094733,508,38.083351,436.944938,0.29686,1319,447.363798,1.135287,0.508,NA,4.4901482516
"LE1004","H000019489","Prevenar","LE1126",2024-07-13,63.375079,0.199086,0.998396,507.577312,776.753386,4,31.588656,26.609924,65.453211,63.375079,0.997316,531,33.121144,531.626202,1.731573,1263,506.214946,1.048514,0.531,NA,NA
"AG1673","H000017723","Prevenar","X37442",2018-11-16,57.010238,-0.531833,0.990663,460.607231,754.974904,4,31.391547,26.815343,57.363194,57.010238,1.08344,472,29.709624,476.753327,-2.213756,1418,499.040092,0.946421,0.472,NA,5.1112993555
"LJ1140","H000019489","Prevenar","LD1814",2024-08-30,58.034185,-0.704686,1.057424,458.874459,781.2539,4,31.704253,27.33337,67.924859,58.034185,1.069809,479,30.961471,453.372237,-1.447469,1398,490.908087,0.976572,0.479,NA,NA
"M97246","H000008135","Prevenar","M35819",2016-02-07,62.42132,-2.464337,1.114474,432.856533,991.73931,5,33.612162,28.818199,70.078808,62.42132,1.086097,520,37.171986,466.510983,1.095486,1289,470.124072,1.105909,0.52,NA,4.8292572355
"W88034","H000008090","Prevenar","W12914",2018-07-05,63.140452,1.633848,1.089994,495.569391,863.436656,5,34.256028,29.135359,65.787342,63.140452,1.074602,545,35.060245,500.041165,2.438064,1231,532.539676,1.023477,0.545,NA,4.5915705592
"EH7789","H000013782","Prevenar","DL7832",2020-10-21,62.433319,-2.450911,1.081975,472.355472,863.022402,5,31.117891,26.210608,66.695008,62.433319,0.9903,518,34.443584,478.538571,0.874782,1294,467.773752,1.106874,0.518,NA,4.7472714735
"GH5623","H000028394","Prevenar","FX7992",2022-08-29,354.144295,0.460795,0.949937,503.617611,675.014945,3,27.170284,20.603195,381.257686,354.144295,1.015517,508,26.98211,534.656834,0.27262,1319,511.432197,0.993074,0.508,NA,NA
"W07340","H000006081","Prevenar","S85331",2017-12-05,59.65522,-2.288778,1.095357,426.902562,909.740414,5,32.234263,27.433345,62.961125,59.65522,1.09399,486,33.536732,443.597734,-0.986309,1378,467.027001,1.040406,0.486,NA,4.6276453252
"X06679","H000008135","Prevenar","T96858",2018-06-24,61.770939,1.361147,1.06785,500.921452,780.332439,4,32.663766,28.47467,65.467292,61.770939,1.060571,541,33.273927,506.800203,1.971307,1240,531.262816,1.01868,0.541,NA,4.7532393479
"DC8085","H000011044","Prevenar","CH7206",2020-01-15,89.955215,-1.709532,1.010128,475.824176,864.226291,4,32.927499,27.749028,89.497701,89.955215,1.005838,473,32.515024,467.868256,-2.122007,1415,478.602177,0.987473,0.473,NA,4.7908374563
"G84719","H000004331","Prevenar","G74335",2013-05-19,NA,0.762249,1.060022,454.236086,825.879294,4,33.731339,29.323896,NA,NA,1.125172,492,32.452703,463.877135,-0.516387,1361,511.093902,NA,0.492,85.684,5.1162663608
"X37607","H000008135","Prevenar","T96899",2018-09-04,67.762994,-3.125664,1.052567,446.858998,973.945828,5,35.577797,31.046785,72.224264,67.762994,1.058312,488,36.675621,463.161898,-2.027839,1372,472.91624,1.030857,0.488,NA,4.722957498
"AP9216","H000008135","Prevenar","AD4542",2019-03-01,58.365488,-2.869432,0.986262,457.614142,776.47686,4,29.141307,25.414418,56.879819,58.365488,1.004822,465,29.483213,471.695692,-2.527526,1439,459.820595,1.011733,0.465,NA,4.898652804
"H26116","H000002634","Prevenar","G47397",2013-08-16,NA,NA,0.954138,476.815091,782.467195,4,33.292129,26.874895,NA,NA,1.065813,498,32.647755,522.313804,NA,1345,508.195691,NA,0.498,79.224,4.7462734853
"H06752","H000004331","Prevenar","G73488",2013-06-08,NA,-2.691426,1.014863,434.944596,915.096816,4,31.819434,27.919514,NA,NA,1.064322,471,32.36804,464.005913,-2.14282,1421,462.921095,NA,0.471,85.108,4.663081862
"LC5369","H000013782","Prevenar","HY4070",2024-05-09,53.687831,-1.423237,0.966623,484.716157,681.459091,4,26.341192,22.308636,53.391691,53.687831,0.990012,495,27.178205,512.219197,-0.586225,1353,479.874709,1.031776,0.495,NA,4.8618282354
"H96892","H000004331","Prevenar","G35697",2013-12-31,NA,NA,1.038286,461.538462,1051.238529,5,37.713699,31.612563,NA,NA,1.062007,477,36.725,459.706727,NA,1404,490.156898,NA,0.477,84.934,4.3250644384
"HN7779","H000019489","Prevenar","HG6430",2024-02-11,57.636548,-0.625862,0.94164,488.330394,717.99236,4,28.613798,24.195348,56.954415,57.636548,0.991269,475,28.089023,504.639529,-1.150637,1409,484.066722,0.98166,0.475,NA,NA
"M48085","H000007053","Prevenar","M15186",2015-11-11,63.423832,-2.815384,1.051216,438.759985,922.116583,4,33.148175,28.853452,66.902344,63.423832,1.049262,475,34.230469,452.243709,-1.733089,1409,460.37434,1.03265,0.475,NA,4.868405161
"W45481","H000010932","Prevenar","T32901",2018-03-22,68.397992,3.799108,0.976168,575.436162,791.21481,4,33.548439,28.375807,69.384401,68.397992,0.987436,566,33.439946,580.195849,3.690615,1186,568.206355,0.996766,0.566,NA,NA
"W61580","H000011374","Prevenar","T32901",2018-03-31,68.397992,3.799108,0.976168,575.436162,791.21481,4,33.548439,28.375807,69.384401,68.397992,0.987436,566,33.439946,580.195849,3.690615,1186,568.206355,0.996766,0.566,NA,4.7819145359
"AK9119","H000011373","Prevenar","X37494",2019-01-08,57.328138,0.66338,1.038062,469.995804,810.208108,4,32.276489,28.132509,59.050814,57.328138,1.089421,495,31.176818,476.443868,-0.436291,1353,512.023301,0.96593,0.495,NA,5.1989679249
"GF1157","H000008135","Prevenar","FT3583",2022-09-27,64.76426,-3.696382,1.076579,454.109271,879.722441,4,32.379317,28.097232,63.457777,64.76426,0.995709,452,32.368401,419.856354,-3.707298,1480,452.160818,0.999663,0.452,NA,5.1027040157
"GH5819","H000011044","Prevenar","GD9452",2022-11-23,246.409191,0.975702,1.00751,514.690396,756.746341,4,32.277322,27.633533,241.625218,246.409191,1.00536,505,31.519262,501.529982,0.217642,1327,517.44906,0.976514,0.505,NA,4.8975193106
"HE3392","H000019489","Prevenar","HA3752",2023-07-05,59.075268,-2.906437,0.910894,486.384475,762.195464,4,28.019593,23.713906,63.22036,59.075268,0.93581,476,29.31808,522.84503,-1.607949,1407,455.163315,1.046342,0.476,NA,NA
"W07366","H000008135","Prevenar","T22140",2017-12-31,61.951288,-3.726691,1.010534,414.517409,1005.631464,5,33.605767,28.825529,63.211117,61.951288,1.085562,445,33.246891,440.53818,-4.085567,1503,449.984346,0.989321,0.445,NA,4.9881541189
"CR3618","H000011373","Prevenar","AR4778",2019-11-03,69.392388,-0.353135,0.961176,512.557948,884.901565,5,34.097454,29.218671,67.859425,69.392388,0.975286,494,33.726772,514.428324,-0.723816,1356,499.890742,0.989129,0.494,NA,4.784298138
"GR2982","H000008135","Prevenar","GD9453",2023-02-12,62.586821,-0.487972,0.997843,495.753506,807.94944,4,30.940277,26.813356,65.795647,62.586821,0.998312,494,30.906666,495.447535,-0.521583,1356,494.916485,0.998914,0.494,NA,5.0388297654
"AW6822","H000013782","Prevenar","AD4535",2019-04-04,69.896747,1.541128,1.042156,520.208112,789.545931,4,35.859248,30.624444,61.939544,69.896747,1.019282,510,34.481654,489.243978,0.163535,1314,530.23874,0.961583,0.51,NA,4.7527574827
"GE6476","H000017723","Prevenar","FH7124",2022-06-24,62.358111,-0.765103,0.902219,484.659849,795.224866,4,31.632018,26.1695,67.18166,62.358111,1.017614,470,30.161827,521.241861,-2.235295,1424,493.196835,0.953522,0.47,NA,5.1031767767
"DA1870","H000008135","Prevenar","CH7205",2019-12-18,52.500629,-0.701887,0.996402,400.576483,809.126062,4,32.707113,28.231341,57.75987,52.500629,1.233719,490,32.42771,491.746352,-0.98129,1367,494.198878,0.991457,0.49,NA,5.1225844813
"FM6067","H000011373","Prevenar","FH7124",2021-12-12,62.358111,-0.765103,0.902219,484.659849,795.224866,4,31.632018,26.1695,67.18166,62.358111,1.017614,470,30.161827,521.241861,-2.235295,1424,493.196835,0.953522,0.47,NA,5.0806860019
"ED8347","H000010932","Prevenar","DL7834",2020-11-20,66.38567,-0.097954,1.00734,466.822298,940.481407,5,35.202347,29.801974,71.76098,66.38567,1.062976,491,34.832843,487.434622,-0.467457,1364,496.221011,0.989503,0.491,NA,NA
"GH5822","H000011373","Prevenar","GA0023",2022-10-23,243.627774,0.913022,1.03637,472.927248,754.147955,4,31.671332,27.160291,260.998383,243.627774,1.089717,526,32.308989,507.282946,1.550679,1275,515.356891,1.020134,0.526,NA,4.6372936897
"EC6027","H000017723","Prevenar","DH4040",2020-08-31,62.046377,-0.264834,1.176047,473.066854,810.985266,5,32.792245,27.942793,63.574337,62.046377,1.057097,497,32.558568,422.188891,-0.498511,1348,500.077416,0.992874,0.497,NA,4.7665989423
"FD9084","H000017723","Prevenar","EC6025",2021-08-06,64.413278,0.608203,1.094115,503.47952,818.941572,5,32.981803,27.834479,59.227053,64.413278,1.015776,521,33.577257,475.868831,1.203657,1287,511.422199,1.018054,0.521,NA,4.7097262774
"G79023","H000002634","Prevenar","G54758",2013-01-12,NA,0.54968,1.038948,461.028192,1035.655056,5,41.076761,35.560654,NA,NA,1.072639,491,40.746561,472.152303,0.219481,1364,494.516915,NA,0.491,83.67,4.5180205735
"H20771","H000004331","Prevenar","G73488",2013-07-20,NA,-2.691426,1.014863,434.944596,915.096816,4,31.819434,27.919514,NA,NA,1.064322,471,32.36804,464.005913,-2.14282,1421,462.921095,NA,0.471,85.108,4.6745193674
"G84727","H000004331","Prevenar","G74335",2013-05-21,NA,0.762249,1.060022,454.236086,825.879294,4,33.731339,29.323896,NA,NA,1.125172,492,32.452703,463.877135,-0.516387,1361,511.093902,NA,0.492,85.684,4.860261775
"LP5294","H000010932","Prevenar","LH6897",2024-11-15,54.909679,-1.04421,0.964626,448.110729,725.217563,4,29.71843,25.49493,62.087302,54.909679,1.084341,503,30.76374,521.441572,0.0011,1332,485.904765,1.035174,0.503,NA,NA
"M71352","H000008135","Prevenar","M15185",2015-11-10,61.525566,1.472761,1.137656,453.769721,986.064046,5,38.010931,32.611644,65.133552,61.525566,1.1575,533,38.58688,468.680324,2.04871,1258,525.2386,1.015152,0.533,NA,4.3481225823
"NM6491","H000032244","Prevenar","MN0484",2026-05-03,64.900711,1.623151,1.108688,513.238392,735.037973,4,33.069201,27.879481,65.280069,64.900711,1.032163,564,35.168792,508.366385,3.722742,1190,529.971307,1.063491,0.564,NA,NA
"W07365","H000008135","Prevenar","T22140",2017-12-27,61.951288,-3.726691,1.010534,414.517409,1005.631464,5,33.605767,28.825529,63.211117,61.951288,1.085562,445,33.246891,440.53818,-4.085567,1503,449.984346,0.989321,0.445,NA,4.9315834575
"CG3545","H000006081","Prevenar","T96901",2019-05-23,64.116361,-3.678611,1.163209,421.984143,958.597269,5,34.716218,30.342351,60.671767,64.116361,1.082428,488,37.097541,419.613923,-1.297288,1372,456.767391,1.068594,0.488,NA,4.5026021587
"CG3541","H000008135","Prevenar","T96901",2019-05-26,64.116361,-3.678611,1.163209,421.984143,958.597269,5,34.716218,30.342351,60.671767,64.116361,1.082428,488,37.097541,419.613923,-1.297288,1372,456.767391,1.068594,0.488,NA,NA
"CM3198","H000013782","Prevenar","AR4778",2019-09-29,69.392388,-0.353135,0.961176,512.557948,884.901565,5,34.097454,29.218671,67.859425,69.392388,0.975286,494,33.726772,514.428324,-0.723816,1356,499.890742,0.989129,0.494,NA,5.0522587646
"FL6028","H000011374","Prevenar","EL4563",2021-11-03,59.518587,-0.350637,1.068908,425.487754,885.631924,5,34.866744,29.21117,66.032881,59.518587,1.166149,498,35.020894,466.247317,-0.196486,1345,496.181937,1.004421,0.498,NA,4.7045479989
"G96398","H000004331","Prevenar","G12840",2013-03-06,NA,-2.700135,1.074993,472.396651,1037.954843,5,37.577155,32.637336,NA,NA,1.000847,489,38.831574,454.496079,-1.445716,1370,472.796981,NA,0.489,85.432,4.371319821
"H50993","H000002634","Prevenar","G35697",2013-10-27,NA,NA,1.038286,461.538462,1051.238529,5,37.713699,31.612563,NA,NA,1.062007,477,36.725,459.706727,NA,1404,490.156898,NA,0.477,84.934,4.6128510513
"M97236","H000008135","Prevenar","M35819",2016-01-02,62.42132,-2.464337,1.114474,432.856533,991.73931,5,33.612162,28.818199,70.078808,62.42132,1.086097,520,37.171986,466.510983,1.095486,1289,470.124072,1.105909,0.52,NA,4.6290053121
"R32078","H000008090","Prevenar","N16564",2016-10-10,122.392609,-9.341401,1.067779,343.607163,846.82729,5,34.017799,29.102507,111.089248,122.392609,1.149362,397,34.171689,371.533438,-9.18751,1682,394.928886,1.004524,0.397,NA,4.7510604066
"W08502","H000013782","Prevenar","S85331",2017-11-25,59.65522,-2.288778,1.095357,426.902562,909.740414,5,32.234263,27.433345,62.961125,59.65522,1.09399,486,33.536732,443.597734,-0.986309,1378,467.027001,1.040406,0.486,NA,4.4760922329
"W11585","H000008090","Prevenar","T32901",2018-03-10,68.397992,3.799108,0.976168,575.436162,791.21481,4,33.548439,28.375807,69.384401,68.397992,0.987436,566,33.439946,580.195849,3.690615,1186,568.206355,0.996766,0.566,NA,4.8275042886
"HN7334","H000010932","Prevenar","HM2123",2024-01-31,60.255475,1.402186,0.970289,543.320557,678.280357,4,29.172477,24.267545,64.256708,60.255475,0.97067,547,30.259902,563.794591,2.489612,1227,527.385223,1.037276,0.547,NA,NA
"LH9172","H000028394","Prevenar","LE1126",2024-07-05,63.375079,0.199086,0.998396,507.577312,776.753386,4,31.588656,26.609924,65.453211,63.375079,0.997316,531,33.121144,531.626202,1.731573,1263,506.214946,1.048514,0.531,NA,NA
"LX3432","H000031244","Prevenar","LK3096",2025-01-21,62.091601,-3.850666,0.975085,478.653027,736.328403,4,28.703144,24.789709,65.237675,62.091601,0.923985,475,30.856401,487.59509,-1.697409,1409,442.268278,1.075018,0.475,NA,NA
"W72981","H000010932","Prevenar","T78047",2018-05-02,67.661282,-0.395945,1.040847,489.075952,876.160326,5,34.819375,29.205355,72.703777,67.661282,1.025394,515,35.783011,495.149582,0.56769,1302,501.495723,1.027675,0.515,NA,NA
"CD4420","H000019488","Prevenar","AD4535",2019-05-08,69.896747,1.541128,1.042156,520.208112,789.545931,4,35.859248,30.624444,61.939544,69.896747,1.019282,510,34.481654,489.243978,0.163535,1314,530.23874,0.961583,0.51,NA,NA
"DW3790","H000008135","Prevenar","AP7813",2020-05-03,65.163605,-0.29756,1.063345,514.006734,803.592683,5,32.289659,26.654923,69.154867,65.163605,0.972376,530,34.252097,498.599897,1.664878,1265,499.807617,1.060776,0.53,NA,4.4076346543
"ER7173","H000011373","Prevenar","DN7269",2021-03-11,60.791805,-0.34525,0.997569,462.060759,850.138172,4,33.28788,28.450827,65.218215,60.791805,1.085976,501,33.227711,502.100511,-0.405418,1337,501.7868,0.998192,0.501,NA,4.9049516663
"FP0772","H000011374","Prevenar","EL4563",2022-01-05,59.518587,-0.350637,1.068908,425.487754,885.631924,5,34.866744,29.21117,66.032881,59.518587,1.166149,498,35.020894,466.247317,-0.196486,1345,496.181937,1.004421,0.498,NA,4.4966290871
"N90909","H000008090","Prevenar","M17975",2016-09-02,64.606459,-0.618228,1.034278,478.076492,856.398056,5,32.957493,27.947262,66.202731,64.606459,1.027154,513,34.461721,496.452999,0.885999,1307,491.058,1.045641,0.513,NA,4.7581147939
"H50984","H000004331","Prevenar","G86534",2013-10-21,NA,NA,0.98274,499.924559,797.696109,4,29.571913,25.544362,NA,NA,0.995001,500,29.711077,508.543918,NA,1340,497.425535,NA,0.5,86.207,4.9656943565
"N33862","H000008135","Prevenar","M93128",2016-05-19,65.708208,-0.030354,1.139152,516.482287,801.231362,4,31.783987,24.589214,65.548642,65.708208,0.967547,520,33.075918,456.509158,1.261577,1289,499.721052,1.040647,0.52,NA,4.8687109217
"CK6578","H000011373","Prevenar","AR4776",2019-08-02,64.754958,0.803996,1.014915,502.773764,746.706736,4,33.414428,28.651177,69.278737,64.754958,1.041402,530,33.81202,522.033767,1.201589,1265,523.589551,1.011899,0.53,NA,4.7079040971
"FA1616","H000010932","Prevenar","DX8249",2021-06-08,85.798605,-2.696913,1.042412,458.013773,856.038402,5,32.444295,28.075311,91.495793,85.798605,1.017977,480,33.433844,460.919423,-1.707364,1395,466.247599,1.0305,0.48,NA,NA
"G09775","H000002634","Prevenar","E76420",2012-08-13,NA,-0.138139,1.096345,446.051162,886.349444,NA,40.57825,NA,NA,NA,1.131984,496,39.857331,452.368806,-0.859058,NA,504.922973,NA,NA,66.26,4.5869244818
"NM6455","H000031244","Prevenar","MM0480",2025-12-17,59.243156,2.272375,0.905779,510.131951,761.840317,4,31.225734,26.429621,62.071462,59.243156,1.06088,487,28.080272,537.298022,-0.873088,1375,541.188668,0.899267,0.487,NA,NA
"GC1551","H000011044","Prevenar","FH7124",2022-06-30,62.358111,-0.765103,0.902219,484.659849,795.224866,4,31.632018,26.1695,67.18166,62.358111,1.017614,470,30.161827,521.241861,-2.235295,1424,493.196835,0.953522,0.47,NA,5.0477476299
"GH5596","H000013782","Prevenar","GA0023",2022-10-19,243.627774,0.913022,1.03637,472.927248,754.147955,4,31.671332,27.160291,260.998383,243.627774,1.089717,526,32.308989,507.282946,1.550679,1275,515.356891,1.020134,0.526,NA,4.649755313
"GM8405","H000011373","Prevenar","GG0403",2022-12-15,66.023464,-4.314752,0.932219,517.759764,822.915401,4,27.841246,24.403146,66.36027,66.023464,0.839148,478,30.614483,512.491753,-1.541515,1401,434.476837,1.099609,0.478,NA,4.7535483528
"L76754","H000008135","Prevenar","J78799",2015-04-08,59.995624,-1.197055,1.012991,465.163518,936.922513,4,30.316365,26.267152,62.205123,59.995624,1.041429,480,30.016263,473.488073,-1.497157,1395,484.434765,0.990101,0.48,NA,5.2694324048
"H06756","H000004331","Prevenar","G73488",2013-06-16,NA,-2.691426,1.014863,434.944596,915.096816,4,31.819434,27.919514,NA,NA,1.064322,471,32.36804,464.005913,-2.14282,1421,462.921095,NA,0.471,85.108,4.8879022173
"S93494","H000008090","Prevenar","S18356",2017-10-01,62.50028,-4.402869,1.048133,450.108728,967.073106,4,30.389382,26.353913,61.268943,62.50028,0.981282,470,32.361938,448.753325,-2.430313,1424,441.683782,1.064909,0.47,NA,4.6639470056
"X59044","H000006081","Prevenar","T96899",2018-09-18,67.762994,-3.125664,1.052567,446.858998,973.945828,5,35.577797,31.046785,72.224264,67.762994,1.058312,488,36.675621,463.161898,-2.027839,1372,472.91624,1.030857,0.488,NA,4.7825294155
"FH7100","H000019489","Prevenar","EJ9239",2021-10-03,62.0976,-3.624443,0.997626,444.863474,914.820577,5,31.381547,27.044187,64.165044,62.0976,1.014273,480,33.40266,481.416447,-1.60333,1395,451.213202,1.064405,0.48,NA,NA
"H78831","H000004331","Prevenar","G35697",2013-11-04,NA,NA,1.038286,461.538462,1051.238529,5,37.713699,31.612563,NA,NA,1.062007,477,36.725,459.706727,NA,1404,490.156898,NA,0.477,84.934,4.5691810028
"AF5834","H000013782","Prevenar","W61756",2018-10-28,63.712571,-0.849127,1.122002,463.354189,853.819959,5,34.233503,29.076989,66.13135,63.712571,1.065475,531,36.831492,473.40284,1.748862,1263,493.69244,1.07589,0.531,NA,4.3297646979
"AM5975","H000008135","Prevenar","AA1759",2019-02-12,216.986458,2.453768,1.010337,505.242527,733.670159,4,31.274738,26.397711,224.46364,216.986458,1.088347,532,30.273988,526.837703,1.453017,1261,549.879252,0.968001,0.532,NA,5.0125244633
"W07339","H000006081","Prevenar","S85331",2017-12-02,59.65522,-2.288778,1.095357,426.902562,909.740414,5,32.234263,27.433345,62.961125,59.65522,1.09399,486,33.536732,443.597734,-0.986309,1378,467.027001,1.040406,0.486,NA,4.6601280317
"W28199","H000008135","Prevenar","T32901",2018-04-08,68.397992,3.799108,0.976168,575.436162,791.21481,4,33.548439,28.375807,69.384401,68.397992,0.987436,566,33.439946,580.195849,3.690615,1186,568.206355,0.996766,0.566,NA,4.8949956617
"EM5562","H000008135","Prevenar","DN7268",2020-11-29,63.589403,-2.047303,1.05339,430.691475,928.977168,5,34.759849,29.442442,65.426952,63.589403,1.102916,474,34.721137,450.43867,-2.086014,1412,475.016515,0.998886,0.474,NA,4.8505729958
"S26400","H000011044","Prevenar","N69851",2017-02-28,54.839489,-2.555367,1.174254,404.913456,946.225939,4,31.539062,27.702468,51.088035,54.839489,1.156896,472,31.748812,401.580845,-2.345617,1418,468.442568,1.006651,0.472,NA,5.1317367202
"DX7774","H000008135","Prevenar","CK5010",2020-07-14,63.578159,-0.028981,1.054492,479.728154,827.767767,5,33.834899,28.525514,72.047215,63.578159,1.051486,521,34.946521,494.07693,1.082641,1287,504.427437,1.032854,0.521,NA,4.4801585969
"H31648","H000004331","Prevenar","G73488",2013-07-22,NA,-2.691426,1.014863,434.944596,915.096816,4,31.819434,27.919514,NA,NA,1.064322,471,32.36804,464.005913,-2.14282,1421,462.921095,NA,0.471,85.108,4.7115433557
"GN5898","H000013782","Prevenar","GD9452",2022-11-22,246.409191,0.975702,1.00751,514.690396,756.746341,4,32.277322,27.633533,241.625218,246.409191,1.00536,505,31.519262,501.529982,0.217642,1327,517.44906,0.976514,0.505,NA,4.892789845
"H19396","H000002634","Prevenar","G36303",2014-03-05,NA,-3.077487,0.977689,495.9861,862.002025,4,33.630112,28.088082,NA,NA,0.938712,477,34.489178,488.377695,-2.218422,1404,465.588091,NA,0.477,63.075,4.6862983468
"L70472","H000008135","Prevenar","J78799",2015-04-02,59.995624,-1.197055,1.012991,465.163518,936.922513,4,30.316365,26.267152,62.205123,59.995624,1.041429,480,30.016263,473.488073,-1.497157,1395,484.434765,0.990101,0.48,NA,5.1004186874
"X51798","H000011373","Prevenar","W42954",2018-08-15,60.868756,-0.958544,0.992383,469.748242,836.809268,5,31.782446,27.101552,63.941813,60.868756,1.046117,504,32.572159,507.487469,-0.168831,1330,491.411616,1.024847,0.504,NA,4.7548335105
"CL3197","H000013782","Prevenar","AR4774",2019-07-19,62.472654,-0.146839,1.123807,436.796506,941.136007,5,36.14048,31.260923,65.010539,62.472654,1.157219,496,35.484483,441.618527,-0.802836,1351,505.469053,0.981849,0.496,NA,4.7969028579
"EC6031","H000017723","Prevenar","DH4040",2020-10-13,62.046377,-0.264834,1.176047,473.066854,810.985266,5,32.792245,27.942793,63.574337,62.046377,1.057097,497,32.558568,422.188891,-0.498511,1348,500.077416,0.992874,0.497,NA,4.790292628
"EM4747","H000008135","Prevenar","DR8862",2020-12-17,62.239352,-2.191854,1.028164,460.045389,857.286233,4,31.725577,26.965099,65.372956,62.239352,1.02746,490,32.885698,476.541344,-1.031733,1367,472.678278,1.036567,0.49,NA,4.9194622834
"G09780","H000002634","Prevenar","E76420",2012-08-29,NA,-0.138139,1.096345,446.051162,886.349444,NA,40.57825,NA,NA,NA,1.131984,496,39.857331,452.368806,-0.859058,NA,504.922973,NA,NA,66.26,4.6007540524
"G09783","H000002634","Prevenar","E95727",2012-07-29,NA,-0.267746,1.021866,464.485053,753.702859,NA,34.689343,NA,NA,NA,1.086076,497,34.160692,486.148279,-0.796397,NA,504.46612,NA,NA,67.404,4.664681708
"FM6052","H000006081","Prevenar","FG0964",2022-01-01,59.762812,0.991521,1.110826,480.058574,769.177947,4,32.068721,27.928774,78.361087,59.762812,1.077357,529,32.806953,476.312452,1.729753,1268,517.194329,1.02302,0.529,NA,5.0498250885
"GR3511","H000010932","Prevenar","GM5068",2023-01-18,263.140143,-0.030952,1.000359,450.792757,861.064811,5,35.889717,30.50975,271.210513,263.140143,1.105715,462,33.265718,461.839331,-2.654951,1449,498.448259,0.926887,0.462,NA,NA
"DC8076","H000010932","Prevenar","CH7206",2020-01-08,89.955215,-1.709532,1.010128,475.824176,864.226291,4,32.927499,27.749028,89.497701,89.955215,1.005838,473,32.515024,467.868256,-2.122007,1415,478.602177,0.987473,0.473,NA,NA
"DX5495","H000008135","Prevenar","CK5010",2020-06-17,63.578159,-0.028981,1.054492,479.728154,827.767767,5,33.834899,28.525514,72.047215,63.578159,1.051486,521,34.946521,494.07693,1.082641,1287,504.427437,1.032854,0.521,NA,4.5565766478
"EC6028","H000017723","Prevenar","DL7832",2020-09-09,62.433319,-2.450911,1.081975,472.355472,863.022402,5,31.117891,26.210608,66.695008,62.433319,0.9903,518,34.443584,478.538571,0.874782,1294,467.773752,1.106874,0.518,NA,4.4763283284
"EP6169","H000010932","Prevenar","DT9980",2021-02-06,240.747254,-2.81549,1.064556,465.193913,885.076564,5,31.00393,26.379715,241.689341,240.747254,0.996169,506,33.822245,474.880584,0.002825,1324,463.411868,1.090902,0.506,NA,NA
"S93507","H000011612","Prevenar","R68512",2017-07-15,61.654005,-1.788078,1.086197,463.922175,848.133542,5,31.975521,27.527408,59.073466,61.654005,1.033215,504,33.592784,463.613306,-0.170816,1330,479.331475,1.050578,0.504,NA,4.840898884
"H67905","H000002634","Prevenar","G35697",2014-01-28,NA,NA,1.038286,461.538462,1051.238529,5,37.713699,31.612563,NA,NA,1.062007,477,36.725,459.706727,NA,1404,490.156898,NA,0.477,84.934,4.732782221
"DA1867","H000008135","Prevenar","CH7205",2019-12-17,52.500629,-0.701887,0.996402,400.576483,809.126062,4,32.707113,28.231341,57.75987,52.500629,1.233719,490,32.42771,491.746352,-0.98129,1367,494.198878,0.991457,0.49,NA,5.0316566924
"DL7373","H000010932","Prevenar","CW7635",2020-04-24,135.824778,-0.878242,1.160173,501.607577,820.746604,5,32.69185,27.151505,127.995783,135.824778,0.986781,554,36.592519,477.546045,3.022427,1211,494.977025,1.119316,0.554,NA,NA
"GR3697","H000019489","Prevenar","GG0404",2023-02-14,61.729126,-3.325371,0.943335,474.070806,814.988072,4,29.367679,25.319588,61.60561,61.729126,0.952683,446,28.982268,472.485399,-3.710782,1500,451.638992,0.986876,0.446,NA,NA
"M21966","H000004330","Prevenar","L79063",2015-09-19,84.312106,0.49202,1.094419,468.079155,859.495934,4,34.177712,28.720566,93.316395,84.312106,1.08814,518,34.763902,473.375696,1.07821,1294,509.335706,1.017151,0.518,NA,4.8498652447
"DN3837","H000010932","Prevenar","CW7635",2020-05-13,135.824778,-0.878242,1.160173,501.607577,820.746604,5,32.69185,27.151505,127.995783,135.824778,0.986781,554,36.592519,477.546045,3.022427,1211,494.977025,1.119316,0.554,NA,NA
"EC6013","H000013782","Prevenar","DL7832",2020-08-20,62.433319,-2.450911,1.081975,472.355472,863.022402,5,31.117891,26.210608,66.695008,62.433319,0.9903,518,34.443584,478.538571,0.874782,1294,467.773752,1.106874,0.518,NA,4.527438952
"J80516","H000004331","Prevenar","J32173",2014-10-19,61.119687,-3.923743,1.128221,426.423622,941.925895,5,30.478116,26.009605,61.144257,61.119687,1.029954,493,34.188142,436.668898,-0.213717,1359,439.196809,1.121728,0.493,NA,4.6831752469
"M97002","H000008090","Prevenar","M35819",2016-01-27,62.42132,-2.464337,1.114474,432.856533,991.73931,5,33.612162,28.818199,70.078808,62.42132,1.086097,520,37.171986,466.510983,1.095486,1289,470.124072,1.105909,0.52,NA,4.8239613655
"X59046","H000006081","Prevenar","T96899",2018-09-15,67.762994,-3.125664,1.052567,446.858998,973.945828,5,35.577797,31.046785,72.224264,67.762994,1.058312,488,36.675621,463.161898,-2.027839,1372,472.91624,1.030857,0.488,NA,4.899058051
"M32477","H000008135","Prevenar","L96629",2015-10-01,62.200947,0.549904,1.032572,474.464061,903.442662,5,33.228665,27.990028,58.211348,62.200947,1.078021,508,32.99185,491.817613,0.313089,1319,511.482405,0.992873,0.508,NA,5.1166458667
"CH8218","H000013782","Prevenar","AA1759",2019-06-13,216.986458,2.453768,1.010337,505.242527,733.670159,4,31.274738,26.397711,224.46364,216.986458,1.088347,532,30.273988,526.837703,1.453017,1261,549.879252,0.968001,0.532,NA,4.8475590894
"CR3644","H000013782","Prevenar","AR4778",2019-10-28,69.392388,-0.353135,0.961176,512.557948,884.901565,5,34.097454,29.218671,67.859425,69.392388,0.975286,494,33.726772,514.428324,-0.723816,1356,499.890742,0.989129,0.494,NA,5.094134728
"AR7666","H000010932","Prevenar","AD4535",2019-03-24,69.896747,1.541128,1.042156,520.208112,789.545931,4,35.859248,30.624444,61.939544,69.896747,1.019282,510,34.481654,489.243978,0.163535,1314,530.23874,0.961583,0.51,NA,4.8545532865
"H22379","H000007053","Prevenar","G35697",2014-02-09,NA,NA,1.038286,461.538462,1051.238529,5,37.713699,31.612563,NA,NA,1.062007,477,36.725,459.706727,NA,1404,490.156898,NA,0.477,84.934,4.4732277386
"HE3369","H000013782","Prevenar","HA3754",2023-07-26,NA,NA,0.80512,579.367296,545.067862,3,NA,17.813285,199.665366,NA,0.787131,467,NA,579.997713,NA,1433,456.037715,1.023967,0.467,NA,5.1049825908
"EL8859","H000010932","Prevenar","DR8862",2020-12-30,62.239352,-2.191854,1.028164,460.045389,857.286233,4,31.725577,26.965099,65.372956,62.239352,1.02746,490,32.885698,476.541344,-1.031733,1367,472.678278,1.036567,0.49,NA,NA
"G09787","H000002634","Prevenar","E95727",2012-07-14,NA,-0.267746,1.021866,464.485053,753.702859,NA,34.689343,NA,NA,NA,1.086076,497,34.160692,486.148279,-0.796397,NA,504.46612,NA,NA,67.404,4.8286220811
"H99615","H000004331","Prevenar","G35697",2013-12-15,NA,NA,1.038286,461.538462,1051.238529,5,37.713699,31.612563,NA,NA,1.062007,477,36.725,459.706727,NA,1404,490.156898,NA,0.477,84.934,4.5316414331
"H38729","H000004331","Prevenar","G35697",2014-02-27,NA,NA,1.038286,461.538462,1051.238529,5,37.713699,31.612563,NA,NA,1.062007,477,36.725,459.706727,NA,1404,490.156898,NA,0.477,84.934,4.3094190637
"H00655","H000002634","Prevenar","G73488",2013-05-26,NA,-2.691426,1.014863,434.944596,915.096816,4,31.819434,27.919514,NA,NA,1.064322,471,32.36804,464.005913,-2.14282,1421,462.921095,NA,0.471,85.108,4.4983242571
"CR8927","H000013782","Prevenar","AD4535",2019-10-10,69.896747,1.541128,1.042156,520.208112,789.545931,4,35.859248,30.624444,61.939544,69.896747,1.019282,510,34.481654,489.243978,0.163535,1314,530.23874,0.961583,0.51,NA,4.6057163833
"L90655","H000008135","Prevenar","L30021",2015-04-29,61.500913,-1.258806,1.056565,447.324049,909.29533,4,32.725886,27.357044,69.020283,61.500913,1.076315,474,32.232827,448.820149,-1.751865,1412,481.461681,0.984934,0.474,NA,4.9691914126
"DW4285","H000017723","Prevenar","CK5010",2020-07-09,63.578159,-0.028981,1.054492,479.728154,827.767767,5,33.834899,28.525514,72.047215,63.578159,1.051486,521,34.946521,494.07693,1.082641,1287,504.427437,1.032854,0.521,NA,4.653527033
"EC6050","H000008135","Prevenar","DH4040",2020-09-15,62.046377,-0.264834,1.176047,473.066854,810.985266,5,32.792245,27.942793,63.574337,62.046377,1.057097,497,32.558568,422.188891,-0.498511,1348,500.077416,0.992874,0.497,NA,4.8305110185
"RH4678","H000033648","Prevenar","LY9903",2026-04-12,246.682768,0.765958,0.974064,485.60734,758.696665,4,32.487768,27.720448,287.113449,246.682768,1.053589,504,32.006787,517.47694,0.284977,1330,511.630336,0.985195,0.504,NA,NA
"N39522","H000011044","Prevenar","M17975",2016-08-19,64.606459,-0.618228,1.034278,478.076492,856.398056,5,32.957493,27.947262,66.202731,64.606459,1.027154,513,34.461721,496.452999,0.885999,1307,491.058,1.045641,0.513,NA,4.9118658033
"HF3781","H000013782","Prevenar","HG6430",2023-10-09,57.636548,-0.625862,0.94164,488.330394,717.99236,4,28.613798,24.195348,56.954415,57.636548,0.991269,475,28.089023,504.639529,-1.150637,1409,484.066722,0.98166,0.475,NA,5.6375563139
"EL8958","H000013782","Prevenar","DR8862",2021-06-01,62.239352,-2.191854,1.028164,460.045389,857.286233,4,31.725577,26.965099,65.372956,62.239352,1.02746,490,32.885698,476.541344,-1.031733,1367,472.678278,1.036567,0.49,NA,NA
"LJ1002","H000010932","Prevenar","LD1812",2024-07-28,72.518036,1.491541,1.060545,527.996773,844.662412,5,35.58782,30.03958,68.056814,72.518036,0.993249,513,34.815956,483.767931,0.719677,1307,524.432246,0.978311,0.513,NA,NA
"RE8408","H000035016","Prevenar","MN0484",2026-05-05,64.900711,1.623151,1.108688,513.238392,735.037973,4,33.069201,27.879481,65.280069,64.900711,1.032163,564,35.168792,508.366385,3.722742,1190,529.971307,1.063491,0.564,NA,NA
"N41692","H000011802","Prevenar","N09127",2016-03-15,59.724374,-3.326345,1.153861,408.346745,984.446274,5,33.648783,27.672969,62.859807,59.724374,1.099893,496,37.133314,429.55653,0.158186,1351,449.137644,1.103556,0.496,NA,4.3376848034
"GE6423","H000011044","Prevenar","FH7124",2022-07-19,62.358111,-0.765103,0.902219,484.659849,795.224866,4,31.632018,26.1695,67.18166,62.358111,1.017614,470,30.161827,521.241861,-2.235295,1424,493.196835,0.953522,0.47,NA,5.2351599028
"H19407","H000002634","Prevenar","G36303",2014-03-09,NA,-3.077487,0.977689,495.9861,862.002025,4,33.630112,28.088082,NA,NA,0.938712,477,34.489178,488.377695,-2.218422,1404,465.588091,NA,0.477,63.075,4.6135218217
"H96881","H000004331","Prevenar","H28300",2013-12-07,NA,0.96342,1.011062,487.250115,840.123992,4,32.983249,28.680531,NA,NA,1.047633,483,31.230001,478.037367,-0.789828,1386,510.459099,NA,0.483,83.959,5.0115109341
"HN7330","H000010932","Prevenar","HM2123",2024-01-23,60.255475,1.402186,0.970289,543.320557,678.280357,4,29.172477,24.267545,64.256708,60.255475,0.97067,547,30.259902,563.794591,2.489612,1227,527.385223,1.037276,0.547,NA,NA
"X98605","H000008090","Prevenar","X37442",2018-11-22,57.010238,-0.531833,0.990663,460.607231,754.974904,4,31.391547,26.815343,57.363194,57.010238,1.08344,472,29.709624,476.753327,-2.213756,1418,499.040092,0.946421,0.472,NA,5.0925233645
"DW4269","H000010932","Prevenar","CW7635",2020-06-30,135.824778,-0.878242,1.160173,501.607577,820.746604,5,32.69185,27.151505,127.995783,135.824778,0.986781,554,36.592519,477.546045,3.022427,1211,494.977025,1.119316,0.554,NA,NA
"EA9691","H000013782","Prevenar","DL7832",2020-08-10,62.433319,-2.450911,1.081975,472.355472,863.022402,5,31.117891,26.210608,66.695008,62.433319,0.9903,518,34.443584,478.538571,0.874782,1294,467.773752,1.106874,0.518,NA,4.5871473554
"G03003","H000002634","Prevenar","E76420",2012-05-11,NA,-0.138139,1.096345,446.051162,886.349444,NA,40.57825,NA,NA,NA,1.131984,496,39.857331,452.368806,-0.859058,NA,504.922973,NA,NA,66.26,4.4771019297
"AP9217","H000008135","Prevenar","AA1759",2019-03-05,216.986458,2.453768,1.010337,505.242527,733.670159,4,31.274738,26.397711,224.46364,216.986458,1.088347,532,30.273988,526.837703,1.453017,1261,549.879252,0.968001,0.532,NA,4.816178503
"ED8338","H000010932","Prevenar","DL7833",2020-10-17,64.874852,-2.584003,1.074407,467.892209,870.079832,5,33.145477,28.102035,72.980307,64.874852,1.004041,503,35.510638,468.449211,-0.218843,1332,469.783011,1.071357,0.503,NA,NA
"FY2978","H000006081","Prevenar","EL4564",2022-03-22,62.870245,-4.171869,1.129032,425.179925,913.412598,5,32.778841,26.770252,63.254965,62.870245,1.051907,480,35.170983,425.044588,-1.779728,1395,447.249658,1.072978,0.48,NA,5.0589457544
"DX7776","H000008135","Prevenar","CK5010",2020-07-31,63.578159,-0.028981,1.054492,479.728154,827.767767,5,33.834899,28.525514,72.047215,63.578159,1.051486,521,34.946521,494.07693,1.082641,1287,504.427437,1.032854,0.521,NA,4.4471134047
"EL3820","H000011373","Prevenar","DN7268",2020-12-12,63.589403,-2.047303,1.05339,430.691475,928.977168,5,34.759849,29.442442,65.426952,63.589403,1.102916,474,34.721137,450.43867,-2.086014,1412,475.016515,0.998886,0.474,NA,5.0572031528
"T19588","H000013782","Prevenar","R68512",2017-07-27,61.654005,-1.788078,1.086197,463.922175,848.133542,5,31.975521,27.527408,59.073466,61.654005,1.033215,504,33.592784,463.613306,-0.170816,1330,479.331475,1.050578,0.504,NA,4.6884091594
"G89772","H000004331","Prevenar","G54759",2013-02-18,NA,1.344732,1.051104,472.838596,942.917462,5,39.103692,33.372906,NA,NA,1.098767,510,38.372933,485.042735,0.613972,1314,519.539435,NA,0.51,86.161,4.9243553774
"HX9162","H000013782","Prevenar","HM2123",2024-04-24,60.255475,1.402186,0.970289,543.320557,678.280357,4,29.172477,24.267545,64.256708,60.255475,0.97067,547,30.259902,563.794591,2.489612,1227,527.385223,1.037276,0.547,NA,5.0536593636
"HD8395","H000006081","Prevenar","HA3754",2023-08-05,NA,NA,0.80512,579.367296,545.067862,3,NA,17.813285,199.665366,NA,0.787131,467,NA,579.997713,NA,1433,456.037715,1.023967,0.467,NA,5.0732816747
"HF3777","H000013782","Prevenar","HK6951",2023-11-14,276.940044,1.195201,1.071858,493.612079,842.469761,5,34.3987,29.362245,264.980818,276.940044,1.050977,512,33.953157,477.726947,0.749658,1309,518.774821,0.987048,0.512,NA,4.7923392283
"W08570","H000010932","Prevenar","T22140",2018-01-01,61.951288,-3.726691,1.010534,414.517409,1005.631464,5,33.605767,28.825529,63.211117,61.951288,1.085562,445,33.246891,440.53818,-4.085567,1503,449.984346,0.989321,0.445,NA,NA
"GH5502","H000010932","Prevenar","GA0023",2022-09-09,243.627774,0.913022,1.03637,472.927248,754.147955,4,31.671332,27.160291,260.998383,243.627774,1.089717,526,32.308989,507.282946,1.550679,1275,515.356891,1.020134,0.526,NA,NA
"LC5397","H000019489","Prevenar","HY2169",2024-06-15,206.843191,0.12567,0.940702,529.008544,603.873691,4,26.863681,21.84238,209.712,206.843191,0.953318,508,27.076558,540.351787,0.338548,1319,504.313472,1.007924,0.508,NA,NA
"EW0925","H000010932","Prevenar","DT9980",2021-04-25,240.747254,-2.81549,1.064556,465.193913,885.076564,5,31.00393,26.379715,241.689341,240.747254,0.996169,506,33.822245,474.880584,0.002825,1324,463.411868,1.090902,0.506,NA,NA
"DX7819","H000011373","Prevenar","CW7635",2020-07-02,135.824778,-0.878242,1.160173,501.607577,820.746604,5,32.69185,27.151505,127.995783,135.824778,0.986781,554,36.592519,477.546045,3.022427,1211,494.977025,1.119316,0.554,NA,4.2072957092
"GT1593","H000010932","Prevenar","GP4372",2023-04-07,66.729867,0.83654,0.97568,550.697009,747.076653,4,31.20734,27.274916,62.353897,66.729867,0.932329,530,32.189974,542.798555,1.819174,1265,513.430921,1.031487,0.53,NA,NA
"NT6405","H000013782","Prevenar","MN0484",2026-07-10,64.900711,1.623151,1.108688,513.238392,735.037973,4,33.069201,27.879481,65.280069,64.900711,1.032163,564,35.168792,508.366385,3.722742,1190,529.971307,1.063491,0.564,NA,4.5936596215
"FP0838","H000006081","Prevenar","EL4564",2022-03-18,62.870245,-4.171869,1.129032,425.179925,913.412598,5,32.778841,26.770252,63.254965,62.870245,1.051907,480,35.170983,425.044588,-1.779728,1395,447.249658,1.072978,0.48,NA,4.7931162407
"AH5708","H000008135","Prevenar","X37469",2018-12-26,59.157173,-0.3876,1.1634,442.085899,806.79986,5,32.783989,27.505856,57.424309,59.157173,1.118777,520,34.48005,447.12311,1.308461,1289,494.595365,1.051734,0.52,NA,4.4505715878
"MW1299","H000010932","Prevenar","MK9451",2025-09-21,63.63609,-1.914999,1.018421,459.092114,821.815009,4,32.73657,27.824368,63.756953,63.63609,1.033555,497,34.312193,488.339322,-0.339376,1348,474.497127,1.04813,0.497,NA,4.8039017551
"W28190","H000006081","Prevenar","T32901",2018-03-07,68.397992,3.799108,0.976168,575.436162,791.21481,4,33.548439,28.375807,69.384401,68.397992,0.987436,566,33.439946,580.195849,3.690615,1186,568.206355,0.996766,0.566,NA,4.9422112122
"X28328","H000008135","Prevenar","T96899",2018-08-24,67.762994,-3.125664,1.052567,446.858998,973.945828,5,35.577797,31.046785,72.224264,67.762994,1.058312,488,36.675621,463.161898,-2.027839,1372,472.91624,1.030857,0.488,NA,4.6362338584
"G68770","H000002634","Prevenar","G12840",2012-12-28,NA,-2.700135,1.074993,472.396651,1037.954843,5,37.577155,32.637336,NA,NA,1.000847,489,38.831574,454.496079,-1.445716,1370,472.796981,NA,0.489,85.432,4.4739849287
"L77846","H000004330","Prevenar","L45105",2015-04-23,64.613588,-0.459244,1.057603,461.286236,968.614807,5,35.429256,29.90724,67.449943,64.613588,1.077395,503,35.880855,475.9083,-0.007645,1332,496.987347,1.012746,0.503,NA,4.8160330362
"LJ0993","H000010932","Prevenar","LE1126",2024-07-21,63.375079,0.199086,0.998396,507.577312,776.753386,4,31.588656,26.609924,65.453211,63.375079,0.997316,531,33.121144,531.626202,1.731573,1263,506.214946,1.048514,0.531,NA,4.5505265337
"M56315","H000008135","Prevenar","M15185",2015-10-13,61.525566,1.472761,1.137656,453.769721,986.064046,5,38.010931,32.611644,65.133552,61.525566,1.1575,533,38.58688,468.680324,2.04871,1258,525.2386,1.015152,0.533,NA,4.6834685812
"CR3633","H000013782","Prevenar","AH4664",2019-10-18,65.505339,-1.320358,1.049792,453.216758,925.248195,5,34.577294,29.485938,63.898741,65.505339,1.066689,495,35.386967,471.294977,-0.510685,1353,483.441478,1.023416,0.495,NA,5.0622988845
"J13977","H000004331","Prevenar","H82826",2014-04-07,67.855238,4.843428,1.024424,505.786481,770.155864,5,36.565419,30.424518,71.581789,67.855238,1.143143,539,34.070424,525.890174,2.348433,1244,578.186333,NA,0.539,NA,4.7278926195
"H20767","H000004331","Prevenar","G73488",2013-07-09,NA,-2.691426,1.014863,434.944596,915.096816,4,31.819434,27.919514,NA,NA,1.064322,471,32.36804,464.005913,-2.14282,1421,462.921095,NA,0.471,85.108,4.7846863586
"J80569","H000004330","Prevenar","J22003",2014-09-22,254.308996,3.763439,0.950469,496.08333,766.228346,4,34.09268,27.543654,263.399234,254.308996,1.125323,520,31.776864,547.449061,1.447624,1289,558.253906,0.932073,0.52,NA,4.9001287474
"FJ5977","H000011044","Prevenar","DY9999",2021-09-27,86.784868,-0.172478,1.067374,454.47903,901.009797,5,35.053703,29.599288,87.090522,86.784868,1.095263,487,34.260822,455.805605,-0.965359,1375,497.774213,0.977381,0.487,NA,4.8573275019
"GF1156","H000008135","Prevenar","FT3583",2022-08-02,64.76426,-3.696382,1.076579,454.109271,879.722441,4,32.379317,28.097232,63.457777,64.76426,0.995709,452,32.368401,419.856354,-3.707298,1480,452.160818,0.999663,0.452,NA,4.99771026
"GH0409","H000019489","Prevenar","FX7992",2022-08-18,354.144295,0.460795,0.949937,503.617611,675.014945,3,27.170284,20.603195,381.257686,354.144295,1.015517,508,26.98211,534.656834,0.27262,1319,511.432197,0.993074,0.508,NA,NA
"G86639","H000002634","Prevenar","G54758",2013-01-28,NA,0.54968,1.038948,461.028192,1035.655056,5,41.076761,35.560654,NA,NA,1.072639,491,40.746561,472.152303,0.219481,1364,494.516915,NA,0.491,83.67,4.4813509545
"ND1817","H000011802","Prevenar","ML2269",2025-10-30,65.357006,-2.568301,1.061448,443.178641,863.938554,4,33.68461,29.460992,65.957686,65.357006,1.044487,454,33.010954,427.375319,-3.241956,1474,462.894237,0.980001,0.454,NA,4.834204825
"HA2750","H000019489","Prevenar","HA3751",2023-06-18,NA,NA,1.04448,431.854414,494.70778,3,NA,15.904008,39.515324,NA,0.95826,461,NA,441.262483,NA,1452,413.828728,1.113722,0.461,NA,NA
"HP2982","H000029483","Prevenar","HK6419",NA,57.631776,0.504087,1.091291,458.443669,823.633743,4,32.552167,27.397331,59.238795,57.631776,1.117067,524,33.339182,480.617642,1.291102,1280,512.112482,1.024177,0.524,NA,NA
"M96867","H000006081","Prevenar","M35819",2015-12-21,62.42132,-2.464337,1.114474,432.856533,991.73931,5,33.612162,28.818199,70.078808,62.42132,1.086097,520,37.171986,466.510983,1.095486,1289,470.124072,1.105909,0.52,NA,4.5903643668
"CH8180","H000008135","Prevenar","AP7813",2019-06-11,65.163605,-0.29756,1.063345,514.006734,803.592683,5,32.289659,26.654923,69.154867,65.163605,0.972376,530,34.252097,498.599897,1.664878,1265,499.807617,1.060776,0.53,NA,4.5562214754
"EM4898","H000011044","Prevenar","DR8862",2020-12-31,62.239352,-2.191854,1.028164,460.045389,857.286233,4,31.725577,26.965099,65.372956,62.239352,1.02746,490,32.885698,476.541344,-1.031733,1367,472.678278,1.036567,0.49,NA,4.9767822154
"EL8919","H000010932","Prevenar","DT9980",2021-03-15,240.747254,-2.81549,1.064556,465.193913,885.076564,5,31.00393,26.379715,241.689341,240.747254,0.996169,506,33.822245,474.880584,0.002825,1324,463.411868,1.090902,0.506,NA,NA
"HX9340","H000017723","Prevenar","HT1790",2024-04-13,66.119907,-2.443174,0.996873,482.39626,838.594671,4,31.519327,27.502445,65.377751,66.119907,0.964857,476,32.223323,477.332214,-1.739179,1407,465.443542,1.022335,0.476,NA,4.9397042779
"N90869","H000008135","Prevenar","M15181",2016-08-07,61.364407,-0.970405,0.905003,449.482512,895.887896,4,33.447216,29.018953,67.654748,61.364407,1.08503,461,31.623037,509.504594,-2.794585,1452,487.702047,0.945461,0.461,NA,5.0285320561
"GR3510","H000010932","Prevenar","GD9452",2023-01-05,246.409191,0.975702,1.00751,514.690396,756.746341,4,32.277322,27.633533,241.625218,246.409191,1.00536,505,31.519262,501.529982,0.217642,1327,517.44906,0.976514,0.505,NA,NA
"J80542","H000008090","Prevenar","J22003",2014-09-20,254.308996,3.763439,0.950469,496.08333,766.228346,4,34.09268,27.543654,263.399234,254.308996,1.125323,520,31.776864,547.449061,1.447624,1289,558.253906,0.932073,0.52,NA,4.8612641417
"M96998","H000008090","Prevenar","M35819",2015-12-27,62.42132,-2.464337,1.114474,432.856533,991.73931,5,33.612162,28.818199,70.078808,62.42132,1.086097,520,37.171986,466.510983,1.095486,1289,470.124072,1.105909,0.52,NA,4.4303333333
"DL7362","H000006081","Prevenar","AP7814",2020-05-13,70.869571,0.739647,1.036734,498.155243,898.048372,5,37.177456,31.70106,73.585005,70.869571,1.037133,533,38.342362,513.961904,1.904553,1258,516.653237,1.031334,0.533,NA,4.5379491042
"H87641","H000002634","Prevenar","G36298",2014-01-22,NA,0.41291,1.007773,489.446151,1045.498098,5,35.853801,30.875797,NA,NA,1.058225,493,34.127326,489.200717,-1.313565,1359,517.943926,NA,0.493,86.806,4.8347509604
"GR3608","H000011044","Prevenar","GG0404",2023-02-14,61.729126,-3.325371,0.943335,474.070806,814.988072,4,29.367679,25.319588,61.60561,61.729126,0.952683,446,28.982268,472.485399,-3.710782,1500,451.638992,0.986876,0.446,NA,4.9334003633
"DK2064","H000011373","Prevenar","CM4665",2020-03-11,122.584051,0.395648,0.996275,530.725169,781.556281,4,31.264067,26.978661,132.332351,122.584051,0.970453,540,32.802932,542.415814,1.934513,1242,515.043885,1.049222,0.54,NA,4.6697126178
"ED8321","H000011044","Prevenar","DL7834",2020-11-13,66.38567,-0.097954,1.00734,466.822298,940.481407,5,35.202347,29.801974,71.76098,66.38567,1.062976,491,34.832843,487.434622,-0.467457,1364,496.221011,0.989503,0.491,NA,4.7734707904
"EP3318","H000011373","Prevenar","DR8862",2021-01-06,62.239352,-2.191854,1.028164,460.045389,857.286233,4,31.725577,26.965099,65.372956,62.239352,1.02746,490,32.885698,476.541344,-1.031733,1367,472.678278,1.036567,0.49,NA,4.9625492735
"ER3826","H000011373","Prevenar","DT9980",2021-04-21,240.747254,-2.81549,1.064556,465.193913,885.076564,5,31.00393,26.379715,241.689341,240.747254,0.996169,506,33.822245,474.880584,0.002825,1324,463.411868,1.090902,0.506,NA,4.6675759329
"G68768","H000002634","Prevenar","G12840",2012-12-15,NA,-2.700135,1.074993,472.396651,1037.954843,5,37.577155,32.637336,NA,NA,1.000847,489,38.831574,454.496079,-1.445716,1370,472.796981,NA,0.489,85.432,4.4523338209
"H31653","H000004331","Prevenar","G73488",2013-08-05,NA,-2.691426,1.014863,434.944596,915.096816,4,31.819434,27.919514,NA,NA,1.064322,471,32.36804,464.005913,-2.14282,1421,462.921095,NA,0.471,85.108,4.6767346771
"HG4911","H000011044","Prevenar","HG6429",2023-10-01,60.877566,-1.198083,0.961951,501.92932,796.186112,4,30.213487,25.331175,60.442055,60.877566,0.979869,497,30.537559,516.762919,-0.874011,1348,491.825064,1.010726,0.497,NA,5.2778315525
"HN7327","H000010932","Prevenar","HM2132",2024-02-15,63.334368,-2.770587,1.000358,482.775183,813.454279,4,30.385651,26.008807,63.097857,63.334368,0.949827,478,31.689438,478.057272,-1.4668,1401,458.553058,1.042908,0.478,NA,NA
"AH4663","H000013782","Prevenar","X37442",2018-11-27,57.010238,-0.531833,0.990663,460.607231,754.974904,4,31.391547,26.815343,57.363194,57.010238,1.08344,472,29.709624,476.753327,-2.213756,1418,499.040092,0.946421,0.472,NA,4.9890663163
"AM6002","H000008090","Prevenar","X72418",2019-02-23,62.160063,2.296573,1.035994,528.730691,733.490228,4,32.058202,27.170479,61.285954,62.160063,1.024164,536,31.723946,517.243466,1.962317,1251,541.507144,0.989573,0.536,NA,4.9865489129
"W73708","H000008135","Prevenar","T96858",2018-06-18,61.770939,1.361147,1.06785,500.921452,780.332439,4,32.663766,28.47467,65.467292,61.770939,1.060571,541,33.273927,506.800203,1.971307,1240,531.262816,1.01868,0.541,NA,5.0615936958
"NM6520","H000033648","Prevenar","MN0484",2026-01-18,64.900711,1.623151,1.108688,513.238392,735.037973,4,33.069201,27.879481,65.280069,64.900711,1.032163,564,35.168792,508.366385,3.722742,1190,529.971307,1.063491,0.564,NA,NA
"N90864","H000008135","Prevenar","N09129",2016-06-16,62.970138,-0.615118,0.925758,437.553101,917.470149,5,35.56212,30.154184,68.058334,62.970138,1.138392,487,34.795398,526.452876,-1.381841,1375,498.107159,0.97844,0.487,NA,4.7036860284
"DJ2705","H000008135","Prevenar","CM4664",2020-02-18,130.58387,-1.444665,1.088189,506.33642,837.119031,5,32.817526,28.007876,119.341388,130.58387,0.952196,516,35.146739,474.50461,0.884547,1299,482.131654,1.070975,0.516,NA,4.7295094278
"AM6026","H000010932","Prevenar","X37469",2019-02-01,59.157173,-0.3876,1.1634,442.085899,806.79986,5,32.783989,27.505856,57.424309,59.157173,1.118777,520,34.48005,447.12311,1.308461,1289,494.595365,1.051734,0.52,NA,NA
"FN4196","H000008135","Prevenar","EL4563",2021-10-31,59.518587,-0.350637,1.068908,425.487754,885.631924,5,34.866744,29.21117,66.032881,59.518587,1.166149,498,35.020894,466.247317,-0.196486,1345,496.181937,1.004421,0.498,NA,4.8092534292
"FL8877","H000006081","Prevenar","EL4563",2021-11-15,59.518587,-0.350637,1.068908,425.487754,885.631924,5,34.866744,29.21117,66.032881,59.518587,1.166149,498,35.020894,466.247317,-0.196486,1345,496.181937,1.004421,0.498,NA,4.7985519657
"GD6979","H000017723","Prevenar","FA6141",2022-06-11,236.15847,3.118446,0.940597,495.932787,729.104089,4,33.151166,27.770831,255.28535,236.15847,1.122961,507,30.169171,538.825836,0.13645,1322,556.913336,0.910049,0.507,NA,5.2303383185
"HN5217","H000011044","Prevenar","HL5146",2023-11-28,67.036426,-2.041426,0.958603,486.654395,759.752913,4,33.355283,28.377419,69.109552,67.036426,0.971399,480,33.894845,501.127663,-1.501864,1395,472.735608,1.016176,0.48,NA,4.7538379592
"LJ1014","H000010932","Prevenar","LD1814",2024-08-12,58.034185,-0.704686,1.057424,458.874459,781.2539,4,31.704253,27.33337,67.924859,58.034185,1.069809,479,30.961471,453.372237,-1.447469,1398,490.908087,0.976572,0.479,NA,NA
"S69938","H000010932","Prevenar","Q02008",2017-04-22,55.636125,-2.840464,1.048571,406.084104,844.98259,4,31.916117,NA,55.195531,55.636125,1.143064,450,30.937462,429.104478,-3.819118,1487,464.180022,0.969337,0.45,NA,NA
"FA5694","H000008135","Prevenar","EP5316",2021-06-16,79.297464,-0.191429,1.016272,464.122508,775.332768,4,32.200649,28.215438,83.052815,79.297464,1.084145,493,31.553428,485.168144,-0.83865,1359,503.176228,0.9799,0.493,NA,4.9121908211
"FP0839","H000006081","Prevenar","FG0964",2022-03-12,59.762812,0.991521,1.110826,480.058574,769.177947,4,32.068721,27.928774,78.361087,59.762812,1.077357,529,32.806953,476.312452,1.729753,1268,517.194329,1.02302,0.529,NA,5.0823990107
"S25792","H000008135","Prevenar","N69850",2017-01-04,238.533932,1.837882,1.152785,481.426146,775.692925,4,31.627513,27.138146,253.450035,238.533932,1.111183,554,32.764259,480.730858,2.974628,1211,534.952345,1.035942,0.554,NA,4.8434960863
"GT1669","H000017723","Prevenar","GD9453",2023-03-10,62.586821,-0.487972,0.997843,495.753506,807.94944,4,30.940277,26.813356,65.795647,62.586821,0.998312,494,30.906666,495.447535,-0.521583,1356,494.916485,0.998914,0.494,NA,5.0268004814
"MG4228","H000032244","Prevenar","LY9903",2025-07-20,246.682768,0.765958,0.974064,485.60734,758.696665,4,32.487768,27.720448,287.113449,246.682768,1.053589,504,32.006787,517.47694,0.284977,1330,511.630336,0.985195,0.504,NA,NA
"AP4915","H000011373","Prevenar","AK9284",2019-04-25,65.432855,0.77643,1.075865,482.025832,848.508003,5,34.505048,29.242728,71.489737,65.432855,1.068875,524,35.083322,486.919968,1.354704,1280,515.225296,1.016759,0.524,NA,4.8833931037
"M56264","H000008090","Prevenar","L79063",2015-11-30,84.312106,0.49202,1.094419,468.079155,859.495934,4,34.177712,28.720566,93.316395,84.312106,1.08814,518,34.763902,473.375696,1.07821,1294,509.335706,1.017151,0.518,NA,4.648048569
"M21973","H000006081","Prevenar","L79064",2015-08-04,65.310356,-0.840442,1.067175,469.288,894.864967,5,34.199609,29.174496,68.156104,65.310356,1.046792,514,35.814438,482.059728,0.774388,1304,491.246722,1.047218,0.514,NA,4.6691699671
"HN7777","H000019489","Prevenar","HM2123",2024-02-05,60.255475,1.402186,0.970289,543.320557,678.280357,4,29.172477,24.267545,64.256708,60.255475,0.97067,547,30.259902,563.794591,2.489612,1227,527.385223,1.037276,0.547,NA,NA
"HF3807","H000019489","Prevenar","HA3754",2023-07-21,NA,NA,0.80512,579.367296,545.067862,3,NA,17.813285,199.665366,NA,0.787131,467,NA,579.997713,NA,1433,456.037715,1.023967,0.467,NA,NA
"L30239","H000004330","Prevenar","L79062",2015-07-11,64.323603,0.619893,1.017309,442.083518,873.926202,5,36.784444,29.371633,61.709021,64.323603,1.153204,510,36.779798,501.075027,0.615247,1314,509.812511,0.999874,0.51,NA,4.5919414876
"S39369","H000010932","Prevenar","N69851",2017-01-08,54.839489,-2.555367,1.174254,404.913456,946.225939,4,31.539062,27.702468,51.088035,54.839489,1.156896,472,31.748812,401.580845,-2.345617,1418,468.442568,1.006651,0.472,NA,5.1923388786
"T37496","H000006081","Prevenar","S63625",2017-09-03,59.627023,0.649922,1.130948,447.441182,896.666123,5,34.481991,29.032917,62.292955,59.627023,1.147849,509,34.180547,450.15761,0.348478,1317,513.594696,0.991258,0.509,NA,4.4770707112
"GE6465","H000006081","Prevenar","FT3583",2022-08-11,64.76426,-3.696382,1.076579,454.109271,879.722441,4,32.379317,28.097232,63.457777,64.76426,0.995709,452,32.368401,419.856354,-3.707298,1480,452.160818,0.999663,0.452,NA,5.2226302155
"GH5589","H000010932","Prevenar","GD9450",2022-11-04,62.967487,-1.602171,0.978813,470.053126,809.374191,4,31.663149,27.325662,64.406668,62.967487,1.014254,483,32.108939,493.930348,-1.156381,1386,476.753351,1.014079,0.483,NA,NA
"L76758","H000008135","Prevenar","J78799",2015-04-16,59.995624,-1.197055,1.012991,465.163518,936.922513,4,30.316365,26.267152,62.205123,59.995624,1.041429,480,30.016263,473.488073,-1.497157,1395,484.434765,0.990101,0.48,NA,5.1036654521
"EM4900","H000011044","Prevenar","DR8862",2021-01-08,62.239352,-2.191854,1.028164,460.045389,857.286233,4,31.725577,26.965099,65.372956,62.239352,1.02746,490,32.885698,476.541344,-1.031733,1367,472.678278,1.036567,0.49,NA,4.9148601754
"H38730","H000004331","Prevenar","G35697",2014-02-19,NA,NA,1.038286,461.538462,1051.238529,5,37.713699,31.612563,NA,NA,1.062007,477,36.725,459.706727,NA,1404,490.156898,NA,0.477,84.934,4.6471285771
"HN7755","H000017723","Prevenar","HM2123",2024-01-24,60.255475,1.402186,0.970289,543.320557,678.280357,4,29.172477,24.267545,64.256708,60.255475,0.97067,547,30.259902,563.794591,2.489612,1227,527.385223,1.037276,0.547,NA,4.9908592608
"L34341","H000008135","Prevenar","J78797",2015-01-01,64.848609,-1.82343,1.059747,450.065283,992.547571,4,33.670741,27.565688,68.168002,64.848609,1.044785,496,34.040695,468.305983,-1.453476,1351,490.892313,1.010987,0.496,NA,4.7882719572
"M97256","H000008135","Prevenar","N09127",2016-03-23,59.724374,-3.326345,1.153861,408.346745,984.446274,5,33.648783,27.672969,62.859807,59.724374,1.099893,496,37.133314,429.55653,0.158186,1351,449.137644,1.103556,0.496,NA,4.2273314919
"S26360","H000011373","Prevenar","N69851",2017-03-17,54.839489,-2.555367,1.174254,404.913456,946.225939,4,31.539062,27.702468,51.088035,54.839489,1.156896,472,31.748812,401.580845,-2.345617,1418,468.442568,1.006651,0.472,NA,5.0102839385
"DW4287","H000017723","Prevenar","AP7814",2020-05-23,70.869571,0.739647,1.036734,498.155243,898.048372,5,37.177456,31.70106,73.585005,70.869571,1.037133,533,38.342362,513.961904,1.904553,1258,516.653237,1.031334,0.533,NA,4.5893727851
"W72426","H000006081","Prevenar","T96858",2018-05-09,61.770939,1.361147,1.06785,500.921452,780.332439,4,32.663766,28.47467,65.467292,61.770939,1.060571,541,33.273927,506.800203,1.971307,1240,531.262816,1.01868,0.541,NA,4.9047527386
"EC6014","H000013782","Prevenar","DL7833",2020-09-25,64.874852,-2.584003,1.074407,467.892209,870.079832,5,33.145477,28.102035,72.980307,64.874852,1.004041,503,35.510638,468.449211,-0.218843,1332,469.783011,1.071357,0.503,NA,4.5223217839
"ED8369","H000006081","Prevenar","DL7834",2020-11-09,66.38567,-0.097954,1.00734,466.822298,940.481407,5,35.202347,29.801974,71.76098,66.38567,1.062976,491,34.832843,487.434622,-0.467457,1364,496.221011,0.989503,0.491,NA,4.7974633966
"FY2991","H000014198","Prevenar","FH7124",2022-06-20,62.358111,-0.765103,0.902219,484.659849,795.224866,4,31.632018,26.1695,67.18166,62.358111,1.017614,470,30.161827,521.241861,-2.235295,1424,493.196835,0.953522,0.47,NA,5.4059962631
"HN7732","H000013782","Prevenar","HM2132",2024-01-07,63.334368,-2.770587,1.000358,482.775183,813.454279,4,30.385651,26.008807,63.097857,63.334368,0.949827,478,31.689438,478.057272,-1.4668,1401,458.553058,1.042908,0.478,NA,4.89886575
"H50986","H000004331","Prevenar","G35697",2013-10-24,NA,NA,1.038286,461.538462,1051.238529,5,37.713699,31.612563,NA,NA,1.062007,477,36.725,459.706727,NA,1404,490.156898,NA,0.477,84.934,4.4576870245
"GF1169","H000013782","Prevenar","GA0023",2022-09-20,243.627774,0.913022,1.03637,472.927248,754.147955,4,31.671332,27.160291,260.998383,243.627774,1.089717,526,32.308989,507.282946,1.550679,1275,515.356891,1.020134,0.526,NA,5.0778172838
"J13974","H000004331","Prevenar","H82826",2014-03-31,67.855238,4.843428,1.024424,505.786481,770.155864,5,36.565419,30.424518,71.581789,67.855238,1.143143,539,34.070424,525.890174,2.348433,1244,578.186333,NA,0.539,NA,4.7972953567
"N01866","H000008135","Prevenar","M93128",2016-05-01,65.708208,-0.030354,1.139152,516.482287,801.231362,4,31.783987,24.589214,65.548642,65.708208,0.967547,520,33.075918,456.509158,1.261577,1289,499.721052,1.040647,0.52,NA,4.7296254495
"S15150","H000011044","Prevenar","N69850",2016-12-26,238.533932,1.837882,1.152785,481.426146,775.692925,4,31.627513,27.138146,253.450035,238.533932,1.111183,554,32.764259,480.730858,2.974628,1211,534.952345,1.035942,0.554,NA,4.7603524879
"DC5812","H000006081","Prevenar","CA6639",2019-11-16,86.628641,-1.778646,1.058774,489.267677,803.021974,4,30.425974,26.535274,82.808497,86.628641,0.977355,498,31.689571,470.400418,-0.515049,1345,478.188329,1.04153,0.498,NA,4.8957807964
"FD9040","H000011373","Prevenar","DY9999",2021-09-10,86.784868,-0.172478,1.067374,454.47903,901.009797,5,35.053703,29.599288,87.090522,86.784868,1.095263,487,34.260822,455.805605,-0.965359,1375,497.774213,0.977381,0.487,NA,4.8274858074
"GW4143","H000010932","Prevenar","GR5869",2023-04-13,61.458125,-2.330222,1.020598,463.222372,826.955665,4,31.188668,27.576049,61.019817,61.458125,1.005198,480,32.135592,470.084235,-1.383298,1395,465.630084,1.030361,0.48,NA,NA
"S09155","H000008135","Prevenar","N49036",2016-11-28,59.116327,-1.972947,1.230623,407.313196,972.942095,5,34.210223,29.879926,62.291649,59.116327,1.16875,493,35.428575,400.611034,-0.754595,1359,476.047484,1.035614,0.493,NA,4.7723992014
"CG9828","H000013782","Prevenar","AK9284",2019-05-14,65.432855,0.77643,1.075865,482.025832,848.508003,5,34.505048,29.242728,71.489737,65.432855,1.068875,524,35.083322,486.919968,1.354704,1280,515.225296,1.016759,0.524,NA,4.5882995069
"ED8323","H000011044","Prevenar","DL7833",2020-10-14,64.874852,-2.584003,1.074407,467.892209,870.079832,5,33.145477,28.102035,72.980307,64.874852,1.004041,503,35.510638,468.449211,-0.218843,1332,469.783011,1.071357,0.503,NA,4.6225266876
"W72985","H000011373","Prevenar","T78047",2018-05-01,67.661282,-0.395945,1.040847,489.075952,876.160326,5,34.819375,29.205355,72.703777,67.661282,1.025394,515,35.783011,495.149582,0.56769,1302,501.495723,1.027675,0.515,NA,NA
"CW6585","H000013782","Prevenar","CH7205",2019-11-28,52.500629,-0.701887,0.996402,400.576483,809.126062,4,32.707113,28.231341,57.75987,52.500629,1.233719,490,32.42771,491.746352,-0.98129,1367,494.198878,0.991457,0.49,NA,4.9473951344
"GH5586","H000010932","Prevenar","GA0023",2022-09-14,243.627774,0.913022,1.03637,472.927248,754.147955,4,31.671332,27.160291,260.998383,243.627774,1.089717,526,32.308989,507.282946,1.550679,1275,515.356891,1.020134,0.526,NA,NA
"LX2595","H000010932","Prevenar","LK1442",2025-02-05,61.820586,0.844744,0.980788,504.590999,726.646124,4,31.602314,26.9639,62.553339,61.820586,1.010343,509,31.543804,518.834399,0.786234,1317,509.810198,0.998149,0.509,NA,NA
"HM1398","H000010932","Prevenar","GP4372",2023-10-03,66.729867,0.83654,0.97568,550.697009,747.076653,4,31.20734,27.274916,62.353897,66.729867,0.932329,530,32.189974,542.798555,1.819174,1265,513.430921,1.031487,0.53,NA,NA
"M97230","H000011374","Prevenar","M93128",2016-06-07,65.708208,-0.030354,1.139152,516.482287,801.231362,4,31.783987,24.589214,65.548642,65.708208,0.967547,520,33.075918,456.509158,1.261577,1289,499.721052,1.040647,0.52,NA,4.7829813976
"J80571","H000004330","Prevenar","J22003",2014-10-04,254.308996,3.763439,0.950469,496.08333,766.228346,4,34.09268,27.543654,263.399234,254.308996,1.125323,520,31.776864,547.449061,1.447624,1289,558.253906,0.932073,0.52,NA,4.8599478574
"NM6370","H000010932","Prevenar","ML2268",2025-12-11,56.530131,1.144439,1.063308,481.748727,690.702006,4,30.663979,25.681795,51.705699,56.530131,1.084031,514,30.182746,483.430059,0.663205,1304,522.230669,0.984306,0.514,NA,4.5709209371
"S26390","H000008135","Prevenar","R75257",2017-03-22,53.505358,-2.503224,1.309374,385.674791,839.818129,4,32.452575,27.381755,0,53.505358,1.21357,498,34.517931,380.205013,-0.437868,1345,468.043257,1.063642,0.498,NA,4.5385576291
"LL4095","H000010932","Prevenar","LH6897",2024-10-02,54.909679,-1.04421,0.964626,448.110729,725.217563,4,29.71843,25.49493,62.087302,54.909679,1.084341,503,30.76374,521.441572,0.0011,1332,485.904765,1.035174,0.503,NA,NA
"MW1324","H000035016","Prevenar","ML2269",2025-09-17,65.357006,-2.568301,1.061448,443.178641,863.938554,4,33.68461,29.460992,65.957686,65.357006,1.044487,454,33.010954,427.375319,-3.241956,1474,462.894237,0.980001,0.454,NA,NA
"AA4483","H000006081","Prevenar","T96899",2018-09-30,67.762994,-3.125664,1.052567,446.858998,973.945828,5,35.577797,31.046785,72.224264,67.762994,1.058312,488,36.675621,463.161898,-2.027839,1372,472.91624,1.030857,0.488,NA,4.7923617001
"N01865","H000008135","Prevenar","M93127",2016-04-04,64.488989,0.615643,1.120522,479.117382,924.037458,5,34.760372,29.691815,57.065073,64.488989,1.071508,507,34.316714,452.311964,0.171984,1322,513.378057,0.987237,0.507,NA,4.8085572494
"AH5730","H000011374","Prevenar","X37469",2018-12-17,59.157173,-0.3876,1.1634,442.085899,806.79986,5,32.783989,27.505856,57.424309,59.157173,1.118777,520,34.48005,447.12311,1.308461,1289,494.595365,1.051734,0.52,NA,4.6536531898
"H38727","H000004331","Prevenar","G35697",2014-02-24,NA,NA,1.038286,461.538462,1051.238529,5,37.713699,31.612563,NA,NA,1.062007,477,36.725,459.706727,NA,1404,490.156898,NA,0.477,84.934,4.5043894012
"HE3365","H000011044","Prevenar","GW0264",2023-06-20,NA,NA,0.944409,473.423924,511.031728,3,NA,17.674436,43.044891,NA,0.943044,457,NA,483.891179,NA,1464,446.459707,1.023588,0.457,NA,4.8482477141
"FD0722","H000019489","Prevenar","EJ9239",2021-05-22,62.0976,-3.624443,0.997626,444.863474,914.820577,5,31.381547,27.044187,64.165044,62.0976,1.014273,480,33.40266,481.416447,-1.60333,1395,451.213202,1.064405,0.48,NA,NA
"HF3756","H000010932","Prevenar","HG6423",2023-09-25,62.930205,2.474615,0.955941,551.097148,693.140148,4,31.062925,26.064647,59.335493,62.930205,0.991267,513,29.153926,536.342677,0.565615,1307,546.28433,0.938544,0.513,NA,NA
"FA5689","H000008135","Prevenar","EC6025",2021-05-12,64.413278,0.608203,1.094115,503.47952,818.941572,5,32.981803,27.834479,59.227053,64.413278,1.015776,521,33.577257,475.868831,1.203657,1287,511.422199,1.018054,0.521,NA,4.8311771553
"S26393","H000008135","Prevenar","M17975",2017-03-20,64.606459,-0.618228,1.034278,478.076492,856.398056,5,32.957493,27.947262,66.202731,64.606459,1.027154,513,34.461721,496.452999,0.885999,1307,491.058,1.045641,0.513,NA,4.9295300394
"EC6018","H000013782","Prevenar","DL7833",2020-10-05,64.874852,-2.584003,1.074407,467.892209,870.079832,5,33.145477,28.102035,72.980307,64.874852,1.004041,503,35.510638,468.449211,-0.218843,1332,469.783011,1.071357,0.503,NA,4.4453574294
"NM6393","H000013782","Prevenar","MN0484",2026-03-25,64.900711,1.623151,1.108688,513.238392,735.037973,4,33.069201,27.879481,65.280069,64.900711,1.032163,564,35.168792,508.366385,3.722742,1190,529.971307,1.063491,0.564,NA,4.6534095574
"M97105","H000006081","Prevenar","N09131",2016-07-11,64.515315,1.821381,1.060239,464.945177,856.369996,5,36.06223,30.855047,68.264869,64.515315,1.131672,523,35.818633,492.918239,1.577784,1282,526.165353,0.993245,0.523,NA,4.6408932299
"DN3796","H000008135","Prevenar","AP7813",2020-04-02,65.163605,-0.29756,1.063345,514.006734,803.592683,5,32.289659,26.654923,69.154867,65.163605,0.972376,530,34.252097,498.599897,1.664878,1265,499.807617,1.060776,0.53,NA,4.3998825452
"H22362","H000007053","Prevenar","G35697",2014-02-01,NA,NA,1.038286,461.538462,1051.238529,5,37.713699,31.612563,NA,NA,1.062007,477,36.725,459.706727,NA,1404,490.156898,NA,0.477,84.934,4.4825515077
"G06785","H000004331","Prevenar","G54759",2013-03-14,NA,1.344732,1.051104,472.838596,942.917462,5,39.103692,33.372906,NA,NA,1.098767,510,38.372933,485.042735,0.613972,1314,519.539435,NA,0.51,86.161,4.8608765581
"X28374","H000013782","Prevenar","W42920",2018-07-28,60.798414,-1.628491,1.000351,488.233606,793.280489,4,30.316518,26.09918,60.166109,60.798414,0.985377,514,32.396594,513.922643,0.451584,1304,481.094408,1.068612,0.514,NA,4.6836916103
"AT6725","H000013782","Prevenar","AD4535",2019-04-14,69.896747,1.541128,1.042156,520.208112,789.545931,4,35.859248,30.624444,61.939544,69.896747,1.019282,510,34.481654,489.243978,0.163535,1314,530.23874,0.961583,0.51,NA,4.7386776463
"EL8972","H000017723","Prevenar","DR8862",2021-01-14,62.239352,-2.191854,1.028164,460.045389,857.286233,4,31.725577,26.965099,65.372956,62.239352,1.02746,490,32.885698,476.541344,-1.031733,1367,472.678278,1.036567,0.49,NA,4.898338746
"LX3401","H000013782","Prevenar","LY9902",2025-07-01,80.365265,0.372486,1.078711,520.599281,723.595232,4,29.023066,24.368692,74.513857,80.365265,0.970882,529,30.387156,490.582145,1.736576,1268,505.440544,1.047,0.529,NA,5.1772874998
"X04911","H000011374","Prevenar","W12914",2018-07-09,63.140452,1.633848,1.089994,495.569391,863.436656,5,34.256028,29.135359,65.787342,63.140452,1.074602,545,35.060245,500.041165,2.438064,1231,532.539676,1.023477,0.545,NA,4.5318670753
"DW4265","H000010932","Prevenar","DE6985",2020-06-06,62.561618,-0.441247,1.17417,432.256663,914.631042,5,36.007224,30.714046,65.277806,62.561618,1.147799,530,38.449289,451.206511,2.000818,1265,496.143765,1.067822,0.53,NA,NA
"DW0752","H000011044","Prevenar","CM4665",2020-04-18,122.584051,0.395648,0.996275,530.725169,781.556281,4,31.264067,26.978661,132.332351,122.584051,0.970453,540,32.802932,542.415814,1.934513,1242,515.043885,1.049222,0.54,NA,4.9302376317
"ED8343","H000010932","Prevenar","DL7833",2020-10-03,64.874852,-2.584003,1.074407,467.892209,870.079832,5,33.145477,28.102035,72.980307,64.874852,1.004041,503,35.510638,468.449211,-0.218843,1332,469.783011,1.071357,0.503,NA,NA
"W45482","H000010932","Prevenar","T32901",2018-04-04,68.397992,3.799108,0.976168,575.436162,791.21481,4,33.548439,28.375807,69.384401,68.397992,0.987436,566,33.439946,580.195849,3.690615,1186,568.206355,0.996766,0.566,NA,NA
"LC5406","H000032244","Prevenar","HY4081",2024-05-25,213.278245,-1.189646,1.002018,531.200583,680.163785,4,25.583904,21.183928,205.614761,213.278245,0.911299,523,27.665837,522.42157,0.892287,1282,484.082783,1.081377,0.523,NA,NA
"ED8330","H000017723","Prevenar","DL7834",2020-11-15,66.38567,-0.097954,1.00734,466.822298,940.481407,5,35.202347,29.801974,71.76098,66.38567,1.062976,491,34.832843,487.434622,-0.467457,1364,496.221011,0.989503,0.491,NA,4.7734707904
"HN7333","H000010932","Prevenar","HM2123",2024-01-20,60.255475,1.402186,0.970289,543.320557,678.280357,4,29.172477,24.267545,64.256708,60.255475,0.97067,547,30.259902,563.794591,2.489612,1227,527.385223,1.037276,0.547,NA,5.1192934964
"HN7746","H000017723","Prevenar","HM2137",2023-12-12,65.97804,-2.689496,1.037176,499.384688,811.826119,4,31.015853,26.925567,61.17437,65.97804,0.927732,488,32.697461,470.907495,-1.007888,1372,463.295106,1.054218,0.488,NA,4.8483516614
"NM6535","H000035016","Prevenar","MN0484",2026-03-20,64.900711,1.623151,1.108688,513.238392,735.037973,4,33.069201,27.879481,65.280069,64.900711,1.032163,564,35.168792,508.366385,3.722742,1190,529.971307,1.063491,0.564,NA,NA
"M97925","H000011044","Prevenar","M35819",2016-01-23,62.42132,-2.464337,1.114474,432.856533,991.73931,5,33.612162,28.818199,70.078808,62.42132,1.086097,520,37.171986,466.510983,1.095486,1289,470.124072,1.105909,0.52,NA,4.68133104
"MG4218","H000031244","Prevenar","LY2880",2025-06-06,58.950526,-1.649801,1.01476,465.612163,819.16138,4,29.90243,25.632997,57.503273,58.950526,1.0194,473,29.809957,466.29459,-1.742274,1415,474.64504,0.996908,0.473,NA,NA
"ED8337","H000010932","Prevenar","DL7833",2020-10-10,64.874852,-2.584003,1.074407,467.892209,870.079832,5,33.145477,28.102035,72.980307,64.874852,1.004041,503,35.510638,468.449211,-0.218843,1332,469.783011,1.071357,0.503,NA,NA
"NM6390","H000013782","Prevenar","MN0484",2026-01-16,64.900711,1.623151,1.108688,513.238392,735.037973,4,33.069201,27.879481,65.280069,64.900711,1.032163,564,35.168792,508.366385,3.722742,1190,529.971307,1.063491,0.564,NA,4.8814115354
"EA5390","H000008135","Prevenar","CK5010",2020-06-19,63.578159,-0.028981,1.054492,479.728154,827.767767,5,33.834899,28.525514,72.047215,63.578159,1.051486,521,34.946521,494.07693,1.082641,1287,504.427437,1.032854,0.521,NA,4.5655333573
"FD5649","H000011044","Prevenar","DT9980",2021-05-10,240.747254,-2.81549,1.064556,465.193913,885.076564,5,31.00393,26.379715,241.689341,240.747254,0.996169,506,33.822245,474.880584,0.002825,1324,463.411868,1.090902,0.506,NA,4.75807399
"G08511","H000002634","Prevenar","E76420",2012-06-05,NA,-0.138139,1.096345,446.051162,886.349444,NA,40.57825,NA,NA,NA,1.131984,496,39.857331,452.368806,-0.859058,NA,504.922973,NA,NA,66.26,4.4428140548
"HN7778","H000019489","Prevenar","HG6430",2024-02-08,57.636548,-0.625862,0.94164,488.330394,717.99236,4,28.613798,24.195348,56.954415,57.636548,0.991269,475,28.089023,504.639529,-1.150637,1409,484.066722,0.98166,0.475,NA,NA
"FF8238","H000019489","Prevenar","EJ9239",2021-08-23,62.0976,-3.624443,0.997626,444.863474,914.820577,5,31.381547,27.044187,64.165044,62.0976,1.014273,480,33.40266,481.416447,-1.60333,1395,451.213202,1.064405,0.48,NA,NA
"RL1687","H000033648","Prevenar","MT7677",2026-06-20,58.904578,-2.9557,0.998633,476.533751,743.523029,4,28.55456,24.188055,60.695881,58.904578,0.95644,493,30.86396,493.311672,-0.646299,1359,455.775849,1.080877,0.493,NA,NA
"W44030","H000013782","Prevenar","T32901",2018-03-10,68.397992,3.799108,0.976168,575.436162,791.21481,4,33.548439,28.375807,69.384401,68.397992,0.987436,566,33.439946,580.195849,3.690615,1186,568.206355,0.996766,0.566,NA,4.7499701647
"DC8074","H000010932","Prevenar","CM4663",2020-01-09,73.399407,0.529971,1.0853,486.607143,866.689604,5,34.936751,29.808889,68.92058,73.399407,1.059368,512,34.682419,471.522336,0.275639,1309,515.495817,0.99272,0.512,NA,4.7119321943
"G09776","H000002634","Prevenar","E95727",2012-08-20,NA,-0.267746,1.021866,464.485053,753.702859,NA,34.689343,NA,NA,NA,1.086076,497,34.160692,486.148279,-0.796397,NA,504.46612,NA,NA,67.404,4.7198124267
"AW6846","H000008135","Prevenar","T96901",2019-05-03,64.116361,-3.678611,1.163209,421.984143,958.597269,5,34.716218,30.342351,60.671767,64.116361,1.082428,488,37.097541,419.613923,-1.297288,1372,456.767391,1.068594,0.488,NA,4.5992635972
"G08510","H000002634","Prevenar","E76420",2012-06-02,NA,-0.138139,1.096345,446.051162,886.349444,NA,40.57825,NA,NA,NA,1.131984,496,39.857331,452.368806,-0.859058,NA,504.922973,NA,NA,66.26,4.6243276942
"FD1885","H000019489","Prevenar","EJ9239",2021-07-08,62.0976,-3.624443,0.997626,444.863474,914.820577,5,31.381547,27.044187,64.165044,62.0976,1.014273,480,33.40266,481.416447,-1.60333,1395,451.213202,1.064405,0.48,NA,NA
"HG8782","H000019489","Prevenar","HE8771",2023-09-07,62.358391,1.740776,1.037177,510.889166,753.97079,4,31.784185,27.196889,60.115253,62.358391,1.013666,521,31.95047,501.920496,1.90706,1287,517.871131,1.005232,0.521,NA,NA
"W61588","H000013782","Prevenar","T78047",2018-06-07,67.661282,-0.395945,1.040847,489.075952,876.160326,5,34.819375,29.205355,72.703777,67.661282,1.025394,515,35.783011,495.149582,0.56769,1302,501.495723,1.027675,0.515,NA,4.6613289385
"W61576","H000011374","Prevenar","T78047",2018-04-26,67.661282,-0.395945,1.040847,489.075952,876.160326,5,34.819375,29.205355,72.703777,67.661282,1.025394,515,35.783011,495.149582,0.56769,1302,501.495723,1.027675,0.515,NA,4.7203539824
"N39523","H000011044","Prevenar","M17975",2016-09-05,64.606459,-0.618228,1.034278,478.076492,856.398056,5,32.957493,27.947262,66.202731,64.606459,1.027154,513,34.461721,496.452999,0.885999,1307,491.058,1.045641,0.513,NA,4.7366328164
"MW1319","H000013782","Prevenar","ML2268",2025-10-14,56.530131,1.144439,1.063308,481.748727,690.702006,4,30.663979,25.681795,51.705699,56.530131,1.084031,514,30.182746,483.430059,0.663205,1304,522.230669,0.984306,0.514,NA,4.7875514107
"AA4482","H000006081","Prevenar","T96899",2018-09-26,67.762994,-3.125664,1.052567,446.858998,973.945828,5,35.577797,31.046785,72.224264,67.762994,1.058312,488,36.675621,463.161898,-2.027839,1372,472.91624,1.030857,0.488,NA,4.6749172067
"LC5395","H000019489","Prevenar","HY4081",2024-06-02,213.278245,-1.189646,1.002018,531.200583,680.163785,4,25.583904,21.183928,205.614761,213.278245,0.911299,523,27.665837,522.42157,0.892287,1282,484.082783,1.081377,0.523,NA,NA
"HR4692","H000011044","Prevenar","HT1790",2024-04-13,66.119907,-2.443174,0.996873,482.39626,838.594671,4,31.519327,27.502445,65.377751,66.119907,0.964857,476,32.223323,477.332214,-1.739179,1407,465.443542,1.022335,0.476,NA,5.0626259098
"X37663","H000010932","Prevenar","W61735",2018-08-08,59.592194,0.360649,1.089999,492.959536,771.754731,4,31.091879,26.337971,61.619643,59.592194,1.042514,554,33.514827,508.226458,2.783597,1211,513.91726,1.077929,0.554,NA,NA
"MG3452","H000010932","Prevenar","ML2272",2025-08-05,60.092448,1.654839,0.969465,490.839463,723.712327,4,32.789608,28.119394,65.35298,60.092448,1.079286,503,31.147904,519.082736,0.013135,1332,529.756287,0.949932,0.503,NA,5.0275545523
"X98631","H000013782","Prevenar","X37442",2018-11-21,57.010238,-0.531833,0.990663,460.607231,754.974904,4,31.391547,26.815343,57.363194,57.010238,1.08344,472,29.709624,476.753327,-2.213756,1418,499.040092,0.946421,0.472,NA,5.1153653829
"GH5621","H000028394","Prevenar","FX7992",2022-08-22,354.144295,0.460795,0.949937,503.617611,675.014945,3,27.170284,20.603195,381.257686,354.144295,1.015517,508,26.98211,534.656834,0.27262,1319,511.432197,0.993074,0.508,NA,NA
"GW4599","H000028394","Prevenar","GR5868",2023-04-08,60.107647,-2.35122,0.973563,440.47619,815.383287,4,31.693831,27.611063,65.324897,60.107647,1.058078,471,31.996846,483.290567,-2.048205,1421,466.058192,1.009561,0.471,NA,NA
"GC1642","H000011374","Prevenar","FK1709",2022-07-27,62.536627,-1.861424,1.003588,495.506402,809.263994,4,30.163524,25.738061,64.110819,62.536627,0.964824,491,30.970273,489.10807,-1.054675,1364,478.076595,1.026746,0.491,NA,5.0317634447
"GL2480","H000008135","Prevenar","FT3583",2022-10-09,64.76426,-3.696382,1.076579,454.109271,879.722441,4,32.379317,28.097232,63.457777,64.76426,0.995709,452,32.368401,419.856354,-3.707298,1480,452.160818,0.999663,0.452,NA,4.8484538128
"HN7329","H000010932","Prevenar","HM2137",2024-01-26,65.97804,-2.689496,1.037176,499.384688,811.826119,4,31.015853,26.925567,61.17437,65.97804,0.927732,488,32.697461,470.907495,-1.007888,1372,463.295106,1.054218,0.488,NA,NA
"J80544","H000008090","Prevenar","J22003",2014-10-21,254.308996,3.763439,0.950469,496.08333,766.228346,4,34.09268,27.543654,263.399234,254.308996,1.125323,520,31.776864,547.449061,1.447624,1289,558.253906,0.932073,0.52,NA,4.7842311438
"J80549","H000008090","Prevenar","J40102",2014-11-14,68.616295,-7.646211,1.058072,380.014544,927.675451,5,36.18753,30.528674,75.638394,68.616295,1.098533,426,36.936993,402.717355,-6.896748,1569,417.45837,1.020711,0.426,NA,4.30558495
"W28240","H000013782","Prevenar","T22129",2018-02-17,59.26698,1.757466,1.027237,515.764274,773.7926,4,30.233697,26.00663,63.538733,59.26698,1.037384,550,31.059992,535.093998,2.583761,1220,535.045387,1.02733,0.55,NA,4.5733646601
"CJ3917","H000011374","Prevenar","AM8995",2019-06-29,134.973795,-2.631222,1.019609,438.712623,984.718467,5,35.944427,31.278156,167.564077,134.973795,1.076482,473,36.035076,464.351719,-2.540573,1415,472.266218,1.002522,0.473,NA,4.7174247598
"DK2061","H000008135","Prevenar","CM4665",2020-03-16,122.584051,0.395648,0.996275,530.725169,781.556281,4,31.264067,26.978661,132.332351,122.584051,0.970453,540,32.802932,542.415814,1.934513,1242,515.043885,1.049222,0.54,NA,4.7098882569
"W07362","H000008135","Prevenar","S85331",2017-12-16,59.65522,-2.288778,1.095357,426.902562,909.740414,5,32.234263,27.433345,62.961125,59.65522,1.09399,486,33.536732,443.597734,-0.986309,1378,467.027001,1.040406,0.486,NA,4.7309564352
"W61578","H000011374","Prevenar","T32901",2018-03-26,68.397992,3.799108,0.976168,575.436162,791.21481,4,33.548439,28.375807,69.384401,68.397992,0.987436,566,33.439946,580.195849,3.690615,1186,568.206355,0.996766,0.566,NA,4.8869747483
"FP7059","H000019489","Prevenar","EJ9239",2022-02-08,62.0976,-3.624443,0.997626,444.863474,914.820577,5,31.381547,27.044187,64.165044,62.0976,1.014273,480,33.40266,481.416447,-1.60333,1395,451.213202,1.064405,0.48,NA,NA
"G84714","H000004331","Prevenar","G74335",2013-05-12,NA,0.762249,1.060022,454.236086,825.879294,4,33.731339,29.323896,NA,NA,1.125172,492,32.452703,463.877135,-0.516387,1361,511.093902,NA,0.492,85.684,4.9408187928
"S26399","H000011044","Prevenar","N69851",2017-02-24,54.839489,-2.555367,1.174254,404.913456,946.225939,4,31.539062,27.702468,51.088035,54.839489,1.156896,472,31.748812,401.580845,-2.345617,1418,468.442568,1.006651,0.472,NA,5.0508024582
"T82468","H000008135","Prevenar","S85331",2017-11-02,59.65522,-2.288778,1.095357,426.902562,909.740414,5,32.234263,27.433345,62.961125,59.65522,1.09399,486,33.536732,443.597734,-0.986309,1378,467.027001,1.040406,0.486,NA,4.5413453721
"DN4736","H000008135","Prevenar","CW7635",2020-04-12,135.824778,-0.878242,1.160173,501.607577,820.746604,5,32.69185,27.151505,127.995783,135.824778,0.986781,554,36.592519,477.546045,3.022427,1211,494.977025,1.119316,0.554,NA,4.1905017557
"X70372","H000011373","Prevenar","W61735",2018-08-28,59.592194,0.360649,1.089999,492.959536,771.754731,4,31.091879,26.337971,61.619643,59.592194,1.042514,554,33.514827,508.226458,2.783597,1211,513.91726,1.077929,0.554,NA,4.6924645568
"CM3194","H000013782","Prevenar","AR4776",2019-08-25,64.754958,0.803996,1.014915,502.773764,746.706736,4,33.414428,28.651177,69.278737,64.754958,1.041402,530,33.81202,522.033767,1.201589,1265,523.589551,1.011899,0.53,NA,4.8377755913
"ED8331","H000017723","Prevenar","DL7834",2020-11-18,66.38567,-0.097954,1.00734,466.822298,940.481407,5,35.202347,29.801974,71.76098,66.38567,1.062976,491,34.832843,487.434622,-0.467457,1364,496.221011,0.989503,0.491,NA,4.8592526193
"G09778","H000002634","Prevenar","E76420",2012-08-24,NA,-0.138139,1.096345,446.051162,886.349444,NA,40.57825,NA,NA,NA,1.131984,496,39.857331,452.368806,-0.859058,NA,504.922973,NA,NA,66.26,4.54070225
"HE3393","H000019489","Prevenar","HA3753",2023-07-08,60.04985,0.550779,1.07497,467.841929,759.107754,4,32.833349,27.425714,60.627545,60.04985,1.089497,512,33.008239,476.689795,0.725669,1309,509.712323,1.005327,0.512,NA,NA
"N90865","H000008135","Prevenar","N09129",2016-06-30,62.970138,-0.615118,0.925758,437.553101,917.470149,5,35.56212,30.154184,68.058334,62.970138,1.138392,487,34.795398,526.452876,-1.381841,1375,498.107159,0.97844,0.487,NA,4.8758832533
"X59080","H000013782","Prevenar","W61761",2018-11-02,61.891913,-0.217594,1.083511,452.918278,876.986031,4,34.217426,29.954,55.442393,61.891913,1.105898,480,32.7592,442.575642,-1.675821,1395,500.881607,0.957384,0.48,NA,4.966260605
"FG5406","H000019488","Prevenar","EJ9239",2021-09-16,62.0976,-3.624443,0.997626,444.863474,914.820577,5,31.381547,27.044187,64.165044,62.0976,1.014273,480,33.40266,481.416447,-1.60333,1395,451.213202,1.064405,0.48,NA,NA
"LH8149","H000011374","Prevenar","HY4071",2024-05-15,60.389625,0.896658,1.059085,483.799505,656.69989,4,29.914348,25.740225,59.153225,60.389625,1.072223,519,29.946179,490.322081,0.928488,1292,518.740762,1.001064,0.519,NA,4.7221035649
"DX7773","H000008135","Prevenar","CK5010",2020-07-12,63.578159,-0.028981,1.054492,479.728154,827.767767,5,33.834899,28.525514,72.047215,63.578159,1.051486,521,34.946521,494.07693,1.082641,1287,504.427437,1.032854,0.521,NA,4.4801585969
"L30184","H000008135","Prevenar","L45105",2015-06-10,64.613588,-0.459244,1.057603,461.286236,968.614807,5,35.429256,29.90724,67.449943,64.613588,1.077395,503,35.880855,475.9083,-0.007645,1332,496.987347,1.012746,0.503,NA,4.606307968
"N31254","H000008135","Prevenar","M93128",2016-04-20,65.708208,-0.030354,1.139152,516.482287,801.231362,4,31.783987,24.589214,65.548642,65.708208,0.967547,520,33.075918,456.509158,1.261577,1289,499.721052,1.040647,0.52,NA,5.0027234043
"GL2478","H000008135","Prevenar","FT3583",2022-10-03,64.76426,-3.696382,1.076579,454.109271,879.722441,4,32.379317,28.097232,63.457777,64.76426,0.995709,452,32.368401,419.856354,-3.707298,1480,452.160818,0.999663,0.452,NA,5.1846842024
"W73709","H000008135","Prevenar","T32901",2018-04-15,68.397992,3.799108,0.976168,575.436162,791.21481,4,33.548439,28.375807,69.384401,68.397992,0.987436,566,33.439946,580.195849,3.690615,1186,568.206355,0.996766,0.566,NA,5.0819723362
"S93489","H000008090","Prevenar","R68512",2017-08-01,61.654005,-1.788078,1.086197,463.922175,848.133542,5,31.975521,27.527408,59.073466,61.654005,1.033215,504,33.592784,463.613306,-0.170816,1330,479.331475,1.050578,0.504,NA,4.911698243
"S26382","H000011612","Prevenar","N69851",2017-03-09,54.839489,-2.555367,1.174254,404.913456,946.225939,4,31.539062,27.702468,51.088035,54.839489,1.156896,472,31.748812,401.580845,-2.345617,1418,468.442568,1.006651,0.472,NA,5.5834390638
"T19589","H000013782","Prevenar","S18356",2017-08-04,62.50028,-4.402869,1.048133,450.108728,967.073106,4,30.389382,26.353913,61.268943,62.50028,0.981282,470,32.361938,448.753325,-2.430313,1424,441.683782,1.064909,0.47,NA,4.7720048953
"M97097","H000006081","Prevenar","M93127",2016-03-06,64.488989,0.615643,1.120522,479.117382,924.037458,5,34.760372,29.691815,57.065073,64.488989,1.071508,507,34.316714,452.311964,0.171984,1322,513.378057,0.987237,0.507,NA,4.820990338
"G32832","H000002634","Prevenar","E95727",2012-09-11,NA,-0.267746,1.021866,464.485053,753.702859,NA,34.689343,NA,NA,NA,1.086076,497,34.160692,486.148279,-0.796397,NA,504.46612,NA,NA,67.404,4.6714895408
"H32088","H000002634","Prevenar","G47397",2013-08-13,NA,NA,0.954138,476.815091,782.467195,4,33.292129,26.874895,NA,NA,1.065813,498,32.647755,522.313804,NA,1345,508.195691,NA,0.498,79.224,4.680643372
"GH5588","H000010932","Prevenar","GG1873",2022-10-28,60.975166,-2.276188,0.995498,450.788331,822.374475,4,31.33081,27.068171,64.42773,60.975166,1.037876,476,31.845343,477.696606,-1.761656,1407,467.862443,1.016423,0.476,NA,NA
"L30191","H000008135","Prevenar","L45105",2015-06-09,64.613588,-0.459244,1.057603,461.286236,968.614807,5,35.429256,29.90724,67.449943,64.613588,1.077395,503,35.880855,475.9083,-0.007645,1332,496.987347,1.012746,0.503,NA,4.5818098048
"R98841","H000010932","Prevenar","N16563",2016-11-14,59.071021,-1.851196,1.086212,393.842269,1049.867896,5,37.061974,32.480262,66.68623,59.071021,1.222542,494,38.054166,455.139895,-0.859004,1356,481.488604,1.026771,0.494,NA,NA
"AR7679","H000006081","Prevenar","T96901",2019-03-28,64.116361,-3.678611,1.163209,421.984143,958.597269,5,34.716218,30.342351,60.671767,64.116361,1.082428,488,37.097541,419.613923,-1.297288,1372,456.767391,1.068594,0.488,NA,4.5524224473
"EC6052","H000008135","Prevenar","DH4040",2020-09-17,62.046377,-0.264834,1.176047,473.066854,810.985266,5,32.792245,27.942793,63.574337,62.046377,1.057097,497,32.558568,422.188891,-0.498511,1348,500.077416,0.992874,0.497,NA,4.6632054186
"W28234","H000011374","Prevenar","T22129",2018-02-24,59.26698,1.757466,1.027237,515.764274,773.7926,4,30.233697,26.00663,63.538733,59.26698,1.037384,550,31.059992,535.093998,2.583761,1220,535.045387,1.02733,0.55,NA,4.5001379875
"N31260","H000008135","Prevenar","M93128",2016-04-27,65.708208,-0.030354,1.139152,516.482287,801.231362,4,31.783987,24.589214,65.548642,65.708208,0.967547,520,33.075918,456.509158,1.261577,1289,499.721052,1.040647,0.52,NA,4.7642155918
"DX7827","H000014198","Prevenar","DH4048",2020-09-24,64.877839,-2.352557,1.0877,453.61997,899.173283,5,34.040582,28.99839,63.667993,64.877839,1.036346,494,35.802951,454.579263,-0.590188,1356,470.107047,1.051773,0.494,NA,4.4688741014
"EW0927","H000010932","Prevenar","DT9980",2021-04-30,240.747254,-2.81549,1.064556,465.193913,885.076564,5,31.00393,26.379715,241.689341,240.747254,0.996169,506,33.822245,474.880584,0.002825,1324,463.411868,1.090902,0.506,NA,NA
"J80543","H000008090","Prevenar","J22003",2014-10-05,254.308996,3.763439,0.950469,496.08333,766.228346,4,34.09268,27.543654,263.399234,254.308996,1.125323,520,31.776864,547.449061,1.447624,1289,558.253906,0.932073,0.52,NA,4.9197126195
"HA2709","H000010932","Prevenar","HE8771",2023-08-28,62.358391,1.740776,1.037177,510.889166,753.97079,4,31.784185,27.196889,60.115253,62.358391,1.013666,521,31.95047,501.920496,1.90706,1287,517.871131,1.005232,0.521,NA,NA
"LE0960","H000010932","Prevenar","HY2169",2024-06-05,206.843191,0.12567,0.940702,529.008544,603.873691,4,26.863681,21.84238,209.712,206.843191,0.953318,508,27.076558,540.351787,0.338548,1319,504.313472,1.007924,0.508,NA,NA
"LX2602","H000010932","Prevenar","LY2879",2025-05-11,60.929694,2.340672,1.062561,501.263224,789.956675,4,32.908091,28.00915,61.069208,60.929694,1.077479,534,32.520827,502.318875,1.953408,1256,540.100466,0.988232,0.534,NA,4.5636475784
"M97243","H000008135","Prevenar","M35819",2016-01-20,62.42132,-2.464337,1.114474,432.856533,991.73931,5,33.612162,28.818199,70.078808,62.42132,1.086097,520,37.171986,466.510983,1.095486,1289,470.124072,1.105909,0.52,NA,4.6254467799
"HF3775","H000013782","Prevenar","HK6951",2023-11-22,276.940044,1.195201,1.071858,493.612079,842.469761,5,34.3987,29.362245,264.980818,276.940044,1.050977,512,33.953157,477.726947,0.749658,1309,518.774821,0.987048,0.512,NA,4.8203252034
"GD0320","H000013782","Prevenar","FH2529",2022-07-21,65.084653,-2.179892,1.117642,477.34659,867.190963,5,31.79994,27.255853,67.007835,65.084653,0.983088,506,34.302457,452.921054,0.322625,1324,469.273929,1.078696,0.506,NA,4.9582349338
"H22361","H000007053","Prevenar","G35697",2014-01-31,NA,NA,1.038286,461.538462,1051.238529,5,37.713699,31.612563,NA,NA,1.062007,477,36.725,459.706727,NA,1404,490.156898,NA,0.477,84.934,4.4816770683
"H00653","H000002634","Prevenar","G58046",2013-05-22,NA,-5.674894,1.073927,425.995463,968.931716,4,28.260756,24.652221,NA,NA,0.970245,453,30.977488,421.865716,-2.958162,1477,413.320088,NA,0.453,86.947,4.9573669627
"H36092","H000002634","Prevenar","G73488",2013-09-10,NA,-2.691426,1.014863,434.944596,915.096816,4,31.819434,27.919514,NA,NA,1.064322,471,32.36804,464.005913,-2.14282,1421,462.921095,NA,0.471,85.108,4.7569057598
"GX2943","H000013782","Prevenar","HA3752",2023-06-30,59.075268,-2.906437,0.910894,486.384475,762.195464,4,28.019593,23.713906,63.22036,59.075268,0.93581,476,29.31808,522.84503,-1.607949,1407,455.163315,1.046342,0.476,NA,5.1731292073
"EL8835","H000006081","Prevenar","DN7269",2021-01-11,60.791805,-0.34525,0.997569,462.060759,850.138172,4,33.28788,28.450827,65.218215,60.791805,1.085976,501,33.227711,502.100511,-0.405418,1337,501.7868,0.998192,0.501,NA,4.9277942682
"GR2984","H000008135","Prevenar","GD9453",2023-03-22,62.586821,-0.487972,0.997843,495.753506,807.94944,4,30.940277,26.813356,65.795647,62.586821,0.998312,494,30.906666,495.447535,-0.521583,1356,494.916485,0.998914,0.494,NA,5.0797899543
"GF1170","H000014198","Prevenar","FT3580",2022-08-27,61.125927,3.999049,1.071202,519.051954,741.173785,4,34.42756,29.287871,64.194495,61.125927,1.11186,573,34.200551,535.200709,3.772041,1172,577.113192,0.993406,0.573,NA,4.7391838511
"H96896","H000002634","Prevenar","G35697",2014-01-12,NA,NA,1.038286,461.538462,1051.238529,5,37.713699,31.612563,NA,NA,1.062007,477,36.725,459.706727,NA,1404,490.156898,NA,0.477,84.934,4.334223272
"HM8832","H000032244","Prevenar","GD9453",2023-10-21,62.586821,-0.487972,0.997843,495.753506,807.94944,4,30.940277,26.813356,65.795647,62.586821,0.998312,494,30.906666,495.447535,-0.521583,1356,494.916485,0.998914,0.494,NA,NA
"H58958","H000002634","Prevenar","G35697",2014-01-17,NA,NA,1.038286,461.538462,1051.238529,5,37.713699,31.612563,NA,NA,1.062007,477,36.725,459.706727,NA,1404,490.156898,NA,0.477,84.934,4.6511881623
"H00654","H000002634","Prevenar","G58046",2013-05-24,NA,-5.674894,1.073927,425.995463,968.931716,4,28.260756,24.652221,NA,NA,0.970245,453,30.977488,421.865716,-2.958162,1477,413.320088,NA,0.453,86.947,4.8161230533
"HH7688","H000031244","Prevenar","HK6951",2023-11-08,276.940044,1.195201,1.071858,493.612079,842.469761,5,34.3987,29.362245,264.980818,276.940044,1.050977,512,33.953157,477.726947,0.749658,1309,518.774821,0.987048,0.512,NA,NA
"HN7639","H000011044","Prevenar","HM2137",2024-02-13,65.97804,-2.689496,1.037176,499.384688,811.826119,4,31.015853,26.925567,61.17437,65.97804,0.927732,488,32.697461,470.907495,-1.007888,1372,463.295106,1.054218,0.488,NA,5.027495751
"CF1167","H000014198","Prevenar","AD4535",2019-04-20,69.896747,1.541128,1.042156,520.208112,789.545931,4,35.859248,30.624444,61.939544,69.896747,1.019282,510,34.481654,489.243978,0.163535,1314,530.23874,0.961583,0.51,NA,4.865988498
"S93491","H000008090","Prevenar","R68512",2017-07-30,61.654005,-1.788078,1.086197,463.922175,848.133542,5,31.975521,27.527408,59.073466,61.654005,1.033215,504,33.592784,463.613306,-0.170816,1330,479.331475,1.050578,0.504,NA,4.8223826096
"HN7774","H000019489","Prevenar","HG6430",2024-01-12,57.636548,-0.625862,0.94164,488.330394,717.99236,4,28.613798,24.195348,56.954415,57.636548,0.991269,475,28.089023,504.639529,-1.150637,1409,484.066722,0.98166,0.475,NA,NA
"AK9116","H000014198","Prevenar","X37494",2019-01-01,57.328138,0.66338,1.038062,469.995804,810.208108,4,32.276489,28.132509,59.050814,57.328138,1.089421,495,31.176818,476.443868,-0.436291,1353,512.023301,0.96593,0.495,NA,5.0339084897
"DA1887","H000006081","Prevenar","CH7205",2019-12-01,52.500629,-0.701887,0.996402,400.576483,809.126062,4,32.707113,28.231341,57.75987,52.500629,1.233719,490,32.42771,491.746352,-0.98129,1367,494.198878,0.991457,0.49,NA,4.6808692243
"W72429","H000006081","Prevenar","T96858",2018-05-25,61.770939,1.361147,1.06785,500.921452,780.332439,4,32.663766,28.47467,65.467292,61.770939,1.060571,541,33.273927,506.800203,1.971307,1240,531.262816,1.01868,0.541,NA,4.8839242227
"CR3642","H000013782","Prevenar","AD4535",2019-10-20,69.896747,1.541128,1.042156,520.208112,789.545931,4,35.859248,30.624444,61.939544,69.896747,1.019282,510,34.481654,489.243978,0.163535,1314,530.23874,0.961583,0.51,NA,4.7734947507
"DW4267","H000010932","Prevenar","DE6985",2020-06-13,62.561618,-0.441247,1.17417,432.256663,914.631042,5,36.007224,30.714046,65.277806,62.561618,1.147799,530,38.449289,451.206511,2.000818,1265,496.143765,1.067822,0.53,NA,NA
"G68767","H000002634","Prevenar","G12840",2012-12-09,NA,-2.700135,1.074993,472.396651,1037.954843,5,37.577155,32.637336,NA,NA,1.000847,489,38.831574,454.496079,-1.445716,1370,472.796981,NA,0.489,85.432,4.3747444881
"GR5959","H000011373","Prevenar","GG0404",2023-01-12,61.729126,-3.325371,0.943335,474.070806,814.988072,4,29.367679,25.319588,61.60561,61.729126,0.952683,446,28.982268,472.485399,-3.710782,1500,451.638992,0.986876,0.446,NA,5.0366399099
"G89771","H000004331","Prevenar","G54759",2013-02-16,NA,1.344732,1.051104,472.838596,942.917462,5,39.103692,33.372906,NA,NA,1.098767,510,38.372933,485.042735,0.613972,1314,519.539435,NA,0.51,86.161,4.8424454421
"EL8921","H000010932","Prevenar","DT9980",2021-03-22,240.747254,-2.81549,1.064556,465.193913,885.076564,5,31.00393,26.379715,241.689341,240.747254,0.996169,506,33.822245,474.880584,0.002825,1324,463.411868,1.090902,0.506,NA,NA
"FA1618","H000010932","Prevenar","DY9999",2021-06-10,86.784868,-0.172478,1.067374,454.47903,901.009797,5,35.053703,29.599288,87.090522,86.784868,1.095263,487,34.260822,455.805605,-0.965359,1375,497.774213,0.977381,0.487,NA,NA
"M97050","H000007688","Prevenar","M35819",2016-02-09,62.42132,-2.464337,1.114474,432.856533,991.73931,5,33.612162,28.818199,70.078808,62.42132,1.086097,520,37.171986,466.510983,1.095486,1289,470.124072,1.105909,0.52,NA,4.7574122951
"G26850","H000004331","Prevenar","E95727",2012-09-28,NA,-0.267746,1.021866,464.485053,753.702859,NA,34.689343,NA,NA,NA,1.086076,497,34.160692,486.148279,-0.796397,NA,504.46612,NA,NA,67.404,4.6555586816
"AW6837","H000010932","Prevenar","AD4535",2019-05-04,69.896747,1.541128,1.042156,520.208112,789.545931,4,35.859248,30.624444,61.939544,69.896747,1.019282,510,34.481654,489.243978,0.163535,1314,530.23874,0.961583,0.51,NA,4.7300437528
"DN3839","H000010932","Prevenar","DE6984",2020-06-04,58.757254,-0.776643,0.962751,460.792239,763.166768,4,32.106257,26.487184,63.9533,58.757254,1.0805,484,31.200593,502.561236,-1.682307,1384,497.886106,0.971792,0.484,NA,NA
"GC1643","H000011374","Prevenar","FA6141",2022-07-05,236.15847,3.118446,0.940597,495.932787,729.104089,4,33.151166,27.770831,255.28535,236.15847,1.122961,507,30.169171,538.825836,0.13645,1322,556.913336,0.910049,0.507,NA,4.9949964141
"HF3812","H000019489","Prevenar","HA3754",2023-07-30,NA,NA,0.80512,579.367296,545.067862,3,NA,17.813285,199.665366,NA,0.787131,467,NA,579.997713,NA,1433,456.037715,1.023967,0.467,NA,NA
"G09789","H000002634","Prevenar","E95727",2012-07-09,NA,-0.267746,1.021866,464.485053,753.702859,NA,34.689343,NA,NA,NA,1.086076,497,34.160692,486.148279,-0.796397,NA,504.46612,NA,NA,67.404,4.665544602
"M56319","H000008135","Prevenar","M15185",2015-10-28,61.525566,1.472761,1.137656,453.769721,986.064046,5,38.010931,32.611644,65.133552,61.525566,1.1575,533,38.58688,468.680324,2.04871,1258,525.2386,1.015152,0.533,NA,4.4380942131
"T30392","H000010932","Prevenar","R68512",2017-06-16,61.654005,-1.788078,1.086197,463.922175,848.133542,5,31.975521,27.527408,59.073466,61.654005,1.033215,504,33.592784,463.613306,-0.170816,1330,479.331475,1.050578,0.504,NA,NA
"NT6407","H000013782","Prevenar","RG3432",NA,59.297157,0.602294,1.083434,472.273888,756.667882,4,31.913425,27.821281,61.592185,59.297157,1.085034,523,32.581383,482.870855,1.270252,1282,512.433263,1.02093,0.523,NA,4.7521281364
"W09450","H000008090","Prevenar","S85331",2017-12-20,59.65522,-2.288778,1.095357,426.902562,909.740414,5,32.234263,27.433345,62.961125,59.65522,1.09399,486,33.536732,443.597734,-0.986309,1378,467.027001,1.040406,0.486,NA,4.6659762527
"CM3183","H000011374","Prevenar","AR4777",2019-09-08,61.63529,-2.153344,1.057981,423.675414,928.4869,5,34.321696,29.622264,61.973937,61.63529,1.111429,468,34.091165,442.089297,-2.383875,1430,470.884964,0.993283,0.468,NA,4.8740935854
"F95816","H000004331","Prevenar","E95727",2012-09-12,NA,-0.267746,1.021866,464.485053,753.702859,NA,34.689343,NA,NA,NA,1.086076,497,34.160692,486.148279,-0.796397,NA,504.46612,NA,NA,67.404,4.6600976887
"GT1707","H000019489","Prevenar","GG0404",2023-03-12,61.729126,-3.325371,0.943335,474.070806,814.988072,4,29.367679,25.319588,61.60561,61.729126,0.952683,446,28.982268,472.485399,-3.710782,1500,451.638992,0.986876,0.446,NA,NA
"LX2603","H000010932","Prevenar","LY9901",2025-05-14,54.381175,0.236281,1.103852,438.079802,653.016639,3,28.76837,24.297926,54.689428,54.381175,1.149195,485,27.688114,438.949166,-0.843975,1381,503.439152,0.96245,0.485,NA,5.1781142386
"N41744","H000010932","Prevenar","M93127",2016-03-12,64.488989,0.615643,1.120522,479.117382,924.037458,5,34.760372,29.691815,57.065073,64.488989,1.071508,507,34.316714,452.311964,0.171984,1322,513.378057,0.987237,0.507,NA,NA
"GH5608","H000013782","Prevenar","GA0023",2022-11-16,243.627774,0.913022,1.03637,472.927248,754.147955,4,31.671332,27.160291,260.998383,243.627774,1.089717,526,32.308989,507.282946,1.550679,1275,515.356891,1.020134,0.526,NA,4.6671241333
"AJ7175","H000017723","Prevenar","X37442",2018-11-29,57.010238,-0.531833,0.990663,460.607231,754.974904,4,31.391547,26.815343,57.363194,57.010238,1.08344,472,29.709624,476.753327,-2.213756,1418,499.040092,0.946421,0.472,NA,5.0752348659
"HF3773","H000013782","Prevenar","HK6951",2023-11-06,276.940044,1.195201,1.071858,493.612079,842.469761,5,34.3987,29.362245,264.980818,276.940044,1.050977,512,33.953157,477.726947,0.749658,1309,518.774821,0.987048,0.512,NA,4.9115387019
"GC1487","H000008135","Prevenar","FT3583",2022-06-04,64.76426,-3.696382,1.076579,454.109271,879.722441,4,32.379317,28.097232,63.457777,64.76426,0.995709,452,32.368401,419.856354,-3.707298,1480,452.160818,0.999663,0.452,NA,4.8897142755
"HY4199","H000028394","Prevenar","HT1791",2024-03-23,64.111742,-3.068494,0.958178,491.964708,817.939327,4,30.055816,25.689011,62.400271,64.111742,0.930635,497,32.658667,519.202767,-0.465643,1348,457.83937,1.086601,0.497,NA,NA
"DX7775","H000008135","Prevenar","CK5010",2020-07-17,63.578159,-0.028981,1.054492,479.728154,827.767767,5,33.834899,28.525514,72.047215,63.578159,1.051486,521,34.946521,494.07693,1.082641,1287,504.427437,1.032854,0.521,NA,4.4997596991
"G79028","H000002634","Prevenar","G54758",2013-01-24,NA,0.54968,1.038948,461.028192,1035.655056,5,41.076761,35.560654,NA,NA,1.072639,491,40.746561,472.152303,0.219481,1364,494.516915,NA,0.491,83.67,4.3585621435
"NJ4989","H000035016","Prevenar","ML2268",2025-11-09,56.530131,1.144439,1.063308,481.748727,690.702006,4,30.663979,25.681795,51.705699,56.530131,1.084031,514,30.182746,483.430059,0.663205,1304,522.230669,0.984306,0.514,NA,NA
"AH5705","H000008135","Prevenar","X37442",2018-12-12,57.010238,-0.531833,0.990663,460.607231,754.974904,4,31.391547,26.815343,57.363194,57.010238,1.08344,472,29.709624,476.753327,-2.213756,1418,499.040092,0.946421,0.472,NA,4.8183676603
"CR3606","H000008135","Prevenar","AP7814",2019-10-03,70.869571,0.739647,1.036734,498.155243,898.048372,5,37.177456,31.70106,73.585005,70.869571,1.037133,533,38.342362,513.961904,1.904553,1258,516.653237,1.031334,0.533,NA,4.5758577934
"H32095","H000004331","Prevenar","G73488",2013-08-23,NA,-2.691426,1.014863,434.944596,915.096816,4,31.819434,27.919514,NA,NA,1.064322,471,32.36804,464.005913,-2.14282,1421,462.921095,NA,0.471,85.108,4.7087488802
"M56261","H000008090","Prevenar","L79063",2015-11-15,84.312106,0.49202,1.094419,468.079155,859.495934,4,34.177712,28.720566,93.316395,84.312106,1.08814,518,34.763902,473.375696,1.07821,1294,509.335706,1.017151,0.518,NA,4.8198776169
"G32117","H000004331","Prevenar","G54759",2013-04-06,NA,1.344732,1.051104,472.838596,942.917462,5,39.103692,33.372906,NA,NA,1.098767,510,38.372933,485.042735,0.613972,1314,519.539435,NA,0.51,86.161,4.8480514097
"HF3772","H000011374","Prevenar","HG6430",2023-09-30,57.636548,-0.625862,0.94164,488.330394,717.99236,4,28.613798,24.195348,56.954415,57.636548,0.991269,475,28.089023,504.639529,-1.150637,1409,484.066722,0.98166,0.475,NA,5.4735000481
"DC8126","H000014198","Prevenar","CH7206",2020-01-03,89.955215,-1.709532,1.010128,475.824176,864.226291,4,32.927499,27.749028,89.497701,89.955215,1.005838,473,32.515024,467.868256,-2.122007,1415,478.602177,0.987473,0.473,NA,4.8246975392
"EL3816","H000006081","Prevenar","DN7268",2020-12-12,63.589403,-2.047303,1.05339,430.691475,928.977168,5,34.759849,29.442442,65.426952,63.589403,1.102916,474,34.721137,450.43867,-2.086014,1412,475.016515,0.998886,0.474,NA,5.1033511314
"CW6537","H000011044","Prevenar","CH7205",2019-11-21,52.500629,-0.701887,0.996402,400.576483,809.126062,4,32.707113,28.231341,57.75987,52.500629,1.233719,490,32.42771,491.746352,-0.98129,1367,494.198878,0.991457,0.49,NA,4.8409049461
"ED8302","H000006081","Prevenar","DH4040",2020-10-18,62.046377,-0.264834,1.176047,473.066854,810.985266,5,32.792245,27.942793,63.574337,62.046377,1.057097,497,32.558568,422.188891,-0.498511,1348,500.077416,0.992874,0.497,NA,4.7520023917
"EC6011","H000011374","Prevenar","DL7834",2020-10-30,66.38567,-0.097954,1.00734,466.822298,940.481407,5,35.202347,29.801974,71.76098,66.38567,1.062976,491,34.832843,487.434622,-0.467457,1364,496.221011,0.989503,0.491,NA,4.676228268
"GW4145","H000010932","Prevenar","GP0950",2023-05-09,59.547213,0.333921,0.961639,544.823691,671.776269,4,27.660041,23.17008,60.696463,59.547213,0.927297,537,29.424061,558.872305,2.09794,1249,505.213438,1.063775,0.537,NA,NA
"GE6422","H000011044","Prevenar","FH7124",2022-07-16,62.358111,-0.765103,0.902219,484.659849,795.224866,4,31.632018,26.1695,67.18166,62.358111,1.017614,470,30.161827,521.241861,-2.235295,1424,493.196835,0.953522,0.47,NA,5.1749685897
"GR2538","H000008135","Prevenar","FT3583",2022-12-09,64.76426,-3.696382,1.076579,454.109271,879.722441,4,32.379317,28.097232,63.457777,64.76426,0.995709,452,32.368401,419.856354,-3.707298,1480,452.160818,0.999663,0.452,NA,4.9350911409
"HE3375","H000017723","Prevenar","HA3752",2023-06-27,59.075268,-2.906437,0.910894,486.384475,762.195464,4,28.019593,23.713906,63.22036,59.075268,0.93581,476,29.31808,522.84503,-1.607949,1407,455.163315,1.046342,0.476,NA,5.178167415
"J80518","H000004331","Prevenar","J41760",2014-10-28,59.899505,-1.340333,1.116513,448.431329,920.215522,5,31.708946,26.707947,60.965702,59.899505,1.090967,513,33.232381,459.222873,0.183103,1307,489.223734,1.048044,0.513,NA,4.7446987929
"M02680","H000006081","Prevenar","L79064",2015-07-30,65.310356,-0.840442,1.067175,469.288,894.864967,5,34.199609,29.174496,68.156104,65.310356,1.046792,514,35.814438,482.059728,0.774388,1304,491.246722,1.047218,0.514,NA,4.5673251594
"CJ4096","H000019489","Prevenar","AD4535",2019-08-18,69.896747,1.541128,1.042156,520.208112,789.545931,4,35.859248,30.624444,61.939544,69.896747,1.019282,510,34.481654,489.243978,0.163535,1314,530.23874,0.961583,0.51,NA,NA
"GX2953","H000019489","Prevenar","GR5867",2023-05-24,61.771872,-8.402256,0.95773,421.075791,852.317306,4,28.107914,24.54623,66.454809,61.771872,0.913972,431,31.452145,449.647071,-5.058025,1551,384.851487,1.118978,0.431,NA,NA
"W61579","H000011374","Prevenar","T32901",2018-04-03,68.397992,3.799108,0.976168,575.436162,791.21481,4,33.548439,28.375807,69.384401,68.397992,0.987436,566,33.439946,580.195849,3.690615,1186,568.206355,0.996766,0.566,NA,4.782300885
"S15156","H000011044","Prevenar","N69851",2017-01-13,54.839489,-2.555367,1.174254,404.913456,946.225939,4,31.539062,27.702468,51.088035,54.839489,1.156896,472,31.748812,401.580845,-2.345617,1418,468.442568,1.006651,0.472,NA,4.9974843631
"W73707","H000008135","Prevenar","T96858",2018-06-06,61.770939,1.361147,1.06785,500.921452,780.332439,4,32.663766,28.47467,65.467292,61.770939,1.060571,541,33.273927,506.800203,1.971307,1240,531.262816,1.01868,0.541,NA,4.7792983109
"DN3838","H000010932","Prevenar","DE6984",2020-05-20,58.757254,-0.776643,0.962751,460.792239,763.166768,4,32.106257,26.487184,63.9533,58.757254,1.0805,484,31.200593,502.561236,-1.682307,1384,497.886106,0.971792,0.484,NA,NA
"DX7817","H000010932","Prevenar","DH4048",2020-07-10,64.877839,-2.352557,1.0877,453.61997,899.173283,5,34.040582,28.99839,63.667993,64.877839,1.036346,494,35.802951,454.579263,-0.590188,1356,470.107047,1.051773,0.494,NA,NA
"FT0545","H000008135","Prevenar","FG0964",2021-12-21,59.762812,0.991521,1.110826,480.058574,769.177947,4,32.068721,27.928774,78.361087,59.762812,1.077357,529,32.806953,476.312452,1.729753,1268,517.194329,1.02302,0.529,NA,4.712841769
"S25794","H000008135","Prevenar","N69850",2017-01-05,238.533932,1.837882,1.152785,481.426146,775.692925,4,31.627513,27.138146,253.450035,238.533932,1.111183,554,32.764259,480.730858,2.974628,1211,534.952345,1.035942,0.554,NA,5.0296263093
"DC5811","H000006081","Prevenar","CA6639",2019-11-12,86.628641,-1.778646,1.058774,489.267677,803.021974,4,30.425974,26.535274,82.808497,86.628641,0.977355,498,31.689571,470.400418,-0.515049,1345,478.188329,1.04153,0.498,NA,4.7806829138
"MW1300","H000010932","Prevenar","ML2268",2025-09-29,56.530131,1.144439,1.063308,481.748727,690.702006,4,30.663979,25.681795,51.705699,56.530131,1.084031,514,30.182746,483.430059,0.663205,1304,522.230669,0.984306,0.514,NA,4.5226008677
"EL8862","H000010932","Prevenar","DN7269",2020-12-22,60.791805,-0.34525,0.997569,462.060759,850.138172,4,33.28788,28.450827,65.218215,60.791805,1.085976,501,33.227711,502.100511,-0.405418,1337,501.7868,0.998192,0.501,NA,NA
"GE5851","H000011374","Prevenar","FT3581",2022-09-02,62.654418,-1.034203,1.104864,473.709209,867.657403,5,32.484737,27.558694,61.44162,62.654418,1.038358,517,34.120797,467.616668,0.601857,1297,491.879958,1.050364,0.517,NA,4.6037698103
"H87640","H000002634","Prevenar","G35697",2014-01-19,NA,NA,1.038286,461.538462,1051.238529,5,37.713699,31.612563,NA,NA,1.062007,477,36.725,459.706727,NA,1404,490.156898,NA,0.477,84.934,4.5932534956
"HN7729","H000011374","Prevenar","HM2137",2024-03-16,65.97804,-2.689496,1.037176,499.384688,811.826119,4,31.015853,26.925567,61.17437,65.97804,0.927732,488,32.697461,470.907495,-1.007888,1372,463.295106,1.054218,0.488,NA,4.9084450181
"DL7815","H000017723","Prevenar","CM4664",2020-03-03,130.58387,-1.444665,1.088189,506.33642,837.119031,5,32.817526,28.007876,119.341388,130.58387,0.952196,516,35.146739,474.50461,0.884547,1299,482.131654,1.070975,0.516,NA,4.8900848679
"T82199","H000011373","Prevenar","S63626",2017-10-23,60.593715,-0.940786,1.147718,445.178311,949.481542,5,32.988215,28.536984,62.956174,60.593715,1.096915,517,34.918965,450.375313,0.989965,1297,488.322889,1.058528,0.517,NA,4.3298031836
"FY2981","H000006081","Prevenar","FG0964",2022-04-16,59.762812,0.991521,1.110826,480.058574,769.177947,4,32.068721,27.928774,78.361087,59.762812,1.077357,529,32.806953,476.312452,1.729753,1268,517.194329,1.02302,0.529,NA,4.7924520157
"GM8340","H000006081","Prevenar","FT3583",2022-12-12,64.76426,-3.696382,1.076579,454.109271,879.722441,4,32.379317,28.097232,63.457777,64.76426,0.995709,452,32.368401,419.856354,-3.707298,1480,452.160818,0.999663,0.452,NA,4.7399797086
"L90654","H000008135","Prevenar","L30021",2015-04-25,61.500913,-1.258806,1.056565,447.324049,909.29533,4,32.725886,27.357044,69.020283,61.500913,1.076315,474,32.232827,448.820149,-1.751865,1412,481.461681,0.984934,0.474,NA,5.3426751972
"M56263","H000008090","Prevenar","L79063",2015-11-28,84.312106,0.49202,1.094419,468.079155,859.495934,4,34.177712,28.720566,93.316395,84.312106,1.08814,518,34.763902,473.375696,1.07821,1294,509.335706,1.017151,0.518,NA,4.6051170859
"FL8875","H000006081","Prevenar","EP5316",2021-11-05,79.297464,-0.191429,1.016272,464.122508,775.332768,4,32.200649,28.215438,83.052815,79.297464,1.084145,493,31.553428,485.168144,-0.83865,1359,503.176228,0.9799,0.493,NA,5.0911316468
"H20800","H000002634","Prevenar","G73488",2013-07-16,NA,-2.691426,1.014863,434.944596,915.096816,4,31.819434,27.919514,NA,NA,1.064322,471,32.36804,464.005913,-2.14282,1421,462.921095,NA,0.471,85.108,4.627573873
"CH8219","H000013782","Prevenar","AK9284",2019-06-15,65.432855,0.77643,1.075865,482.025832,848.508003,5,34.505048,29.242728,71.489737,65.432855,1.068875,524,35.083322,486.919968,1.354704,1280,515.225296,1.016759,0.524,NA,4.67294936
"G32107","H000004331","Prevenar","G54759",2013-04-05,NA,1.344732,1.051104,472.838596,942.917462,5,39.103692,33.372906,NA,NA,1.098767,510,38.372933,485.042735,0.613972,1314,519.539435,NA,0.51,86.161,4.7344713407
"DL7818","H000017723","Prevenar","AP7813",2020-04-11,65.163605,-0.29756,1.063345,514.006734,803.592683,5,32.289659,26.654923,69.154867,65.163605,0.972376,530,34.252097,498.599897,1.664878,1265,499.807617,1.060776,0.53,NA,4.4035754847
"M48082","H000007053","Prevenar","L79063",2015-09-10,84.312106,0.49202,1.094419,468.079155,859.495934,4,34.177712,28.720566,93.316395,84.312106,1.08814,518,34.763902,473.375696,1.07821,1294,509.335706,1.017151,0.518,NA,4.9214263241
"CR3639","H000013782","Prevenar","AR4778",2019-10-31,69.392388,-0.353135,0.961176,512.557948,884.901565,5,34.097454,29.218671,67.859425,69.392388,0.975286,494,33.726772,514.428324,-0.723816,1356,499.890742,0.989129,0.494,NA,4.9590223881
"HA2710","H000010932","Prevenar","HE8772",2023-08-08,62.356345,0.815105,1.015579,523.781236,709.883595,4,31.309866,26.826559,61.381482,62.356345,0.979885,530,32.344615,522.074355,1.849854,1265,513.245611,1.033049,0.53,NA,NA
"M97257","H000008135","Prevenar","N09127",2016-03-26,59.724374,-3.326345,1.153861,408.346745,984.446274,5,33.648783,27.672969,62.859807,59.724374,1.099893,496,37.133314,429.55653,0.158186,1351,449.137644,1.103556,0.496,NA,4.4672299952
"M02668","H000008135","Prevenar","L48683",2015-06-16,68.170928,-0.777667,1.259463,495.810245,899.417248,5,33.446565,28.274253,65.023969,68.170928,0.992466,543,36.905272,431.104293,2.68104,1235,492.074617,1.10341,0.543,NA,4.3689591396
"HG8828","H000028394","Prevenar","HK6951",2023-11-11,276.940044,1.195201,1.071858,493.612079,842.469761,5,34.3987,29.362245,264.980818,276.940044,1.050977,512,33.953157,477.726947,0.749658,1309,518.774821,0.987048,0.512,NA,NA
"CL3162","H000008135","Prevenar","AP7814",2019-09-03,70.869571,0.739647,1.036734,498.155243,898.048372,5,37.177456,31.70106,73.585005,70.869571,1.037133,533,38.342362,513.961904,1.904553,1258,516.653237,1.031334,0.533,NA,4.575266384
"L57955","H000004330","Prevenar","L03690",2015-03-30,58.072725,-0.032559,1.159915,456.786803,793.064086,4,30.65693,24.657813,55.511921,58.072725,1.09572,529,32.374851,455.686307,1.685362,1268,500.510392,1.056037,0.529,NA,4.3367487523
"CM3137","H000011373","Prevenar","AR4777",2019-09-01,61.63529,-2.153344,1.057981,423.675414,928.4869,5,34.321696,29.622264,61.973937,61.63529,1.111429,468,34.091165,442.089297,-2.383875,1430,470.884964,0.993283,0.468,NA,4.9063901311
"G32830","H000002634","Prevenar","E95727",2012-09-03,NA,-0.267746,1.021866,464.485053,753.702859,NA,34.689343,NA,NA,NA,1.086076,497,34.160692,486.148279,-0.796397,NA,504.46612,NA,NA,67.404,4.5581041677
"LL4097","H000010932","Prevenar","LK1435",2024-11-09,66.250681,0.272708,0.951328,576.239969,653.640701,4,28.549699,24.23505,62.296964,66.250681,0.864293,521,29.86026,547.553354,1.583269,1287,498.040393,1.045905,0.521,NA,NA
"J56521","H000004331","Prevenar","J32173",2014-09-29,61.119687,-3.923743,1.128221,426.423622,941.925895,5,30.478116,26.009605,61.144257,61.119687,1.029954,493,34.188142,436.668898,-0.213717,1359,439.196809,1.121728,0.493,NA,4.5532679739
"G32132","H000004331","Prevenar","G58046",2013-04-12,NA,-5.674894,1.073927,425.995463,968.931716,4,28.260756,24.652221,NA,NA,0.970245,453,30.977488,421.865716,-2.958162,1477,413.320088,NA,0.453,86.947,4.8480514097
"GA8128","H000008135","Prevenar","FT3583",2022-05-19,64.76426,-3.696382,1.076579,454.109271,879.722441,4,32.379317,28.097232,63.457777,64.76426,0.995709,452,32.368401,419.856354,-3.707298,1480,452.160818,0.999663,0.452,NA,4.7766236906
"J80572","H000004330","Prevenar","J40102",2014-11-21,68.616295,-7.646211,1.058072,380.014544,927.675451,5,36.18753,30.528674,75.638394,68.616295,1.098533,426,36.936993,402.717355,-6.896748,1569,417.45837,1.020711,0.426,NA,4.553140997
"AM1636","H000011373","Prevenar","AD4535",2019-02-02,69.896747,1.541128,1.042156,520.208112,789.545931,4,35.859248,30.624444,61.939544,69.896747,1.019282,510,34.481654,489.243978,0.163535,1314,530.23874,0.961583,0.51,NA,4.9288527339
"R59702","H000008090","Prevenar","N69850",2016-12-22,238.533932,1.837882,1.152785,481.426146,775.692925,4,31.627513,27.138146,253.450035,238.533932,1.111183,554,32.764259,480.730858,2.974628,1211,534.952345,1.035942,0.554,NA,4.9101078837
"GX2925","H000006081","Prevenar","GR5867",2023-05-04,61.771872,-8.402256,0.95773,421.075791,852.317306,4,28.107914,24.54623,66.454809,61.771872,0.913972,431,31.452145,449.647071,-5.058025,1551,384.851487,1.118978,0.431,NA,5.1184532471
"LC5388","H000019489","Prevenar","HY4071",2024-05-14,60.389625,0.896658,1.059085,483.799505,656.69989,4,29.914348,25.740225,59.153225,60.389625,1.072223,519,29.946179,490.322081,0.928488,1292,518.740762,1.001064,0.519,NA,NA
"L30213","H000006081","Prevenar","L48683",2015-06-26,68.170928,-0.777667,1.259463,495.810245,899.417248,5,33.446565,28.274253,65.023969,68.170928,0.992466,543,36.905272,431.104293,2.68104,1235,492.074617,1.10341,0.543,NA,4.3070739024
"HY4218","H000032244","Prevenar","HT1790",2024-04-10,66.119907,-2.443174,0.996873,482.39626,838.594671,4,31.519327,27.502445,65.377751,66.119907,0.964857,476,32.223323,477.332214,-1.739179,1407,465.443542,1.022335,0.476,NA,NA
"DL7361","H000006081","Prevenar","AP7813",2020-05-05,65.163605,-0.29756,1.063345,514.006734,803.592683,5,32.289659,26.654923,69.154867,65.163605,0.972376,530,34.252097,498.599897,1.664878,1265,499.807617,1.060776,0.53,NA,4.3376141788
"DN4738","H000008135","Prevenar","AP7813",2020-04-15,65.163605,-0.29756,1.063345,514.006734,803.592683,5,32.289659,26.654923,69.154867,65.163605,0.972376,530,34.252097,498.599897,1.664878,1265,499.807617,1.060776,0.53,NA,4.5501193793
"EN3349","H000014198","Prevenar","DT9980",2021-01-23,240.747254,-2.81549,1.064556,465.193913,885.076564,5,31.00393,26.379715,241.689341,240.747254,0.996169,506,33.822245,474.880584,0.002825,1324,463.411868,1.090902,0.506,NA,4.6314925374
"EY5064","H000011374","Prevenar","DX8248",2021-04-24,120.573718,-1.10075,1.088201,468.455468,840.447177,5,33.68969,28.85899,127.487513,120.573718,1.050541,515,35.257346,473.287229,0.466907,1302,492.131533,1.046532,0.515,NA,4.5608776306
"G32831","H000002634","Prevenar","E95727",2012-09-09,NA,-0.267746,1.021866,464.485053,753.702859,NA,34.689343,NA,NA,NA,1.086076,497,34.160692,486.148279,-0.796397,NA,504.46612,NA,NA,67.404,4.6228588925
"GD0308","H000014198","Prevenar","FH2529",2022-07-08,65.084653,-2.179892,1.117642,477.34659,867.190963,5,31.79994,27.255853,67.007835,65.084653,0.983088,506,34.302457,452.921054,0.322625,1324,469.273929,1.078696,0.506,NA,5.0090141777
"J13975","H000004331","Prevenar","H82826",2014-04-01,67.855238,4.843428,1.024424,505.786481,770.155864,5,36.565419,30.424518,71.581789,67.855238,1.143143,539,34.070424,525.890174,2.348433,1244,578.186333,NA,0.539,NA,4.6680885808
"J13979","H000004331","Prevenar","H82826",2014-04-09,67.855238,4.843428,1.024424,505.786481,770.155864,5,36.565419,30.424518,71.581789,67.855238,1.143143,539,34.070424,525.890174,2.348433,1244,578.186333,NA,0.539,NA,5.1212066146
"HN2919","H000019489","Prevenar","HH5375",2023-11-26,57.915968,-1.811938,1.005877,489.242685,749.253378,4,27.959632,24.102708,59.833184,57.915968,0.960419,496,29.488765,492.680327,-0.282805,1351,469.877926,1.054691,0.496,NA,NA
"LC5377","H000013782","Prevenar","HY2169",2024-06-20,206.843191,0.12567,0.940702,529.008544,603.873691,4,26.863681,21.84238,209.712,206.843191,0.953318,508,27.076558,540.351787,0.338548,1319,504.313472,1.007924,0.508,NA,5.2866053191
"M02677","H000006081","Prevenar","L48683",2015-07-06,68.170928,-0.777667,1.259463,495.810245,899.417248,5,33.446565,28.274253,65.023969,68.170928,0.992466,543,36.905272,431.104293,2.68104,1235,492.074617,1.10341,0.543,NA,4.3378430213
"T19581","H000008135","Prevenar","R68512",2017-07-16,61.654005,-1.788078,1.086197,463.922175,848.133542,5,31.975521,27.527408,59.073466,61.654005,1.033215,504,33.592784,463.613306,-0.170816,1330,479.331475,1.050578,0.504,NA,4.7762961409
"W10599","H000013782","Prevenar","T02207",2017-12-30,64.827872,1.260547,1.173623,466.225553,898.334797,5,36.503608,31.48601,60.135574,64.827872,1.125295,549,38.193871,467.726304,2.950809,1222,524.641281,1.046304,0.549,NA,4.3329843329
"DX7803","H000006081","Prevenar","CK5010",2020-07-23,63.578159,-0.028981,1.054492,479.728154,827.767767,5,33.834899,28.525514,72.047215,63.578159,1.051486,521,34.946521,494.07693,1.082641,1287,504.427437,1.032854,0.521,NA,4.7318283591
"AP9877","H000013782","Prevenar","AA1759",2019-03-11,216.986458,2.453768,1.010337,505.242527,733.670159,4,31.274738,26.397711,224.46364,216.986458,1.088347,532,30.273988,526.837703,1.453017,1261,549.879252,0.968001,0.532,NA,4.7783301781
"DT9751","H000008135","Prevenar","AP7813",2020-04-20,65.163605,-0.29756,1.063345,514.006734,803.592683,5,32.289659,26.654923,69.154867,65.163605,0.972376,530,34.252097,498.599897,1.664878,1265,499.807617,1.060776,0.53,NA,4.5008867013
"DX7823","H000013782","Prevenar","DH4048",2020-07-20,64.877839,-2.352557,1.0877,453.61997,899.173283,5,34.040582,28.99839,63.667993,64.877839,1.036346,494,35.802951,454.579263,-0.590188,1356,470.107047,1.051773,0.494,NA,4.6603300173
"FM6162","H000017723","Prevenar","FG0964",2021-12-07,59.762812,0.991521,1.110826,480.058574,769.177947,4,32.068721,27.928774,78.361087,59.762812,1.077357,529,32.806953,476.312452,1.729753,1268,517.194329,1.02302,0.529,NA,4.8114766256
"G32119","H000004331","Prevenar","G54759",2013-04-10,NA,1.344732,1.051104,472.838596,942.917462,5,39.103692,33.372906,NA,NA,1.098767,510,38.372933,485.042735,0.613972,1314,519.539435,NA,0.51,86.161,4.5955638475
"J27345","H000004331","Prevenar","H89699",2014-05-03,NA,-1.057727,1.023026,444.466673,913.314002,5,34.522992,29.396729,NA,NA,1.087588,470,33.59837,459.861109,-1.982349,1424,483.396437,0.973217,0.47,NA,5.0865544446
"J80570","H000004330","Prevenar","J22003",2014-09-24,254.308996,3.763439,0.950469,496.08333,766.228346,4,34.09268,27.543654,263.399234,254.308996,1.125323,520,31.776864,547.449061,1.447624,1289,558.253906,0.932073,0.52,NA,4.7632272698
"L30209","H000006081","Prevenar","L48683",2015-06-23,68.170928,-0.777667,1.259463,495.810245,899.417248,5,33.446565,28.274253,65.023969,68.170928,0.992466,543,36.905272,431.104293,2.68104,1235,492.074617,1.10341,0.543,NA,4.448218142
"M32489A","H000004330","Prevenar","L79063",2015-10-27,84.312106,0.49202,1.094419,468.079155,859.495934,4,34.177712,28.720566,93.316395,84.312106,1.08814,518,34.763902,473.375696,1.07821,1294,509.335706,1.017151,0.518,NA,NA
"R32087","H000011374","Prevenar","M17975",2016-09-15,64.606459,-0.618228,1.034278,478.076492,856.398056,5,32.957493,27.947262,66.202731,64.606459,1.027154,513,34.461721,496.452999,0.885999,1307,491.058,1.045641,0.513,NA,4.7366328164
"NJ4979","H000013782","Prevenar","ML2268",2025-11-23,56.530131,1.144439,1.063308,481.748727,690.702006,4,30.663979,25.681795,51.705699,56.530131,1.084031,514,30.182746,483.430059,0.663205,1304,522.230669,0.984306,0.514,NA,4.6828871677
"MW1304","H000010932","Prevenar","ML2272",2025-09-07,60.092448,1.654839,0.969465,490.839463,723.712327,4,32.789608,28.119394,65.35298,60.092448,1.079286,503,31.147904,519.082736,0.013135,1332,529.756287,0.949932,0.503,NA,4.9641928747
"W61575","H000011374","Prevenar","S63626",2018-04-18,60.593715,-0.940786,1.147718,445.178311,949.481542,5,32.988215,28.536984,62.956174,60.593715,1.096915,517,34.918965,450.375313,0.989965,1297,488.322889,1.058528,0.517,NA,4.3486725664
"G32835","H000002634","Prevenar","E95727",2012-09-19,NA,-0.267746,1.021866,464.485053,753.702859,NA,34.689343,NA,NA,NA,1.086076,497,34.160692,486.148279,-0.796397,NA,504.46612,NA,NA,67.404,4.5922358205
"H38693","H000004331","Prevenar","G35697",2014-02-17,NA,NA,1.038286,461.538462,1051.238529,5,37.713699,31.612563,NA,NA,1.062007,477,36.725,459.706727,NA,1404,490.156898,NA,0.477,84.934,4.6733360425
"H19434","H000002634","Prevenar","H82826",2014-03-22,67.855238,4.843428,1.024424,505.786481,770.155864,5,36.565419,30.424518,71.581789,67.855238,1.143143,539,34.070424,525.890174,2.348433,1244,578.186333,NA,0.539,NA,4.7159153298
"L34342","H000008135","Prevenar","J78797",2015-01-04,64.848609,-1.82343,1.059747,450.065283,992.547571,4,33.670741,27.565688,68.168002,64.848609,1.044785,496,34.040695,468.305983,-1.453476,1351,490.892313,1.010987,0.496,NA,4.9556331945
"M02693","H000004330","Prevenar","L79063",2015-09-16,84.312106,0.49202,1.094419,468.079155,859.495934,4,34.177712,28.720566,93.316395,84.312106,1.08814,518,34.763902,473.375696,1.07821,1294,509.335706,1.017151,0.518,NA,4.8322036816
"M71350","H000008135","Prevenar","M15185",2015-11-22,61.525566,1.472761,1.137656,453.769721,986.064046,5,38.010931,32.611644,65.133552,61.525566,1.1575,533,38.58688,468.680324,2.04871,1258,525.2386,1.015152,0.533,NA,4.5422749356
"S26392","H000008135","Prevenar","Q02008",2017-03-18,55.636125,-2.840464,1.048571,406.084104,844.98259,4,31.916117,NA,55.195531,55.636125,1.143064,450,30.937462,429.104478,-3.819118,1487,464.180022,0.969337,0.45,NA,5.0334968923
"W07361","H000008135","Prevenar","S85331",2017-12-10,59.65522,-2.288778,1.095357,426.902562,909.740414,5,32.234263,27.433345,62.961125,59.65522,1.09399,486,33.536732,443.597734,-0.986309,1378,467.027001,1.040406,0.486,NA,4.6498665557
"AH5729","H000011374","Prevenar","X37469",2018-12-12,59.157173,-0.3876,1.1634,442.085899,806.79986,5,32.783989,27.505856,57.424309,59.157173,1.118777,520,34.48005,447.12311,1.308461,1289,494.595365,1.051734,0.52,NA,4.6234454043
"DC5814","H000006081","Prevenar","CH7205",2019-11-24,52.500629,-0.701887,0.996402,400.576483,809.126062,4,32.707113,28.231341,57.75987,52.500629,1.233719,490,32.42771,491.746352,-0.98129,1367,494.198878,0.991457,0.49,NA,4.8890920428
"DJ2697","H000006081","Prevenar","CM4664",2020-02-13,130.58387,-1.444665,1.088189,506.33642,837.119031,5,32.817526,28.007876,119.341388,130.58387,0.952196,516,35.146739,474.50461,0.884547,1299,482.131654,1.070975,0.516,NA,4.7757052233
"EL8858","H000010932","Prevenar","DT9980",2021-03-17,240.747254,-2.81549,1.064556,465.193913,885.076564,5,31.00393,26.379715,241.689341,240.747254,0.996169,506,33.822245,474.880584,0.002825,1324,463.411868,1.090902,0.506,NA,NA
"ED8303","H000006081","Prevenar","DH4040",2020-11-04,62.046377,-0.264834,1.176047,473.066854,810.985266,5,32.792245,27.942793,63.574337,62.046377,1.057097,497,32.558568,422.188891,-0.498511,1348,500.077416,0.992874,0.497,NA,4.6529526428
"EL8855","H000010932","Prevenar","DN7268",2020-12-07,63.589403,-2.047303,1.05339,430.691475,928.977168,5,34.759849,29.442442,65.426952,63.589403,1.102916,474,34.721137,450.43867,-2.086014,1412,475.016515,0.998886,0.474,NA,NA
"EL3810","H000008135","Prevenar","EC6025",2021-03-31,64.413278,0.608203,1.094115,503.47952,818.941572,5,32.981803,27.834479,59.227053,64.413278,1.015776,521,33.577257,475.868831,1.203657,1287,511.422199,1.018054,0.521,NA,4.8943070866
"FA5690","H000008135","Prevenar","EC6025",2021-05-15,64.413278,0.608203,1.094115,503.47952,818.941572,5,32.981803,27.834479,59.227053,64.413278,1.015776,521,33.577257,475.868831,1.203657,1287,511.422199,1.018054,0.521,NA,4.8872296799
"GH5620","H000019489","Prevenar","GD9452",2022-11-15,246.409191,0.975702,1.00751,514.690396,756.746341,4,32.277322,27.633533,241.625218,246.409191,1.00536,505,31.519262,501.529982,0.217642,1327,517.44906,0.976514,0.505,NA,NA
"GX2941","H000013782","Prevenar","GW0262",2023-05-19,60.925549,2.368034,1.035072,524.903642,762.685617,4,30.894945,26.214702,61.570714,60.925549,1.027865,542,31.05012,523.867151,2.523209,1238,539.530167,1.005023,0.542,NA,4.8289901228
"DK2063","H000008135","Prevenar","AP7813",2020-03-28,65.163605,-0.29756,1.063345,514.006734,803.592683,5,32.289659,26.654923,69.154867,65.163605,0.972376,530,34.252097,498.599897,1.664878,1265,499.807617,1.060776,0.53,NA,4.4638823741
"CW6584","H000013782","Prevenar","CH7205",2019-11-26,52.500629,-0.701887,0.996402,400.576483,809.126062,4,32.707113,28.231341,57.75987,52.500629,1.233719,490,32.42771,491.746352,-0.98129,1367,494.198878,0.991457,0.49,NA,4.8616662842
"HN7328","H000010932","Prevenar","HM2139",2023-12-28,61.545829,-0.152853,1.032466,490.982287,793.775837,4,31.235138,27.378608,64.746429,61.545829,1.018061,517,32.298569,500.614814,0.910578,1297,499.85003,1.034046,0.517,NA,NA
"HN7641","H000011044","Prevenar","HT1790",2024-04-07,66.119907,-2.443174,0.996873,482.39626,838.594671,4,31.519327,27.502445,65.377751,66.119907,0.964857,476,32.223323,477.332214,-1.739179,1407,465.443542,1.022335,0.476,NA,4.9454790113
"AW6844","H000006081","Prevenar","T96901",2019-05-18,64.116361,-3.678611,1.163209,421.984143,958.597269,5,34.716218,30.342351,60.671767,64.116361,1.082428,488,37.097541,419.613923,-1.297288,1372,456.767391,1.068594,0.488,NA,4.2862710782
"FH7105","H000019489","Prevenar","EJ9239",2021-10-17,62.0976,-3.624443,0.997626,444.863474,914.820577,5,31.381547,27.044187,64.165044,62.0976,1.014273,480,33.40266,481.416447,-1.60333,1395,451.213202,1.064405,0.48,NA,NA
"DK2069","H000013782","Prevenar","DE6984",2020-03-28,58.757254,-0.776643,0.962751,460.792239,763.166768,4,32.106257,26.487184,63.9533,58.757254,1.0805,484,31.200593,502.561236,-1.682307,1384,497.886106,0.971792,0.484,NA,4.5750348236
"GC1489","H000008135","Prevenar","FT3583",2022-06-02,64.76426,-3.696382,1.076579,454.109271,879.722441,4,32.379317,28.097232,63.457777,64.76426,0.995709,452,32.368401,419.856354,-3.707298,1480,452.160818,0.999663,0.452,NA,5.1067705735
"HA2700","H000006081","Prevenar","HE8771",2023-09-12,62.358391,1.740776,1.037177,510.889166,753.97079,4,31.784185,27.196889,60.115253,62.358391,1.013666,521,31.95047,501.920496,1.90706,1287,517.871131,1.005232,0.521,NA,5.0018591398
"HT5056","H000010932","Prevenar","HT1791",2024-04-10,64.111742,-3.068494,0.958178,491.964708,817.939327,4,30.055816,25.689011,62.400271,64.111742,0.930635,497,32.658667,519.202767,-0.465643,1348,457.83937,1.086601,0.497,NA,4.7521073787
"DW4275","H000013782","Prevenar","DE6985",2020-06-15,62.561618,-0.441247,1.17417,432.256663,914.631042,5,36.007224,30.714046,65.277806,62.561618,1.147799,530,38.449289,451.206511,2.000818,1265,496.143765,1.067822,0.53,NA,4.433101823
"FA1613","H000010932","Prevenar","DX8249",2021-05-19,85.798605,-2.696913,1.042412,458.013773,856.038402,5,32.444295,28.075311,91.495793,85.798605,1.017977,480,33.433844,460.919423,-1.707364,1395,466.247599,1.0305,0.48,NA,NA
"EL3809","H000008135","Prevenar","EC6025",2021-02-01,64.413278,0.608203,1.094115,503.47952,818.941572,5,32.981803,27.834479,59.227053,64.413278,1.015776,521,33.577257,475.868831,1.203657,1287,511.422199,1.018054,0.521,NA,4.8843577236
"FM6064","H000011044","Prevenar","EL4564",2021-12-29,62.870245,-4.171869,1.129032,425.179925,913.412598,5,32.778841,26.770252,63.254965,62.870245,1.051907,480,35.170983,425.044588,-1.779728,1395,447.249658,1.072978,0.48,NA,4.940757592
"LC5415","H000019252","Prevenar","HY4070",2024-05-11,53.687831,-1.423237,0.966623,484.716157,681.459091,4,26.341192,22.308636,53.391691,53.687831,0.990012,495,27.178205,512.219197,-0.586225,1353,479.874709,1.031776,0.495,NA,5.1254821919
"H19426","H000002634","Prevenar","G36298",2014-03-11,NA,0.41291,1.007773,489.446151,1045.498098,5,35.853801,30.875797,NA,NA,1.058225,493,34.127326,489.200717,-1.313565,1359,517.943926,NA,0.493,86.806,4.6636289202
"H06757","H000004331","Prevenar","G73488",2013-06-18,NA,-2.691426,1.014863,434.944596,915.096816,4,31.819434,27.919514,NA,NA,1.064322,471,32.36804,464.005913,-2.14282,1421,462.921095,NA,0.471,85.108,4.725920719
"HJ3851","H000019489","Prevenar","HK6951",2023-11-21,276.940044,1.195201,1.071858,493.612079,842.469761,5,34.3987,29.362245,264.980818,276.940044,1.050977,512,33.953157,477.726947,0.749658,1309,518.774821,0.987048,0.512,NA,NA
"J80521","H000002634","Prevenar","J41760",2014-10-27,59.899505,-1.340333,1.116513,448.431329,920.215522,5,31.708946,26.707947,60.965702,59.899505,1.090967,513,33.232381,459.222873,0.183103,1307,489.223734,1.048044,0.513,NA,4.4881429836
"M32489","H000004330","Prevenar","L79063",2015-10-27,84.312106,0.49202,1.094419,468.079155,859.495934,4,34.177712,28.720566,93.316395,84.312106,1.08814,518,34.763902,473.375696,1.07821,1294,509.335706,1.017151,0.518,NA,4.4034008272
"LL4096","H000010932","Prevenar","LK1438",2024-11-03,63.477956,-1.516137,0.907279,509.469601,760.406929,4,28.907144,24.70803,64.231379,63.477956,0.932327,479,29.151221,527.954983,-1.272059,1398,474.992045,1.008444,0.479,NA,NA
"GE6477","H000017723","Prevenar","FH7124",2022-07-03,62.358111,-0.765103,0.902219,484.659849,795.224866,4,31.632018,26.1695,67.18166,62.358111,1.017614,470,30.161827,521.241861,-2.235295,1424,493.196835,0.953522,0.47,NA,5.0376340189
"X06519","H000006081","Prevenar","T96858",2018-07-08,61.770939,1.361147,1.06785,500.921452,780.332439,4,32.663766,28.47467,65.467292,61.770939,1.060571,541,33.273927,506.800203,1.971307,1240,531.262816,1.01868,0.541,NA,4.8690785932
"HG4913","H000011044","Prevenar","HH5375",2023-10-30,57.915968,-1.811938,1.005877,489.242685,749.253378,4,27.959632,24.102708,59.833184,57.915968,0.960419,496,29.488765,492.680327,-0.282805,1351,469.877926,1.054691,0.496,NA,4.970018106
"J80519","H000002634","Prevenar","J32173",2014-09-30,61.119687,-3.923743,1.128221,426.423622,941.925895,5,30.478116,26.009605,61.144257,61.119687,1.029954,493,34.188142,436.668898,-0.213717,1359,439.196809,1.121728,0.493,NA,4.6464052288
"R59701","H000008090","Prevenar","N16563",2016-11-23,59.071021,-1.851196,1.086212,393.842269,1049.867896,5,37.061974,32.480262,66.68623,59.071021,1.222542,494,38.054166,455.139895,-0.859004,1356,481.488604,1.026771,0.494,NA,4.3722344162
"R59717","H000008135","Prevenar","N16564",2016-10-26,122.392609,-9.341401,1.067779,343.607163,846.82729,5,34.017799,29.102507,111.089248,122.392609,1.149362,397,34.171689,371.533438,-9.18751,1682,394.928886,1.004524,0.397,NA,4.6996481003
"DN3801","H000011044","Prevenar","CW7635",2020-05-21,135.824778,-0.878242,1.160173,501.607577,820.746604,5,32.69185,27.151505,127.995783,135.824778,0.986781,554,36.592519,477.546045,3.022427,1211,494.977025,1.119316,0.554,NA,4.1905190523
"M32475","H000008135","Prevenar","L96629",2015-09-21,62.200947,0.549904,1.032572,474.464061,903.442662,5,33.228665,27.990028,58.211348,62.200947,1.078021,508,32.99185,491.817613,0.313089,1319,511.482405,0.992873,0.508,NA,5.1022957314
"N90900","H000006081","Prevenar","M17975",2016-08-21,64.606459,-0.618228,1.034278,478.076492,856.398056,5,32.957493,27.947262,66.202731,64.606459,1.027154,513,34.461721,496.452999,0.885999,1307,491.058,1.045641,0.513,NA,4.8976996284
"N33893","H000008135","Prevenar","M93128",2016-05-20,65.708208,-0.030354,1.139152,516.482287,801.231362,4,31.783987,24.589214,65.548642,65.708208,0.967547,520,33.075918,456.509158,1.261577,1289,499.721052,1.040647,0.52,NA,4.6550838098
"AT6721","H000006081","Prevenar","T96901",2019-03-30,64.116361,-3.678611,1.163209,421.984143,958.597269,5,34.716218,30.342351,60.671767,64.116361,1.082428,488,37.097541,419.613923,-1.297288,1372,456.767391,1.068594,0.488,NA,4.2666391269
"ER3806","H000010932","Prevenar","DX8248",2021-04-10,120.573718,-1.10075,1.088201,468.455468,840.447177,5,33.68969,28.85899,127.487513,120.573718,1.050541,515,35.257346,473.287229,0.466907,1302,492.131533,1.046532,0.515,NA,NA
"M97095","H000006081","Prevenar","M35819",2015-12-28,62.42132,-2.464337,1.114474,432.856533,991.73931,5,33.612162,28.818199,70.078808,62.42132,1.086097,520,37.171986,466.510983,1.095486,1289,470.124072,1.105909,0.52,NA,4.4759617296
"G32828","H000002634","Prevenar","E95727",2012-08-30,NA,-0.267746,1.021866,464.485053,753.702859,NA,34.689343,NA,NA,NA,1.086076,497,34.160692,486.148279,-0.796397,NA,504.46612,NA,NA,67.404,4.7209879365
"G96278","H000004331","Prevenar","G54759",2013-02-28,NA,1.344732,1.051104,472.838596,942.917462,5,39.103692,33.372906,NA,NA,1.098767,510,38.372933,485.042735,0.613972,1314,519.539435,NA,0.51,86.161,4.7757731467
"GM8414","H000013782","Prevenar","GD9452",2022-12-29,246.409191,0.975702,1.00751,514.690396,756.746341,4,32.277322,27.633533,241.625218,246.409191,1.00536,505,31.519262,501.529982,0.217642,1327,517.44906,0.976514,0.505,NA,4.8769842842
"HF3761","H000010932","Prevenar","HH5375",2023-10-25,57.915968,-1.811938,1.005877,489.242685,749.253378,4,27.959632,24.102708,59.833184,57.915968,0.960419,496,29.488765,492.680327,-0.282805,1351,469.877926,1.054691,0.496,NA,NA
"HX9142","H000011044","Prevenar","HY4071",NA,60.389625,0.896658,1.059085,483.799505,656.69989,4,29.914348,25.740225,59.153225,60.389625,1.072223,519,29.946179,490.322081,0.928488,1292,518.740762,1.001064,0.519,NA,NA
"LC5373","H000013782","Prevenar","HY4079",2024-05-29,214.863948,-2.90845,1.187845,497.478992,763.691382,4,25.881699,21.995158,214.077937,214.863948,0.91897,476,26.973405,401.106308,-1.816745,1407,457.168338,1.042181,0.476,NA,4.7991987026
"M32479","H000008135","Prevenar","L96629",NA,62.200947,0.549904,1.032572,474.464061,903.442662,5,33.228665,27.990028,58.211348,62.200947,1.078021,508,32.99185,491.817613,0.313089,1319,511.482405,0.992873,0.508,NA,NA
"EL8916","H000010932","Prevenar","DR8862",2021-02-02,62.239352,-2.191854,1.028164,460.045389,857.286233,4,31.725577,26.965099,65.372956,62.239352,1.02746,490,32.885698,476.541344,-1.031733,1367,472.678278,1.036567,0.49,NA,NA
"FF4716","H000017723","Prevenar","EC6025",2021-06-12,64.413278,0.608203,1.094115,503.47952,818.941572,5,32.981803,27.834479,59.227053,64.413278,1.015776,521,33.577257,475.868831,1.203657,1287,511.422199,1.018054,0.521,NA,4.5673253407
"CL9017","H000013782","Prevenar","AR4776",2019-07-30,64.754958,0.803996,1.014915,502.773764,746.706736,4,33.414428,28.651177,69.278737,64.754958,1.041402,530,33.81202,522.033767,1.201589,1265,523.589551,1.011899,0.53,NA,4.8255206457
"ER3844","H000019488","Prevenar","EJ9239",2021-03-28,62.0976,-3.624443,0.997626,444.863474,914.820577,5,31.381547,27.044187,64.165044,62.0976,1.014273,480,33.40266,481.416447,-1.60333,1395,451.213202,1.064405,0.48,NA,NA
"FA7359","H000019488","Prevenar","EJ9239",2021-04-17,62.0976,-3.624443,0.997626,444.863474,914.820577,5,31.381547,27.044187,64.165044,62.0976,1.014273,480,33.40266,481.416447,-1.60333,1395,451.213202,1.064405,0.48,NA,NA
"M02683","H000008090","Prevenar","L79062",2015-07-23,64.323603,0.619893,1.017309,442.083518,873.926202,5,36.784444,29.371633,61.709021,64.323603,1.153204,510,36.779798,501.075027,0.615247,1314,509.812511,0.999874,0.51,NA,4.4564102564
"N90913","H000008090","Prevenar","M17975",2016-08-17,64.606459,-0.618228,1.034278,478.076492,856.398056,5,32.957493,27.947262,66.202731,64.606459,1.027154,513,34.461721,496.452999,0.885999,1307,491.058,1.045641,0.513,NA,5.0296998233
"GX2929","H000011044","Prevenar","GP0950",2023-05-23,59.547213,0.333921,0.961639,544.823691,671.776269,4,27.660041,23.17008,60.696463,59.547213,0.927297,537,29.424061,558.872305,2.09794,1249,505.213438,1.063775,0.537,NA,4.9432133108
"ED8317","H000013782","Prevenar","DL7833",2020-10-16,64.874852,-2.584003,1.074407,467.892209,870.079832,5,33.145477,28.102035,72.980307,64.874852,1.004041,503,35.510638,468.449211,-0.218843,1332,469.783011,1.071357,0.503,NA,4.5376702307
"CW6533","H000011044","Prevenar","AR4778",2019-09-21,69.392388,-0.353135,0.961176,512.557948,884.901565,5,34.097454,29.218671,67.859425,69.392388,0.975286,494,33.726772,514.428324,-0.723816,1356,499.890742,0.989129,0.494,NA,4.8331517167
"DK2062","H000008135","Prevenar","AP7813",2020-03-22,65.163605,-0.29756,1.063345,514.006734,803.592683,5,32.289659,26.654923,69.154867,65.163605,0.972376,530,34.252097,498.599897,1.664878,1265,499.807617,1.060776,0.53,NA,4.8862616824
"EC6041","H000010932","Prevenar","DH4046",2020-08-24,64.595169,-2.720107,1.12001,428.139564,951.037152,5,34.995832,30.095337,67.670754,64.595169,1.095622,493,36.743386,439.730729,-0.972552,1359,469.07895,1.049936,0.493,NA,NA
"FT0536","H000017723","Prevenar","FG0964",2022-05-03,59.762812,0.991521,1.110826,480.058574,769.177947,4,32.068721,27.928774,78.361087,59.762812,1.077357,529,32.806953,476.312452,1.729753,1268,517.194329,1.02302,0.529,NA,4.778667199
"R59703","H000008090","Prevenar","N69850",2016-12-28,238.533932,1.837882,1.152785,481.426146,775.692925,4,31.627513,27.138146,253.450035,238.533932,1.111183,554,32.764259,480.730858,2.974628,1211,534.952345,1.035942,0.554,NA,4.8249073305
"GD0306","H000006081","Prevenar","FT3583",2022-07-29,64.76426,-3.696382,1.076579,454.109271,879.722441,4,32.379317,28.097232,63.457777,64.76426,0.995709,452,32.368401,419.856354,-3.707298,1480,452.160818,0.999663,0.452,NA,5.1339229991
"GT1605","H000011044","Prevenar","GW0262",2023-05-22,60.925549,2.368034,1.035072,524.903642,762.685617,4,30.894945,26.214702,61.570714,60.925549,1.027865,542,31.05012,523.867151,2.523209,1238,539.530167,1.005023,0.542,NA,4.6780158156
"AA0309","H000006081","Prevenar","T96899",2018-09-11,67.762994,-3.125664,1.052567,446.858998,973.945828,5,35.577797,31.046785,72.224264,67.762994,1.058312,488,36.675621,463.161898,-2.027839,1372,472.91624,1.030857,0.488,NA,4.6970287206
"W28243","H000014198","Prevenar","W42920",2018-07-22,60.798414,-1.628491,1.000351,488.233606,793.280489,4,30.316518,26.09918,60.166109,60.798414,0.985377,514,32.396594,513.922643,0.451584,1304,481.094408,1.068612,0.514,NA,4.6927390976
"N90919","H000011373","Prevenar","M15181",2016-08-04,61.364407,-0.970405,0.905003,449.482512,895.887896,4,33.447216,29.018953,67.654748,61.364407,1.08503,461,31.623037,509.504594,-2.794585,1452,487.702047,0.945461,0.461,NA,5.1636149702
"N39528","H000011374","Prevenar","N09131",2016-07-17,64.515315,1.821381,1.060239,464.945177,856.369996,5,36.06223,30.855047,68.264869,64.515315,1.131672,523,35.818633,492.918239,1.577784,1282,526.165353,0.993245,0.523,NA,4.7312976451
"EA9680","H000006081","Prevenar","DH4040",2020-10-07,62.046377,-0.264834,1.176047,473.066854,810.985266,5,32.792245,27.942793,63.574337,62.046377,1.057097,497,32.558568,422.188891,-0.498511,1348,500.077416,0.992874,0.497,NA,4.6400908946
"X98613","H000011373","Prevenar","W42920",2018-10-05,60.798414,-1.628491,1.000351,488.233606,793.280489,4,30.316518,26.09918,60.166109,60.798414,0.985377,514,32.396594,513.922643,0.451584,1304,481.094408,1.068612,0.514,NA,4.7327786149
"AR7665","H000010932","Prevenar","AA1759",2019-03-16,216.986458,2.453768,1.010337,505.242527,733.670159,4,31.274738,26.397711,224.46364,216.986458,1.088347,532,30.273988,526.837703,1.453017,1261,549.879252,0.968001,0.532,NA,NA
"LC5390","H000019489","Prevenar","HY2169",2024-06-08,206.843191,0.12567,0.940702,529.008544,603.873691,4,26.863681,21.84238,209.712,206.843191,0.953318,508,27.076558,540.351787,0.338548,1319,504.313472,1.007924,0.508,NA,NA
"L36870","H000006081","Prevenar","J78798",2015-01-17,62.050649,0.280077,1.014831,448.540032,917.296394,4,33.302747,28.8147,63.445299,62.050649,1.125576,490,32.293452,482.410549,-0.729219,1367,504.865914,0.969693,0.49,NA,4.8506015312
"M02669","H000008135","Prevenar","L48683",2015-06-26,68.170928,-0.777667,1.259463,495.810245,899.417248,5,33.446565,28.274253,65.023969,68.170928,0.992466,543,36.905272,431.104293,2.68104,1235,492.074617,1.10341,0.543,NA,4.2971877343
"N31634","H000011612","Prevenar","M93127",2016-02-22,64.488989,0.615643,1.120522,479.117382,924.037458,5,34.760372,29.691815,57.065073,64.488989,1.071508,507,34.316714,452.311964,0.171984,1322,513.378057,0.987237,0.507,NA,4.5073170733
"R59683","H000011374","Prevenar","R75257",2017-04-21,53.505358,-2.503224,1.309374,385.674791,839.818129,4,32.452575,27.381755,0,53.505358,1.21357,498,34.517931,380.205013,-0.437868,1345,468.043257,1.063642,0.498,NA,4.6997093561
"X98622","H000014198","Prevenar","W61761",2018-10-25,61.891913,-0.217594,1.083511,452.918278,876.986031,4,34.217426,29.954,55.442393,61.891913,1.105898,480,32.7592,442.575642,-1.675821,1395,500.881607,0.957384,0.48,NA,4.8671350941
"FJ5974","H000011044","Prevenar","DY9999",2021-09-20,86.784868,-0.172478,1.067374,454.47903,901.009797,5,35.053703,29.599288,87.090522,86.784868,1.095263,487,34.260822,455.805605,-0.965359,1375,497.774213,0.977381,0.487,NA,4.9750177134
"MG4225","H000031244","Prevenar","ML2268",2025-10-21,56.530131,1.144439,1.063308,481.748727,690.702006,4,30.663979,25.681795,51.705699,56.530131,1.084031,514,30.182746,483.430059,0.663205,1304,522.230669,0.984306,0.514,NA,NA
"L22426","H000004331","Prevenar","J40102",2014-12-13,68.616295,-7.646211,1.058072,380.014544,927.675451,5,36.18753,30.528674,75.638394,68.616295,1.098533,426,36.936993,402.717355,-6.896748,1569,417.45837,1.020711,0.426,NA,4.3965468121
"J80545","H000008090","Prevenar","J21974",2014-10-24,249.559352,-4.241352,1.162357,408.651023,971.079782,5,33.545139,28.926771,226.758232,249.559352,1.094733,508,38.083351,436.944938,0.29686,1319,447.363798,1.135287,0.508,NA,4.4183278393
"AX8868","H000011374","Prevenar","AK9284",2019-06-23,65.432855,0.77643,1.075865,482.025832,848.508003,5,34.505048,29.242728,71.489737,65.432855,1.068875,524,35.083322,486.919968,1.354704,1280,515.225296,1.016759,0.524,NA,4.7219351697
"EA9589","H000008135","Prevenar","DH4040",2020-09-06,62.046377,-0.264834,1.176047,473.066854,810.985266,5,32.792245,27.942793,63.574337,62.046377,1.057097,497,32.558568,422.188891,-0.498511,1348,500.077416,0.992874,0.497,NA,4.7208914778
"T36090","H000008135","Prevenar","S18356",2017-08-16,62.50028,-4.402869,1.048133,450.108728,967.073106,4,30.389382,26.353913,61.268943,62.50028,0.981282,470,32.361938,448.753325,-2.430313,1424,441.683782,1.064909,0.47,NA,4.7774595242
"G09784","H000002634","Prevenar","E95727",2012-07-23,NA,-0.267746,1.021866,464.485053,753.702859,NA,34.689343,NA,NA,NA,1.086076,497,34.160692,486.148279,-0.796397,NA,504.46612,NA,NA,67.404,4.6715417064
"HG8781","H000019489","Prevenar","HA3754",2023-07-23,NA,NA,0.80512,579.367296,545.067862,3,NA,17.813285,199.665366,NA,0.787131,467,NA,579.997713,NA,1433,456.037715,1.023967,0.467,NA,NA
"LJ1017","H000011374","Prevenar","LE1126",2024-07-07,63.375079,0.199086,0.998396,507.577312,776.753386,4,31.588656,26.609924,65.453211,63.375079,0.997316,531,33.121144,531.626202,1.731573,1263,506.214946,1.048514,0.531,NA,5.1403172491
"X59069","H000010932","Prevenar","W42920",2018-09-08,60.798414,-1.628491,1.000351,488.233606,793.280489,4,30.316518,26.09918,60.166109,60.798414,0.985377,514,32.396594,513.922643,0.451584,1304,481.094408,1.068612,0.514,NA,NA
"FH7106","H000019489","Prevenar","ER8675",2021-10-24,66.014788,0.020749,1.030192,488.998428,836.825464,4,34.292058,26.73329,70.084578,66.014788,1.034567,517,35.069098,502.202643,0.797789,1297,505.901604,1.022659,0.517,NA,NA
"R59727","H000008135","Prevenar","N16563",2016-11-22,59.071021,-1.851196,1.086212,393.842269,1049.867896,5,37.061974,32.480262,66.68623,59.071021,1.222542,494,38.054166,455.139895,-0.859004,1356,481.488604,1.026771,0.494,NA,4.6716425705
"GH5611","H000013782","Prevenar","GD9452",2022-11-21,246.409191,0.975702,1.00751,514.690396,756.746341,4,32.277322,27.633533,241.625218,246.409191,1.00536,505,31.519262,501.529982,0.217642,1327,517.44906,0.976514,0.505,NA,4.9542728982
"GH5832","H000006081","Prevenar","GC8819",2022-09-05,239.279018,-0.190217,1.001692,493.736183,853.271408,4,31.487403,27.028059,246.969399,239.279018,1.01242,511,32.191572,510.183849,0.513952,1312,499.868402,1.022364,0.511,NA,5.0837885844
"X04896","H000008090","Prevenar","T78047",2018-06-04,67.661282,-0.395945,1.040847,489.075952,876.160326,5,34.819375,29.205355,72.703777,67.661282,1.025394,515,35.783011,495.149582,0.56769,1302,501.495723,1.027675,0.515,NA,4.733738023
"GC1641","H000011374","Prevenar","FA6141",2022-06-07,236.15847,3.118446,0.940597,495.932787,729.104089,4,33.151166,27.770831,255.28535,236.15847,1.122961,507,30.169171,538.825836,0.13645,1322,556.913336,0.910049,0.507,NA,5.1366011779
"HF3762","H000010932","Prevenar","HH5375",2023-11-08,57.915968,-1.811938,1.005877,489.242685,749.253378,4,27.959632,24.102708,59.833184,57.915968,0.960419,496,29.488765,492.680327,-0.282805,1351,469.877926,1.054691,0.496,NA,NA
"W07360","H000008135","Prevenar","S85331",2017-12-02,59.65522,-2.288778,1.095357,426.902562,909.740414,5,32.234263,27.433345,62.961125,59.65522,1.09399,486,33.536732,443.597734,-0.986309,1378,467.027001,1.040406,0.486,NA,4.6577322461
"CH8181","H000008135","Prevenar","AP7813",2019-06-18,65.163605,-0.29756,1.063345,514.006734,803.592683,5,32.289659,26.654923,69.154867,65.163605,0.972376,530,34.252097,498.599897,1.664878,1265,499.807617,1.060776,0.53,NA,4.5838842515
"HF3788","H000017723","Prevenar","HG6423",2023-10-18,62.930205,2.474615,0.955941,551.097148,693.140148,4,31.062925,26.064647,59.335493,62.930205,0.991267,513,29.153926,536.342677,0.565615,1307,546.28433,0.938544,0.513,NA,5.2927220476
"EC6043","H000010932","Prevenar","DL7832",2020-08-31,62.433319,-2.450911,1.081975,472.355472,863.022402,5,31.117891,26.210608,66.695008,62.433319,0.9903,518,34.443584,478.538571,0.874782,1294,467.773752,1.106874,0.518,NA,NA
"EL8837","H000006081","Prevenar","DT9980",2021-01-16,240.747254,-2.81549,1.064556,465.193913,885.076564,5,31.00393,26.379715,241.689341,240.747254,0.996169,506,33.822245,474.880584,0.002825,1324,463.411868,1.090902,0.506,NA,4.7237759181
"CM3197","H000013782","Prevenar","AR4778",2019-09-26,69.392388,-0.353135,0.961176,512.557948,884.901565,5,34.097454,29.218671,67.859425,69.392388,0.975286,494,33.726772,514.428324,-0.723816,1356,499.890742,0.989129,0.494,NA,4.8225843709
"H31654","H000004331","Prevenar","G73488",2013-08-07,NA,-2.691426,1.014863,434.944596,915.096816,4,31.819434,27.919514,NA,NA,1.064322,471,32.36804,464.005913,-2.14282,1421,462.921095,NA,0.471,85.108,4.6577492859
"M97229","H000011374","Prevenar","N09127",2016-03-24,59.724374,-3.326345,1.153861,408.346745,984.446274,5,33.648783,27.672969,62.859807,59.724374,1.099893,496,37.133314,429.55653,0.158186,1351,449.137644,1.103556,0.496,NA,4.354527332
"EM4879","H000011044","Prevenar","DR8862",2020-12-26,62.239352,-2.191854,1.028164,460.045389,857.286233,4,31.725577,26.965099,65.372956,62.239352,1.02746,490,32.885698,476.541344,-1.031733,1367,472.678278,1.036567,0.49,NA,5.0043274349
"CM3170","H000011374","Prevenar","AR4776",2019-08-18,64.754958,0.803996,1.014915,502.773764,746.706736,4,33.414428,28.651177,69.278737,64.754958,1.041402,530,33.81202,522.033767,1.201589,1265,523.589551,1.011899,0.53,NA,4.8277924731
"HA2711","H000010932","Prevenar","HE8772",2023-08-10,62.356345,0.815105,1.015579,523.781236,709.883595,4,31.309866,26.826559,61.381482,62.356345,0.979885,530,32.344615,522.074355,1.849854,1265,513.245611,1.033049,0.53,NA,NA
"EA8714","H000011374","Prevenar","DH4046",2020-06-22,64.595169,-2.720107,1.12001,428.139564,951.037152,5,34.995832,30.095337,67.670754,64.595169,1.095622,493,36.743386,439.730729,-0.972552,1359,469.07895,1.049936,0.493,NA,4.7566976489
"N90927","H000008135","Prevenar","M17975",2016-08-28,64.606459,-0.618228,1.034278,478.076492,856.398056,5,32.957493,27.947262,66.202731,64.606459,1.027154,513,34.461721,496.452999,0.885999,1307,491.058,1.045641,0.513,NA,4.8532621411
"AH5749","H000010932","Prevenar","X37442",2018-12-26,57.010238,-0.531833,0.990663,460.607231,754.974904,4,31.391547,26.815343,57.363194,57.010238,1.08344,472,29.709624,476.753327,-2.213756,1418,499.040092,0.946421,0.472,NA,NA
"G09766","H000002634","Prevenar","E76420",2012-06-18,NA,-0.138139,1.096345,446.051162,886.349444,NA,40.57825,NA,NA,NA,1.131984,496,39.857331,452.368806,-0.859058,NA,504.922973,NA,NA,66.26,4.585665169
"CM3131","H000008135","Prevenar","AP7814",2019-09-08,70.869571,0.739647,1.036734,498.155243,898.048372,5,37.177456,31.70106,73.585005,70.869571,1.037133,533,38.342362,513.961904,1.904553,1258,516.653237,1.031334,0.533,NA,4.7460992977
"HD8386","H000006081","Prevenar","HE8772",2023-08-15,62.356345,0.815105,1.015579,523.781236,709.883595,4,31.309866,26.826559,61.381482,62.356345,0.979885,530,32.344615,522.074355,1.849854,1265,513.245611,1.033049,0.53,NA,4.9087678183
"CM3130","H000008135","Prevenar","AP7814",2019-09-06,70.869571,0.739647,1.036734,498.155243,898.048372,5,37.177456,31.70106,73.585005,70.869571,1.037133,533,38.342362,513.961904,1.904553,1258,516.653237,1.031334,0.533,NA,4.6774486182
"MG3450","H000010932","Prevenar","ML2272",2025-07-31,60.092448,1.654839,0.969465,490.839463,723.712327,4,32.789608,28.119394,65.35298,60.092448,1.079286,503,31.147904,519.082736,0.013135,1332,529.756287,0.949932,0.503,NA,4.9172659942
"N62168","H000011802","Prevenar","M93128",2016-04-23,65.708208,-0.030354,1.139152,516.482287,801.231362,4,31.783987,24.589214,65.548642,65.708208,0.967547,520,33.075918,456.509158,1.261577,1289,499.721052,1.040647,0.52,NA,4.6621914894
"HX9159","H000013782","Prevenar","HL5146",2024-04-21,67.036426,-2.041426,0.958603,486.654395,759.752913,4,33.355283,28.377419,69.109552,67.036426,0.971399,480,33.894845,501.127663,-1.501864,1395,472.735608,1.016176,0.48,NA,4.6189048581
"CM3341","H000010932","Prevenar","AR4778",2019-10-08,69.392388,-0.353135,0.961176,512.557948,884.901565,5,34.097454,29.218671,67.859425,69.392388,0.975286,494,33.726772,514.428324,-0.723816,1356,499.890742,0.989129,0.494,NA,NA
"DJ2750","H000013782","Prevenar","CM4664",2020-02-15,130.58387,-1.444665,1.088189,506.33642,837.119031,5,32.817526,28.007876,119.341388,130.58387,0.952196,516,35.146739,474.50461,0.884547,1299,482.131654,1.070975,0.516,NA,4.7757052233
"H38682","H000002634","Prevenar","G35697",2014-02-21,NA,NA,1.038286,461.538462,1051.238529,5,37.713699,31.612563,NA,NA,1.062007,477,36.725,459.706727,NA,1404,490.156898,NA,0.477,84.934,4.3835135521
"G68771","H000002634","Prevenar","G12840",2013-01-02,NA,-2.700135,1.074993,472.396651,1037.954843,5,37.577155,32.637336,NA,NA,1.000847,489,38.831574,454.496079,-1.445716,1370,472.796981,NA,0.489,85.432,4.5129569229
"L76756","H000008135","Prevenar","J78799",2015-04-13,59.995624,-1.197055,1.012991,465.163518,936.922513,4,30.316365,26.267152,62.205123,59.995624,1.041429,480,30.016263,473.488073,-1.497157,1395,484.434765,0.990101,0.48,NA,5.1800902995
"EY5102","H000011373","Prevenar","DR8862",2021-06-26,62.239352,-2.191854,1.028164,460.045389,857.286233,4,31.725577,26.965099,65.372956,62.239352,1.02746,490,32.885698,476.541344,-1.031733,1367,472.678278,1.036567,0.49,NA,4.9121908211
"GN0389","H000019489","Prevenar","GD9452",2022-11-17,246.409191,0.975702,1.00751,514.690396,756.746341,4,32.277322,27.633533,241.625218,246.409191,1.00536,505,31.519262,501.529982,0.217642,1327,517.44906,0.976514,0.505,NA,NA
"GX2946","H000019489","Prevenar","HA3751",2023-06-05,NA,NA,1.04448,431.854414,494.70778,3,NA,15.904008,39.515324,NA,0.95826,461,NA,441.262483,NA,1452,413.828728,1.113722,0.461,NA,NA
"HN7633","H000011044","Prevenar","HM2137",2023-12-14,65.97804,-2.689496,1.037176,499.384688,811.826119,4,31.015853,26.925567,61.17437,65.97804,0.927732,488,32.697461,470.907495,-1.007888,1372,463.295106,1.054218,0.488,NA,4.7712874368
"HR1612","H000032244","Prevenar","HH7691",2023-11-28,61.497368,-3.835749,1.00243,464.299272,766.555749,4,29.829942,25.34636,60.904308,61.497368,0.9577,465,31.204375,464.019919,-2.461317,1439,444.659323,1.046076,0.465,NA,NA
"L30225","H000008090","Prevenar","L79062",2015-06-19,64.323603,0.619893,1.017309,442.083518,873.926202,5,36.784444,29.371633,61.709021,64.323603,1.153204,510,36.779798,501.075027,0.615247,1314,509.812511,0.999874,0.51,NA,4.489841053
"X28364","H000011373","Prevenar","W42920",2018-07-16,60.798414,-1.628491,1.000351,488.233606,793.280489,4,30.316518,26.09918,60.166109,60.798414,0.985377,514,32.396594,513.922643,0.451584,1304,481.094408,1.068612,0.514,NA,4.6313734198
"S26361","H000011373","Prevenar","Q02008",2017-03-26,55.636125,-2.840464,1.048571,406.084104,844.98259,4,31.916117,NA,55.195531,55.636125,1.143064,450,30.937462,429.104478,-3.819118,1487,464.180022,0.969337,0.45,NA,5.0918097283
"AP9875","H000013782","Prevenar","AA1759",2019-03-04,216.986458,2.453768,1.010337,505.242527,733.670159,4,31.274738,26.397711,224.46364,216.986458,1.088347,532,30.273988,526.837703,1.453017,1261,549.879252,0.968001,0.532,NA,4.8524735394
"DN4735","H000008135","Prevenar","AP7813",2020-04-03,65.163605,-0.29756,1.063345,514.006734,803.592683,5,32.289659,26.654923,69.154867,65.163605,0.972376,530,34.252097,498.599897,1.664878,1265,499.807617,1.060776,0.53,NA,4.4411732883
"H31651","H000004331","Prevenar","G73488",2013-08-01,NA,-2.691426,1.014863,434.944596,915.096816,4,31.819434,27.919514,NA,NA,1.064322,471,32.36804,464.005913,-2.14282,1421,462.921095,NA,0.471,85.108,4.5295978959
"N33858","H000008135","Prevenar","M93128",2016-05-11,65.708208,-0.030354,1.139152,516.482287,801.231362,4,31.783987,24.589214,65.548642,65.708208,0.967547,520,33.075918,456.509158,1.261577,1289,499.721052,1.040647,0.52,NA,4.8332253739
"FG4136","H000019489","Prevenar","EJ9239",2021-09-04,62.0976,-3.624443,0.997626,444.863474,914.820577,5,31.381547,27.044187,64.165044,62.0976,1.014273,480,33.40266,481.416447,-1.60333,1395,451.213202,1.064405,0.48,NA,NA
"AP9876","H000013782","Prevenar","AA1759",2019-03-06,216.986458,2.453768,1.010337,505.242527,733.670159,4,31.274738,26.397711,224.46364,216.986458,1.088347,532,30.273988,526.837703,1.453017,1261,549.879252,0.968001,0.532,NA,4.8472885342
"S69942","H000011373","Prevenar","S18356",NA,62.50028,-4.402869,1.048133,450.108728,967.073106,4,30.389382,26.353913,61.268943,62.50028,0.981282,470,32.361938,448.753325,-2.430313,1424,441.683782,1.064909,0.47,NA,NA
"DX7826","H000014198","Prevenar","DH4048",2020-07-07,64.877839,-2.352557,1.0877,453.61997,899.173283,5,34.040582,28.99839,63.667993,64.877839,1.036346,494,35.802951,454.579263,-0.590188,1356,470.107047,1.051773,0.494,NA,4.6353532728
"EC6036","H000010932","Prevenar","DL7832",2020-08-21,62.433319,-2.450911,1.081975,472.355472,863.022402,5,31.117891,26.210608,66.695008,62.433319,0.9903,518,34.443584,478.538571,0.874782,1294,467.773752,1.106874,0.518,NA,NA
"AD8193","H000014198","Prevenar","X37442",2018-11-18,57.010238,-0.531833,0.990663,460.607231,754.974904,4,31.391547,26.815343,57.363194,57.010238,1.08344,472,29.709624,476.753327,-2.213756,1418,499.040092,0.946421,0.472,NA,5.2335853602
"M97258","H000008135","Prevenar","M93127",2016-04-01,64.488989,0.615643,1.120522,479.117382,924.037458,5,34.760372,29.691815,57.065073,64.488989,1.071508,507,34.316714,452.311964,0.171984,1322,513.378057,0.987237,0.507,NA,4.7104100746
"T37729","H000011374","Prevenar","S18361",2017-08-31,60.161364,-4.420369,1.109279,421.059648,863.577256,5,31.84767,27.859443,65.70041,60.161364,1.057198,485,34.730549,437.615924,-1.537491,1381,445.143213,1.090521,0.485,NA,4.3791940789
"NR6335","H000008090","Prevenar","MN0484",2026-01-24,64.900711,1.623151,1.108688,513.238392,735.037973,4,33.069201,27.879481,65.280069,64.900711,1.032163,564,35.168792,508.366385,3.722742,1190,529.971307,1.063491,0.564,NA,4.6705938841
"CK6540","H000008090","Prevenar","AR4778",2019-09-28,69.392388,-0.353135,0.961176,512.557948,884.901565,5,34.097454,29.218671,67.859425,69.392388,0.975286,494,33.726772,514.428324,-0.723816,1356,499.890742,0.989129,0.494,NA,4.8361440797
"GD0318","H000013782","Prevenar","FH2529",2022-05-28,65.084653,-2.179892,1.117642,477.34659,867.190963,5,31.79994,27.255853,67.007835,65.084653,0.983088,506,34.302457,452.921054,0.322625,1324,469.273929,1.078696,0.506,NA,4.8231538372
"FF8651","H000008135","Prevenar","EP5316",2021-09-02,79.297464,-0.191429,1.016272,464.122508,775.332768,4,32.200649,28.215438,83.052815,79.297464,1.084145,493,31.553428,485.168144,-0.83865,1359,503.176228,0.9799,0.493,NA,5.0141677142
"FD8489","H000008135","Prevenar","EP5316",2021-08-15,79.297464,-0.191429,1.016272,464.122508,775.332768,4,32.200649,28.215438,83.052815,79.297464,1.084145,493,31.553428,485.168144,-0.83865,1359,503.176228,0.9799,0.493,NA,5.0264813875
"GT1602","H000011044","Prevenar","GR5868",2023-04-02,60.107647,-2.35122,0.973563,440.47619,815.383287,4,31.693831,27.611063,65.324897,60.107647,1.058078,471,31.996846,483.290567,-2.048205,1421,466.058192,1.009561,0.471,NA,5.1198316323
"G32146","H000004331","Prevenar","G58046",2013-04-23,NA,-5.674894,1.073927,425.995463,968.931716,4,28.260756,24.652221,NA,NA,0.970245,453,30.977488,421.865716,-2.958162,1477,413.320088,NA,0.453,86.947,5.1100285199
"GF0241","H000008135","Prevenar","FT3583",2022-06-08,64.76426,-3.696382,1.076579,454.109271,879.722441,4,32.379317,28.097232,63.457777,64.76426,0.995709,452,32.368401,419.856354,-3.707298,1480,452.160818,0.999663,0.452,NA,5.1273047231
"G68773","H000002634","Prevenar","G12841",2013-01-06,NA,-0.80227,0.983752,491.728481,911.736426,5,35.59011,30.070371,NA,NA,1.001911,535,38.631902,543.608124,2.239523,1254,492.668396,NA,0.535,86.587,4.5354927768
"W11590","H000008135","Prevenar","T22140",2018-02-06,61.951288,-3.726691,1.010534,414.517409,1005.631464,5,33.605767,28.825529,63.211117,61.951288,1.085562,445,33.246891,440.53818,-4.085567,1503,449.984346,0.989321,0.445,NA,5.0364021002
"HG8823","H000028394","Prevenar","GD9453",2023-10-23,62.586821,-0.487972,0.997843,495.753506,807.94944,4,30.940277,26.813356,65.795647,62.586821,0.998312,494,30.906666,495.447535,-0.521583,1356,494.916485,0.998914,0.494,NA,NA
"W28202","H000008135","Prevenar","T96858",2018-05-28,61.770939,1.361147,1.06785,500.921452,780.332439,4,32.663766,28.47467,65.467292,61.770939,1.060571,541,33.273927,506.800203,1.971307,1240,531.262816,1.01868,0.541,NA,4.8123673897
"S26342","H000008090","Prevenar","Q02008",2017-04-03,55.636125,-2.840464,1.048571,406.084104,844.98259,4,31.916117,NA,55.195531,55.636125,1.143064,450,30.937462,429.104478,-3.819118,1487,464.180022,0.969337,0.45,NA,5.1408014815
"X56184","H000011374","Prevenar","W61761",2018-11-08,61.891913,-0.217594,1.083511,452.918278,876.986031,4,34.217426,29.954,55.442393,61.891913,1.105898,480,32.7592,442.575642,-1.675821,1395,500.881607,0.957384,0.48,NA,4.8475739945
"S69940","H000011373","Prevenar","R68512",2017-04-28,61.654005,-1.788078,1.086197,463.922175,848.133542,5,31.975521,27.527408,59.073466,61.654005,1.033215,504,33.592784,463.613306,-0.170816,1330,479.331475,1.050578,0.504,NA,4.7522648239
"AH5725","H000008090","Prevenar","AD4535",2019-03-03,69.896747,1.541128,1.042156,520.208112,789.545931,4,35.859248,30.624444,61.939544,69.896747,1.019282,510,34.481654,489.243978,0.163535,1314,530.23874,0.961583,0.51,NA,4.6394021738
"G09785","H000002634","Prevenar","E95727",2012-07-18,NA,-0.267746,1.021866,464.485053,753.702859,NA,34.689343,NA,NA,NA,1.086076,497,34.160692,486.148279,-0.796397,NA,504.46612,NA,NA,67.404,4.5152618592
"FD8490","H000008135","Prevenar","EP5316",2021-07-12,79.297464,-0.191429,1.016272,464.122508,775.332768,4,32.200649,28.215438,83.052815,79.297464,1.084145,493,31.553428,485.168144,-0.83865,1359,503.176228,0.9799,0.493,NA,4.9745749415
"M56322","H000008135","Prevenar","M15185",2015-11-06,61.525566,1.472761,1.137656,453.769721,986.064046,5,38.010931,32.611644,65.133552,61.525566,1.1575,533,38.58688,468.680324,2.04871,1258,525.2386,1.015152,0.533,NA,4.4806473901
"H50983","H000004331","Prevenar","G86534",2013-10-19,NA,NA,0.98274,499.924559,797.696109,4,29.571913,25.544362,NA,NA,0.995001,500,29.711077,508.543918,NA,1340,497.425535,NA,0.5,86.207,4.833861763
"DN3816","H000013782","Prevenar","CW7635",2020-04-27,135.824778,-0.878242,1.160173,501.607577,820.746604,5,32.69185,27.151505,127.995783,135.824778,0.986781,554,36.592519,477.546045,3.022427,1211,494.977025,1.119316,0.554,NA,4.2498295575
"FK1149","H000017723","Prevenar","EP5316",2021-11-21,79.297464,-0.191429,1.016272,464.122508,775.332768,4,32.200649,28.215438,83.052815,79.297464,1.084145,493,31.553428,485.168144,-0.83865,1359,503.176228,0.9799,0.493,NA,4.8988423402
"EP6195","H000006081","Prevenar","EC6025",2021-04-10,64.413278,0.608203,1.094115,503.47952,818.941572,5,32.981803,27.834479,59.227053,64.413278,1.015776,521,33.577257,475.868831,1.203657,1287,511.422199,1.018054,0.521,NA,4.9265530043
"S26343","H000008090","Prevenar","Q02008",2017-04-04,55.636125,-2.840464,1.048571,406.084104,844.98259,4,31.916117,NA,55.195531,55.636125,1.143064,450,30.937462,429.104478,-3.819118,1487,464.180022,0.969337,0.45,NA,4.926940881
"GF1171","H000017723","Prevenar","FA6141",2022-07-05,236.15847,3.118446,0.940597,495.932787,729.104089,4,33.151166,27.770831,255.28535,236.15847,1.122961,507,30.169171,538.825836,0.13645,1322,556.913336,0.910049,0.507,NA,4.980057403
"GX2952","H000019489","Prevenar","GP4372",2023-05-26,66.729867,0.83654,0.97568,550.697009,747.076653,4,31.20734,27.274916,62.353897,66.729867,0.932329,530,32.189974,542.798555,1.819174,1265,513.430921,1.031487,0.53,NA,NA
"S26215","H000008135","Prevenar","Q02008",2017-03-02,55.636125,-2.840464,1.048571,406.084104,844.98259,4,31.916117,NA,55.195531,55.636125,1.143064,450,30.937462,429.104478,-3.819118,1487,464.180022,0.969337,0.45,NA,4.9558866582
"CW6571","H000008135","Prevenar","CH7205",2019-11-12,52.500629,-0.701887,0.996402,400.576483,809.126062,4,32.707113,28.231341,57.75987,52.500629,1.233719,490,32.42771,491.746352,-0.98129,1367,494.198878,0.991457,0.49,NA,4.7491999671
"W61589","H000013782","Prevenar","T78047",2018-06-22,67.661282,-0.395945,1.040847,489.075952,876.160326,5,34.819375,29.205355,72.703777,67.661282,1.025394,515,35.783011,495.149582,0.56769,1302,501.495723,1.027675,0.515,NA,4.9273613048
"L95556","H000006081","Prevenar","L45106",2015-05-28,261.410018,-0.062326,1.114868,486.097093,848.147373,4,32.091273,27.666208,282.41785,261.410018,1.034997,516,32.914149,462.843953,0.76055,1299,503.109121,1.025642,0.516,NA,4.8672517736
"RE8407","H000035016","Prevenar","MT7677",2026-04-25,58.904578,-2.9557,0.998633,476.533751,743.523029,4,28.55456,24.188055,60.695881,58.904578,0.95644,493,30.86396,493.311672,-0.646299,1359,455.775849,1.080877,0.493,NA,NA
"GW4594","H000013782","Prevenar","GW0262",2023-05-13,60.925549,2.368034,1.035072,524.903642,762.685617,4,30.894945,26.214702,61.570714,60.925549,1.027865,542,31.05012,523.867151,2.523209,1238,539.530167,1.005023,0.542,NA,4.7784994488
"AH5718","H000006081","Prevenar","T96901",2018-12-09,64.116361,-3.678611,1.163209,421.984143,958.597269,5,34.716218,30.342351,60.671767,64.116361,1.082428,488,37.097541,419.613923,-1.297288,1372,456.767391,1.068594,0.488,NA,4.394266486
"M48080","H000007053","Prevenar","L79062",2015-09-07,64.323603,0.619893,1.017309,442.083518,873.926202,5,36.784444,29.371633,61.709021,64.323603,1.153204,510,36.779798,501.075027,0.615247,1314,509.812511,0.999874,0.51,NA,4.5335574483
"AT2114","H000011374","Prevenar","AD4535",2019-03-20,69.896747,1.541128,1.042156,520.208112,789.545931,4,35.859248,30.624444,61.939544,69.896747,1.019282,510,34.481654,489.243978,0.163535,1314,530.23874,0.961583,0.51,NA,4.5338157042
"W72425","H000006081","Prevenar","T96858",2018-05-19,61.770939,1.361147,1.06785,500.921452,780.332439,4,32.663766,28.47467,65.467292,61.770939,1.060571,541,33.273927,506.800203,1.971307,1240,531.262816,1.01868,0.541,NA,4.8842443079
"H22380","H000007053","Prevenar","G35697",2014-02-11,NA,NA,1.038286,461.538462,1051.238529,5,37.713699,31.612563,NA,NA,1.062007,477,36.725,459.706727,NA,1404,490.156898,NA,0.477,84.934,4.4814097353
"DA1888","H000006081","Prevenar","CH7205",2019-12-12,52.500629,-0.701887,0.996402,400.576483,809.126062,4,32.707113,28.231341,57.75987,52.500629,1.233719,490,32.42771,491.746352,-0.98129,1367,494.198878,0.991457,0.49,NA,4.750616957
"MG4665","H000035016","Prevenar","MK9451",2025-10-08,63.63609,-1.914999,1.018421,459.092114,821.815009,4,32.73657,27.824368,63.756953,63.63609,1.033555,497,34.312193,488.339322,-0.339376,1348,474.497127,1.04813,0.497,NA,NA
"G09786","H000002634","Prevenar","E95727",2012-07-15,NA,-0.267746,1.021866,464.485053,753.702859,NA,34.689343,NA,NA,NA,1.086076,497,34.160692,486.148279,-0.796397,NA,504.46612,NA,NA,67.404,4.7634710282
"M97250","H000008135","Prevenar","M35823",2016-02-26,59.394235,-1.633286,1.065592,405.084399,1024.175373,5,34.256343,29.221246,67.44262,59.394235,1.182668,508,36.311954,476.569359,0.422324,1319,479.080317,1.060007,0.508,NA,4.5453937999
"F78138","H000002634","Prevenar","E95727",2012-05-02,NA,-0.267746,1.021866,464.485053,753.702859,NA,34.689343,NA,NA,NA,1.086076,497,34.160692,486.148279,-0.796397,NA,504.46612,NA,NA,67.404,4.8993156507
"G32136","H000004331","Prevenar","G58046",2013-04-14,NA,-5.674894,1.073927,425.995463,968.931716,4,28.260756,24.652221,NA,NA,0.970245,453,30.977488,421.865716,-2.958162,1477,413.320088,NA,0.453,86.947,4.9662981537
"M21974","H000006081","Prevenar","L79064",2015-08-15,65.310356,-0.840442,1.067175,469.288,894.864967,5,34.199609,29.174496,68.156104,65.310356,1.046792,514,35.814438,482.059728,0.774388,1304,491.246722,1.047218,0.514,NA,4.5785065509
"N04275","H000007688","Prevenar","M93127",2016-03-10,64.488989,0.615643,1.120522,479.117382,924.037458,5,34.760372,29.691815,57.065073,64.488989,1.071508,507,34.316714,452.311964,0.171984,1322,513.378057,0.987237,0.507,NA,4.489600483
"H78832","H000004331","Prevenar","G35697",2013-11-06,NA,NA,1.038286,461.538462,1051.238529,5,37.713699,31.612563,NA,NA,1.062007,477,36.725,459.706727,NA,1404,490.156898,NA,0.477,84.934,4.4625129014
"HG8824","H000028394","Prevenar","GD9453",2023-10-25,62.586821,-0.487972,0.997843,495.753506,807.94944,4,30.940277,26.813356,65.795647,62.586821,0.998312,494,30.906666,495.447535,-0.521583,1356,494.916485,0.998914,0.494,NA,NA
"AM6027","H000010932","Prevenar","X72418",2019-02-19,62.160063,2.296573,1.035994,528.730691,733.490228,4,32.058202,27.170479,61.285954,62.160063,1.024164,536,31.723946,517.243466,1.962317,1251,541.507144,0.989573,0.536,NA,NA
"X06516","H000006081","Prevenar","T78047",2018-06-27,67.661282,-0.395945,1.040847,489.075952,876.160326,5,34.819375,29.205355,72.703777,67.661282,1.025394,515,35.783011,495.149582,0.56769,1302,501.495723,1.027675,0.515,NA,4.7544236707
"HG8830","H000028394","Prevenar","HK6951",2023-11-16,276.940044,1.195201,1.071858,493.612079,842.469761,5,34.3987,29.362245,264.980818,276.940044,1.050977,512,33.953157,477.726947,0.749658,1309,518.774821,0.987048,0.512,NA,NA
"L44678","H000008135","Prevenar","L45106",2015-05-24,261.410018,-0.062326,1.114868,486.097093,848.147373,4,32.091273,27.666208,282.41785,261.410018,1.034997,516,32.914149,462.843953,0.76055,1299,503.109121,1.025642,0.516,NA,4.8145007087
"GW4595","H000013782","Prevenar","GR5869",2023-04-20,61.458125,-2.330222,1.020598,463.222372,826.955665,4,31.188668,27.576049,61.019817,61.458125,1.005198,480,32.135592,470.084235,-1.383298,1395,465.630084,1.030361,0.48,NA,4.8300147774
"FC3089","H000013782","Prevenar","EC6020",2021-09-30,228.012663,1.173666,1.176285,460.889596,852.708478,5,33.993876,26.805908,226.726164,228.012663,1.133132,545,35.499807,463.649721,2.679597,1231,522.248665,1.0443,0.545,NA,4.5384657403
"J70884","H000004331","Prevenar","J41760",2014-11-07,59.899505,-1.340333,1.116513,448.431329,920.215522,5,31.708946,26.707947,60.965702,59.899505,1.090967,513,33.232381,459.222873,0.183103,1307,489.223734,1.048044,0.513,NA,4.7716104366
"RJ3538","H000033648","Prevenar","MN0484",2026-06-04,64.900711,1.623151,1.108688,513.238392,735.037973,4,33.069201,27.879481,65.280069,64.900711,1.032163,564,35.168792,508.366385,3.722742,1190,529.971307,1.063491,0.564,NA,NA
"DA1903","H000010932","Prevenar","CM4663",2019-12-23,73.399407,0.529971,1.0853,486.607143,866.689604,5,34.936751,29.808889,68.92058,73.399407,1.059368,512,34.682419,471.522336,0.275639,1309,515.495817,0.99272,0.512,NA,4.6788720359
"H06754","H000004331","Prevenar","G73488",2013-06-12,NA,-2.691426,1.014863,434.944596,915.096816,4,31.819434,27.919514,NA,NA,1.064322,471,32.36804,464.005913,-2.14282,1421,462.921095,NA,0.471,85.108,4.6933664354
"H06751","H000004331","Prevenar","G73488",2013-06-06,NA,-2.691426,1.014863,434.944596,915.096816,4,31.819434,27.919514,NA,NA,1.064322,471,32.36804,464.005913,-2.14282,1421,462.921095,NA,0.471,85.108,4.7601926164
"EL8830","H000008135","Prevenar","EC6025",2021-04-03,64.413278,0.608203,1.094115,503.47952,818.941572,5,32.981803,27.834479,59.227053,64.413278,1.015776,521,33.577257,475.868831,1.203657,1287,511.422199,1.018054,0.521,NA,4.8371417323
"GM8419","H000014198","Prevenar","GM5068",2023-02-03,263.140143,-0.030952,1.000359,450.792757,861.064811,5,35.889717,30.50975,271.210513,263.140143,1.105715,462,33.265718,461.839331,-2.654951,1449,498.448259,0.926887,0.462,NA,5.1036820038
"G66314","H000002634","Prevenar","G58046",2013-05-01,NA,-5.674894,1.073927,425.995463,968.931716,4,28.260756,24.652221,NA,NA,0.970245,453,30.977488,421.865716,-2.958162,1477,413.320088,NA,0.453,86.947,4.8675165463
"EN6425","H000014198","Prevenar","DT9980",2021-02-10,240.747254,-2.81549,1.064556,465.193913,885.076564,5,31.00393,26.379715,241.689341,240.747254,0.996169,506,33.822245,474.880584,0.002825,1324,463.411868,1.090902,0.506,NA,4.6109186841
"EP6205","H000008135","Prevenar","EC6025",2021-05-04,64.413278,0.608203,1.094115,503.47952,818.941572,5,32.981803,27.834479,59.227053,64.413278,1.015776,521,33.577257,475.868831,1.203657,1287,511.422199,1.018054,0.521,NA,4.9357997853
"FG5401","H000017723","Prevenar","EP5316",2021-10-07,79.297464,-0.191429,1.016272,464.122508,775.332768,4,32.200649,28.215438,83.052815,79.297464,1.084145,493,31.553428,485.168144,-0.83865,1359,503.176228,0.9799,0.493,NA,4.9852933833
"AW6507","H000008135","Prevenar","T96901",2019-04-28,64.116361,-3.678611,1.163209,421.984143,958.597269,5,34.716218,30.342351,60.671767,64.116361,1.082428,488,37.097541,419.613923,-1.297288,1372,456.767391,1.068594,0.488,NA,4.3098758623
"MC2209","H000032244","Prevenar","LY2880",2025-06-19,58.950526,-1.649801,1.01476,465.612163,819.16138,4,29.90243,25.632997,57.503273,58.950526,1.0194,473,29.809957,466.29459,-1.742274,1415,474.64504,0.996908,0.473,NA,NA
"CM3190","H000011374","Prevenar","AR4778",2019-10-01,69.392388,-0.353135,0.961176,512.557948,884.901565,5,34.097454,29.218671,67.859425,69.392388,0.975286,494,33.726772,514.428324,-0.723816,1356,499.890742,0.989129,0.494,NA,4.9672420701
"DJ2691","H000006081","Prevenar","CM4663",2020-01-14,73.399407,0.529971,1.0853,486.607143,866.689604,5,34.936751,29.808889,68.92058,73.399407,1.059368,512,34.682419,471.522336,0.275639,1309,515.495817,0.99272,0.512,NA,4.6318872114
"H38801","H000006081","Prevenar","H22514",2013-10-14,NA,-0.200881,0.946103,531.521049,803.955547,5,33.415891,28.094447,NA,NA,0.948122,489,32.456007,517.354207,-1.160764,1370,503.94666,NA,0.489,86.339,4.8826886495
"HG8826","H000028394","Prevenar","GD9453",2023-10-27,62.586821,-0.487972,0.997843,495.753506,807.94944,4,30.940277,26.813356,65.795647,62.586821,0.998312,494,30.906666,495.447535,-0.521583,1356,494.916485,0.998914,0.494,NA,NA
"HN5216","H000011044","Prevenar","HL5146",2023-11-25,67.036426,-2.041426,0.958603,486.654395,759.752913,4,33.355283,28.377419,69.109552,67.036426,0.971399,480,33.894845,501.127663,-1.501864,1395,472.735608,1.016176,0.48,NA,4.7158452482
"ED8300","H000008135","Prevenar","DN7268",2020-11-25,63.589403,-2.047303,1.05339,430.691475,928.977168,5,34.759849,29.442442,65.426952,63.589403,1.102916,474,34.721137,450.43867,-2.086014,1412,475.016515,0.998886,0.474,NA,4.636623558
"J13980","H000004331","Prevenar","H82826",2014-04-10,67.855238,4.843428,1.024424,505.786481,770.155864,5,36.565419,30.424518,71.581789,67.855238,1.143143,539,34.070424,525.890174,2.348433,1244,578.186333,NA,0.539,NA,4.7760615422
"HF3768","H000011374","Prevenar","HE8772",2023-08-23,62.356345,0.815105,1.015579,523.781236,709.883595,4,31.309866,26.826559,61.381482,62.356345,0.979885,530,32.344615,522.074355,1.849854,1265,513.245611,1.033049,0.53,NA,4.9124212273
"G79027","H000002634","Prevenar","G54758",2013-01-22,NA,0.54968,1.038948,461.028192,1035.655056,5,41.076761,35.560654,NA,NA,1.072639,491,40.746561,472.152303,0.219481,1364,494.516915,NA,0.491,83.67,4.2447539461
"EP6194","H000006081","Prevenar","EC6025",2021-04-05,64.413278,0.608203,1.094115,503.47952,818.941572,5,32.981803,27.834479,59.227053,64.413278,1.015776,521,33.577257,475.868831,1.203657,1287,511.422199,1.018054,0.521,NA,4.9088204422
"DW4277","H000013782","Prevenar","DH4046",2020-06-30,64.595169,-2.720107,1.12001,428.139564,951.037152,5,34.995832,30.095337,67.670754,64.595169,1.095622,493,36.743386,439.730729,-0.972552,1359,469.07895,1.049936,0.493,NA,4.5876427543
"L57945","H000008135","Prevenar","J78797",2015-03-08,64.848609,-1.82343,1.059747,450.065283,992.547571,4,33.670741,27.565688,68.168002,64.848609,1.044785,496,34.040695,468.305983,-1.453476,1351,490.892313,1.010987,0.496,NA,4.656506929
"EC6029","H000017723","Prevenar","DL7834",2020-10-31,66.38567,-0.097954,1.00734,466.822298,940.481407,5,35.202347,29.801974,71.76098,66.38567,1.062976,491,34.832843,487.434622,-0.467457,1364,496.221011,0.989503,0.491,NA,4.7739858937
"H50420","H000004331","Prevenar","G35697",2014-01-14,NA,NA,1.038286,461.538462,1051.238529,5,37.713699,31.612563,NA,NA,1.062007,477,36.725,459.706727,NA,1404,490.156898,NA,0.477,84.934,4.7187786069
"G51689","H000004331","Prevenar","E95727",2012-10-03,NA,-0.267746,1.021866,464.485053,753.702859,NA,34.689343,NA,NA,NA,1.086076,497,34.160692,486.148279,-0.796397,NA,504.46612,NA,NA,67.404,4.7439544215
"X37663","H000010932","Prevenar","W61735",2018-08-11,NA,NA,NA,NA,NA,NA,NA,NA,NA,NA,NA,NA,NA,NA,NA,NA,NA,NA,NA,NA,4.6567785303
"CG3541","H000008135","Prevenar","T96901",2019-06-20,NA,NA,NA,NA,NA,NA,NA,NA,NA,NA,NA,NA,NA,NA,NA,NA,NA,NA,NA,NA,4.4740363759
"HF3760","H000010932","Prevenar","HG6423",2023-10-06,NA,NA,NA,NA,NA,NA,NA,NA,NA,NA,NA,NA,NA,NA,NA,NA,NA,NA,NA,NA,5.4378293514
"HF3319","H000010932","Prevenar","HE8771",2023-09-06,NA,NA,NA,NA,NA,NA,NA,NA,NA,NA,NA,NA,NA,NA,NA,NA,NA,NA,NA,NA,4.830196985
"LL4095","H000010932","Prevenar","LH6897",2024-10-05,NA,NA,NA,NA,NA,NA,NA,NA,NA,NA,NA,NA,NA,NA,NA,NA,NA,NA,NA,NA,4.9613775888
"ER3799","H000010932","Prevenar","DX8248",2021-04-01,NA,NA,NA,NA,NA,NA,NA,NA,NA,NA,NA,NA,NA,NA,NA,NA,NA,NA,NA,NA,4.8180866142
"J80541","H000002634","Prevenar","J22003",2014-09-18,NA,NA,NA,NA,NA,NA,NA,NA,NA,NA,NA,NA,NA,NA,NA,NA,NA,NA,NA,NA,5.3416799705
"EL8920","H000010932","Prevenar","DT9980",2021-03-24,NA,NA,NA,NA,NA,NA,NA,NA,NA,NA,NA,NA,NA,NA,NA,NA,NA,NA,NA,NA,4.4207658987
"EW0926","H000010932","Prevenar","DT9980",2021-05-01,NA,NA,NA,NA,NA,NA,NA,NA,NA,NA,NA,NA,NA,NA,NA,NA,NA,NA,NA,NA,4.7775113795
"DN3835","H000010932","Prevenar","CW7635",2020-05-07,NA,NA,NA,NA,NA,NA,NA,NA,NA,NA,NA,NA,NA,NA,NA,NA,NA,NA,NA,NA,4.2463973601
"GX2795","H000010932","Prevenar","GP4372",2023-06-04,NA,NA,NA,NA,NA,NA,NA,NA,NA,NA,NA,NA,NA,NA,NA,NA,NA,NA,NA,NA,4.8547103146
"FA1609","H000010932","Prevenar","DX8249",2021-05-09,NA,NA,NA,NA,NA,NA,NA,NA,NA,NA,NA,NA,NA,NA,NA,NA,NA,NA,NA,NA,4.8638588325
"GR3510","H000010932","Prevenar","GD9452",2023-01-07,NA,NA,NA,NA,NA,NA,NA,NA,NA,NA,NA,NA,NA,NA,NA,NA,NA,NA,NA,NA,4.7061816348
"LX2591","H000010932","Prevenar","LK1442",2025-01-19,NA,NA,NA,NA,NA,NA,NA,NA,NA,NA,NA,NA,NA,NA,NA,NA,NA,NA,NA,NA,4.9571702231
"R98841","H000010932","Prevenar","N16563",2016-11-17,NA,NA,NA,NA,NA,NA,NA,NA,NA,NA,NA,NA,NA,NA,NA,NA,NA,NA,NA,NA,4.5458801574
"LJ1014","H000010932","Prevenar","LD1814",2024-08-13,NA,NA,NA,NA,NA,NA,NA,NA,NA,NA,NA,NA,NA,NA,NA,NA,NA,NA,NA,NA,5.0515839615
"AJ6040","H000010932","Prevenar","X37494",2018-12-31,NA,NA,NA,NA,NA,NA,NA,NA,NA,NA,NA,NA,NA,NA,NA,NA,NA,NA,NA,NA,4.9705623258
"DA1902","H000010932","Prevenar","CM4663",2019-12-21,NA,NA,NA,NA,NA,NA,NA,NA,NA,NA,NA,NA,NA,NA,NA,NA,NA,NA,NA,NA,4.8093163644
"EL8921","H000010932","Prevenar","DT9980",2021-03-26,NA,NA,NA,NA,NA,NA,NA,NA,NA,NA,NA,NA,NA,NA,NA,NA,NA,NA,NA,NA,4.624260493
"LL4096","H000010932","Prevenar","LK1438",2024-11-06,NA,NA,NA,NA,NA,NA,NA,NA,NA,NA,NA,NA,NA,NA,NA,NA,NA,NA,NA,NA,5.2616893338
"GH5588","H000010932","Prevenar","GG1873",2022-10-29,NA,NA,NA,NA,NA,NA,NA,NA,NA,NA,NA,NA,NA,NA,NA,NA,NA,NA,NA,NA,5.0624513809
"DX7815","H000010932","Prevenar","DH4048",2020-07-09,NA,NA,NA,NA,NA,NA,NA,NA,NA,NA,NA,NA,NA,NA,NA,NA,NA,NA,NA,NA,4.7655223235
"CR3613","H000010932","Prevenar","CA6638",2019-11-19,NA,NA,NA,NA,NA,NA,NA,NA,NA,NA,NA,NA,NA,NA,NA,NA,NA,NA,NA,NA,4.3142293952
"EA9687","H000010932","Prevenar","DL7832",2020-08-10,NA,NA,NA,NA,NA,NA,NA,NA,NA,NA,NA,NA,NA,NA,NA,NA,NA,NA,NA,NA,4.6297553706
"LX2595","H000010932","Prevenar","LK1442",2025-02-06,NA,NA,NA,NA,NA,NA,NA,NA,NA,NA,NA,NA,NA,NA,NA,NA,NA,NA,NA,NA,4.8469743467
"DW4265","H000010932","Prevenar","DE6985",2020-06-08,NA,NA,NA,NA,NA,NA,NA,NA,NA,NA,NA,NA,NA,NA,NA,NA,NA,NA,NA,NA,4.2676311953
"ED8342","H000010932","Prevenar","DL7834",2020-11-02,NA,NA,NA,NA,NA,NA,NA,NA,NA,NA,NA,NA,NA,NA,NA,NA,NA,NA,NA,NA,4.7739858937
"X56196","H000010932","Prevenar","W61735",2018-08-13,NA,NA,NA,NA,NA,NA,NA,NA,NA,NA,NA,NA,NA,NA,NA,NA,NA,NA,NA,NA,4.5438041775
"GH5586","H000010932","Prevenar","GA0023",2022-09-16,NA,NA,NA,NA,NA,NA,NA,NA,NA,NA,NA,NA,NA,NA,NA,NA,NA,NA,NA,NA,4.7117541844
"EC6043","H000010932","Prevenar","DL7832",2020-09-03,NA,NA,NA,NA,NA,NA,NA,NA,NA,NA,NA,NA,NA,NA,NA,NA,NA,NA,NA,NA,4.4772974097
"LX2594","H000010932","Prevenar","LK1442",2025-02-04,NA,NA,NA,NA,NA,NA,NA,NA,NA,NA,NA,NA,NA,NA,NA,NA,NA,NA,NA,NA,4.9738334473
"DJ2716","H000010932","Prevenar","CM4664",2020-02-11,NA,NA,NA,NA,NA,NA,NA,NA,NA,NA,NA,NA,NA,NA,NA,NA,NA,NA,NA,NA,4.8399568115
"EP6167","H000010932","Prevenar","DR8862",2021-01-19,NA,NA,NA,NA,NA,NA,NA,NA,NA,NA,NA,NA,NA,NA,NA,NA,NA,NA,NA,NA,5.0236366023
"EL8858","H000010932","Prevenar","DT9980",2021-03-21,NA,NA,NA,NA,NA,NA,NA,NA,NA,NA,NA,NA,NA,NA,NA,NA,NA,NA,NA,NA,4.6643599894
"LJ1002","H000010932","Prevenar","LD1812",2024-07-29,NA,NA,NA,NA,NA,NA,NA,NA,NA,NA,NA,NA,NA,NA,NA,NA,NA,NA,NA,NA,4.8560767502
"X70406","H000010932","Prevenar","W61735",2018-10-06,NA,NA,NA,NA,NA,NA,NA,NA,NA,NA,NA,NA,NA,NA,NA,NA,NA,NA,NA,NA,4.6138460702
"L30244","H000007688","Prevenar","L79062",2015-06-29,NA,NA,NA,NA,NA,NA,NA,NA,NA,NA,NA,NA,NA,NA,NA,NA,NA,NA,NA,NA,4.5071344942
"HF3756","H000010932","Prevenar","HG6423",2023-09-26,NA,NA,NA,NA,NA,NA,NA,NA,NA,NA,NA,NA,NA,NA,NA,NA,NA,NA,NA,NA,5.4061510308
"EC6042","H000010932","Prevenar","DL7832",2020-09-01,NA,NA,NA,NA,NA,NA,NA,NA,NA,NA,NA,NA,NA,NA,NA,NA,NA,NA,NA,NA,4.6428148149
"HN7326","H000010932","Prevenar","HM2132",2024-01-06,NA,NA,NA,NA,NA,NA,NA,NA,NA,NA,NA,NA,NA,NA,NA,NA,NA,NA,NA,NA,4.8448196916
"HN7330","H000010932","Prevenar","HM2123",2024-01-26,NA,NA,NA,NA,NA,NA,NA,NA,NA,NA,NA,NA,NA,NA,NA,NA,NA,NA,NA,NA,4.7339907895
"EL8877","H000010932","Prevenar","DR8862",2021-01-22,NA,NA,NA,NA,NA,NA,NA,NA,NA,NA,NA,NA,NA,NA,NA,NA,NA,NA,NA,NA,4.9950426677
"EL8860","H000010932","Prevenar","DN7268",2020-12-20,NA,NA,NA,NA,NA,NA,NA,NA,NA,NA,NA,NA,NA,NA,NA,NA,NA,NA,NA,NA,5.1632131133
"FA1614","H000010932","Prevenar","DX8249",2021-05-27,NA,NA,NA,NA,NA,NA,NA,NA,NA,NA,NA,NA,NA,NA,NA,NA,NA,NA,NA,NA,4.7770542973
"DL7371","H000010932","Prevenar","CM4665",2020-03-13,NA,NA,NA,NA,NA,NA,NA,NA,NA,NA,NA,NA,NA,NA,NA,NA,NA,NA,NA,NA,4.5697651403
"EL8871","H000010932","Prevenar","DR8862",2021-01-04,NA,NA,NA,NA,NA,NA,NA,NA,NA,NA,NA,NA,NA,NA,NA,NA,NA,NA,NA,NA,4.946882463
"N73145","H000010932","Prevenar","N09129",2016-06-19,NA,NA,NA,NA,NA,NA,NA,NA,NA,NA,NA,NA,NA,NA,NA,NA,NA,NA,NA,NA,4.7556298773
"HN7337","H000010932","Prevenar","HM2123",2024-02-12,NA,NA,NA,NA,NA,NA,NA,NA,NA,NA,NA,NA,NA,NA,NA,NA,NA,NA,NA,NA,4.9877840942
"ED8338","H000010932","Prevenar","DL7833",2020-10-21,NA,NA,NA,NA,NA,NA,NA,NA,NA,NA,NA,NA,NA,NA,NA,NA,NA,NA,NA,NA,4.8023364853
"AH5749","H000010932","Prevenar","X37442",2018-12-28,NA,NA,NA,NA,NA,NA,NA,NA,NA,NA,NA,NA,NA,NA,NA,NA,NA,NA,NA,NA,5.2775475816
"HN7730","H000011374","Prevenar","HT1790",2024-04-03,NA,NA,NA,NA,NA,NA,NA,NA,NA,NA,NA,NA,NA,NA,NA,NA,NA,NA,NA,NA,4.8286733948
"FA1618","H000010932","Prevenar","DY9999",2021-06-12,NA,NA,NA,NA,NA,NA,NA,NA,NA,NA,NA,NA,NA,NA,NA,NA,NA,NA,NA,NA,4.8172853775
"ED8340","H000010932","Prevenar","DL7834",2020-10-24,NA,NA,NA,NA,NA,NA,NA,NA,NA,NA,NA,NA,NA,NA,NA,NA,NA,NA,NA,NA,5.0926792749
"AK9145","H000010932","Prevenar","X37494",2019-01-13,NA,NA,NA,NA,NA,NA,NA,NA,NA,NA,NA,NA,NA,NA,NA,NA,NA,NA,NA,NA,5.1669304642
"ER3798","H000010932","Prevenar","DT9980",2021-03-30,NA,NA,NA,NA,NA,NA,NA,NA,NA,NA,NA,NA,NA,NA,NA,NA,NA,NA,NA,NA,4.6894645669
"FA1610","H000010932","Prevenar","DX8249",2021-05-11,NA,NA,NA,NA,NA,NA,NA,NA,NA,NA,NA,NA,NA,NA,NA,NA,NA,NA,NA,NA,5.0314031289
"EA9689","H000010932","Prevenar","DL7832",2020-08-17,NA,NA,NA,NA,NA,NA,NA,NA,NA,NA,NA,NA,NA,NA,NA,NA,NA,NA,NA,NA,4.5457021184
"FA1611","H000010932","Prevenar","DX8249",2021-05-16,NA,NA,NA,NA,NA,NA,NA,NA,NA,NA,NA,NA,NA,NA,NA,NA,NA,NA,NA,NA,5.0740639901
"ED8349","H000010932","Prevenar","DN7268",2020-12-07,NA,NA,NA,NA,NA,NA,NA,NA,NA,NA,NA,NA,NA,NA,NA,NA,NA,NA,NA,NA,4.9602923977
"ED8334","H000010932","Prevenar","DL7832",2020-09-14,NA,NA,NA,NA,NA,NA,NA,NA,NA,NA,NA,NA,NA,NA,NA,NA,NA,NA,NA,NA,4.5733836263
"W11604","H000010932","Prevenar","T22129",2018-02-15,NA,NA,NA,NA,NA,NA,NA,NA,NA,NA,NA,NA,NA,NA,NA,NA,NA,NA,NA,NA,4.5293919763
"FA1612","H000010932","Prevenar","DX8249",2021-05-19,NA,NA,NA,NA,NA,NA,NA,NA,NA,NA,NA,NA,NA,NA,NA,NA,NA,NA,NA,NA,5.0420352512
"FC0557","H000010932","Prevenar","DT9980",2021-04-18,NA,NA,NA,NA,NA,NA,NA,NA,NA,NA,NA,NA,NA,NA,NA,NA,NA,NA,NA,NA,4.6435219337
"EL8859","H000010932","Prevenar","DR8862",2021-01-01,NA,NA,NA,NA,NA,NA,NA,NA,NA,NA,NA,NA,NA,NA,NA,NA,NA,NA,NA,NA,4.86275933
"DN3839","H000010932","Prevenar","DE6984",2020-06-05,NA,NA,NA,NA,NA,NA,NA,NA,NA,NA,NA,NA,NA,NA,NA,NA,NA,NA,NA,NA,4.8693078891
"EL8862","H000010932","Prevenar","DN7269",2020-12-27,NA,NA,NA,NA,NA,NA,NA,NA,NA,NA,NA,NA,NA,NA,NA,NA,NA,NA,NA,NA,4.8009969338
"HF3754","H000010932","Prevenar","GP4372",2023-09-19,NA,NA,NA,NA,NA,NA,NA,NA,NA,NA,NA,NA,NA,NA,NA,NA,NA,NA,NA,NA,4.9393576025
"T30392","H000010932","Prevenar","R68512",2017-06-17,NA,NA,NA,NA,NA,NA,NA,NA,NA,NA,NA,NA,NA,NA,NA,NA,NA,NA,NA,NA,5.044161219
"GW4143","H000010932","Prevenar","GR5869",2023-04-15,NA,NA,NA,NA,NA,NA,NA,NA,NA,NA,NA,NA,NA,NA,NA,NA,NA,NA,NA,NA,4.8406300191
"EW0927","H000010932","Prevenar","DT9980",2021-05-03,NA,NA,NA,NA,NA,NA,NA,NA,NA,NA,NA,NA,NA,NA,NA,NA,NA,NA,NA,NA,4.5815932986
"GX2798","H000010932","Prevenar","GW0264",2023-06-25,NA,NA,NA,NA,NA,NA,NA,NA,NA,NA,NA,NA,NA,NA,NA,NA,NA,NA,NA,NA,5.0978849076
"ED8337","H000010932","Prevenar","DL7833",2020-10-11,NA,NA,NA,NA,NA,NA,NA,NA,NA,NA,NA,NA,NA,NA,NA,NA,NA,NA,NA,NA,4.6520652785
"GW4144","H000010932","Prevenar","GR5869",2023-04-21,NA,NA,NA,NA,NA,NA,NA,NA,NA,NA,NA,NA,NA,NA,NA,NA,NA,NA,NA,NA,4.5227950181
"DL7373","H000010932","Prevenar","CW7635",2020-04-25,NA,NA,NA,NA,NA,NA,NA,NA,NA,NA,NA,NA,NA,NA,NA,NA,NA,NA,NA,NA,4.2076840199
"EL8855","H000010932","Prevenar","DN7268",2020-12-10,NA,NA,NA,NA,NA,NA,NA,NA,NA,NA,NA,NA,NA,NA,NA,NA,NA,NA,NA,NA,5.0295143656
"EW0925","H000010932","Prevenar","DT9980",2021-04-28,NA,NA,NA,NA,NA,NA,NA,NA,NA,NA,NA,NA,NA,NA,NA,NA,NA,NA,NA,NA,4.5621989428
"FA1616","H000010932","Prevenar","DX8249",2021-06-09,NA,NA,NA,NA,NA,NA,NA,NA,NA,NA,NA,NA,NA,NA,NA,NA,NA,NA,NA,NA,4.9839254021
"HX9142","H000013782","Prevenar","HY4071",2024-04-28,NA,NA,NA,NA,NA,NA,NA,NA,NA,NA,NA,NA,NA,NA,NA,NA,NA,NA,NA,NA,4.3754667743
"GX9418","H000010932","Prevenar","GG0404",2023-03-28,NA,NA,NA,NA,NA,NA,NA,NA,NA,NA,NA,NA,NA,NA,NA,NA,NA,NA,NA,NA,5.0245388128
"T37737","H000010932","Prevenar","S18706",2017-08-13,NA,NA,NA,NA,NA,NA,NA,NA,NA,NA,NA,NA,NA,NA,NA,NA,NA,NA,NA,NA,4.708710862
"LL4093","H000010932","Prevenar","LD1817",2024-09-03,NA,NA,NA,NA,NA,NA,NA,NA,NA,NA,NA,NA,NA,NA,NA,NA,NA,NA,NA,NA,4.9577660468
"CM3339","H000010932","Prevenar","AR4776",2019-09-05,NA,NA,NA,NA,NA,NA,NA,NA,NA,NA,NA,NA,NA,NA,NA,NA,NA,NA,NA,NA,4.8362508861
"HN7327","H000010932","Prevenar","HM2132",2024-02-17,NA,NA,NA,NA,NA,NA,NA,NA,NA,NA,NA,NA,NA,NA,NA,NA,NA,NA,NA,NA,5.0091986293
"DC8077","H000010932","Prevenar","CM4664",2020-01-17,NA,NA,NA,NA,NA,NA,NA,NA,NA,NA,NA,NA,NA,NA,NA,NA,NA,NA,NA,NA,4.8219004002
"T63423","H000010932","Prevenar","S63626",2017-09-13,NA,NA,NA,NA,NA,NA,NA,NA,NA,NA,NA,NA,NA,NA,NA,NA,NA,NA,NA,NA,4.5367184117
"DW4269","H000010932","Prevenar","CW7635",2020-07-03,NA,NA,NA,NA,NA,NA,NA,NA,NA,NA,NA,NA,NA,NA,NA,NA,NA,NA,NA,NA,4.179121854
"DW4266","H000010932","Prevenar","DE6985",2020-06-12,NA,NA,NA,NA,NA,NA,NA,NA,NA,NA,NA,NA,NA,NA,NA,NA,NA,NA,NA,NA,4.1882580175
"ER3806","H000010932","Prevenar","DX8248",2021-04-11,NA,NA,NA,NA,NA,NA,NA,NA,NA,NA,NA,NA,NA,NA,NA,NA,NA,NA,NA,NA,4.8880442523
"AM6027","H000010932","Prevenar","X72418",2019-02-20,NA,NA,NA,NA,NA,NA,NA,NA,NA,NA,NA,NA,NA,NA,NA,NA,NA,NA,NA,NA,4.8136683155
"HA2708","H000010932","Prevenar","HA3751",2023-06-11,NA,NA,NA,NA,NA,NA,NA,NA,NA,NA,NA,NA,NA,NA,NA,NA,NA,NA,NA,NA,4.9834255682
"DN3837","H000010932","Prevenar","CW7635",2020-05-14,NA,NA,NA,NA,NA,NA,NA,NA,NA,NA,NA,NA,NA,NA,NA,NA,NA,NA,NA,NA,4.333175784
"HX9141","H000013782","Prevenar","HY4071",2024-04-26,NA,NA,NA,NA,NA,NA,NA,NA,NA,NA,NA,NA,NA,NA,NA,NA,NA,NA,NA,NA,4.4096475652
"W08570","H000010932","Prevenar","T22140",2018-01-04,NA,NA,NA,NA,NA,NA,NA,NA,NA,NA,NA,NA,NA,NA,NA,NA,NA,NA,NA,NA,5.0190268676
"LL4097","H000010932","Prevenar","LK1435",2024-11-12,NA,NA,NA,NA,NA,NA,NA,NA,NA,NA,NA,NA,NA,NA,NA,NA,NA,NA,NA,NA,4.8826961045
"HA2709","H000010932","Prevenar","HE8771",2023-08-29,NA,NA,NA,NA,NA,NA,NA,NA,NA,NA,NA,NA,NA,NA,NA,NA,NA,NA,NA,NA,4.8434783569
"CK5676","H000010932","Prevenar","AA1759",2019-06-25,NA,NA,NA,NA,NA,NA,NA,NA,NA,NA,NA,NA,NA,NA,NA,NA,NA,NA,NA,NA,4.8522428202
"CM3338","H000010932","Prevenar","AR4776",2019-08-26,NA,NA,NA,NA,NA,NA,NA,NA,NA,NA,NA,NA,NA,NA,NA,NA,NA,NA,NA,NA,4.7232569687
"EL8876","H000010932","Prevenar","DR8862",2021-01-14,NA,NA,NA,NA,NA,NA,NA,NA,NA,NA,NA,NA,NA,NA,NA,NA,NA,NA,NA,NA,4.8295715714
"EL8861","H000010932","Prevenar","DN7268",2020-12-23,NA,NA,NA,NA,NA,NA,NA,NA,NA,NA,NA,NA,NA,NA,NA,NA,NA,NA,NA,NA,5.0838494841
"HN7335","H000010932","Prevenar","HM2123",2024-02-08,NA,NA,NA,NA,NA,NA,NA,NA,NA,NA,NA,NA,NA,NA,NA,NA,NA,NA,NA,NA,4.9828201371
"W45482","H000010932","Prevenar","T32901",2018-04-05,NA,NA,NA,NA,NA,NA,NA,NA,NA,NA,NA,NA,NA,NA,NA,NA,NA,NA,NA,NA,4.8949956617
"W88032","H000010932","Prevenar","T49729",2018-05-10,NA,NA,NA,NA,NA,NA,NA,NA,NA,NA,NA,NA,NA,NA,NA,NA,NA,NA,NA,NA,4.7152194094
"HP2981","H000006081","Prevenar","HL5146",2024-01-13,NA,NA,NA,NA,NA,NA,NA,NA,NA,NA,NA,NA,NA,NA,NA,NA,NA,NA,NA,NA,4.6533274043
"HN7328","H000010932","Prevenar","HM2139",2023-12-31,NA,NA,NA,NA,NA,NA,NA,NA,NA,NA,NA,NA,NA,NA,NA,NA,NA,NA,NA,NA,4.9659317887
"GH5502","H000010932","Prevenar","GA0023",2022-09-12,NA,NA,NA,NA,NA,NA,NA,NA,NA,NA,NA,NA,NA,NA,NA,NA,NA,NA,NA,NA,4.8516050381
"DK2067","H000010932","Prevenar","CM4664",2020-02-21,NA,NA,NA,NA,NA,NA,NA,NA,NA,NA,NA,NA,NA,NA,NA,NA,NA,NA,NA,NA,4.7342170888
"HN7331","H000010932","Prevenar","HM2139",2024-01-02,NA,NA,NA,NA,NA,NA,NA,NA,NA,NA,NA,NA,NA,NA,NA,NA,NA,NA,NA,NA,4.9106449423
"W45481","H000010932","Prevenar","T32901",2018-03-23,NA,NA,NA,NA,NA,NA,NA,NA,NA,NA,NA,NA,NA,NA,NA,NA,NA,NA,NA,NA,4.9137198632
"AM6026","H000010932","Prevenar","X37469",2019-02-03,NA,NA,NA,NA,NA,NA,NA,NA,NA,NA,NA,NA,NA,NA,NA,NA,NA,NA,NA,NA,4.5924623891
"DN5224","H000010932","Prevenar","CW7635",2020-04-04,NA,NA,NA,NA,NA,NA,NA,NA,NA,NA,NA,NA,NA,NA,NA,NA,NA,NA,NA,NA,4.0643955476
"N41744","H000010932","Prevenar","M93127",2016-03-14,NA,NA,NA,NA,NA,NA,NA,NA,NA,NA,NA,NA,NA,NA,NA,NA,NA,NA,NA,NA,4.8731927397
"LM4796","H000010932","Prevenar","LE1126",2024-07-26,NA,NA,NA,NA,NA,NA,NA,NA,NA,NA,NA,NA,NA,NA,NA,NA,NA,NA,NA,NA,4.6533210858
"EL8867","H000010932","Prevenar","DR8862",2021-01-12,NA,NA,NA,NA,NA,NA,NA,NA,NA,NA,NA,NA,NA,NA,NA,NA,NA,NA,NA,NA,4.7343554834
"DC8076","H000010932","Prevenar","CH7206",2020-01-12,NA,NA,NA,NA,NA,NA,NA,NA,NA,NA,NA,NA,NA,NA,NA,NA,NA,NA,NA,NA,4.9947894213
"AJ9193","H000010932","Prevenar","X37442",2018-11-29,NA,NA,NA,NA,NA,NA,NA,NA,NA,NA,NA,NA,NA,NA,NA,NA,NA,NA,NA,NA,5.1318324916
"FJ5979","H000010932","Prevenar","EJ9239",2021-09-22,NA,NA,NA,NA,NA,NA,NA,NA,NA,NA,NA,NA,NA,NA,NA,NA,NA,NA,NA,NA,4.8941610978
"AM6028","H000010932","Prevenar","AA1759",2019-03-12,NA,NA,NA,NA,NA,NA,NA,NA,NA,NA,NA,NA,NA,NA,NA,NA,NA,NA,NA,NA,4.6691646714
"CM3337","H000010932","Prevenar","AR4776",2019-08-29,NA,NA,NA,NA,NA,NA,NA,NA,NA,NA,NA,NA,NA,NA,NA,NA,NA,NA,NA,NA,4.7471150151
"X23343","H000010932","Prevenar","T78047",2018-05-22,NA,NA,NA,NA,NA,NA,NA,NA,NA,NA,NA,NA,NA,NA,NA,NA,NA,NA,NA,NA,4.7697210294
"X59069","H000010932","Prevenar","W42920",2018-09-11,NA,NA,NA,NA,NA,NA,NA,NA,NA,NA,NA,NA,NA,NA,NA,NA,NA,NA,NA,NA,4.5623768494
"DL7370","H000010932","Prevenar","CM4665",2020-03-06,NA,NA,NA,NA,NA,NA,NA,NA,NA,NA,NA,NA,NA,NA,NA,NA,NA,NA,NA,NA,4.6019742661
"GM8236","H000010932","Prevenar","GG0403",2022-11-27,NA,NA,NA,NA,NA,NA,NA,NA,NA,NA,NA,NA,NA,NA,NA,NA,NA,NA,NA,NA,4.8360362574
"ED8343","H000010932","Prevenar","DL7833",2020-10-05,NA,NA,NA,NA,NA,NA,NA,NA,NA,NA,NA,NA,NA,NA,NA,NA,NA,NA,NA,NA,4.4589434851
"EA9686","H000010932","Prevenar","DL7832",2020-08-04,NA,NA,NA,NA,NA,NA,NA,NA,NA,NA,NA,NA,NA,NA,NA,NA,NA,NA,NA,NA,4.6458697503
"DN3836","H000010932","Prevenar","CW7635",2020-05-17,NA,NA,NA,NA,NA,NA,NA,NA,NA,NA,NA,NA,NA,NA,NA,NA,NA,NA,NA,NA,4.221652776
"LE0962","H000010932","Prevenar","LE1126",2024-07-15,NA,NA,NA,NA,NA,NA,NA,NA,NA,NA,NA,NA,NA,NA,NA,NA,NA,NA,NA,NA,4.8372240402
"EL8878","H000010932","Prevenar","DR8862",2021-01-25,NA,NA,NA,NA,NA,NA,NA,NA,NA,NA,NA,NA,NA,NA,NA,NA,NA,NA,NA,NA,4.9941415861
"HF3762","H000010932","Prevenar","HH5375",2023-11-09,NA,NA,NA,NA,NA,NA,NA,NA,NA,NA,NA,NA,NA,NA,NA,NA,NA,NA,NA,NA,4.9628918409
"HA2710","H000010932","Prevenar","HE8772",2023-08-09,NA,NA,NA,NA,NA,NA,NA,NA,NA,NA,NA,NA,NA,NA,NA,NA,NA,NA,NA,NA,4.6863447638
"GH5587","H000010932","Prevenar","GA0023",2022-10-19,NA,NA,NA,NA,NA,NA,NA,NA,NA,NA,NA,NA,NA,NA,NA,NA,NA,NA,NA,NA,4.6779123206
"W07368","H000010932","Prevenar","T02212",2017-12-13,NA,NA,NA,NA,NA,NA,NA,NA,NA,NA,NA,NA,NA,NA,NA,NA,NA,NA,NA,NA,4.226777921
"HP2980","H000006081","Prevenar","HM2123",2024-01-16,NA,NA,NA,NA,NA,NA,NA,NA,NA,NA,NA,NA,NA,NA,NA,NA,NA,NA,NA,NA,5.021208072
"LP5294","H000010932","Prevenar","LH6897",2024-11-18,NA,NA,NA,NA,NA,NA,NA,NA,NA,NA,NA,NA,NA,NA,NA,NA,NA,NA,NA,NA,4.7779742911
"EL8863","H000010932","Prevenar","DN7269",2020-12-30,NA,NA,NA,NA,NA,NA,NA,NA,NA,NA,NA,NA,NA,NA,NA,NA,NA,NA,NA,NA,4.8163257085
"LX2597","H000010932","Prevenar","LK3096",2025-02-09,NA,NA,NA,NA,NA,NA,NA,NA,NA,NA,NA,NA,NA,NA,NA,NA,NA,NA,NA,NA,4.998915164
"ED8346","H000010932","Prevenar","DL7834",2020-11-19,NA,NA,NA,NA,NA,NA,NA,NA,NA,NA,NA,NA,NA,NA,NA,NA,NA,NA,NA,NA,4.8782340748
"DK2065","H000010932","Prevenar","CM4664",2020-02-16,NA,NA,NA,NA,NA,NA,NA,NA,NA,NA,NA,NA,NA,NA,NA,NA,NA,NA,NA,NA,4.9289205489
"CM3336","H000010932","Prevenar","AR4776",2019-08-12,NA,NA,NA,NA,NA,NA,NA,NA,NA,NA,NA,NA,NA,NA,NA,NA,NA,NA,NA,NA,4.7977417866
"EL8918","H000010932","Prevenar","DT9980",2021-03-15,NA,NA,NA,NA,NA,NA,NA,NA,NA,NA,NA,NA,NA,NA,NA,NA,NA,NA,NA,NA,4.7026814463
"FA1613","H000010932","Prevenar","DX8249",2021-05-21,NA,NA,NA,NA,NA,NA,NA,NA,NA,NA,NA,NA,NA,NA,NA,NA,NA,NA,NA,NA,5.1541358373
"DX7817","H000010932","Prevenar","DH4048",2020-07-12,NA,NA,NA,NA,NA,NA,NA,NA,NA,NA,NA,NA,NA,NA,NA,NA,NA,NA,NA,NA,4.5202037279
"HN9190","H000010932","Prevenar","HM2139",2023-12-26,NA,NA,NA,NA,NA,NA,NA,NA,NA,NA,NA,NA,NA,NA,NA,NA,NA,NA,NA,NA,4.8396298846
"LJ1012","H000010932","Prevenar","LD1812",2024-08-12,NA,NA,NA,NA,NA,NA,NA,NA,NA,NA,NA,NA,NA,NA,NA,NA,NA,NA,NA,NA,4.8530129316
"N90918","H000011373","Prevenar","N09131",2016-07-21,NA,NA,NA,NA,NA,NA,NA,NA,NA,NA,NA,NA,NA,NA,NA,NA,NA,NA,NA,NA,4.5946540199
"EA9688","H000010932","Prevenar","DL7832",2020-08-12,NA,NA,NA,NA,NA,NA,NA,NA,NA,NA,NA,NA,NA,NA,NA,NA,NA,NA,NA,NA,4.9138088053
"DN3838","H000010932","Prevenar","DE6984",2020-05-23,NA,NA,NA,NA,NA,NA,NA,NA,NA,NA,NA,NA,NA,NA,NA,NA,NA,NA,NA,NA,4.9364138728
"HN7329","H000010932","Prevenar","HM2137",2024-01-28,NA,NA,NA,NA,NA,NA,NA,NA,NA,NA,NA,NA,NA,NA,NA,NA,NA,NA,NA,NA,4.9003133506
"L77851","H000007688","Prevenar","L45105",2015-04-27,NA,NA,NA,NA,NA,NA,NA,NA,NA,NA,NA,NA,NA,NA,NA,NA,NA,NA,NA,NA,4.6400994606
"M32479","H000008135","Prevenar","L96629",2015-10-04,NA,NA,NA,NA,NA,NA,NA,NA,NA,NA,NA,NA,NA,NA,NA,NA,NA,NA,NA,NA,5.2119685386
"EL8916","H000010932","Prevenar","DR8862",2021-02-04,NA,NA,NA,NA,NA,NA,NA,NA,NA,NA,NA,NA,NA,NA,NA,NA,NA,NA,NA,NA,5.1299093703
"GW4145","H000010932","Prevenar","GP0950",2023-05-10,NA,NA,NA,NA,NA,NA,NA,NA,NA,NA,NA,NA,NA,NA,NA,NA,NA,NA,NA,NA,4.8356522941
"X06702","H000010932","Prevenar","T78047",2018-05-18,NA,NA,NA,NA,NA,NA,NA,NA,NA,NA,NA,NA,NA,NA,NA,NA,NA,NA,NA,NA,4.7957490473
"HF3759","H000010932","Prevenar","HH7691",2023-12-15,NA,NA,NA,NA,NA,NA,NA,NA,NA,NA,NA,NA,NA,NA,NA,NA,NA,NA,NA,NA,4.7336367172
"EH7861","H000010932","Prevenar","DL7833",2020-09-28,NA,NA,NA,NA,NA,NA,NA,NA,NA,NA,NA,NA,NA,NA,NA,NA,NA,NA,NA,NA,4.6280536186
"ED8311","H000006081","Prevenar","DL7833",2020-10-07,NA,NA,NA,NA,NA,NA,NA,NA,NA,NA,NA,NA,NA,NA,NA,NA,NA,NA,NA,NA,4.4725295408
"W08088","H000010932","Prevenar","S85331",2017-11-15,NA,NA,NA,NA,NA,NA,NA,NA,NA,NA,NA,NA,NA,NA,NA,NA,NA,NA,NA,NA,4.5164916528
"CM3340","H000010932","Prevenar","AR4777",2019-09-12,NA,NA,NA,NA,NA,NA,NA,NA,NA,NA,NA,NA,NA,NA,NA,NA,NA,NA,NA,NA,4.7279757812
"W11603","H000010932","Prevenar","T22129",2018-02-13,NA,NA,NA,NA,NA,NA,NA,NA,NA,NA,NA,NA,NA,NA,NA,NA,NA,NA,NA,NA,4.4733502696
"HN7334","H000010932","Prevenar","HM2123",2024-02-01,NA,NA,NA,NA,NA,NA,NA,NA,NA,NA,NA,NA,NA,NA,NA,NA,NA,NA,NA,NA,5.023282318
"W72981","H000010932","Prevenar","T78047",2018-05-03,NA,NA,NA,NA,NA,NA,NA,NA,NA,NA,NA,NA,NA,NA,NA,NA,NA,NA,NA,NA,4.6505007117
"ER3800","H000010932","Prevenar","DX8248",2021-04-06,NA,NA,NA,NA,NA,NA,NA,NA,NA,NA,NA,NA,NA,NA,NA,NA,NA,NA,NA,NA,4.9035070993
"HN7332","H000010932","Prevenar","HM2139",2024-01-14,NA,NA,NA,NA,NA,NA,NA,NA,NA,NA,NA,NA,NA,NA,NA,NA,NA,NA,NA,NA,4.3518345094
"EL8919","H000010932","Prevenar","DT9980",2021-03-18,NA,NA,NA,NA,NA,NA,NA,NA,NA,NA,NA,NA,NA,NA,NA,NA,NA,NA,NA,NA,4.7218421747
"LL4094","H000010932","Prevenar","LH6897",2024-10-14,NA,NA,NA,NA,NA,NA,NA,NA,NA,NA,NA,NA,NA,NA,NA,NA,NA,NA,NA,NA,4.6137115841
"EL8917","H000010932","Prevenar","DR8862",2021-02-13,NA,NA,NA,NA,NA,NA,NA,NA,NA,NA,NA,NA,NA,NA,NA,NA,NA,NA,NA,NA,4.9135761861
"W08571","H000010932","Prevenar","T22140",2018-01-09,NA,NA,NA,NA,NA,NA,NA,NA,NA,NA,NA,NA,NA,NA,NA,NA,NA,NA,NA,NA,4.9806995929
"FC7913","H000010932","Prevenar","DX8249",2021-05-29,NA,NA,NA,NA,NA,NA,NA,NA,NA,NA,NA,NA,NA,NA,NA,NA,NA,NA,NA,NA,4.9790050939
"CM3341","H000010932","Prevenar","AR4778",2019-10-14,NA,NA,NA,NA,NA,NA,NA,NA,NA,NA,NA,NA,NA,NA,NA,NA,NA,NA,NA,NA,4.8730768307
"N73146","H000010932","Prevenar","N69850",2016-11-04,NA,NA,NA,NA,NA,NA,NA,NA,NA,NA,NA,NA,NA,NA,NA,NA,NA,NA,NA,NA,4.6517330956
"ED8345","H000010932","Prevenar","DL7834",2020-11-17,NA,NA,NA,NA,NA,NA,NA,NA,NA,NA,NA,NA,NA,NA,NA,NA,NA,NA,NA,NA,4.8545072554
"EL8879","H000010932","Prevenar","DN7269",2021-01-27,NA,NA,NA,NA,NA,NA,NA,NA,NA,NA,NA,NA,NA,NA,NA,NA,NA,NA,NA,NA,4.7607835822
"AW6836","H000010932","Prevenar","AD4535",2019-05-01,NA,NA,NA,NA,NA,NA,NA,NA,NA,NA,NA,NA,NA,NA,NA,NA,NA,NA,NA,NA,4.6727301587
"AR7665","H000010932","Prevenar","AA1759",2019-03-17,NA,NA,NA,NA,NA,NA,NA,NA,NA,NA,NA,NA,NA,NA,NA,NA,NA,NA,NA,NA,4.7954185826
"HF3761","H000010932","Prevenar","HH5375",2023-10-27,NA,NA,NA,NA,NA,NA,NA,NA,NA,NA,NA,NA,NA,NA,NA,NA,NA,NA,NA,NA,4.9540502184
"S69942","H000006081","Prevenar","S18356",2017-08-12,NA,NA,NA,NA,NA,NA,NA,NA,NA,NA,NA,NA,NA,NA,NA,NA,NA,NA,NA,NA,4.7807967589
"DA1901","H000010932","Prevenar","AD4542",2019-12-05,NA,NA,NA,NA,NA,NA,NA,NA,NA,NA,NA,NA,NA,NA,NA,NA,NA,NA,NA,NA,4.9214018607
"N58142","H000010932","Prevenar","N09127",2016-03-28,NA,NA,NA,NA,NA,NA,NA,NA,NA,NA,NA,NA,NA,NA,NA,NA,NA,NA,NA,NA,4.31574861
"ED8341","H000010932","Prevenar","DL7834",2020-10-26,NA,NA,NA,NA,NA,NA,NA,NA,NA,NA,NA,NA,NA,NA,NA,NA,NA,NA,NA,NA,4.8682219717
"DW4267","H000010932","Prevenar","DE6985",2020-06-16,NA,NA,NA,NA,NA,NA,NA,NA,NA,NA,NA,NA,NA,NA,NA,NA,NA,NA,NA,NA,4.1441618076
"LE0960","H000010932","Prevenar","HY2169",2024-06-07,NA,NA,NA,NA,NA,NA,NA,NA,NA,NA,NA,NA,NA,NA,NA,NA,NA,NA,NA,NA,4.989998801
"ED8336","H000010932","Prevenar","DL7833",2020-10-03,NA,NA,NA,NA,NA,NA,NA,NA,NA,NA,NA,NA,NA,NA,NA,NA,NA,NA,NA,NA,4.5822313055
"GX2797","H000010932","Prevenar","HA3754",2023-08-27,NA,NA,NA,NA,NA,NA,NA,NA,NA,NA,NA,NA,NA,NA,NA,NA,NA,NA,NA,NA,4.7643457092
"FA1615","H000010932","Prevenar","DX8249",2021-06-04,NA,NA,NA,NA,NA,NA,NA,NA,NA,NA,NA,NA,NA,NA,NA,NA,NA,NA,NA,NA,4.9287143231
"LX2596","H000010932","Prevenar","LK1442",2025-01-31,NA,NA,NA,NA,NA,NA,NA,NA,NA,NA,NA,NA,NA,NA,NA,NA,NA,NA,NA,NA,4.9527414968
"GT1593","H000010932","Prevenar","GP4372",2023-04-09,NA,NA,NA,NA,NA,NA,NA,NA,NA,NA,NA,NA,NA,NA,NA,NA,NA,NA,NA,NA,4.7634469853
"HA2711","H000010932","Prevenar","HE8772",2023-08-12,NA,NA,NA,NA,NA,NA,NA,NA,NA,NA,NA,NA,NA,NA,NA,NA,NA,NA,NA,NA,4.7304261841
"AR7667","H000010932","Prevenar","AD4535",2019-04-02,NA,NA,NA,NA,NA,NA,NA,NA,NA,NA,NA,NA,NA,NA,NA,NA,NA,NA,NA,NA,4.7358398285
"ED8347","H000010932","Prevenar","DL7834",2020-11-21,NA,NA,NA,NA,NA,NA,NA,NA,NA,NA,NA,NA,NA,NA,NA,NA,NA,NA,NA,NA,4.8497618915
"LX2593","H000010932","Prevenar","LK1442",2025-01-29,NA,NA,NA,NA,NA,NA,NA,NA,NA,NA,NA,NA,NA,NA,NA,NA,NA,NA,NA,NA,5.0845661871
"DL7369","H000010932","Prevenar","CM4664",2020-02-29,NA,NA,NA,NA,NA,NA,NA,NA,NA,NA,NA,NA,NA,NA,NA,NA,NA,NA,NA,NA,4.7221017707
"EP6169","H000010932","Prevenar","DT9980",2021-02-08,NA,NA,NA,NA,NA,NA,NA,NA,NA,NA,NA,NA,NA,NA,NA,NA,NA,NA,NA,NA,4.7381911079
"HF3753","H000010932","Prevenar","HE8770",2023-09-12,NA,NA,NA,NA,NA,NA,NA,NA,NA,NA,NA,NA,NA,NA,NA,NA,NA,NA,NA,NA,4.8924814495
"GH5589","H000010932","Prevenar","GD9450",2022-11-05,NA,NA,NA,NA,NA,NA,NA,NA,NA,NA,NA,NA,NA,NA,NA,NA,NA,NA,NA,NA,5.0199020945
"GR3511","H000010932","Prevenar","GM5068",2023-01-21,NA,NA,NA,NA,NA,NA,NA,NA,NA,NA,NA,NA,NA,NA,NA,NA,NA,NA,NA,NA,5.1112958227
"FC1572","H000010932","Prevenar","DX8249",2021-05-13,NA,NA,NA,NA,NA,NA,NA,NA,NA,NA,NA,NA,NA,NA,NA,NA,NA,NA,NA,NA,4.9087812325
"HN7336","H000010932","Prevenar","HM2123",2024-01-30,NA,NA,NA,NA,NA,NA,NA,NA,NA,NA,NA,NA,NA,NA,NA,NA,NA,NA,NA,NA,4.9464267134
"X23346","H000010932","Prevenar","W42920",2018-08-05,NA,NA,NA,NA,NA,NA,NA,NA,NA,NA,NA,NA,NA,NA,NA,NA,NA,NA,NA,NA,4.5748413077
"X23344","H000010932","Prevenar","W42920",2018-07-22,NA,NA,NA,NA,NA,NA,NA,NA,NA,NA,NA,NA,NA,NA,NA,NA,NA,NA,NA,NA,4.668587898
"LX2592","H000010932","Prevenar","LK1442",2025-01-25,NA,NA,NA,NA,NA,NA,NA,NA,NA,NA,NA,NA,NA,NA,NA,NA,NA,NA,NA,NA,4.7521606818
"EL8915","H000010932","Prevenar","DR8862",2021-02-02,NA,NA,NA,NA,NA,NA,NA,NA,NA,NA,NA,NA,NA,NA,NA,NA,NA,NA,NA,NA,5.0006055008
"EC6036","H000010932","Prevenar","DL7832",2020-08-23,NA,NA,NA,NA,NA,NA,NA,NA,NA,NA,NA,NA,NA,NA,NA,NA,NA,NA,NA,NA,4.5365705352
"S69938","H000010932","Prevenar","Q02008",2017-04-25,NA,NA,NA,NA,NA,NA,NA,NA,NA,NA,NA,NA,NA,NA,NA,NA,NA,NA,NA,NA,5.118555506
"W07367","H000010932","Prevenar","S85331",2017-12-06,NA,NA,NA,NA,NA,NA,NA,NA,NA,NA,NA,NA,NA,NA,NA,NA,NA,NA,NA,NA,4.6809762784
"EW0928","H000010932","Prevenar","DX8249",2021-05-05,NA,NA,NA,NA,NA,NA,NA,NA,NA,NA,NA,NA,NA,NA,NA,NA,NA,NA,NA,NA,4.8350084209
"HM1398","H000010932","Prevenar","GP4372",2023-10-04,NA,NA,NA,NA,NA,NA,NA,NA,NA,NA,NA,NA,NA,NA,NA,NA,NA,NA,NA,NA,4.8544163821
"EC6041","H000010932","Prevenar","DH4046",2020-08-26,NA,NA,NA,NA,NA,NA,NA,NA,NA,NA,NA,NA,NA,NA,NA,NA,NA,NA,NA,NA,4.5641434882
"HP2982","H000006081","Prevenar","HK6419",2024-01-20,NA,NA,NA,NA,NA,NA,NA,NA,NA,NA,NA,NA,NA,NA,NA,NA,NA,NA,NA,NA,4.7446718329
"AW6839","H000010932","Prevenar","AR4774",2019-05-31,NA,NA,NA,NA,NA,NA,NA,NA,NA,NA,NA,NA,NA,NA,NA,NA,NA,NA,NA,NA,4.6035227139
